"replicate","focal_value","reference_value","complete_pair","difference","architecture","metric","comparison_id","orientation","interpretation_level"
1,0.000512687360185736,8.14153461438304e-05,TRUE,0.000431272014041906,"sparse_homogeneous","noncausal_marker_rmse","full_csr_minus_bed","full_csr minus bed",4
1,0.000519323297397034,0.000520552945233855,TRUE,-1.22964783682092e-06,"sparse_homogeneous","noncausal_marker_rmse","low_rank_0999_minus_low_rank_full","low_rank_0999 minus low_rank_full",3
1,0.000520552945233855,0.00052197507938078,TRUE,-1.42213414692474e-06,"sparse_homogeneous","noncausal_marker_rmse","low_rank_full_minus_block_csr","low_rank_full minus block_csr",1
1,0.00052197507938078,0.000512687360185736,TRUE,9.28771919504355e-06,"sparse_homogeneous","noncausal_marker_rmse","block_csr_minus_full_csr","block_csr minus full_csr",2
1,0.000525215149371699,0.000512687360185736,TRUE,1.25277891859625e-05,"sparse_homogeneous","noncausal_marker_rmse","low_rank_0995_minus_full_csr","low_rank_0995 minus full_csr",4
1,0.000525215149371699,0.000519323297397034,TRUE,5.89185197466459e-06,"sparse_homogeneous","noncausal_marker_rmse","low_rank_0995_minus_low_rank_0999","low_rank_0995 minus low_rank_0999",3
1,0.000525215149371699,0.000520552945233855,TRUE,4.66220413784368e-06,"sparse_homogeneous","noncausal_marker_rmse","low_rank_0995_minus_low_rank_full","low_rank_0995 minus low_rank_full",3
1,0.00063240294140903,0.000636198307899107,TRUE,-3.79536649007669e-06,"sparse_homogeneous","pip_null_mean","block_csr_minus_full_csr","block_csr minus full_csr",2
1,0.000636198307899107,0.000100814422392662,TRUE,0.000535383885506444,"sparse_homogeneous","pip_null_mean","full_csr_minus_bed","full_csr minus bed",4
1,0.000636883582404259,0.000646213858359031,TRUE,-9.33027595477194e-06,"sparse_homogeneous","pip_null_mean","low_rank_0999_minus_low_rank_full","low_rank_0999 minus low_rank_full",3
1,0.000640942516011702,0.000636198307899107,TRUE,4.74420811259584e-06,"sparse_homogeneous","pip_null_mean","low_rank_0995_minus_full_csr","low_rank_0995 minus full_csr",4
1,0.000640942516011702,0.000636883582404259,TRUE,4.05893360744313e-06,"sparse_homogeneous","pip_null_mean","low_rank_0995_minus_low_rank_0999","low_rank_0995 minus low_rank_0999",3
1,0.000640942516011702,0.000646213858359031,TRUE,-5.27134234732881e-06,"sparse_homogeneous","pip_null_mean","low_rank_0995_minus_low_rank_full","low_rank_0995 minus low_rank_full",3
1,0.000646213858359031,0.00063240294140903,TRUE,1.38109169500013e-05,"sparse_homogeneous","pip_null_mean","low_rank_full_minus_block_csr","low_rank_full minus block_csr",1
1,0.000811937212019831,0.000255745765136273,TRUE,0.000556191446883558,"sparse_mixture","noncausal_marker_rmse","full_csr_minus_bed","full_csr minus bed",4
1,0.000821242764911496,0.000811937212019831,TRUE,9.30555289166499e-06,"sparse_mixture","noncausal_marker_rmse","low_rank_0995_minus_full_csr","low_rank_0995 minus full_csr",4
1,0.000821242764911496,0.000824131815112367,TRUE,-2.88905020087108e-06,"sparse_mixture","noncausal_marker_rmse","low_rank_0995_minus_low_rank_0999","low_rank_0995 minus low_rank_0999",3
1,0.000821242764911496,0.000830016422857909,TRUE,-8.77365794641231e-06,"sparse_mixture","noncausal_marker_rmse","low_rank_0995_minus_low_rank_full","low_rank_0995 minus low_rank_full",3
1,0.000823607564106072,0.000811937212019831,TRUE,1.16703520862405e-05,"sparse_mixture","noncausal_marker_rmse","block_csr_minus_full_csr","block_csr minus full_csr",2
1,0.000824131815112367,0.000830016422857909,TRUE,-5.88460774554123e-06,"sparse_mixture","noncausal_marker_rmse","low_rank_0999_minus_low_rank_full","low_rank_0999 minus low_rank_full",3
1,0.000830016422857909,0.000823607564106072,TRUE,6.40885875183685e-06,"sparse_mixture","noncausal_marker_rmse","low_rank_full_minus_block_csr","low_rank_full minus block_csr",1
1,0.00110005001184491,0.00110836777131426,TRUE,-8.31775946934796e-06,"sparse_homogeneous","nonnull_probability_mean","block_csr_minus_full_csr","block_csr minus full_csr",2
1,0.00110502487431234,0.00110549867073781,TRUE,-4.7379642546916e-07,"sparse_homogeneous","nonnull_probability_mean","low_rank_0995_minus_low_rank_0999","low_rank_0995 minus low_rank_0999",3
1,0.00110502487431234,0.00110836777131426,TRUE,-3.34289700192145e-06,"sparse_homogeneous","nonnull_probability_mean","low_rank_0995_minus_full_csr","low_rank_0995 minus full_csr",4
1,0.00110502487431234,0.00111402700639625,TRUE,-9.00213208391469e-06,"sparse_homogeneous","nonnull_probability_mean","low_rank_0995_minus_low_rank_full","low_rank_0995 minus low_rank_full",3
1,0.00110549867073781,0.00111402700639625,TRUE,-8.52833565844553e-06,"sparse_homogeneous","nonnull_probability_mean","low_rank_0999_minus_low_rank_full","low_rank_0999 minus low_rank_full",3
1,0.00110836777131426,0.000539864704798505,TRUE,0.000568503066515754,"sparse_homogeneous","nonnull_probability_mean","full_csr_minus_bed","full_csr minus bed",4
1,0.00111402700639625,0.00110005001184491,TRUE,1.39769945513412e-05,"sparse_homogeneous","nonnull_probability_mean","low_rank_full_minus_block_csr","low_rank_full minus block_csr",1
1,0.00128777136840201,0.00129577436597753,TRUE,-8.00299757551938e-06,"sparse_homogeneous","marker_effect_rmse","full_csr_minus_bed","full_csr minus bed",4
1,0.00130743248626798,0.00128777136840201,TRUE,1.96611178659692e-05,"sparse_homogeneous","marker_effect_rmse","block_csr_minus_full_csr","block_csr minus full_csr",2
1,0.00130865136715458,0.00131021610617766,TRUE,-1.56473902307485e-06,"sparse_homogeneous","marker_effect_rmse","low_rank_0999_minus_low_rank_full","low_rank_0999 minus low_rank_full",3
1,0.00131021610617766,0.00130743248626798,TRUE,2.78361990967927e-06,"sparse_homogeneous","marker_effect_rmse","low_rank_full_minus_block_csr","low_rank_full minus block_csr",1
1,0.00131770300318961,0.00128777136840201,TRUE,2.9931634787602e-05,"sparse_homogeneous","marker_effect_rmse","low_rank_0995_minus_full_csr","low_rank_0995 minus full_csr",4
1,0.00131770300318961,0.00130865136715458,TRUE,9.0516360350284e-06,"sparse_homogeneous","marker_effect_rmse","low_rank_0995_minus_low_rank_0999","low_rank_0995 minus low_rank_0999",3
1,0.00131770300318961,0.00131021610617766,TRUE,7.48689701195356e-06,"sparse_homogeneous","marker_effect_rmse","low_rank_0995_minus_low_rank_full","low_rank_0995 minus low_rank_full",3
1,0.00137142490563386,0.00121419096318655,TRUE,0.000157233942447311,"sparse_mixture","marker_effect_rmse","full_csr_minus_bed","full_csr minus bed",4
1,0.00137595983725324,0.00137142490563386,TRUE,4.53493161937306e-06,"sparse_mixture","marker_effect_rmse","low_rank_0995_minus_full_csr","low_rank_0995 minus full_csr",4
1,0.00137595983725324,0.00137914193968849,TRUE,-3.18210243525083e-06,"sparse_mixture","marker_effect_rmse","low_rank_0995_minus_low_rank_0999","low_rank_0995 minus low_rank_0999",3
1,0.00137595983725324,0.00138265707322066,TRUE,-6.69723596742264e-06,"sparse_mixture","marker_effect_rmse","low_rank_0995_minus_low_rank_full","low_rank_0995 minus low_rank_full",3
1,0.00137914193968849,0.00138265707322066,TRUE,-3.51513353217181e-06,"sparse_mixture","marker_effect_rmse","low_rank_0999_minus_low_rank_full","low_rank_0999 minus low_rank_full",3
1,0.00137930311270141,0.00137142490563386,TRUE,7.87820706754628e-06,"sparse_mixture","marker_effect_rmse","block_csr_minus_full_csr","block_csr minus full_csr",2
1,0.00138265707322066,0.00137930311270141,TRUE,3.35396051924942e-06,"sparse_mixture","marker_effect_rmse","low_rank_full_minus_block_csr","low_rank_full minus block_csr",1
1,0.00918912258506629,0.00919797185103187,TRUE,-8.8492659655777e-06,"sparse_mixture","pip_null_mean","low_rank_0999_minus_low_rank_full","low_rank_0999 minus low_rank_full",3
1,0.00919077646872777,0.00919542183917133,TRUE,-4.64537044355708e-06,"sparse_mixture","pip_null_mean","block_csr_minus_full_csr","block_csr minus full_csr",2
1,0.00919542183917133,0.00808962599826047,TRUE,0.00110579584091086,"sparse_mixture","pip_null_mean","full_csr_minus_bed","full_csr minus bed",4
1,0.00919589625998261,0.00918912258506629,TRUE,6.77367491631713e-06,"sparse_mixture","pip_null_mean","low_rank_0995_minus_low_rank_0999","low_rank_0995 minus low_rank_0999",3
1,0.00919589625998261,0.00919542183917133,TRUE,4.74420811285431e-07,"sparse_mixture","pip_null_mean","low_rank_0995_minus_full_csr","low_rank_0995 minus full_csr",4
1,0.00919589625998261,0.00919797185103187,TRUE,-2.07559104926057e-06,"sparse_mixture","pip_null_mean","low_rank_0995_minus_low_rank_full","low_rank_0995 minus low_rank_full",3
1,0.00919797185103187,0.00919077646872777,TRUE,7.19538230410308e-06,"sparse_mixture","pip_null_mean","low_rank_full_minus_block_csr","low_rank_full minus block_csr",1
1,0.00942710773604276,0.00943644547392804,TRUE,-9.33773788528922e-06,"sparse_mixture","nonnull_probability_mean","low_rank_0999_minus_low_rank_full","low_rank_0999 minus low_rank_full",3
1,0.00942854228633098,0.00943354676107497,TRUE,-5.00447474399181e-06,"sparse_mixture","nonnull_probability_mean","block_csr_minus_full_csr","block_csr minus full_csr",2
1,0.00943354676107497,0.00829591877023506,TRUE,0.00113762799083991,"sparse_mixture","nonnull_probability_mean","full_csr_minus_bed","full_csr minus bed",4
1,0.00943491221605118,0.00942710773604276,TRUE,7.80448000842204e-06,"sparse_mixture","nonnull_probability_mean","low_rank_0995_minus_low_rank_0999","low_rank_0995 minus low_rank_0999",3
1,0.00943491221605118,0.00943354676107497,TRUE,1.36545497620398e-06,"sparse_mixture","nonnull_probability_mean","low_rank_0995_minus_full_csr","low_rank_0995 minus full_csr",4
1,0.00943491221605118,0.00943644547392804,TRUE,-1.53325787686717e-06,"sparse_mixture","nonnull_probability_mean","low_rank_0995_minus_low_rank_full","low_rank_0995 minus low_rank_full",3
1,0.00943644547392804,0.00942854228633098,TRUE,7.90318759706296e-06,"sparse_mixture","nonnull_probability_mean","low_rank_full_minus_block_csr","low_rank_full minus block_csr",1
1,0.18985,0.1901275,TRUE,-0.000277499999999958,"sparse_mixture","pip_causal_mean","block_csr_minus_full_csr","block_csr minus full_csr",2
1,0.190015,0.190395,TRUE,-0.000379999999999991,"sparse_mixture","pip_causal_mean","low_rank_0999_minus_low_rank_full","low_rank_0999 minus low_rank_full",3
1,0.1901275,0.164835,TRUE,0.0252925,"sparse_mixture","pip_causal_mean","full_csr_minus_bed","full_csr minus bed",4
1,0.190395,0.18985,TRUE,0.00054499999999999,"sparse_mixture","pip_causal_mean","low_rank_full_minus_block_csr","low_rank_full minus block_csr",1
1,0.190805,0.190015,TRUE,0.000789999999999985,"sparse_mixture","pip_causal_mean","low_rank_0995_minus_low_rank_0999","low_rank_0995 minus low_rank_0999",3
1,0.190805,0.1901275,TRUE,0.000677500000000025,"sparse_mixture","pip_causal_mean","low_rank_0995_minus_full_csr","low_rank_0995 minus full_csr",4
1,0.190805,0.190395,TRUE,0.000409999999999994,"sparse_mixture","pip_causal_mean","low_rank_0995_minus_low_rank_full","low_rank_0995 minus low_rank_full",3
1,0.201102120320106,0.201822390495524,TRUE,-0.00072027017541848,"sparse_mixture","pip_auprc","low_rank_0999_minus_low_rank_full","low_rank_0999 minus low_rank_full",3
1,0.201822390495524,0.202126865183675,TRUE,-0.000304474688150536,"sparse_mixture","pip_auprc","low_rank_full_minus_block_csr","low_rank_full minus block_csr",1
1,0.202126865183675,0.203260966747309,TRUE,-0.00113410156363425,"sparse_mixture","pip_auprc","block_csr_minus_full_csr","block_csr minus full_csr",2
1,0.203260966747309,0.238080717974684,TRUE,-0.0348197512273754,"sparse_mixture","pip_auprc","full_csr_minus_bed","full_csr minus bed",4
1,0.206472824457141,0.201102120320106,TRUE,0.00537070413703553,"sparse_mixture","pip_auprc","low_rank_0995_minus_low_rank_0999","low_rank_0995 minus low_rank_0999",3
1,0.206472824457141,0.201822390495524,TRUE,0.00465043396161705,"sparse_mixture","pip_auprc","low_rank_0995_minus_low_rank_full","low_rank_0995 minus low_rank_full",3
1,0.206472824457141,0.203260966747309,TRUE,0.00321185770983226,"sparse_mixture","pip_auprc","low_rank_0995_minus_full_csr","low_rank_0995 minus full_csr",4
1,0.250778752233027,0.253934603981501,TRUE,-0.00315585174847327,"sparse_homogeneous","genetic_value_rmse","full_csr_minus_bed","full_csr minus bed",4
1,0.254671923428711,0.250778752233027,TRUE,0.00389317119568383,"sparse_homogeneous","genetic_value_rmse","block_csr_minus_full_csr","block_csr minus full_csr",2
1,0.254828276264957,0.255234027888075,TRUE,-0.000405751623118011,"sparse_homogeneous","genetic_value_rmse","low_rank_0999_minus_low_rank_full","low_rank_0999 minus low_rank_full",3
1,0.255234027888075,0.254671923428711,TRUE,0.000562104459363499,"sparse_homogeneous","genetic_value_rmse","low_rank_full_minus_block_csr","low_rank_full minus block_csr",1
1,0.256156145706875,0.250778752233027,TRUE,0.00537739347384769,"sparse_homogeneous","genetic_value_rmse","low_rank_0995_minus_full_csr","low_rank_0995 minus full_csr",4
1,0.256156145706875,0.254828276264957,TRUE,0.00132786944191837,"sparse_homogeneous","genetic_value_rmse","low_rank_0995_minus_low_rank_0999","low_rank_0995 minus low_rank_0999",3
1,0.256156145706875,0.255234027888075,TRUE,0.000922117818800361,"sparse_homogeneous","genetic_value_rmse","low_rank_0995_minus_low_rank_full","low_rank_0995 minus low_rank_full",3
1,0.277727324538292,0.24172843118392,TRUE,0.0359988933543721,"sparse_mixture","genetic_value_rmse","full_csr_minus_bed","full_csr minus bed",4
1,0.27800730764773,0.27904341388523,TRUE,-0.00103610623749939,"sparse_mixture","genetic_value_rmse","low_rank_0999_minus_low_rank_full","low_rank_0999 minus low_rank_full",3
1,0.278049573041607,0.277727324538292,TRUE,0.000322248503314859,"sparse_mixture","genetic_value_rmse","low_rank_0995_minus_full_csr","low_rank_0995 minus full_csr",4
1,0.278049573041607,0.27800730764773,TRUE,4.22653938763062e-05,"sparse_mixture","genetic_value_rmse","low_rank_0995_minus_low_rank_0999","low_rank_0995 minus low_rank_0999",3
1,0.278049573041607,0.27904341388523,TRUE,-0.000993840843623084,"sparse_mixture","genetic_value_rmse","low_rank_0995_minus_low_rank_full","low_rank_0995 minus low_rank_full",3
1,0.278616226388776,0.277727324538292,TRUE,0.000888901850483959,"sparse_mixture","genetic_value_rmse","block_csr_minus_full_csr","block_csr minus full_csr",2
1,0.27904341388523,0.278616226388776,TRUE,0.000427187496453985,"sparse_mixture","genetic_value_rmse","low_rank_full_minus_block_csr","low_rank_full minus block_csr",1
1,0.35326,0.3561,TRUE,-0.00283999999999995,"sparse_homogeneous","pip_causal_mean","low_rank_0995_minus_low_rank_full","low_rank_0995 minus low_rank_full",3
1,0.35326,0.3567,TRUE,-0.00344,"sparse_homogeneous","pip_causal_mean","low_rank_0995_minus_low_rank_0999","low_rank_0995 minus low_rank_0999",3
1,0.35326,0.3594,TRUE,-0.00613999999999998,"sparse_homogeneous","pip_causal_mean","low_rank_0995_minus_full_csr","low_rank_0995 minus full_csr",4
1,0.35596,0.3594,TRUE,-0.00344,"sparse_homogeneous","pip_causal_mean","block_csr_minus_full_csr","block_csr minus full_csr",2
1,0.3561,0.35596,TRUE,0.000139999999999973,"sparse_homogeneous","pip_causal_mean","low_rank_full_minus_block_csr","low_rank_full minus block_csr",1
1,0.3567,0.3561,TRUE,0.000600000000000045,"sparse_homogeneous","pip_causal_mean","low_rank_0999_minus_low_rank_full","low_rank_0999 minus low_rank_full",3
1,0.3594,0.3337,TRUE,0.0257,"sparse_homogeneous","pip_causal_mean","full_csr_minus_bed","full_csr minus bed",4
1,0.440551379508073,0.442620715860529,TRUE,-0.00206933635245632,"sparse_homogeneous","pip_auprc","low_rank_0995_minus_low_rank_full","low_rank_0995 minus low_rank_full",3
1,0.440551379508073,0.44591977140297,TRUE,-0.00536839189489735,"sparse_homogeneous","pip_auprc","low_rank_0995_minus_low_rank_0999","low_rank_0995 minus low_rank_0999",3
1,0.440551379508073,0.453568174443153,TRUE,-0.0130167949350802,"sparse_homogeneous","pip_auprc","low_rank_0995_minus_full_csr","low_rank_0995 minus full_csr",4
1,0.442620715860529,0.444205715332647,TRUE,-0.00158499947211826,"sparse_homogeneous","pip_auprc","low_rank_full_minus_block_csr","low_rank_full minus block_csr",1
1,0.444205715332647,0.453568174443153,TRUE,-0.00936245911050559,"sparse_homogeneous","pip_auprc","block_csr_minus_full_csr","block_csr minus full_csr",2
1,0.44591977140297,0.442620715860529,TRUE,0.00329905554244103,"sparse_homogeneous","pip_auprc","low_rank_0999_minus_low_rank_full","low_rank_0999 minus low_rank_full",3
1,0.453568174443153,0.471584331564093,TRUE,-0.0180161571209405,"sparse_homogeneous","pip_auprc","full_csr_minus_bed","full_csr minus bed",4
1,0.498814531920252,0.499216359966894,TRUE,-0.000401828046641739,"sparse_mixture","phenotype_prediction_correlation","low_rank_full_minus_block_csr","low_rank_full minus block_csr",1
1,0.499216359966894,0.499907477679074,TRUE,-0.000691117712180001,"sparse_mixture","phenotype_prediction_correlation","block_csr_minus_full_csr","block_csr minus full_csr",2
1,0.499496791193548,0.498814531920252,TRUE,0.000682259273296348,"sparse_mixture","phenotype_prediction_correlation","low_rank_0999_minus_low_rank_full","low_rank_0999 minus low_rank_full",3
1,0.499907477679074,0.518964043438209,TRUE,-0.0190565657591352,"sparse_mixture","phenotype_prediction_correlation","full_csr_minus_bed","full_csr minus bed",4
1,0.500175198316079,0.498814531920252,TRUE,0.00136066639582705,"sparse_mixture","phenotype_prediction_correlation","low_rank_0995_minus_low_rank_full","low_rank_0995 minus low_rank_full",3
1,0.500175198316079,0.499496791193548,TRUE,0.0006784071225307,"sparse_mixture","phenotype_prediction_correlation","low_rank_0995_minus_low_rank_0999","low_rank_0995 minus low_rank_0999",3
1,0.500175198316079,0.499907477679074,TRUE,0.000267720637005309,"sparse_mixture","phenotype_prediction_correlation","low_rank_0995_minus_full_csr","low_rank_0995 minus full_csr",4
1,0.519546887548712,0.519883464023892,TRUE,-0.000336576475179262,"sparse_homogeneous","phenotype_prediction_correlation","low_rank_full_minus_block_csr","low_rank_full minus block_csr",1
1,0.519753556732325,0.519546887548712,TRUE,0.000206669183612562,"sparse_homogeneous","phenotype_prediction_correlation","low_rank_0999_minus_low_rank_full","low_rank_0999 minus low_rank_full",3
1,0.519883464023892,0.520953571091519,TRUE,-0.001070107067627,"sparse_homogeneous","phenotype_prediction_correlation","block_csr_minus_full_csr","block_csr minus full_csr",2
1,0.520087654855524,0.519546887548712,TRUE,0.000540767306812184,"sparse_homogeneous","phenotype_prediction_correlation","low_rank_0995_minus_low_rank_full","low_rank_0995 minus low_rank_full",3
1,0.520087654855524,0.519753556732325,TRUE,0.000334098123199622,"sparse_homogeneous","phenotype_prediction_correlation","low_rank_0995_minus_low_rank_0999","low_rank_0995 minus low_rank_0999",3
1,0.520087654855524,0.520953571091519,TRUE,-0.00086591623599408,"sparse_homogeneous","phenotype_prediction_correlation","low_rank_0995_minus_full_csr","low_rank_0995 minus full_csr",4
1,0.520953571091519,0.521934805077949,TRUE,-0.000981233986430685,"sparse_homogeneous","phenotype_prediction_correlation","full_csr_minus_bed","full_csr minus bed",4
1,0.733781397432856,0.713916607364065,TRUE,0.019864790068791,"sparse_mixture","pip_auroc","full_csr_minus_bed","full_csr minus bed",4
1,0.747640547165336,0.760216915737593,TRUE,-0.0125763685722569,"sparse_mixture","pip_auroc","low_rank_0999_minus_low_rank_full","low_rank_0999 minus low_rank_full",3
1,0.75291637015366,0.733781397432856,TRUE,0.0191349727208033,"sparse_mixture","pip_auroc","block_csr_minus_full_csr","block_csr minus full_csr",2
1,0.760216915737593,0.75291637015366,TRUE,0.00730054558393289,"sparse_mixture","pip_auroc","low_rank_full_minus_block_csr","low_rank_full minus block_csr",1
1,0.79606784217601,0.855459265702011,TRUE,-0.0593914235260009,"sparse_homogeneous","pip_auroc","block_csr_minus_full_csr","block_csr minus full_csr",2
1,0.797229646029361,0.79606784217601,TRUE,0.0011618038533513,"sparse_homogeneous","pip_auroc","low_rank_full_minus_block_csr","low_rank_full minus block_csr",1
1,0.804708099417517,0.733781397432856,TRUE,0.0709267019846603,"sparse_mixture","pip_auroc","low_rank_0995_minus_full_csr","low_rank_0995 minus full_csr",4
1,0.804708099417517,0.747640547165336,TRUE,0.057067552252181,"sparse_mixture","pip_auroc","low_rank_0995_minus_low_rank_0999","low_rank_0995 minus low_rank_0999",3
1,0.804708099417517,0.760216915737593,TRUE,0.0444911836799241,"sparse_mixture","pip_auroc","low_rank_0995_minus_low_rank_full","low_rank_0995 minus low_rank_full",3
1,0.806092617485043,0.797229646029361,TRUE,0.00886297145568116,"sparse_homogeneous","pip_auroc","low_rank_0999_minus_low_rank_full","low_rank_0999 minus low_rank_full",3
1,0.823406604991961,0.797229646029361,TRUE,0.0261769589625998,"sparse_homogeneous","pip_auroc","low_rank_0995_minus_low_rank_full","low_rank_0995 minus low_rank_full",3
1,0.823406604991961,0.806092617485043,TRUE,0.0173139875069186,"sparse_homogeneous","pip_auroc","low_rank_0995_minus_low_rank_0999","low_rank_0995 minus low_rank_0999",3
1,0.823406604991961,0.855459265702011,TRUE,-0.0320526607100499,"sparse_homogeneous","pip_auroc","low_rank_0995_minus_full_csr","low_rank_0995 minus full_csr",4
1,0.855459265702011,0.8082986742574,TRUE,0.0471605914446114,"sparse_homogeneous","pip_auroc","full_csr_minus_bed","full_csr minus bed",4
1,0.905845519855603,0.906407951090425,TRUE,-0.000562431234821803,"sparse_mixture","genetic_value_reconstruction_correlation","low_rank_full_minus_block_csr","low_rank_full minus block_csr",1
1,0.906407951090425,0.907298993166649,TRUE,-0.000891042076224036,"sparse_mixture","genetic_value_reconstruction_correlation","block_csr_minus_full_csr","block_csr minus full_csr",2
1,0.90656759376173,0.905845519855603,TRUE,0.000722073906126663,"sparse_mixture","genetic_value_reconstruction_correlation","low_rank_0999_minus_low_rank_full","low_rank_0999 minus low_rank_full",3
1,0.907266984150507,0.905845519855603,TRUE,0.00142146429490353,"sparse_mixture","genetic_value_reconstruction_correlation","low_rank_0995_minus_low_rank_full","low_rank_0995 minus low_rank_full",3
1,0.907266984150507,0.90656759376173,TRUE,0.000699390388776866,"sparse_mixture","genetic_value_reconstruction_correlation","low_rank_0995_minus_low_rank_0999","low_rank_0995 minus low_rank_0999",3
1,0.907266984150507,0.907298993166649,TRUE,-3.20090161423092e-05,"sparse_mixture","genetic_value_reconstruction_correlation","low_rank_0995_minus_full_csr","low_rank_0995 minus full_csr",4
1,0.907298993166649,0.943660527554471,TRUE,-0.0363615343878217,"sparse_mixture","genetic_value_reconstruction_correlation","full_csr_minus_bed","full_csr minus bed",4
1,0.910863344102041,0.911241022371727,TRUE,-0.000377678269685822,"sparse_mixture","genetic_value_correlation","low_rank_full_minus_block_csr","low_rank_full minus block_csr",1
1,0.911241022371727,0.912034409531981,TRUE,-0.000793387160253789,"sparse_mixture","genetic_value_correlation","block_csr_minus_full_csr","block_csr minus full_csr",2
1,0.911706734538782,0.910863344102041,TRUE,0.000843390436740865,"sparse_mixture","genetic_value_correlation","low_rank_0999_minus_low_rank_full","low_rank_0999 minus low_rank_full",3
1,0.911755202317135,0.910863344102041,TRUE,0.000891858215094077,"sparse_mixture","genetic_value_correlation","low_rank_0995_minus_low_rank_full","low_rank_0995 minus low_rank_full",3
1,0.911755202317135,0.911706734538782,TRUE,4.84677783532117e-05,"sparse_mixture","genetic_value_correlation","low_rank_0995_minus_low_rank_0999","low_rank_0995 minus low_rank_0999",3
1,0.911755202317135,0.912034409531981,TRUE,-0.000279207214845534,"sparse_mixture","genetic_value_correlation","low_rank_0995_minus_full_csr","low_rank_0995 minus full_csr",4
1,0.912034409531981,0.944198942874294,TRUE,-0.0321645333423137,"sparse_mixture","genetic_value_correlation","full_csr_minus_bed","full_csr minus bed",4
1,0.915093734700448,0.915627817040988,TRUE,-0.00053408234054042,"sparse_mixture","marker_effect_correlation","low_rank_full_minus_block_csr","low_rank_full minus block_csr",1
1,0.915627817040988,0.916820848734417,TRUE,-0.00119303169342933,"sparse_mixture","marker_effect_correlation","block_csr_minus_full_csr","block_csr minus full_csr",2
1,0.915648816567464,0.915093734700448,TRUE,0.00055508186701636,"sparse_mixture","marker_effect_correlation","low_rank_0999_minus_low_rank_full","low_rank_0999 minus low_rank_full",3
1,0.916277751214007,0.915093734700448,TRUE,0.0011840165135597,"sparse_mixture","marker_effect_correlation","low_rank_0995_minus_low_rank_full","low_rank_0995 minus low_rank_full",3
1,0.916277751214007,0.915648816567464,TRUE,0.000628934646543344,"sparse_mixture","marker_effect_correlation","low_rank_0995_minus_low_rank_0999","low_rank_0995 minus low_rank_0999",3
1,0.916277751214007,0.916820848734417,TRUE,-0.000543097520410041,"sparse_mixture","marker_effect_correlation","low_rank_0995_minus_full_csr","low_rank_0995 minus full_csr",4
1,0.916820848734417,0.944918339653835,TRUE,-0.0280974909194174,"sparse_mixture","marker_effect_correlation","full_csr_minus_bed","full_csr minus bed",4
1,0.919579968155446,0.920540346019919,TRUE,-0.000960377864472783,"sparse_homogeneous","marker_effect_correlation","low_rank_0995_minus_low_rank_full","low_rank_0995 minus low_rank_full",3
1,0.919579968155446,0.920715570475458,TRUE,-0.00113560232001186,"sparse_homogeneous","marker_effect_correlation","low_rank_0995_minus_low_rank_0999","low_rank_0995 minus low_rank_0999",3
1,0.919579968155446,0.923417206108352,TRUE,-0.00383723795290658,"sparse_homogeneous","marker_effect_correlation","low_rank_0995_minus_full_csr","low_rank_0995 minus full_csr",4
1,0.920540346019919,0.920866192391643,TRUE,-0.000325846371724059,"sparse_homogeneous","marker_effect_correlation","low_rank_full_minus_block_csr","low_rank_full minus block_csr",1
1,0.920715570475458,0.920540346019919,TRUE,0.00017522445553908,"sparse_homogeneous","marker_effect_correlation","low_rank_0999_minus_low_rank_full","low_rank_0999 minus low_rank_full",3
1,0.920866192391643,0.923417206108352,TRUE,-0.00255101371670974,"sparse_homogeneous","marker_effect_correlation","block_csr_minus_full_csr","block_csr minus full_csr",2
1,0.92137865559981,0.922202708335754,TRUE,-0.000824052735943992,"sparse_homogeneous","genetic_value_reconstruction_correlation","low_rank_0995_minus_low_rank_full","low_rank_0995 minus low_rank_full",3
1,0.92137865559981,0.922291367496145,TRUE,-0.000912711896335683,"sparse_homogeneous","genetic_value_reconstruction_correlation","low_rank_0995_minus_low_rank_0999","low_rank_0995 minus low_rank_0999",3
1,0.92137865559981,0.925154378087014,TRUE,-0.00377572248720448,"sparse_homogeneous","genetic_value_reconstruction_correlation","low_rank_0995_minus_full_csr","low_rank_0995 minus full_csr",4
1,0.921947978830624,0.922597768031996,TRUE,-0.000649789201372153,"sparse_homogeneous","genetic_value_correlation","low_rank_0995_minus_low_rank_full","low_rank_0995 minus low_rank_full",3
1,0.921947978830624,0.922804239213939,TRUE,-0.000856260383314211,"sparse_homogeneous","genetic_value_correlation","low_rank_0995_minus_low_rank_0999","low_rank_0995 minus low_rank_0999",3
1,0.921947978830624,0.92539817539882,TRUE,-0.00345019656819545,"sparse_homogeneous","genetic_value_correlation","low_rank_0995_minus_full_csr","low_rank_0995 minus full_csr",4
1,0.922202708335754,0.922610419558783,TRUE,-0.000407711223029184,"sparse_homogeneous","genetic_value_reconstruction_correlation","low_rank_full_minus_block_csr","low_rank_full minus block_csr",1
1,0.922291367496145,0.922202708335754,TRUE,8.86591603916909e-05,"sparse_homogeneous","genetic_value_reconstruction_correlation","low_rank_0999_minus_low_rank_full","low_rank_0999 minus low_rank_full",3
1,0.922597768031996,0.922864937044651,TRUE,-0.000267169012654445,"sparse_homogeneous","genetic_value_correlation","low_rank_full_minus_block_csr","low_rank_full minus block_csr",1
1,0.922610419558783,0.925154378087014,TRUE,-0.0025439585282313,"sparse_homogeneous","genetic_value_reconstruction_correlation","block_csr_minus_full_csr","block_csr minus full_csr",2
1,0.922804239213939,0.922597768031996,TRUE,0.000206471181942058,"sparse_homogeneous","genetic_value_correlation","low_rank_0999_minus_low_rank_full","low_rank_0999 minus low_rank_full",3
1,0.922864937044651,0.92539817539882,TRUE,-0.00253323835416885,"sparse_homogeneous","genetic_value_correlation","block_csr_minus_full_csr","block_csr minus full_csr",2
1,0.923417206108352,0.922270767371729,TRUE,0.00114643873662335,"sparse_homogeneous","marker_effect_correlation","full_csr_minus_bed","full_csr minus bed",4
1,0.925154378087014,0.923848906283986,TRUE,0.00130547180302765,"sparse_homogeneous","genetic_value_reconstruction_correlation","full_csr_minus_bed","full_csr minus bed",4
1,0.92539817539882,0.923152540135212,TRUE,0.00224563526360766,"sparse_homogeneous","genetic_value_correlation","full_csr_minus_bed","full_csr minus bed",4
1,0.932734518780809,0.933530929823202,TRUE,-0.000796411042393808,"sparse_homogeneous","causal_marker_effect_correlation","low_rank_0995_minus_low_rank_full","low_rank_0995 minus low_rank_full",3
1,0.932734518780809,0.933574066853431,TRUE,-0.00083954807262232,"sparse_homogeneous","causal_marker_effect_correlation","low_rank_0995_minus_low_rank_0999","low_rank_0995 minus low_rank_0999",3
1,0.932734518780809,0.93600259734551,TRUE,-0.00326807856470102,"sparse_homogeneous","causal_marker_effect_correlation","low_rank_0995_minus_full_csr","low_rank_0995 minus full_csr",4
1,0.933530929823202,0.933799460571292,TRUE,-0.000268530748089635,"sparse_homogeneous","causal_marker_effect_correlation","low_rank_full_minus_block_csr","low_rank_full minus block_csr",1
1,0.933574066853431,0.933530929823202,TRUE,4.31370302285128e-05,"sparse_homogeneous","causal_marker_effect_correlation","low_rank_0999_minus_low_rank_full","low_rank_0999 minus low_rank_full",3
1,0.933799460571292,0.93600259734551,TRUE,-0.00220313677421757,"sparse_homogeneous","causal_marker_effect_correlation","block_csr_minus_full_csr","block_csr minus full_csr",2
1,0.93600259734551,0.920987164938688,TRUE,0.0150154324068216,"sparse_homogeneous","causal_marker_effect_correlation","full_csr_minus_bed","full_csr minus bed",4
1,0.955670645242983,0.955758244119189,TRUE,-8.75988762065738e-05,"sparse_mixture","causal_marker_effect_correlation","block_csr_minus_full_csr","block_csr minus full_csr",2
1,0.955672445154565,0.955670645242983,TRUE,1.79991158255621e-06,"sparse_mixture","causal_marker_effect_correlation","low_rank_full_minus_block_csr","low_rank_full minus block_csr",1
1,0.95571169665851,0.955672445154565,TRUE,3.92515039449037e-05,"sparse_mixture","causal_marker_effect_correlation","low_rank_0999_minus_low_rank_full","low_rank_0999 minus low_rank_full",3
1,0.955758244119189,0.948841992924542,TRUE,0.00691625119464701,"sparse_mixture","causal_marker_effect_correlation","full_csr_minus_bed","full_csr minus bed",4
1,0.956360917638664,0.955672445154565,TRUE,0.000688472484098979,"sparse_mixture","causal_marker_effect_correlation","low_rank_0995_minus_low_rank_full","low_rank_0995 minus low_rank_full",3
1,0.956360917638664,0.95571169665851,TRUE,0.000649220980154075,"sparse_mixture","causal_marker_effect_correlation","low_rank_0995_minus_low_rank_0999","low_rank_0995 minus low_rank_0999",3
1,0.956360917638664,0.955758244119189,TRUE,0.000602673519474961,"sparse_mixture","causal_marker_effect_correlation","low_rank_0995_minus_full_csr","low_rank_0995 minus full_csr",4
1,1.01919888919821,1.01942181356635,TRUE,-0.000222924368142641,"sparse_mixture","phenotype_prediction_rmse","low_rank_0995_minus_full_csr","low_rank_0995 minus full_csr",4
1,1.01919888919821,1.01966801553961,TRUE,-0.000469126341406945,"sparse_mixture","phenotype_prediction_rmse","low_rank_0995_minus_low_rank_0999","low_rank_0995 minus low_rank_0999",3
1,1.01919888919821,1.02008182603372,TRUE,-0.00088293683551055,"sparse_mixture","phenotype_prediction_rmse","low_rank_0995_minus_low_rank_full","low_rank_0995 minus low_rank_full",3
1,1.01942181356635,1.00894669602965,TRUE,0.0104751175366933,"sparse_mixture","phenotype_prediction_rmse","full_csr_minus_bed","full_csr minus bed",4
1,1.01966801553961,1.02008182603372,TRUE,-0.000413810494103606,"sparse_mixture","phenotype_prediction_rmse","low_rank_0999_minus_low_rank_full","low_rank_0999 minus low_rank_full",3
1,1.01984010448887,1.01942181356635,TRUE,0.000418290922526543,"sparse_mixture","phenotype_prediction_rmse","block_csr_minus_full_csr","block_csr minus full_csr",2
1,1.02008182603372,1.01984010448887,TRUE,0.000241721544841367,"sparse_mixture","phenotype_prediction_rmse","low_rank_full_minus_block_csr","low_rank_full minus block_csr",1
1,1.02051573345729,1.01962600500988,TRUE,0.000889728447405425,"sparse_homogeneous","phenotype_prediction_rmse","full_csr_minus_bed","full_csr minus bed",4
1,1.02114420288241,1.02051573345729,TRUE,0.000628469425116407,"sparse_homogeneous","phenotype_prediction_rmse","low_rank_0995_minus_full_csr","low_rank_0995 minus full_csr",4
1,1.02114420288241,1.0213653549649,TRUE,-0.000221152082492404,"sparse_homogeneous","phenotype_prediction_rmse","low_rank_0995_minus_low_rank_0999","low_rank_0995 minus low_rank_0999",3
1,1.02114420288241,1.02154881565529,TRUE,-0.000404612772885615,"sparse_homogeneous","phenotype_prediction_rmse","low_rank_0995_minus_low_rank_full","low_rank_0995 minus low_rank_full",3
1,1.02124406685999,1.02051573345729,TRUE,0.000728333402705061,"sparse_homogeneous","phenotype_prediction_rmse","block_csr_minus_full_csr","block_csr minus full_csr",2
1,1.0213653549649,1.02154881565529,TRUE,-0.000183460690393211,"sparse_homogeneous","phenotype_prediction_rmse","low_rank_0999_minus_low_rank_full","low_rank_0999 minus low_rank_full",3
1,1.02154881565529,1.02124406685999,TRUE,0.000304748795296961,"sparse_homogeneous","phenotype_prediction_rmse","low_rank_full_minus_block_csr","low_rank_full minus block_csr",1
1,1.04078204159591,1.04255414281896,TRUE,-0.00177210122305271,"sparse_mixture","prediction_regression_slope","low_rank_full_minus_block_csr","low_rank_full minus block_csr",1
1,1.04255414281896,1.04603700862271,TRUE,-0.0034828658037438,"sparse_mixture","prediction_regression_slope","block_csr_minus_full_csr","block_csr minus full_csr",2
1,1.04335360917326,1.04078204159591,TRUE,0.00257156757734434,"sparse_mixture","prediction_regression_slope","low_rank_0999_minus_low_rank_full","low_rank_0999 minus low_rank_full",3
1,1.04456697283482,1.04984048148474,TRUE,-0.00527350864991649,"sparse_homogeneous","prediction_regression_slope","block_csr_minus_full_csr","block_csr minus full_csr",2
1,1.04603396161006,1.04078204159591,TRUE,0.00525192001414698,"sparse_mixture","prediction_regression_slope","low_rank_0995_minus_low_rank_full","low_rank_0995 minus low_rank_full",3
1,1.04603396161006,1.04335360917326,TRUE,0.00268035243680265,"sparse_mixture","prediction_regression_slope","low_rank_0995_minus_low_rank_0999","low_rank_0995 minus low_rank_0999",3
1,1.04603396161006,1.04603700862271,TRUE,-3.04701264952634e-06,"sparse_mixture","prediction_regression_slope","low_rank_0995_minus_full_csr","low_rank_0995 minus full_csr",4
1,1.04603700862271,1.15188539927623,TRUE,-0.105848390653519,"sparse_mixture","prediction_regression_slope","full_csr_minus_bed","full_csr minus bed",4
1,1.04631621820825,1.04725378993307,TRUE,-0.000937571724817232,"sparse_homogeneous","prediction_regression_slope","low_rank_0999_minus_low_rank_full","low_rank_0999 minus low_rank_full",3
1,1.04725378993307,1.04456697283482,TRUE,0.00268681709824925,"sparse_homogeneous","prediction_regression_slope","low_rank_full_minus_block_csr","low_rank_full minus block_csr",1
1,1.04806330683023,1.04631621820825,TRUE,0.00174708862198392,"sparse_homogeneous","prediction_regression_slope","low_rank_0995_minus_low_rank_0999","low_rank_0995 minus low_rank_0999",3
1,1.04806330683023,1.04725378993307,TRUE,0.000809516897166684,"sparse_homogeneous","prediction_regression_slope","low_rank_0995_minus_low_rank_full","low_rank_0995 minus low_rank_full",3
1,1.04806330683023,1.04984048148474,TRUE,-0.00177717465450056,"sparse_homogeneous","prediction_regression_slope","low_rank_0995_minus_full_csr","low_rank_0995 minus full_csr",4
1,1.04984048148474,1.03568516708089,TRUE,0.0141553144038489,"sparse_homogeneous","prediction_regression_slope","full_csr_minus_bed","full_csr minus bed",4
1,14,8,TRUE,6,"sparse_mixture","high_pip_marker_count","full_csr_minus_bed","full_csr minus bed",4
1,14,14,TRUE,0,"sparse_mixture","high_pip_marker_count","low_rank_0995_minus_full_csr","low_rank_0995 minus full_csr",4
1,14,15,TRUE,-1,"sparse_mixture","high_pip_marker_count","low_rank_0995_minus_low_rank_0999","low_rank_0995 minus low_rank_0999",3
1,14,15,TRUE,-1,"sparse_mixture","high_pip_marker_count","low_rank_0995_minus_low_rank_full","low_rank_0995 minus low_rank_full",3
1,15,14,TRUE,1,"sparse_mixture","high_pip_marker_count","block_csr_minus_full_csr","block_csr minus full_csr",2
1,15,15,TRUE,0,"sparse_mixture","high_pip_marker_count","low_rank_0999_minus_low_rank_full","low_rank_0999 minus low_rank_full",3
1,15,15,TRUE,0,"sparse_mixture","high_pip_marker_count","low_rank_full_minus_block_csr","low_rank_full minus block_csr",1
1,19,16,TRUE,3,"sparse_homogeneous","high_pip_marker_count","full_csr_minus_bed","full_csr minus bed",4
1,19,19,TRUE,0,"sparse_homogeneous","high_pip_marker_count","block_csr_minus_full_csr","block_csr minus full_csr",2
1,19,19,TRUE,0,"sparse_homogeneous","high_pip_marker_count","low_rank_0995_minus_full_csr","low_rank_0995 minus full_csr",4
1,19,19,TRUE,0,"sparse_homogeneous","high_pip_marker_count","low_rank_0995_minus_low_rank_0999","low_rank_0995 minus low_rank_0999",3
1,19,19,TRUE,0,"sparse_homogeneous","high_pip_marker_count","low_rank_0995_minus_low_rank_full","low_rank_0995 minus low_rank_full",3
1,19,19,TRUE,0,"sparse_homogeneous","high_pip_marker_count","low_rank_0999_minus_low_rank_full","low_rank_0999 minus low_rank_full",3
1,19,19,TRUE,0,"sparse_homogeneous","high_pip_marker_count","low_rank_full_minus_block_csr","low_rank_full minus block_csr",1
1,41.792,42.108,TRUE,-0.316000000000003,"sparse_homogeneous","total_pip_mass","block_csr_minus_full_csr","block_csr minus full_csr",2
1,41.981,41.999,TRUE,-0.0180000000000007,"sparse_homogeneous","total_pip_mass","low_rank_0995_minus_low_rank_0999","low_rank_0995 minus low_rank_0999",3
1,41.981,42.108,TRUE,-0.127000000000002,"sparse_homogeneous","total_pip_mass","low_rank_0995_minus_full_csr","low_rank_0995 minus full_csr",4
1,41.981,42.323,TRUE,-0.342000000000006,"sparse_homogeneous","total_pip_mass","low_rank_0995_minus_low_rank_full","low_rank_0995 minus low_rank_full",3
1,41.999,42.323,TRUE,-0.324000000000005,"sparse_homogeneous","total_pip_mass","low_rank_0999_minus_low_rank_full","low_rank_0999 minus low_rank_full",3
1,42.108,20.51,TRUE,21.598,"sparse_homogeneous","total_pip_mass","full_csr_minus_bed","full_csr minus bed",4
1,42.323,41.792,TRUE,0.531000000000006,"sparse_homogeneous","total_pip_mass","low_rank_full_minus_block_csr","low_rank_full minus block_csr",1
1,167.1604,167.1604,TRUE,0,"sparse_mixture","top_marker_causal_enrichment","block_csr_minus_full_csr","block_csr minus full_csr",2
1,167.1604,167.1604,TRUE,0,"sparse_mixture","top_marker_causal_enrichment","low_rank_0999_minus_low_rank_full","low_rank_0999 minus low_rank_full",3
1,167.1604,167.1604,TRUE,0,"sparse_mixture","top_marker_causal_enrichment","low_rank_full_minus_block_csr","low_rank_full minus block_csr",1
1,167.1604,197.5532,TRUE,-30.3928,"sparse_mixture","top_marker_causal_enrichment","full_csr_minus_bed","full_csr minus bed",4
1,182.3568,167.1604,TRUE,15.1964,"sparse_mixture","top_marker_causal_enrichment","low_rank_0995_minus_full_csr","low_rank_0995 minus full_csr",4
1,182.3568,167.1604,TRUE,15.1964,"sparse_mixture","top_marker_causal_enrichment","low_rank_0995_minus_low_rank_0999","low_rank_0995 minus low_rank_0999",3
1,182.3568,167.1604,TRUE,15.1964,"sparse_mixture","top_marker_causal_enrichment","low_rank_0995_minus_low_rank_full","low_rank_0995 minus low_rank_full",3
1,334.3208,334.3208,TRUE,0,"sparse_homogeneous","top_marker_causal_enrichment","block_csr_minus_full_csr","block_csr minus full_csr",2
1,334.3208,334.3208,TRUE,0,"sparse_homogeneous","top_marker_causal_enrichment","low_rank_0995_minus_full_csr","low_rank_0995 minus full_csr",4
1,334.3208,334.3208,TRUE,0,"sparse_homogeneous","top_marker_causal_enrichment","low_rank_0995_minus_low_rank_full","low_rank_0995 minus low_rank_full",3
1,334.3208,334.3208,TRUE,0,"sparse_homogeneous","top_marker_causal_enrichment","low_rank_full_minus_block_csr","low_rank_full minus block_csr",1
1,334.3208,349.5172,TRUE,-15.1964,"sparse_homogeneous","top_marker_causal_enrichment","full_csr_minus_bed","full_csr minus bed",4
1,334.3208,349.5172,TRUE,-15.1964,"sparse_homogeneous","top_marker_causal_enrichment","low_rank_0995_minus_low_rank_0999","low_rank_0995 minus low_rank_0999",3
1,349.5172,334.3208,TRUE,15.1964,"sparse_homogeneous","top_marker_causal_enrichment","low_rank_0999_minus_low_rank_full","low_rank_0999 minus low_rank_full",3
1,358.14525,358.5,TRUE,-0.354749999999967,"sparse_mixture","total_pip_mass","low_rank_0999_minus_low_rank_full","low_rank_0999 minus low_rank_full",3
1,358.19975,358.389874999999,TRUE,-0.190124999998943,"sparse_mixture","total_pip_mass","block_csr_minus_full_csr","block_csr minus full_csr",2
1,358.389874999999,315.17025,TRUE,43.219624999999,"sparse_mixture","total_pip_mass","full_csr_minus_bed","full_csr minus bed",4
1,358.44175,358.14525,TRUE,0.29649999999998,"sparse_mixture","total_pip_mass","low_rank_0995_minus_low_rank_0999","low_rank_0995 minus low_rank_0999",3
1,358.44175,358.389874999999,TRUE,0.0518750000010186,"sparse_mixture","total_pip_mass","low_rank_0995_minus_full_csr","low_rank_0995 minus full_csr",4
1,358.44175,358.5,TRUE,-0.0582499999999868,"sparse_mixture","total_pip_mass","low_rank_0995_minus_low_rank_full","low_rank_0995 minus low_rank_full",3
1,358.5,358.19975,TRUE,0.300249999999949,"sparse_mixture","total_pip_mass","low_rank_full_minus_block_csr","low_rank_full minus block_csr",1
2,0.00035425011819428,9.8656754559935e-05,TRUE,0.000255593363634345,"sparse_homogeneous","noncausal_marker_rmse","full_csr_minus_bed","full_csr minus bed",4
2,0.000362851155372544,0.000363196896098008,TRUE,-3.45740725463616e-07,"sparse_homogeneous","noncausal_marker_rmse","low_rank_0999_minus_low_rank_full","low_rank_0999 minus low_rank_full",3
2,0.000363196896098008,0.000364495533735402,TRUE,-1.29863763739389e-06,"sparse_homogeneous","noncausal_marker_rmse","low_rank_full_minus_block_csr","low_rank_full minus block_csr",1
2,0.000364495533735402,0.00035425011819428,TRUE,1.02454155411216e-05,"sparse_homogeneous","noncausal_marker_rmse","block_csr_minus_full_csr","block_csr minus full_csr",2
2,0.000383998386956814,0.00035425011819428,TRUE,2.97482687625336e-05,"sparse_homogeneous","noncausal_marker_rmse","low_rank_0995_minus_full_csr","low_rank_0995 minus full_csr",4
2,0.000383998386956814,0.000362851155372544,TRUE,2.11472315842696e-05,"sparse_homogeneous","noncausal_marker_rmse","low_rank_0995_minus_low_rank_0999","low_rank_0995 minus low_rank_0999",3
2,0.000383998386956814,0.000363196896098008,TRUE,2.08014908588059e-05,"sparse_homogeneous","noncausal_marker_rmse","low_rank_0995_minus_low_rank_full","low_rank_0995 minus low_rank_full",3
2,0.000654279012150444,0.000658153448775731,TRUE,-3.87443662528666e-06,"sparse_homogeneous","pip_null_mean","low_rank_0995_minus_low_rank_full","low_rank_0995 minus low_rank_full",3
2,0.000654279012150444,0.000658838723280883,TRUE,-4.55971113043937e-06,"sparse_homogeneous","pip_null_mean","low_rank_0995_minus_low_rank_0999","low_rank_0995 minus low_rank_0999",3
2,0.000654279012150444,0.000660314699138136,TRUE,-6.0356869876915e-06,"sparse_homogeneous","pip_null_mean","low_rank_0995_minus_full_csr","low_rank_0995 minus full_csr",4
2,0.000658153448775731,0.000663055797158747,TRUE,-4.90234838301578e-06,"sparse_homogeneous","pip_null_mean","low_rank_full_minus_block_csr","low_rank_full minus block_csr",1
2,0.000658838723280883,0.000658153448775731,TRUE,6.8527450515271e-07,"sparse_homogeneous","pip_null_mean","low_rank_0999_minus_low_rank_full","low_rank_0999 minus low_rank_full",3
2,0.000660314699138136,0.00011457262591919,TRUE,0.000545742073218945,"sparse_homogeneous","pip_null_mean","full_csr_minus_bed","full_csr minus bed",4
2,0.000663055797158747,0.000660314699138136,TRUE,2.74109802061095e-06,"sparse_homogeneous","pip_null_mean","block_csr_minus_full_csr","block_csr minus full_csr",2
2,0.000928035025722017,0.000930178054876791,TRUE,-2.14302915477421e-06,"sparse_mixture","noncausal_marker_rmse","low_rank_full_minus_block_csr","low_rank_full minus block_csr",1
2,0.000930178054876791,0.000941956250985061,TRUE,-1.17781961082704e-05,"sparse_mixture","noncausal_marker_rmse","block_csr_minus_full_csr","block_csr minus full_csr",2
2,0.000941956250985061,0.000234698265021173,TRUE,0.000707257985963888,"sparse_mixture","noncausal_marker_rmse","full_csr_minus_bed","full_csr minus bed",4
2,0.000943033360399701,0.000928035025722017,TRUE,1.49983346776848e-05,"sparse_mixture","noncausal_marker_rmse","low_rank_0995_minus_low_rank_full","low_rank_0995 minus low_rank_full",3
2,0.000943033360399701,0.000941956250985061,TRUE,1.07710941464015e-06,"sparse_mixture","noncausal_marker_rmse","low_rank_0995_minus_full_csr","low_rank_0995 minus full_csr",4
2,0.000943033360399701,0.000953431392970988,TRUE,-1.03980325712865e-05,"sparse_mixture","noncausal_marker_rmse","low_rank_0995_minus_low_rank_0999","low_rank_0995 minus low_rank_0999",3
2,0.000953431392970988,0.000928035025722017,TRUE,2.53963672489713e-05,"sparse_mixture","noncausal_marker_rmse","low_rank_0999_minus_low_rank_full","low_rank_0999 minus low_rank_full",3
2,0.00110792029691243,0.00111276354926167,TRUE,-4.84325234924071e-06,"sparse_homogeneous","nonnull_probability_mean","low_rank_0995_minus_low_rank_0999","low_rank_0995 minus low_rank_0999",3
2,0.00110792029691243,0.00111284251533258,TRUE,-4.92221842015228e-06,"sparse_homogeneous","nonnull_probability_mean","low_rank_0995_minus_low_rank_full","low_rank_0995 minus low_rank_full",3
2,0.00110792029691243,0.00112060751230555,TRUE,-1.26872153931195e-05,"sparse_homogeneous","nonnull_probability_mean","low_rank_0995_minus_full_csr","low_rank_0995 minus full_csr",4
2,0.00111276354926167,0.00111284251533258,TRUE,-7.89660709115628e-08,"sparse_homogeneous","nonnull_probability_mean","low_rank_0999_minus_low_rank_full","low_rank_0999 minus low_rank_full",3
2,0.00111284251533258,0.00111610644626359,TRUE,-3.26393093100989e-06,"sparse_homogeneous","nonnull_probability_mean","low_rank_full_minus_block_csr","low_rank_full minus block_csr",1
2,0.00111610644626359,0.00112060751230555,TRUE,-4.50106604195735e-06,"sparse_homogeneous","nonnull_probability_mean","block_csr_minus_full_csr","block_csr minus full_csr",2
2,0.00112060751230555,0.00056658155879024,TRUE,0.000554025953515306,"sparse_homogeneous","nonnull_probability_mean","full_csr_minus_bed","full_csr minus bed",4
2,0.00135167838448256,0.00135443172330691,TRUE,-2.75333882435429e-06,"sparse_mixture","marker_effect_rmse","low_rank_0995_minus_low_rank_full","low_rank_0995 minus low_rank_full",3
2,0.00135167838448256,0.00136483734017989,TRUE,-1.31589556973306e-05,"sparse_mixture","marker_effect_rmse","low_rank_0995_minus_full_csr","low_rank_0995 minus full_csr",4
2,0.00135167838448256,0.00137220875278175,TRUE,-2.05303682991936e-05,"sparse_mixture","marker_effect_rmse","low_rank_0995_minus_low_rank_0999","low_rank_0995 minus low_rank_0999",3
2,0.00135443172330691,0.00135856753854933,TRUE,-4.13581524241692e-06,"sparse_mixture","marker_effect_rmse","low_rank_full_minus_block_csr","low_rank_full minus block_csr",1
2,0.00135856753854933,0.00136483734017989,TRUE,-6.26980163055939e-06,"sparse_mixture","marker_effect_rmse","block_csr_minus_full_csr","block_csr minus full_csr",2
2,0.00136483734017989,0.000988052100886778,TRUE,0.000376785239293112,"sparse_mixture","marker_effect_rmse","full_csr_minus_bed","full_csr minus bed",4
2,0.00137220875278175,0.00135443172330691,TRUE,1.77770294748393e-05,"sparse_mixture","marker_effect_rmse","low_rank_0999_minus_low_rank_full","low_rank_0999 minus low_rank_full",3
2,0.0014900627494158,0.00138257333198491,TRUE,0.000107489417430895,"sparse_homogeneous","marker_effect_rmse","full_csr_minus_bed","full_csr minus bed",4
2,0.0014992414645651,0.00150098232941184,TRUE,-1.74086484674139e-06,"sparse_homogeneous","marker_effect_rmse","low_rank_0999_minus_low_rank_full","low_rank_0999 minus low_rank_full",3
2,0.00150098232941184,0.00150248820152161,TRUE,-1.50587210976348e-06,"sparse_homogeneous","marker_effect_rmse","low_rank_full_minus_block_csr","low_rank_full minus block_csr",1
2,0.00150248820152161,0.0014900627494158,TRUE,1.24254521058046e-05,"sparse_homogeneous","marker_effect_rmse","block_csr_minus_full_csr","block_csr minus full_csr",2
2,0.00151204979765551,0.0014900627494158,TRUE,2.19870482397048e-05,"sparse_homogeneous","marker_effect_rmse","low_rank_0995_minus_full_csr","low_rank_0995 minus full_csr",4
2,0.00151204979765551,0.0014992414645651,TRUE,1.28083330904051e-05,"sparse_homogeneous","marker_effect_rmse","low_rank_0995_minus_low_rank_0999","low_rank_0995 minus low_rank_0999",3
2,0.00151204979765551,0.00150098232941184,TRUE,1.10674682436637e-05,"sparse_homogeneous","marker_effect_rmse","low_rank_0995_minus_low_rank_full","low_rank_0995 minus low_rank_full",3
2,0.00906113439287315,0.00907220421180254,TRUE,-1.10698189293903e-05,"sparse_mixture","pip_null_mean","low_rank_0999_minus_low_rank_full","low_rank_0999 minus low_rank_full",3
2,0.00906540418017449,0.00910035647452622,TRUE,-3.495229435173e-05,"sparse_mixture","pip_null_mean","block_csr_minus_full_csr","block_csr minus full_csr",2
2,0.00907220421180254,0.00906540418017449,TRUE,6.80003162805386e-06,"sparse_mixture","pip_null_mean","low_rank_full_minus_block_csr","low_rank_full minus block_csr",1
2,0.00908724730502623,0.00906113439287315,TRUE,2.61129121530805e-05,"sparse_mixture","pip_null_mean","low_rank_0995_minus_low_rank_0999","low_rank_0995 minus low_rank_0999",3
2,0.00908724730502623,0.00907220421180254,TRUE,1.50430932236902e-05,"sparse_mixture","pip_null_mean","low_rank_0995_minus_low_rank_full","low_rank_0995 minus low_rank_full",3
2,0.00908724730502623,0.00910035647452622,TRUE,-1.3109169499986e-05,"sparse_mixture","pip_null_mean","low_rank_0995_minus_full_csr","low_rank_0995 minus full_csr",4
2,0.00910035647452622,0.00787396879365331,TRUE,0.00122638768087291,"sparse_mixture","pip_null_mean","full_csr_minus_bed","full_csr minus bed",4
2,0.00930887578637046,0.00932036534968809,TRUE,-1.14895633176286e-05,"sparse_mixture","nonnull_probability_mean","low_rank_0999_minus_low_rank_full","low_rank_0999 minus low_rank_full",3
2,0.00931259377220921,0.0093481778579137,TRUE,-3.55840857044834e-05,"sparse_mixture","nonnull_probability_mean","block_csr_minus_full_csr","block_csr minus full_csr",2
2,0.00932036534968809,0.00931259377220921,TRUE,7.77157747887738e-06,"sparse_mixture","nonnull_probability_mean","low_rank_full_minus_block_csr","low_rank_full minus block_csr",1
2,0.00934299570951016,0.00930887578637046,TRUE,3.41199231396923e-05,"sparse_mixture","nonnull_probability_mean","low_rank_0995_minus_low_rank_0999","low_rank_0995 minus low_rank_0999",3
2,0.00934299570951016,0.00932036534968809,TRUE,2.26303598220637e-05,"sparse_mixture","nonnull_probability_mean","low_rank_0995_minus_low_rank_full","low_rank_0995 minus low_rank_full",3
2,0.00934299570951016,0.0093481778579137,TRUE,-5.18214840354234e-06,"sparse_mixture","nonnull_probability_mean","low_rank_0995_minus_full_csr","low_rank_0995 minus full_csr",4
2,0.0093481778579137,0.00812225263878288,TRUE,0.00122592521913082,"sparse_mixture","nonnull_probability_mean","full_csr_minus_bed","full_csr minus bed",4
2,0.196885,0.1974,TRUE,-0.00051499999999996,"sparse_mixture","pip_causal_mean","block_csr_minus_full_csr","block_csr minus full_csr",2
2,0.1973,0.19763,TRUE,-0.000329999999999997,"sparse_mixture","pip_causal_mean","low_rank_0999_minus_low_rank_full","low_rank_0999 minus low_rank_full",3
2,0.1974,0.196525,TRUE,0.000874999999999987,"sparse_mixture","pip_causal_mean","full_csr_minus_bed","full_csr minus bed",4
2,0.19763,0.196885,TRUE,0.000744999999999968,"sparse_mixture","pip_causal_mean","low_rank_full_minus_block_csr","low_rank_full minus block_csr",1
2,0.201346636432858,0.204143727777132,TRUE,-0.00279709134427408,"sparse_mixture","pip_auprc","low_rank_0999_minus_low_rank_full","low_rank_0999 minus low_rank_full",3
2,0.202492295603277,0.203996160306742,TRUE,-0.00150386470346511,"sparse_mixture","pip_auprc","block_csr_minus_full_csr","block_csr minus full_csr",2
2,0.20341,0.1973,TRUE,0.00611,"sparse_mixture","pip_causal_mean","low_rank_0995_minus_low_rank_0999","low_rank_0995 minus low_rank_0999",3
2,0.20341,0.1974,TRUE,0.00601000000000002,"sparse_mixture","pip_causal_mean","low_rank_0995_minus_full_csr","low_rank_0995 minus full_csr",4
2,0.20341,0.19763,TRUE,0.00578000000000001,"sparse_mixture","pip_causal_mean","low_rank_0995_minus_low_rank_full","low_rank_0995 minus low_rank_full",3
2,0.203996160306742,0.256730278948876,TRUE,-0.052734118642134,"sparse_mixture","pip_auprc","full_csr_minus_bed","full_csr minus bed",4
2,0.204143727777132,0.202492295603277,TRUE,0.00165143217385477,"sparse_mixture","pip_auprc","low_rank_full_minus_block_csr","low_rank_full minus block_csr",1
2,0.209829754018683,0.201346636432858,TRUE,0.00848311758582568,"sparse_mixture","pip_auprc","low_rank_0995_minus_low_rank_0999","low_rank_0995 minus low_rank_0999",3
2,0.209829754018683,0.203996160306742,TRUE,0.00583359371194125,"sparse_mixture","pip_auprc","low_rank_0995_minus_full_csr","low_rank_0995 minus full_csr",4
2,0.209829754018683,0.204143727777132,TRUE,0.00568602624155159,"sparse_mixture","pip_auprc","low_rank_0995_minus_low_rank_full","low_rank_0995 minus low_rank_full",3
2,0.26402046723671,0.264046957362508,TRUE,-2.64901257985284e-05,"sparse_mixture","genetic_value_rmse","low_rank_0995_minus_low_rank_full","low_rank_0995 minus low_rank_full",3
2,0.26402046723671,0.266448638140847,TRUE,-0.00242817090413788,"sparse_mixture","genetic_value_rmse","low_rank_0995_minus_full_csr","low_rank_0995 minus full_csr",4
2,0.26402046723671,0.267938789353288,TRUE,-0.00391832211657861,"sparse_mixture","genetic_value_rmse","low_rank_0995_minus_low_rank_0999","low_rank_0995 minus low_rank_0999",3
2,0.264046957362508,0.265175985922978,TRUE,-0.00112902856046959,"sparse_mixture","genetic_value_rmse","low_rank_full_minus_block_csr","low_rank_full minus block_csr",1
2,0.265175985922978,0.266448638140847,TRUE,-0.00127265221786976,"sparse_mixture","genetic_value_rmse","block_csr_minus_full_csr","block_csr minus full_csr",2
2,0.266448638140847,0.191351438585488,TRUE,0.0750971995553597,"sparse_mixture","genetic_value_rmse","full_csr_minus_bed","full_csr minus bed",4
2,0.267938789353288,0.264046957362508,TRUE,0.00389183199078008,"sparse_mixture","genetic_value_rmse","low_rank_0999_minus_low_rank_full","low_rank_0999 minus low_rank_full",3
2,0.287577254020717,0.267265643349483,TRUE,0.020311610671234,"sparse_homogeneous","genetic_value_rmse","full_csr_minus_bed","full_csr minus bed",4
2,0.288926805979591,0.289554411619505,TRUE,-0.000627605639914763,"sparse_homogeneous","genetic_value_rmse","low_rank_0999_minus_low_rank_full","low_rank_0999 minus low_rank_full",3
2,0.289554411619505,0.290005146138246,TRUE,-0.00045073451874017,"sparse_homogeneous","genetic_value_rmse","low_rank_full_minus_block_csr","low_rank_full minus block_csr",1
2,0.290005146138246,0.287577254020717,TRUE,0.00242789211752825,"sparse_homogeneous","genetic_value_rmse","block_csr_minus_full_csr","block_csr minus full_csr",2
2,0.291296076865376,0.287577254020717,TRUE,0.00371882284465841,"sparse_homogeneous","genetic_value_rmse","low_rank_0995_minus_full_csr","low_rank_0995 minus full_csr",4
2,0.291296076865376,0.288926805979591,TRUE,0.00236927088578509,"sparse_homogeneous","genetic_value_rmse","low_rank_0995_minus_low_rank_0999","low_rank_0995 minus low_rank_0999",3
2,0.291296076865376,0.289554411619505,TRUE,0.00174166524587033,"sparse_homogeneous","genetic_value_rmse","low_rank_0995_minus_low_rank_full","low_rank_0995 minus low_rank_full",3
2,0.3449,0.3504,TRUE,-0.0055,"sparse_homogeneous","pip_causal_mean","block_csr_minus_full_csr","block_csr minus full_csr",2
2,0.34534,0.34556,TRUE,-0.000219999999999998,"sparse_homogeneous","pip_causal_mean","low_rank_0995_minus_low_rank_0999","low_rank_0995 minus low_rank_0999",3
2,0.34534,0.34614,TRUE,-0.000800000000000023,"sparse_homogeneous","pip_causal_mean","low_rank_0995_minus_low_rank_full","low_rank_0995 minus low_rank_full",3
2,0.34534,0.3504,TRUE,-0.00506000000000001,"sparse_homogeneous","pip_causal_mean","low_rank_0995_minus_full_csr","low_rank_0995 minus full_csr",4
2,0.34556,0.34614,TRUE,-0.000580000000000025,"sparse_homogeneous","pip_causal_mean","low_rank_0999_minus_low_rank_full","low_rank_0999 minus low_rank_full",3
2,0.34614,0.3449,TRUE,0.00124000000000002,"sparse_homogeneous","pip_causal_mean","low_rank_full_minus_block_csr","low_rank_full minus block_csr",1
2,0.3504,0.34356,TRUE,0.00684000000000001,"sparse_homogeneous","pip_causal_mean","full_csr_minus_bed","full_csr minus bed",4
2,0.449179669233595,0.455494366560681,TRUE,-0.00631469732708573,"sparse_homogeneous","pip_auprc","low_rank_0995_minus_low_rank_0999","low_rank_0995 minus low_rank_0999",3
2,0.449179669233595,0.4560783047327,TRUE,-0.00689863549910436,"sparse_homogeneous","pip_auprc","low_rank_0995_minus_low_rank_full","low_rank_0995 minus low_rank_full",3
2,0.449179669233595,0.456137040976895,TRUE,-0.00695737174329925,"sparse_homogeneous","pip_auprc","low_rank_0995_minus_full_csr","low_rank_0995 minus full_csr",4
2,0.455494366560681,0.4560783047327,TRUE,-0.000583938172018628,"sparse_homogeneous","pip_auprc","low_rank_0999_minus_low_rank_full","low_rank_0999 minus low_rank_full",3
2,0.4560783047327,0.457021681643598,TRUE,-0.000943376910898297,"sparse_homogeneous","pip_auprc","low_rank_full_minus_block_csr","low_rank_full minus block_csr",1
2,0.456137040976895,0.513241310524712,TRUE,-0.0571042695478172,"sparse_homogeneous","pip_auprc","full_csr_minus_bed","full_csr minus bed",4
2,0.457021681643598,0.456137040976895,TRUE,0.000884640666703407,"sparse_homogeneous","pip_auprc","block_csr_minus_full_csr","block_csr minus full_csr",2
2,0.486489401618049,0.489237206735207,TRUE,-0.002747805117158,"sparse_mixture","phenotype_prediction_correlation","low_rank_0999_minus_low_rank_full","low_rank_0999 minus low_rank_full",3
2,0.486907197567804,0.486489401618049,TRUE,0.000417795949755273,"sparse_mixture","phenotype_prediction_correlation","low_rank_0995_minus_low_rank_0999","low_rank_0995 minus low_rank_0999",3
2,0.486907197567804,0.487361988899798,TRUE,-0.000454791331993776,"sparse_mixture","phenotype_prediction_correlation","low_rank_0995_minus_full_csr","low_rank_0995 minus full_csr",4
2,0.486907197567804,0.489237206735207,TRUE,-0.00233000916740272,"sparse_mixture","phenotype_prediction_correlation","low_rank_0995_minus_low_rank_full","low_rank_0995 minus low_rank_full",3
2,0.487361988899798,0.502264537887451,TRUE,-0.014902548987653,"sparse_mixture","phenotype_prediction_correlation","full_csr_minus_bed","full_csr minus bed",4
2,0.488157287409199,0.487361988899798,TRUE,0.000795298509400744,"sparse_mixture","phenotype_prediction_correlation","block_csr_minus_full_csr","block_csr minus full_csr",2
2,0.489237206735207,0.488157287409199,TRUE,0.00107991932600821,"sparse_mixture","phenotype_prediction_correlation","low_rank_full_minus_block_csr","low_rank_full minus block_csr",1
2,0.532276642691782,0.533601030117037,TRUE,-0.00132438742525454,"sparse_homogeneous","phenotype_prediction_correlation","low_rank_0995_minus_full_csr","low_rank_0995 minus full_csr",4
2,0.532276642691782,0.533844242644505,TRUE,-0.00156759995272349,"sparse_homogeneous","phenotype_prediction_correlation","low_rank_0995_minus_low_rank_full","low_rank_0995 minus low_rank_full",3
2,0.532276642691782,0.534435294616756,TRUE,-0.00215865192497378,"sparse_homogeneous","phenotype_prediction_correlation","low_rank_0995_minus_low_rank_0999","low_rank_0995 minus low_rank_0999",3
2,0.533022399367379,0.533601030117037,TRUE,-0.00057863074965725,"sparse_homogeneous","phenotype_prediction_correlation","block_csr_minus_full_csr","block_csr minus full_csr",2
2,0.533601030117037,0.536991156249268,TRUE,-0.00339012613223177,"sparse_homogeneous","phenotype_prediction_correlation","full_csr_minus_bed","full_csr minus bed",4
2,0.533844242644505,0.533022399367379,TRUE,0.0008218432771262,"sparse_homogeneous","phenotype_prediction_correlation","low_rank_full_minus_block_csr","low_rank_full minus block_csr",1
2,0.534435294616756,0.533844242644505,TRUE,0.000591051972250289,"sparse_homogeneous","phenotype_prediction_correlation","low_rank_0999_minus_low_rank_full","low_rank_0999 minus low_rank_full",3
2,0.703811444084236,0.709980496033315,TRUE,-0.00616905194907891,"sparse_mixture","pip_auroc","low_rank_full_minus_block_csr","low_rank_full minus block_csr",1
2,0.709980496033315,0.746056772357081,TRUE,-0.0360762763237658,"sparse_mixture","pip_auroc","block_csr_minus_full_csr","block_csr minus full_csr",2
2,0.710879523470652,0.703811444084236,TRUE,0.00706807938641574,"sparse_mixture","pip_auroc","low_rank_0995_minus_low_rank_full","low_rank_0995 minus low_rank_full",3
2,0.710879523470652,0.730957012203158,TRUE,-0.0200774887325058,"sparse_mixture","pip_auroc","low_rank_0995_minus_low_rank_0999","low_rank_0995 minus low_rank_0999",3
2,0.710879523470652,0.746056772357081,TRUE,-0.0351772488864289,"sparse_mixture","pip_auroc","low_rank_0995_minus_full_csr","low_rank_0995 minus full_csr",4
2,0.730957012203158,0.703811444084236,TRUE,0.0271455681189215,"sparse_mixture","pip_auroc","low_rank_0999_minus_low_rank_full","low_rank_0999 minus low_rank_full",3
2,0.746056772357081,0.763420574049182,TRUE,-0.0173638016921009,"sparse_mixture","pip_auroc","full_csr_minus_bed","full_csr minus bed",4
2,0.794063677815556,0.843881025803221,TRUE,-0.049817347987665,"sparse_homogeneous","pip_auroc","block_csr_minus_full_csr","block_csr minus full_csr",2
2,0.823586357766005,0.830926965551778,TRUE,-0.00734060778577272,"sparse_homogeneous","pip_auroc","low_rank_0999_minus_low_rank_full","low_rank_0999 minus low_rank_full",3
2,0.828362457499802,0.823586357766005,TRUE,0.00477609973379722,"sparse_homogeneous","pip_auroc","low_rank_0995_minus_low_rank_0999","low_rank_0995 minus low_rank_0999",3
2,0.828362457499802,0.830926965551778,TRUE,-0.0025645080519755,"sparse_homogeneous","pip_auroc","low_rank_0995_minus_low_rank_full","low_rank_0995 minus low_rank_full",3
2,0.828362457499802,0.843881025803221,TRUE,-0.0155185683034185,"sparse_homogeneous","pip_auroc","low_rank_0995_minus_full_csr","low_rank_0995 minus full_csr",4
2,0.830926965551778,0.794063677815556,TRUE,0.0368632877362221,"sparse_homogeneous","pip_auroc","low_rank_full_minus_block_csr","low_rank_full minus block_csr",1
2,0.843881025803221,0.840589599641549,TRUE,0.00329142616167211,"sparse_homogeneous","pip_auroc","full_csr_minus_bed","full_csr minus bed",4
2,0.894060327409269,0.895740383762065,TRUE,-0.00168005635279578,"sparse_homogeneous","marker_effect_correlation","low_rank_0995_minus_low_rank_full","low_rank_0995 minus low_rank_full",3
2,0.894060327409269,0.896047399624842,TRUE,-0.00198707221557282,"sparse_homogeneous","marker_effect_correlation","low_rank_0995_minus_low_rank_0999","low_rank_0995 minus low_rank_0999",3
2,0.894060327409269,0.897312931690414,TRUE,-0.0032526042811446,"sparse_homogeneous","marker_effect_correlation","low_rank_0995_minus_full_csr","low_rank_0995 minus full_csr",4
2,0.895505061346184,0.897312931690414,TRUE,-0.00180787034423002,"sparse_homogeneous","marker_effect_correlation","block_csr_minus_full_csr","block_csr minus full_csr",2
2,0.895740383762065,0.895505061346184,TRUE,0.000235322415881201,"sparse_homogeneous","marker_effect_correlation","low_rank_full_minus_block_csr","low_rank_full minus block_csr",1
2,0.896047399624842,0.895740383762065,TRUE,0.000307015862777038,"sparse_homogeneous","marker_effect_correlation","low_rank_0999_minus_low_rank_full","low_rank_0999 minus low_rank_full",3
2,0.897312931690414,0.912643788321132,TRUE,-0.0153308566307188,"sparse_homogeneous","marker_effect_correlation","full_csr_minus_bed","full_csr minus bed",4
2,0.899186622377539,0.900545659459233,TRUE,-0.00135903708169427,"sparse_homogeneous","genetic_value_correlation","low_rank_0995_minus_low_rank_full","low_rank_0995 minus low_rank_full",3
2,0.899186622377539,0.901107445478956,TRUE,-0.00192082310141661,"sparse_homogeneous","genetic_value_correlation","low_rank_0995_minus_low_rank_0999","low_rank_0995 minus low_rank_0999",3
2,0.899186622377539,0.90190242958567,TRUE,-0.00271580720813114,"sparse_homogeneous","genetic_value_correlation","low_rank_0995_minus_full_csr","low_rank_0995 minus full_csr",4
2,0.900205570833084,0.90190242958567,TRUE,-0.00169685875258574,"sparse_homogeneous","genetic_value_correlation","block_csr_minus_full_csr","block_csr minus full_csr",2
2,0.900249142183476,0.901733259977224,TRUE,-0.00148411779374724,"sparse_homogeneous","genetic_value_reconstruction_correlation","low_rank_0995_minus_low_rank_full","low_rank_0995 minus low_rank_full",3
2,0.900249142183476,0.901901753478862,TRUE,-0.00165261129538552,"sparse_homogeneous","genetic_value_reconstruction_correlation","low_rank_0995_minus_low_rank_0999","low_rank_0995 minus low_rank_0999",3
2,0.900249142183476,0.902825827246997,TRUE,-0.00257668506352104,"sparse_homogeneous","genetic_value_reconstruction_correlation","low_rank_0995_minus_full_csr","low_rank_0995 minus full_csr",4
2,0.900545659459233,0.900205570833084,TRUE,0.000340088626148871,"sparse_homogeneous","genetic_value_correlation","low_rank_full_minus_block_csr","low_rank_full minus block_csr",1
2,0.901107445478956,0.900545659459233,TRUE,0.000561786019722343,"sparse_homogeneous","genetic_value_correlation","low_rank_0999_minus_low_rank_full","low_rank_0999 minus low_rank_full",3
2,0.901149146851602,0.902825827246997,TRUE,-0.00167668039539537,"sparse_homogeneous","genetic_value_reconstruction_correlation","block_csr_minus_full_csr","block_csr minus full_csr",2
2,0.901733259977224,0.901149146851602,TRUE,0.000584113125621566,"sparse_homogeneous","genetic_value_reconstruction_correlation","low_rank_full_minus_block_csr","low_rank_full minus block_csr",1
2,0.901901753478862,0.901733259977224,TRUE,0.000168493501638278,"sparse_homogeneous","genetic_value_reconstruction_correlation","low_rank_0999_minus_low_rank_full","low_rank_0999 minus low_rank_full",3
2,0.90190242958567,0.916479211012613,TRUE,-0.014576781426943,"sparse_homogeneous","genetic_value_correlation","full_csr_minus_bed","full_csr minus bed",4
2,0.902439871311587,0.90311563518747,TRUE,-0.000675763875883084,"sparse_homogeneous","causal_marker_effect_correlation","low_rank_0995_minus_low_rank_full","low_rank_0995 minus low_rank_full",3
2,0.902439871311587,0.90340613322561,TRUE,-0.000966261914023159,"sparse_homogeneous","causal_marker_effect_correlation","low_rank_0995_minus_low_rank_0999","low_rank_0995 minus low_rank_0999",3
2,0.902439871311587,0.904383212098742,TRUE,-0.00194334078715508,"sparse_homogeneous","causal_marker_effect_correlation","low_rank_0995_minus_full_csr","low_rank_0995 minus full_csr",4
2,0.902825827246997,0.91604612779472,TRUE,-0.0132203005477225,"sparse_homogeneous","genetic_value_reconstruction_correlation","full_csr_minus_bed","full_csr minus bed",4
2,0.902876882469517,0.904383212098742,TRUE,-0.00150632962922481,"sparse_homogeneous","causal_marker_effect_correlation","block_csr_minus_full_csr","block_csr minus full_csr",2
2,0.90311563518747,0.902876882469517,TRUE,0.000238752717952817,"sparse_homogeneous","causal_marker_effect_correlation","low_rank_full_minus_block_csr","low_rank_full minus block_csr",1
2,0.90340613322561,0.90311563518747,TRUE,0.000290498038140075,"sparse_homogeneous","causal_marker_effect_correlation","low_rank_0999_minus_low_rank_full","low_rank_0999 minus low_rank_full",3
2,0.904383212098742,0.914093850928462,TRUE,-0.0097106388297199,"sparse_homogeneous","causal_marker_effect_correlation","full_csr_minus_bed","full_csr minus bed",4
2,0.907728189182493,0.90987728411831,TRUE,-0.00214909493581639,"sparse_mixture","genetic_value_reconstruction_correlation","low_rank_0999_minus_low_rank_full","low_rank_0999 minus low_rank_full",3
2,0.908582453240679,0.961202405937414,TRUE,-0.0526199526967343,"sparse_mixture","genetic_value_reconstruction_correlation","full_csr_minus_bed","full_csr minus bed",4
2,0.909521993793598,0.908582453240679,TRUE,0.000939540552918339,"sparse_mixture","genetic_value_reconstruction_correlation","block_csr_minus_full_csr","block_csr minus full_csr",2
2,0.90987728411831,0.909521993793598,TRUE,0.000355290324711932,"sparse_mixture","genetic_value_reconstruction_correlation","low_rank_full_minus_block_csr","low_rank_full minus block_csr",1
2,0.909887430997708,0.907728189182493,TRUE,0.00215924181521499,"sparse_mixture","genetic_value_reconstruction_correlation","low_rank_0995_minus_low_rank_0999","low_rank_0995 minus low_rank_0999",3
2,0.909887430997708,0.908582453240679,TRUE,0.00130497775702887,"sparse_mixture","genetic_value_reconstruction_correlation","low_rank_0995_minus_full_csr","low_rank_0995 minus full_csr",4
2,0.909887430997708,0.90987728411831,TRUE,1.01468793985982e-05,"sparse_mixture","genetic_value_reconstruction_correlation","low_rank_0995_minus_low_rank_full","low_rank_0995 minus low_rank_full",3
2,0.913258153483727,0.915858511947962,TRUE,-0.00260035846423545,"sparse_mixture","genetic_value_correlation","low_rank_0999_minus_low_rank_full","low_rank_0999 minus low_rank_full",3
2,0.914232567305254,0.916515808947495,TRUE,-0.0022832416422407,"sparse_mixture","marker_effect_correlation","low_rank_0999_minus_low_rank_full","low_rank_0999 minus low_rank_full",3
2,0.914255296952721,0.963271465326343,TRUE,-0.0490161683736219,"sparse_mixture","genetic_value_correlation","full_csr_minus_bed","full_csr minus bed",4
2,0.915104246843274,0.914255296952721,TRUE,0.000848949890552619,"sparse_mixture","genetic_value_correlation","block_csr_minus_full_csr","block_csr minus full_csr",2
2,0.915172717019917,0.962665203861484,TRUE,-0.0474924868415669,"sparse_mixture","marker_effect_correlation","full_csr_minus_bed","full_csr minus bed",4
2,0.915858511947962,0.915104246843274,TRUE,0.000754265104688567,"sparse_mixture","genetic_value_correlation","low_rank_full_minus_block_csr","low_rank_full minus block_csr",1
2,0.915884109048645,0.913258153483727,TRUE,0.00262595556491774,"sparse_mixture","genetic_value_correlation","low_rank_0995_minus_low_rank_0999","low_rank_0995 minus low_rank_0999",3
2,0.915884109048645,0.914255296952721,TRUE,0.00162881209592347,"sparse_mixture","genetic_value_correlation","low_rank_0995_minus_full_csr","low_rank_0995 minus full_csr",4
2,0.915884109048645,0.915858511947962,TRUE,2.55971006822842e-05,"sparse_mixture","genetic_value_correlation","low_rank_0995_minus_low_rank_full","low_rank_0995 minus low_rank_full",3
2,0.91598395667711,0.915172717019917,TRUE,0.000811239657193208,"sparse_mixture","marker_effect_correlation","block_csr_minus_full_csr","block_csr minus full_csr",2
2,0.916515808947495,0.91598395667711,TRUE,0.000531852270384214,"sparse_mixture","marker_effect_correlation","low_rank_full_minus_block_csr","low_rank_full minus block_csr",1
2,0.916880895709591,0.914232567305254,TRUE,0.0026483284043366,"sparse_mixture","marker_effect_correlation","low_rank_0995_minus_low_rank_0999","low_rank_0995 minus low_rank_0999",3
2,0.916880895709591,0.915172717019917,TRUE,0.00170817868967332,"sparse_mixture","marker_effect_correlation","low_rank_0995_minus_full_csr","low_rank_0995 minus full_csr",4
2,0.916880895709591,0.916515808947495,TRUE,0.000365086762095901,"sparse_mixture","marker_effect_correlation","low_rank_0995_minus_low_rank_full","low_rank_0995 minus low_rank_full",3
2,0.959747915323485,0.960101383689477,TRUE,-0.000353468365991705,"sparse_mixture","causal_marker_effect_correlation","block_csr_minus_full_csr","block_csr minus full_csr",2
2,0.959946517100892,0.960161664412033,TRUE,-0.000215147311141028,"sparse_mixture","causal_marker_effect_correlation","low_rank_0999_minus_low_rank_full","low_rank_0999 minus low_rank_full",3
2,0.960101383689477,0.96646742922296,TRUE,-0.00636604553348308,"sparse_mixture","causal_marker_effect_correlation","full_csr_minus_bed","full_csr minus bed",4
2,0.960161664412033,0.959747915323485,TRUE,0.000413749088548299,"sparse_mixture","causal_marker_effect_correlation","low_rank_full_minus_block_csr","low_rank_full minus block_csr",1
2,0.961599160766074,0.959946517100892,TRUE,0.0016526436651817,"sparse_mixture","causal_marker_effect_correlation","low_rank_0995_minus_low_rank_0999","low_rank_0995 minus low_rank_0999",3
2,0.961599160766074,0.960101383689477,TRUE,0.00149777707659726,"sparse_mixture","causal_marker_effect_correlation","low_rank_0995_minus_full_csr","low_rank_0995 minus full_csr",4
2,0.961599160766074,0.960161664412033,TRUE,0.00143749635404067,"sparse_mixture","causal_marker_effect_correlation","low_rank_0995_minus_low_rank_full","low_rank_0995 minus low_rank_full",3
2,0.96843681676983,0.977121416759765,TRUE,-0.00868459998993543,"sparse_mixture","prediction_regression_slope","low_rank_0999_minus_low_rank_full","low_rank_0999 minus low_rank_full",3
2,0.96866812084728,0.96843681676983,TRUE,0.000231304077449979,"sparse_mixture","prediction_regression_slope","low_rank_0995_minus_low_rank_0999","low_rank_0995 minus low_rank_0999",3
2,0.96866812084728,0.971176681201475,TRUE,-0.00250856035419478,"sparse_mixture","prediction_regression_slope","low_rank_0995_minus_full_csr","low_rank_0995 minus full_csr",4
2,0.96866812084728,0.977121416759765,TRUE,-0.00845329591248545,"sparse_mixture","prediction_regression_slope","low_rank_0995_minus_low_rank_full","low_rank_0995 minus low_rank_full",3
2,0.971176681201475,1.07923708149416,TRUE,-0.108060400292686,"sparse_mixture","prediction_regression_slope","full_csr_minus_bed","full_csr minus bed",4
2,0.974434222727328,0.971176681201475,TRUE,0.00325754152585356,"sparse_mixture","prediction_regression_slope","block_csr_minus_full_csr","block_csr minus full_csr",2
2,0.977121416759765,0.974434222727328,TRUE,0.00268719403243711,"sparse_mixture","prediction_regression_slope","low_rank_full_minus_block_csr","low_rank_full minus block_csr",1
2,1.03460826187402,1.03492969884297,TRUE,-0.00032143696894904,"sparse_homogeneous","phenotype_prediction_rmse","low_rank_0999_minus_low_rank_full","low_rank_0999 minus low_rank_full",3
2,1.03492541962632,1.03231090555669,TRUE,0.00261451406963031,"sparse_homogeneous","phenotype_prediction_rmse","full_csr_minus_bed","full_csr minus bed",4
2,1.03492969884297,1.03548810541937,TRUE,-0.000558406576398829,"sparse_homogeneous","phenotype_prediction_rmse","low_rank_full_minus_block_csr","low_rank_full minus block_csr",1
2,1.03548810541937,1.03492541962632,TRUE,0.000562685793047191,"sparse_homogeneous","phenotype_prediction_rmse","block_csr_minus_full_csr","block_csr minus full_csr",2
2,1.03596964487867,1.03460826187402,TRUE,0.00136138300465483,"sparse_homogeneous","phenotype_prediction_rmse","low_rank_0995_minus_low_rank_0999","low_rank_0995 minus low_rank_0999",3
2,1.03596964487867,1.03492541962632,TRUE,0.00104422525235415,"sparse_homogeneous","phenotype_prediction_rmse","low_rank_0995_minus_full_csr","low_rank_0995 minus full_csr",4
2,1.03596964487867,1.03492969884297,TRUE,0.00103994603570579,"sparse_homogeneous","phenotype_prediction_rmse","low_rank_0995_minus_low_rank_full","low_rank_0995 minus low_rank_full",3
2,1.04950459522343,1.05026016258121,TRUE,-0.000755567357776821,"sparse_mixture","phenotype_prediction_rmse","low_rank_full_minus_block_csr","low_rank_full minus block_csr",1
2,1.05026016258121,1.05083195787183,TRUE,-0.00057179529062279,"sparse_mixture","phenotype_prediction_rmse","block_csr_minus_full_csr","block_csr minus full_csr",2
2,1.05083195787183,1.04150444118672,TRUE,0.00932751668511678,"sparse_mixture","phenotype_prediction_rmse","full_csr_minus_bed","full_csr minus bed",4
2,1.05114730515863,1.04950459522343,TRUE,0.00164270993520055,"sparse_mixture","phenotype_prediction_rmse","low_rank_0995_minus_low_rank_full","low_rank_0995 minus low_rank_full",3
2,1.05114730515863,1.05083195787183,TRUE,0.000315347286800938,"sparse_mixture","phenotype_prediction_rmse","low_rank_0995_minus_full_csr","low_rank_0995 minus full_csr",4
2,1.05114730515863,1.05144166926879,TRUE,-0.000294364110152934,"sparse_mixture","phenotype_prediction_rmse","low_rank_0995_minus_low_rank_0999","low_rank_0995 minus low_rank_0999",3
2,1.05144166926879,1.04950459522343,TRUE,0.00193707404535348,"sparse_mixture","phenotype_prediction_rmse","low_rank_0999_minus_low_rank_full","low_rank_0999 minus low_rank_full",3
2,1.14871292935571,1.14740571326507,TRUE,0.00130721609064421,"sparse_homogeneous","prediction_regression_slope","full_csr_minus_bed","full_csr minus bed",4
2,1.14988938683699,1.14871292935571,TRUE,0.00117645748128159,"sparse_homogeneous","prediction_regression_slope","low_rank_0995_minus_full_csr","low_rank_0995 minus full_csr",4
2,1.14988938683699,1.15334736476125,TRUE,-0.00345797792425229,"sparse_homogeneous","prediction_regression_slope","low_rank_0995_minus_low_rank_full","low_rank_0995 minus low_rank_full",3
2,1.14988938683699,1.15637172951548,TRUE,-0.0064823426784848,"sparse_homogeneous","prediction_regression_slope","low_rank_0995_minus_low_rank_0999","low_rank_0995 minus low_rank_0999",3
2,1.15185269690466,1.14871292935571,TRUE,0.00313976754894951,"sparse_homogeneous","prediction_regression_slope","block_csr_minus_full_csr","block_csr minus full_csr",2
2,1.15334736476125,1.15185269690466,TRUE,0.00149466785658436,"sparse_homogeneous","prediction_regression_slope","low_rank_full_minus_block_csr","low_rank_full minus block_csr",1
2,1.15637172951548,1.15334736476125,TRUE,0.00302436475423251,"sparse_homogeneous","prediction_regression_slope","low_rank_0999_minus_low_rank_full","low_rank_0999 minus low_rank_full",3
2,16,16,TRUE,0,"sparse_homogeneous","high_pip_marker_count","block_csr_minus_full_csr","block_csr minus full_csr",2
2,16,16,TRUE,0,"sparse_homogeneous","high_pip_marker_count","low_rank_0995_minus_full_csr","low_rank_0995 minus full_csr",4
2,16,16,TRUE,0,"sparse_homogeneous","high_pip_marker_count","low_rank_0995_minus_low_rank_0999","low_rank_0995 minus low_rank_0999",3
2,16,16,TRUE,0,"sparse_homogeneous","high_pip_marker_count","low_rank_0995_minus_low_rank_full","low_rank_0995 minus low_rank_full",3
2,16,16,TRUE,0,"sparse_homogeneous","high_pip_marker_count","low_rank_0999_minus_low_rank_full","low_rank_0999 minus low_rank_full",3
2,16,16,TRUE,0,"sparse_homogeneous","high_pip_marker_count","low_rank_full_minus_block_csr","low_rank_full minus block_csr",1
2,16,17,TRUE,-1,"sparse_homogeneous","high_pip_marker_count","full_csr_minus_bed","full_csr minus bed",4
2,18,9,TRUE,9,"sparse_mixture","high_pip_marker_count","full_csr_minus_bed","full_csr minus bed",4
2,19,18,TRUE,1,"sparse_mixture","high_pip_marker_count","block_csr_minus_full_csr","block_csr minus full_csr",2
2,19,19,TRUE,0,"sparse_mixture","high_pip_marker_count","low_rank_full_minus_block_csr","low_rank_full minus block_csr",1
2,20,18,TRUE,2,"sparse_mixture","high_pip_marker_count","low_rank_0995_minus_full_csr","low_rank_0995 minus full_csr",4
2,20,19,TRUE,1,"sparse_mixture","high_pip_marker_count","low_rank_0995_minus_low_rank_full","low_rank_0995 minus low_rank_full",3
2,20,19,TRUE,1,"sparse_mixture","high_pip_marker_count","low_rank_0999_minus_low_rank_full","low_rank_0999 minus low_rank_full",3
2,20,20,TRUE,0,"sparse_mixture","high_pip_marker_count","low_rank_0995_minus_low_rank_0999","low_rank_0995 minus low_rank_0999",3
2,42.091,42.275,TRUE,-0.184000000000005,"sparse_homogeneous","total_pip_mass","low_rank_0995_minus_low_rank_0999","low_rank_0995 minus low_rank_0999",3
2,42.091,42.278,TRUE,-0.187000000000005,"sparse_homogeneous","total_pip_mass","low_rank_0995_minus_low_rank_full","low_rank_0995 minus low_rank_full",3
2,42.091,42.573,TRUE,-0.482000000000006,"sparse_homogeneous","total_pip_mass","low_rank_0995_minus_full_csr","low_rank_0995 minus full_csr",4
2,42.275,42.278,TRUE,-0.00300000000000011,"sparse_homogeneous","total_pip_mass","low_rank_0999_minus_low_rank_full","low_rank_0999 minus low_rank_full",3
2,42.278,42.402,TRUE,-0.123999999999995,"sparse_homogeneous","total_pip_mass","low_rank_full_minus_block_csr","low_rank_full minus block_csr",1
2,42.402,42.573,TRUE,-0.171000000000006,"sparse_homogeneous","total_pip_mass","block_csr_minus_full_csr","block_csr minus full_csr",2
2,42.573,21.525,TRUE,21.048,"sparse_homogeneous","total_pip_mass","full_csr_minus_bed","full_csr minus bed",4
2,182.3568,182.3568,TRUE,0,"sparse_mixture","top_marker_causal_enrichment","low_rank_0995_minus_low_rank_0999","low_rank_0995 minus low_rank_0999",3
2,182.3568,197.5532,TRUE,-15.1964,"sparse_mixture","top_marker_causal_enrichment","low_rank_0995_minus_full_csr","low_rank_0995 minus full_csr",4
2,182.3568,197.5532,TRUE,-15.1964,"sparse_mixture","top_marker_causal_enrichment","low_rank_0995_minus_low_rank_full","low_rank_0995 minus low_rank_full",3
2,182.3568,197.5532,TRUE,-15.1964,"sparse_mixture","top_marker_causal_enrichment","low_rank_0999_minus_low_rank_full","low_rank_0999 minus low_rank_full",3
2,197.5532,197.5532,TRUE,0,"sparse_mixture","top_marker_causal_enrichment","block_csr_minus_full_csr","block_csr minus full_csr",2
2,197.5532,197.5532,TRUE,0,"sparse_mixture","top_marker_causal_enrichment","low_rank_full_minus_block_csr","low_rank_full minus block_csr",1
2,197.5532,212.7496,TRUE,-15.1964,"sparse_mixture","top_marker_causal_enrichment","full_csr_minus_bed","full_csr minus bed",4
2,349.5172,349.5172,TRUE,0,"sparse_homogeneous","top_marker_causal_enrichment","low_rank_0995_minus_full_csr","low_rank_0995 minus full_csr",4
2,349.5172,349.5172,TRUE,0,"sparse_homogeneous","top_marker_causal_enrichment","low_rank_0995_minus_low_rank_0999","low_rank_0995 minus low_rank_0999",3
2,349.5172,364.7136,TRUE,-15.1964,"sparse_homogeneous","top_marker_causal_enrichment","low_rank_0995_minus_low_rank_full","low_rank_0995 minus low_rank_full",3
2,349.5172,364.7136,TRUE,-15.1964,"sparse_homogeneous","top_marker_causal_enrichment","low_rank_0999_minus_low_rank_full","low_rank_0999 minus low_rank_full",3
2,349.5172,395.1064,TRUE,-45.5892,"sparse_homogeneous","top_marker_causal_enrichment","full_csr_minus_bed","full_csr minus bed",4
2,353.6535,354.09,TRUE,-0.436500000000024,"sparse_mixture","total_pip_mass","low_rank_0999_minus_low_rank_full","low_rank_0999 minus low_rank_full",3
2,353.79475,355.146624999999,TRUE,-1.35187499999893,"sparse_mixture","total_pip_mass","block_csr_minus_full_csr","block_csr minus full_csr",2
2,354.09,353.79475,TRUE,0.29525000000001,"sparse_mixture","total_pip_mass","low_rank_full_minus_block_csr","low_rank_full minus block_csr",1
2,354.94975,353.6535,TRUE,1.29624999999999,"sparse_mixture","total_pip_mass","low_rank_0995_minus_low_rank_0999","low_rank_0995 minus low_rank_0999",3
2,354.94975,354.09,TRUE,0.859749999999963,"sparse_mixture","total_pip_mass","low_rank_0995_minus_low_rank_full","low_rank_0995 minus low_rank_full",3
2,354.94975,355.146624999999,TRUE,-0.196874999998954,"sparse_mixture","total_pip_mass","low_rank_0995_minus_full_csr","low_rank_0995 minus full_csr",4
2,355.146624999999,308.5725,TRUE,46.574124999999,"sparse_mixture","total_pip_mass","full_csr_minus_bed","full_csr minus bed",4
2,364.7136,349.5172,TRUE,15.1964,"sparse_homogeneous","top_marker_causal_enrichment","block_csr_minus_full_csr","block_csr minus full_csr",2
2,364.7136,364.7136,TRUE,0,"sparse_homogeneous","top_marker_causal_enrichment","low_rank_full_minus_block_csr","low_rank_full minus block_csr",1
3,0.000437691643499949,0.000465977634117627,TRUE,-2.82859906176777e-05,"sparse_homogeneous","noncausal_marker_rmse","block_csr_minus_full_csr","block_csr minus full_csr",2
3,0.000438489269160523,0.000456324523839792,TRUE,-1.78352546792691e-05,"sparse_homogeneous","noncausal_marker_rmse","low_rank_0999_minus_low_rank_full","low_rank_0999 minus low_rank_full",3
3,0.000451647904825061,0.000438489269160523,TRUE,1.31586356645378e-05,"sparse_homogeneous","noncausal_marker_rmse","low_rank_0995_minus_low_rank_0999","low_rank_0995 minus low_rank_0999",3
3,0.000451647904825061,0.000456324523839792,TRUE,-4.6766190147313e-06,"sparse_homogeneous","noncausal_marker_rmse","low_rank_0995_minus_low_rank_full","low_rank_0995 minus low_rank_full",3
3,0.000451647904825061,0.000465977634117627,TRUE,-1.43297292925663e-05,"sparse_homogeneous","noncausal_marker_rmse","low_rank_0995_minus_full_csr","low_rank_0995 minus full_csr",4
3,0.000456324523839792,0.000437691643499949,TRUE,1.86328803398428e-05,"sparse_homogeneous","noncausal_marker_rmse","low_rank_full_minus_block_csr","low_rank_full minus block_csr",1
3,0.000465977634117627,8.52949396524502e-05,TRUE,0.000380682694465177,"sparse_homogeneous","noncausal_marker_rmse","full_csr_minus_bed","full_csr minus bed",4
3,0.000598850847368282,0.000615402862338895,TRUE,-1.65520149706123e-05,"sparse_homogeneous","pip_null_mean","low_rank_0999_minus_low_rank_full","low_rank_0999 minus low_rank_full",3
3,0.00060491289106771,0.000615903639861891,TRUE,-1.09907487941804e-05,"sparse_homogeneous","pip_null_mean","block_csr_minus_full_csr","block_csr minus full_csr",2
3,0.000613716032787749,0.000598850847368282,TRUE,1.48651854194671e-05,"sparse_homogeneous","pip_null_mean","low_rank_0995_minus_low_rank_0999","low_rank_0995 minus low_rank_0999",3
3,0.000613716032787749,0.000615402862338895,TRUE,-1.68682955114521e-06,"sparse_homogeneous","pip_null_mean","low_rank_0995_minus_low_rank_full","low_rank_0995 minus low_rank_full",3
3,0.000613716032787749,0.000615903639861891,TRUE,-2.18760707414135e-06,"sparse_homogeneous","pip_null_mean","low_rank_0995_minus_full_csr","low_rank_0995 minus full_csr",4
3,0.000615402862338895,0.00060491289106771,TRUE,1.04899712711843e-05,"sparse_homogeneous","pip_null_mean","low_rank_full_minus_block_csr","low_rank_full minus block_csr",1
3,0.000615903639861891,9.54903666218603e-05,TRUE,0.00052041327324003,"sparse_homogeneous","pip_null_mean","full_csr_minus_bed","full_csr minus bed",4
3,0.000986525238932571,0.00100423424308315,TRUE,-1.77090041505814e-05,"sparse_mixture","noncausal_marker_rmse","low_rank_0995_minus_low_rank_0999","low_rank_0995 minus low_rank_0999",3
3,0.000986525238932571,0.00100811729644408,TRUE,-2.15920575115072e-05,"sparse_mixture","noncausal_marker_rmse","low_rank_0995_minus_low_rank_full","low_rank_0995 minus low_rank_full",3
3,0.000986525238932571,0.00104575609920956,TRUE,-5.92308602769911e-05,"sparse_mixture","noncausal_marker_rmse","low_rank_0995_minus_full_csr","low_rank_0995 minus full_csr",4
3,0.00100423424308315,0.00100811729644408,TRUE,-3.8830533609258e-06,"sparse_mixture","noncausal_marker_rmse","low_rank_0999_minus_low_rank_full","low_rank_0999 minus low_rank_full",3
3,0.00100811729644408,0.00101169062668089,TRUE,-3.57333023680946e-06,"sparse_mixture","noncausal_marker_rmse","low_rank_full_minus_block_csr","low_rank_full minus block_csr",1
3,0.00101169062668089,0.00104575609920956,TRUE,-3.40654725286744e-05,"sparse_mixture","noncausal_marker_rmse","block_csr_minus_full_csr","block_csr minus full_csr",2
3,0.00104575609920956,0.000230406208138369,TRUE,0.000815349891071193,"sparse_mixture","noncausal_marker_rmse","full_csr_minus_bed","full_csr minus bed",4
3,0.00109228501487194,0.00110947329630702,TRUE,-1.71882814350766e-05,"sparse_homogeneous","nonnull_probability_mean","low_rank_0999_minus_low_rank_full","low_rank_0999 minus low_rank_full",3
3,0.00109575952199205,0.000587270669369061,TRUE,0.00050848885262299,"sparse_homogeneous","nonnull_probability_mean","full_csr_minus_bed","full_csr minus bed",4
3,0.00109986575767945,0.00109575952199205,TRUE,4.10623568739975e-06,"sparse_homogeneous","nonnull_probability_mean","block_csr_minus_full_csr","block_csr minus full_csr",2
3,0.00110947329630702,0.00109986575767945,TRUE,9.60753862756965e-06,"sparse_homogeneous","nonnull_probability_mean","low_rank_full_minus_block_csr","low_rank_full minus block_csr",1
3,0.00111581690400358,0.00109228501487194,TRUE,2.35318891316364e-05,"sparse_homogeneous","nonnull_probability_mean","low_rank_0995_minus_low_rank_0999","low_rank_0995 minus low_rank_0999",3
3,0.00111581690400358,0.00109575952199205,TRUE,2.00573820115292e-05,"sparse_homogeneous","nonnull_probability_mean","low_rank_0995_minus_full_csr","low_rank_0995 minus full_csr",4
3,0.00111581690400358,0.00110947329630702,TRUE,6.34360769655976e-06,"sparse_homogeneous","nonnull_probability_mean","low_rank_0995_minus_low_rank_full","low_rank_0995 minus low_rank_full",3
3,0.00122671913277669,0.00123901086329736,TRUE,-1.22917305206722e-05,"sparse_homogeneous","marker_effect_rmse","low_rank_0995_minus_low_rank_0999","low_rank_0995 minus low_rank_0999",3
3,0.00122671913277669,0.00124619657012238,TRUE,-1.94774373456935e-05,"sparse_homogeneous","marker_effect_rmse","low_rank_0995_minus_low_rank_full","low_rank_0995 minus low_rank_full",3
3,0.00122671913277669,0.00128017090596368,TRUE,-5.34517731869974e-05,"sparse_homogeneous","marker_effect_rmse","low_rank_0995_minus_full_csr","low_rank_0995 minus full_csr",4
3,0.00123760772194741,0.00128017090596368,TRUE,-4.25631840162701e-05,"sparse_homogeneous","marker_effect_rmse","block_csr_minus_full_csr","block_csr minus full_csr",2
3,0.00123901086329736,0.00124619657012238,TRUE,-7.1857068250213e-06,"sparse_homogeneous","marker_effect_rmse","low_rank_0999_minus_low_rank_full","low_rank_0999 minus low_rank_full",3
3,0.00124619657012238,0.00123760772194741,TRUE,8.58884817496615e-06,"sparse_homogeneous","marker_effect_rmse","low_rank_full_minus_block_csr","low_rank_full minus block_csr",1
3,0.00128017090596368,0.00115144034317167,TRUE,0.000128730562792017,"sparse_homogeneous","marker_effect_rmse","full_csr_minus_bed","full_csr minus bed",4
3,0.00136027069814297,0.00137271658100081,TRUE,-1.24458828578318e-05,"sparse_mixture","marker_effect_rmse","low_rank_0995_minus_low_rank_0999","low_rank_0995 minus low_rank_0999",3
3,0.00136027069814297,0.00137588062350458,TRUE,-1.56099253616083e-05,"sparse_mixture","marker_effect_rmse","low_rank_0995_minus_low_rank_full","low_rank_0995 minus low_rank_full",3
3,0.00136027069814297,0.00139788155008499,TRUE,-3.76108519420171e-05,"sparse_mixture","marker_effect_rmse","low_rank_0995_minus_full_csr","low_rank_0995 minus full_csr",4
3,0.00137271658100081,0.00137588062350458,TRUE,-3.16404250377648e-06,"sparse_mixture","marker_effect_rmse","low_rank_0999_minus_low_rank_full","low_rank_0999 minus low_rank_full",3
3,0.00137588062350458,0.00137820828067732,TRUE,-2.32765717274146e-06,"sparse_mixture","marker_effect_rmse","low_rank_full_minus_block_csr","low_rank_full minus block_csr",1
3,0.00137820828067732,0.00139788155008499,TRUE,-1.96732694076674e-05,"sparse_mixture","marker_effect_rmse","block_csr_minus_full_csr","block_csr minus full_csr",2
3,0.00139788155008499,0.000978313546622392,TRUE,0.000419568003462599,"sparse_mixture","marker_effect_rmse","full_csr_minus_bed","full_csr minus bed",4
3,0.00908507287630796,0.00913188569094118,TRUE,-4.68128146332188e-05,"sparse_mixture","pip_null_mean","block_csr_minus_full_csr","block_csr minus full_csr",2
3,0.00910331172082972,0.00910568382488602,TRUE,-2.37210405629705e-06,"sparse_mixture","pip_null_mean","low_rank_0995_minus_low_rank_full","low_rank_0995 minus low_rank_full",3
3,0.00910331172082972,0.00911805830104637,TRUE,-1.4746580216652e-05,"sparse_mixture","pip_null_mean","low_rank_0995_minus_low_rank_0999","low_rank_0995 minus low_rank_0999",3
3,0.00910331172082972,0.00913188569094118,TRUE,-2.85739701114604e-05,"sparse_mixture","pip_null_mean","low_rank_0995_minus_full_csr","low_rank_0995 minus full_csr",4
3,0.00910568382488602,0.00908507287630796,TRUE,2.06109485780554e-05,"sparse_mixture","pip_null_mean","low_rank_full_minus_block_csr","low_rank_full minus block_csr",1
3,0.00911805830104637,0.00910568382488602,TRUE,1.2374476160355e-05,"sparse_mixture","pip_null_mean","low_rank_0999_minus_low_rank_full","low_rank_0999 minus low_rank_full",3
3,0.00913188569094118,0.00781963443240822,TRUE,0.00131225125853296,"sparse_mixture","pip_null_mean","full_csr_minus_bed","full_csr minus bed",4
3,0.00927931615382591,0.00932909110052379,TRUE,-4.97749466978753e-05,"sparse_mixture","nonnull_probability_mean","block_csr_minus_full_csr","block_csr minus full_csr",2
3,0.00929796530757285,0.00929991971782792,TRUE,-1.95441025506102e-06,"sparse_mixture","nonnull_probability_mean","low_rank_0995_minus_low_rank_full","low_rank_0995 minus low_rank_full",3
3,0.00929796530757285,0.00931297544155195,TRUE,-1.50101339790997e-05,"sparse_mixture","nonnull_probability_mean","low_rank_0995_minus_low_rank_0999","low_rank_0995 minus low_rank_0999",3
3,0.00929796530757285,0.00932909110052379,TRUE,-3.1125792950934e-05,"sparse_mixture","nonnull_probability_mean","low_rank_0995_minus_full_csr","low_rank_0995 minus full_csr",4
3,0.00929991971782792,0.00927931615382591,TRUE,2.06035640020023e-05,"sparse_mixture","nonnull_probability_mean","low_rank_full_minus_block_csr","low_rank_full minus block_csr",1
3,0.00931297544155195,0.00929991971782792,TRUE,1.30557237240387e-05,"sparse_mixture","nonnull_probability_mean","low_rank_0999_minus_low_rank_full","low_rank_0999 minus low_rank_full",3
3,0.00932909110052379,0.0080206693690611,TRUE,0.00130842173146269,"sparse_mixture","nonnull_probability_mean","full_csr_minus_bed","full_csr minus bed",4
3,0.150734800764971,0.152622509664722,TRUE,-0.00188770889975023,"sparse_mixture","pip_auprc","block_csr_minus_full_csr","block_csr minus full_csr",2
3,0.150866537617118,0.150734800764971,TRUE,0.000131736852146902,"sparse_mixture","pip_auprc","low_rank_full_minus_block_csr","low_rank_full minus block_csr",1
3,0.151129944031544,0.150866537617118,TRUE,0.000263406414425571,"sparse_mixture","pip_auprc","low_rank_0995_minus_low_rank_full","low_rank_0995 minus low_rank_full",3
3,0.151129944031544,0.151555901616251,TRUE,-0.000425957584706871,"sparse_mixture","pip_auprc","low_rank_0995_minus_low_rank_0999","low_rank_0995 minus low_rank_0999",3
3,0.151129944031544,0.152622509664722,TRUE,-0.00149256563317776,"sparse_mixture","pip_auprc","low_rank_0995_minus_full_csr","low_rank_0995 minus full_csr",4
3,0.151555901616251,0.150866537617118,TRUE,0.000689363999132442,"sparse_mixture","pip_auprc","low_rank_0999_minus_low_rank_full","low_rank_0999 minus low_rank_full",3
3,0.152622509664722,0.182194606981183,TRUE,-0.029572097316461,"sparse_mixture","pip_auprc","full_csr_minus_bed","full_csr minus bed",4
3,0.156675,0.1589725,TRUE,-0.00229749999999998,"sparse_mixture","pip_causal_mean","block_csr_minus_full_csr","block_csr minus full_csr",2
3,0.15669,0.156675,TRUE,1.49999999999872e-05,"sparse_mixture","pip_causal_mean","low_rank_full_minus_block_csr","low_rank_full minus block_csr",1
3,0.157005,0.15669,TRUE,0.00031500000000001,"sparse_mixture","pip_causal_mean","low_rank_0995_minus_low_rank_full","low_rank_0995 minus low_rank_full",3
3,0.157005,0.15722,TRUE,-0.000215000000000021,"sparse_mixture","pip_causal_mean","low_rank_0995_minus_low_rank_0999","low_rank_0995 minus low_rank_0999",3
3,0.157005,0.1589725,TRUE,-0.00196749999999998,"sparse_mixture","pip_causal_mean","low_rank_0995_minus_full_csr","low_rank_0995 minus full_csr",4
3,0.15722,0.15669,TRUE,0.00053000000000003,"sparse_mixture","pip_causal_mean","low_rank_0999_minus_low_rank_full","low_rank_0999 minus low_rank_full",3
3,0.1589725,0.16057,TRUE,-0.00159750000000003,"sparse_mixture","pip_causal_mean","full_csr_minus_bed","full_csr minus bed",4
3,0.23710941243073,0.239476249580179,TRUE,-0.00236683714944902,"sparse_homogeneous","genetic_value_rmse","low_rank_0995_minus_low_rank_0999","low_rank_0995 minus low_rank_0999",3
3,0.23710941243073,0.241494799897463,TRUE,-0.00438538746673314,"sparse_homogeneous","genetic_value_rmse","low_rank_0995_minus_low_rank_full","low_rank_0995 minus low_rank_full",3
3,0.23710941243073,0.248459453939716,TRUE,-0.011350041508986,"sparse_homogeneous","genetic_value_rmse","low_rank_0995_minus_full_csr","low_rank_0995 minus full_csr",4
3,0.239454851948585,0.248459453939716,TRUE,-0.00900460199113087,"sparse_homogeneous","genetic_value_rmse","block_csr_minus_full_csr","block_csr minus full_csr",2
3,0.239476249580179,0.241494799897463,TRUE,-0.00201855031728412,"sparse_homogeneous","genetic_value_rmse","low_rank_0999_minus_low_rank_full","low_rank_0999 minus low_rank_full",3
3,0.241494799897463,0.239454851948585,TRUE,0.00203994794887802,"sparse_homogeneous","genetic_value_rmse","low_rank_full_minus_block_csr","low_rank_full minus block_csr",1
3,0.248459453939716,0.226269416114468,TRUE,0.0221900378252474,"sparse_homogeneous","genetic_value_rmse","full_csr_minus_bed","full_csr minus bed",4
3,0.257076431176359,0.258334503406472,TRUE,-0.00125807223011243,"sparse_mixture","genetic_value_rmse","low_rank_0995_minus_low_rank_0999","low_rank_0995 minus low_rank_0999",3
3,0.257076431176359,0.259014863528945,TRUE,-0.00193843235258534,"sparse_mixture","genetic_value_rmse","low_rank_0995_minus_low_rank_full","low_rank_0995 minus low_rank_full",3
3,0.257076431176359,0.261534160713413,TRUE,-0.00445772953705376,"sparse_mixture","genetic_value_rmse","low_rank_0995_minus_full_csr","low_rank_0995 minus full_csr",4
3,0.258334503406472,0.259014863528945,TRUE,-0.000680360122472912,"sparse_mixture","genetic_value_rmse","low_rank_0999_minus_low_rank_full","low_rank_0999 minus low_rank_full",3
3,0.259014863528945,0.259048657338764,TRUE,-3.37938098191604e-05,"sparse_mixture","genetic_value_rmse","low_rank_full_minus_block_csr","low_rank_full minus block_csr",1
3,0.259048657338764,0.261534160713413,TRUE,-0.00248550337464926,"sparse_mixture","genetic_value_rmse","block_csr_minus_full_csr","block_csr minus full_csr",2
3,0.261534160713413,0.187824266362781,TRUE,0.0737098943506318,"sparse_mixture","genetic_value_rmse","full_csr_minus_bed","full_csr minus bed",4
3,0.36522,0.37376,TRUE,-0.00853999999999999,"sparse_homogeneous","pip_causal_mean","full_csr_minus_bed","full_csr minus bed",4
3,0.37552,0.37602,TRUE,-5e-04,"sparse_homogeneous","pip_causal_mean","low_rank_0999_minus_low_rank_full","low_rank_0999 minus low_rank_full",3
3,0.37602,0.37668,TRUE,-0.000659999999999994,"sparse_homogeneous","pip_causal_mean","low_rank_full_minus_block_csr","low_rank_full minus block_csr",1
3,0.37668,0.36522,TRUE,0.01146,"sparse_homogeneous","pip_causal_mean","block_csr_minus_full_csr","block_csr minus full_csr",2
3,0.38212,0.36522,TRUE,0.0169,"sparse_homogeneous","pip_causal_mean","low_rank_0995_minus_full_csr","low_rank_0995 minus full_csr",4
3,0.38212,0.37552,TRUE,0.00659999999999999,"sparse_homogeneous","pip_causal_mean","low_rank_0995_minus_low_rank_0999","low_rank_0995 minus low_rank_0999",3
3,0.38212,0.37602,TRUE,0.00609999999999999,"sparse_homogeneous","pip_causal_mean","low_rank_0995_minus_low_rank_full","low_rank_0995 minus low_rank_full",3
3,0.430000891226827,0.467588028931321,TRUE,-0.037587137704494,"sparse_homogeneous","pip_auprc","full_csr_minus_bed","full_csr minus bed",4
3,0.435714851254707,0.430000891226827,TRUE,0.00571396002788066,"sparse_homogeneous","pip_auprc","block_csr_minus_full_csr","block_csr minus full_csr",2
3,0.436890726898555,0.435714851254707,TRUE,0.00117587564384752,"sparse_homogeneous","pip_auprc","low_rank_full_minus_block_csr","low_rank_full minus block_csr",1
3,0.440346122582136,0.436890726898555,TRUE,0.00345539568358166,"sparse_homogeneous","pip_auprc","low_rank_0999_minus_low_rank_full","low_rank_0999 minus low_rank_full",3
3,0.44280197908948,0.430000891226827,TRUE,0.0128010878626537,"sparse_homogeneous","pip_auprc","low_rank_0995_minus_full_csr","low_rank_0995 minus full_csr",4
3,0.44280197908948,0.436890726898555,TRUE,0.00591125219092548,"sparse_homogeneous","pip_auprc","low_rank_0995_minus_low_rank_full","low_rank_0995 minus low_rank_full",3
3,0.44280197908948,0.440346122582136,TRUE,0.00245585650734381,"sparse_homogeneous","pip_auprc","low_rank_0995_minus_low_rank_0999","low_rank_0995 minus low_rank_0999",3
3,0.49623953845677,0.510761840532372,TRUE,-0.0145223020756015,"sparse_mixture","phenotype_prediction_correlation","full_csr_minus_bed","full_csr minus bed",4
3,0.496743358638555,0.49623953845677,TRUE,0.000503820181784187,"sparse_mixture","phenotype_prediction_correlation","low_rank_0995_minus_full_csr","low_rank_0995 minus full_csr",4
3,0.496743358638555,0.496803657580376,TRUE,-6.02989418214683e-05,"sparse_mixture","phenotype_prediction_correlation","low_rank_0995_minus_low_rank_full","low_rank_0995 minus low_rank_full",3
3,0.496743358638555,0.496911676484527,TRUE,-0.000168317845972821,"sparse_mixture","phenotype_prediction_correlation","low_rank_0995_minus_low_rank_0999","low_rank_0995 minus low_rank_0999",3
3,0.496803657580376,0.497290612876037,TRUE,-0.000486955295661451,"sparse_mixture","phenotype_prediction_correlation","low_rank_full_minus_block_csr","low_rank_full minus block_csr",1
3,0.496911676484527,0.496803657580376,TRUE,0.000108018904151352,"sparse_mixture","phenotype_prediction_correlation","low_rank_0999_minus_low_rank_full","low_rank_0999 minus low_rank_full",3
3,0.497290612876037,0.49623953845677,TRUE,0.00105107441926711,"sparse_mixture","phenotype_prediction_correlation","block_csr_minus_full_csr","block_csr minus full_csr",2
3,0.508435130963644,0.515973154291698,TRUE,-0.00753802332805376,"sparse_homogeneous","phenotype_prediction_correlation","full_csr_minus_bed","full_csr minus bed",4
3,0.511247478911824,0.511504134230059,TRUE,-0.000256655318234933,"sparse_homogeneous","phenotype_prediction_correlation","low_rank_full_minus_block_csr","low_rank_full minus block_csr",1
3,0.511364526435619,0.511247478911824,TRUE,0.000117047523794933,"sparse_homogeneous","phenotype_prediction_correlation","low_rank_0999_minus_low_rank_full","low_rank_0999 minus low_rank_full",3
3,0.511504134230059,0.508435130963644,TRUE,0.00306900326641479,"sparse_homogeneous","phenotype_prediction_correlation","block_csr_minus_full_csr","block_csr minus full_csr",2
3,0.513235749474487,0.508435130963644,TRUE,0.00480061851084312,"sparse_homogeneous","phenotype_prediction_correlation","low_rank_0995_minus_full_csr","low_rank_0995 minus full_csr",4
3,0.513235749474487,0.511247478911824,TRUE,0.00198827056266326,"sparse_homogeneous","phenotype_prediction_correlation","low_rank_0995_minus_low_rank_full","low_rank_0995 minus low_rank_full",3
3,0.513235749474487,0.511364526435619,TRUE,0.00187122303886833,"sparse_homogeneous","phenotype_prediction_correlation","low_rank_0995_minus_low_rank_0999","low_rank_0995 minus low_rank_0999",3
3,0.689084367834269,0.747835059697952,TRUE,-0.0587506918636831,"sparse_mixture","pip_auroc","full_csr_minus_bed","full_csr minus bed",4
3,0.692969610711368,0.689084367834269,TRUE,0.00388524287709868,"sparse_mixture","pip_auroc","block_csr_minus_full_csr","block_csr minus full_csr",2
3,0.700337102343112,0.689084367834269,TRUE,0.0112527345088427,"sparse_mixture","pip_auroc","low_rank_0995_minus_full_csr","low_rank_0995 minus full_csr",4
3,0.700337102343112,0.700762236103424,TRUE,-0.000425133760312058,"sparse_mixture","pip_auroc","low_rank_0995_minus_low_rank_full","low_rank_0995 minus low_rank_full",3
3,0.700337102343112,0.729477873540497,TRUE,-0.0291407711973855,"sparse_mixture","pip_auroc","low_rank_0995_minus_low_rank_0999","low_rank_0995 minus low_rank_0999",3
3,0.700762236103424,0.692969610711368,TRUE,0.00779262539205605,"sparse_mixture","pip_auroc","low_rank_full_minus_block_csr","low_rank_full minus block_csr",1
3,0.729477873540497,0.700762236103424,TRUE,0.0287156374370734,"sparse_mixture","pip_auroc","low_rank_0999_minus_low_rank_full","low_rank_0999 minus low_rank_full",3
3,0.73024116391239,0.785013573706544,TRUE,-0.0547724097941541,"sparse_homogeneous","pip_auroc","block_csr_minus_full_csr","block_csr minus full_csr",2
3,0.785013573706544,0.779641812287499,TRUE,0.00537176141904538,"sparse_homogeneous","pip_auroc","full_csr_minus_bed","full_csr minus bed",4
3,0.79113386573891,0.785013573706544,TRUE,0.00612029203236608,"sparse_homogeneous","pip_auroc","low_rank_0995_minus_full_csr","low_rank_0995 minus full_csr",4
3,0.79113386573891,0.805374397090219,TRUE,-0.0142405313513086,"sparse_homogeneous","pip_auroc","low_rank_0995_minus_low_rank_full","low_rank_0995 minus low_rank_full",3
3,0.79113386573891,0.814109538493977,TRUE,-0.0229756727550671,"sparse_homogeneous","pip_auroc","low_rank_0995_minus_low_rank_0999","low_rank_0995 minus low_rank_0999",3
3,0.805374397090219,0.73024116391239,TRUE,0.0751332331778288,"sparse_homogeneous","pip_auroc","low_rank_full_minus_block_csr","low_rank_full minus block_csr",1
3,0.814109538493977,0.805374397090219,TRUE,0.00873514140375842,"sparse_homogeneous","pip_auroc","low_rank_0999_minus_low_rank_full","low_rank_0999 minus low_rank_full",3
3,0.91064309490413,0.958751098633387,TRUE,-0.0481080037292571,"sparse_mixture","marker_effect_correlation","full_csr_minus_bed","full_csr minus bed",4
3,0.912633117218327,0.91064309490413,TRUE,0.00199002231419687,"sparse_mixture","marker_effect_correlation","block_csr_minus_full_csr","block_csr minus full_csr",2
3,0.912832064426369,0.912633117218327,TRUE,0.000198947208042255,"sparse_mixture","marker_effect_correlation","low_rank_full_minus_block_csr","low_rank_full minus block_csr",1
3,0.913048860222579,0.957930502137432,TRUE,-0.0448816419148531,"sparse_mixture","genetic_value_reconstruction_correlation","full_csr_minus_bed","full_csr minus bed",4
3,0.913142772600739,0.912832064426369,TRUE,0.000310708174369512,"sparse_mixture","marker_effect_correlation","low_rank_0999_minus_low_rank_full","low_rank_0999 minus low_rank_full",3
3,0.914527257497187,0.91064309490413,TRUE,0.00388416259305724,"sparse_mixture","marker_effect_correlation","low_rank_0995_minus_full_csr","low_rank_0995 minus full_csr",4
3,0.914527257497187,0.912832064426369,TRUE,0.00169519307081811,"sparse_mixture","marker_effect_correlation","low_rank_0995_minus_low_rank_full","low_rank_0995 minus low_rank_full",3
3,0.914527257497187,0.913142772600739,TRUE,0.0013844848964486,"sparse_mixture","marker_effect_correlation","low_rank_0995_minus_low_rank_0999","low_rank_0995 minus low_rank_0999",3
3,0.914678952660562,0.913048860222579,TRUE,0.00163009243798229,"sparse_mixture","genetic_value_reconstruction_correlation","block_csr_minus_full_csr","block_csr minus full_csr",2
3,0.914752055297671,0.914678952660562,TRUE,7.31026371096899e-05,"sparse_mixture","genetic_value_reconstruction_correlation","low_rank_full_minus_block_csr","low_rank_full minus block_csr",1
3,0.914974298979597,0.914752055297671,TRUE,0.000222243681925582,"sparse_mixture","genetic_value_reconstruction_correlation","low_rank_0999_minus_low_rank_full","low_rank_0999 minus low_rank_full",3
3,0.915292831658547,0.957887858526215,TRUE,-0.0425950268676677,"sparse_mixture","genetic_value_correlation","full_csr_minus_bed","full_csr minus bed",4
3,0.9162043779015,0.913048860222579,TRUE,0.00315551767892053,"sparse_mixture","genetic_value_reconstruction_correlation","low_rank_0995_minus_full_csr","low_rank_0995 minus full_csr",4
3,0.9162043779015,0.914752055297671,TRUE,0.00145232260382855,"sparse_mixture","genetic_value_reconstruction_correlation","low_rank_0995_minus_low_rank_full","low_rank_0995 minus low_rank_full",3
3,0.9162043779015,0.914974298979597,TRUE,0.00123007892190297,"sparse_mixture","genetic_value_reconstruction_correlation","low_rank_0995_minus_low_rank_0999","low_rank_0995 minus low_rank_0999",3
3,0.916391762592132,0.916461325305896,TRUE,-6.95627137640153e-05,"sparse_mixture","genetic_value_correlation","low_rank_full_minus_block_csr","low_rank_full minus block_csr",1
3,0.916461325305896,0.915292831658547,TRUE,0.0011684936473485,"sparse_mixture","genetic_value_correlation","block_csr_minus_full_csr","block_csr minus full_csr",2
3,0.916742320315275,0.916391762592132,TRUE,0.000350557723143186,"sparse_mixture","genetic_value_correlation","low_rank_0999_minus_low_rank_full","low_rank_0999 minus low_rank_full",3
3,0.917437257678839,0.915292831658547,TRUE,0.0021444260202923,"sparse_mixture","genetic_value_correlation","low_rank_0995_minus_full_csr","low_rank_0995 minus full_csr",4
3,0.917437257678839,0.916391762592132,TRUE,0.00104549508670781,"sparse_mixture","genetic_value_correlation","low_rank_0995_minus_low_rank_full","low_rank_0995 minus low_rank_full",3
3,0.917437257678839,0.916742320315275,TRUE,0.000694937363564629,"sparse_mixture","genetic_value_correlation","low_rank_0995_minus_low_rank_0999","low_rank_0995 minus low_rank_0999",3
3,0.923486948616526,0.93854623505995,TRUE,-0.0150592864434238,"sparse_homogeneous","marker_effect_correlation","full_csr_minus_bed","full_csr minus bed",4
3,0.927002295800624,0.940852242661623,TRUE,-0.0138499468609988,"sparse_homogeneous","genetic_value_reconstruction_correlation","full_csr_minus_bed","full_csr minus bed",4
3,0.927745859535421,0.928791444449806,TRUE,-0.00104558491438433,"sparse_homogeneous","marker_effect_correlation","low_rank_full_minus_block_csr","low_rank_full minus block_csr",1
3,0.928621975563464,0.927745859535421,TRUE,0.000876116028042939,"sparse_homogeneous","marker_effect_correlation","low_rank_0999_minus_low_rank_full","low_rank_0999 minus low_rank_full",3
3,0.928791444449806,0.923486948616526,TRUE,0.00530449583327985,"sparse_homogeneous","marker_effect_correlation","block_csr_minus_full_csr","block_csr minus full_csr",2
3,0.929033156053871,0.941446305129394,TRUE,-0.0124131490755223,"sparse_homogeneous","genetic_value_correlation","full_csr_minus_bed","full_csr minus bed",4
3,0.930057319839249,0.923486948616526,TRUE,0.00657037122272297,"sparse_homogeneous","marker_effect_correlation","low_rank_0995_minus_full_csr","low_rank_0995 minus full_csr",4
3,0.930057319839249,0.927745859535421,TRUE,0.00231146030382745,"sparse_homogeneous","marker_effect_correlation","low_rank_0995_minus_low_rank_full","low_rank_0995 minus low_rank_full",3
3,0.930057319839249,0.928621975563464,TRUE,0.00143534427578451,"sparse_homogeneous","marker_effect_correlation","low_rank_0995_minus_low_rank_0999","low_rank_0995 minus low_rank_0999",3
3,0.930754594840426,0.931755459974928,TRUE,-0.00100086513450259,"sparse_homogeneous","genetic_value_reconstruction_correlation","low_rank_full_minus_block_csr","low_rank_full minus block_csr",1
3,0.931718979920901,0.930754594840426,TRUE,0.000964385080475139,"sparse_homogeneous","genetic_value_reconstruction_correlation","low_rank_0999_minus_low_rank_full","low_rank_0999 minus low_rank_full",3
3,0.931755459974928,0.927002295800624,TRUE,0.00475316417430383,"sparse_homogeneous","genetic_value_reconstruction_correlation","block_csr_minus_full_csr","block_csr minus full_csr",2
3,0.93300931791561,0.927002295800624,TRUE,0.00600702211498538,"sparse_homogeneous","genetic_value_reconstruction_correlation","low_rank_0995_minus_full_csr","low_rank_0995 minus full_csr",4
3,0.93300931791561,0.930754594840426,TRUE,0.00225472307518415,"sparse_homogeneous","genetic_value_reconstruction_correlation","low_rank_0995_minus_low_rank_full","low_rank_0995 minus low_rank_full",3
3,0.93300931791561,0.931718979920901,TRUE,0.00129033799470901,"sparse_homogeneous","genetic_value_reconstruction_correlation","low_rank_0995_minus_low_rank_0999","low_rank_0995 minus low_rank_0999",3
3,0.933217030308878,0.934410379457487,TRUE,-0.00119334914860847,"sparse_homogeneous","genetic_value_correlation","low_rank_full_minus_block_csr","low_rank_full minus block_csr",1
3,0.9344008082522,0.933217030308878,TRUE,0.00118377794332203,"sparse_homogeneous","genetic_value_correlation","low_rank_0999_minus_low_rank_full","low_rank_0999 minus low_rank_full",3
3,0.934410379457487,0.929033156053871,TRUE,0.00537722340361557,"sparse_homogeneous","genetic_value_correlation","block_csr_minus_full_csr","block_csr minus full_csr",2
3,0.934642285933096,0.938951713017399,TRUE,-0.0043094270843036,"sparse_homogeneous","causal_marker_effect_correlation","full_csr_minus_bed","full_csr minus bed",4
3,0.935690032842668,0.929033156053871,TRUE,0.00665687678879701,"sparse_homogeneous","genetic_value_correlation","low_rank_0995_minus_full_csr","low_rank_0995 minus full_csr",4
3,0.935690032842668,0.933217030308878,TRUE,0.0024730025337899,"sparse_homogeneous","genetic_value_correlation","low_rank_0995_minus_low_rank_full","low_rank_0995 minus low_rank_full",3
3,0.935690032842668,0.9344008082522,TRUE,0.00128922459046787,"sparse_homogeneous","genetic_value_correlation","low_rank_0995_minus_low_rank_0999","low_rank_0995 minus low_rank_0999",3
3,0.938493483727051,0.938690736551644,TRUE,-0.000197252824593264,"sparse_homogeneous","causal_marker_effect_correlation","low_rank_full_minus_block_csr","low_rank_full minus block_csr",1
3,0.938535254631907,0.938493483727051,TRUE,4.17709048566861e-05,"sparse_homogeneous","causal_marker_effect_correlation","low_rank_0999_minus_low_rank_full","low_rank_0999 minus low_rank_full",3
3,0.938690736551644,0.934642285933096,TRUE,0.00404845061854808,"sparse_homogeneous","causal_marker_effect_correlation","block_csr_minus_full_csr","block_csr minus full_csr",2
3,0.940437783808664,0.934642285933096,TRUE,0.00579549787556877,"sparse_homogeneous","causal_marker_effect_correlation","low_rank_0995_minus_full_csr","low_rank_0995 minus full_csr",4
3,0.940437783808664,0.938493483727051,TRUE,0.00194430008161395,"sparse_homogeneous","causal_marker_effect_correlation","low_rank_0995_minus_low_rank_full","low_rank_0995 minus low_rank_full",3
3,0.940437783808664,0.938535254631907,TRUE,0.00190252917675726,"sparse_homogeneous","causal_marker_effect_correlation","low_rank_0995_minus_low_rank_0999","low_rank_0995 minus low_rank_0999",3
3,0.960166984839616,1.0925576916057,TRUE,-0.132390706766084,"sparse_mixture","prediction_regression_slope","full_csr_minus_bed","full_csr minus bed",4
3,0.960539694895968,0.961139307728708,TRUE,-0.000599612832740348,"sparse_mixture","causal_marker_effect_correlation","block_csr_minus_full_csr","block_csr minus full_csr",2
3,0.960547236307093,0.960539694895968,TRUE,7.54141112557782e-06,"sparse_mixture","causal_marker_effect_correlation","low_rank_full_minus_block_csr","low_rank_full minus block_csr",1
3,0.960639749456805,0.960547236307093,TRUE,9.25131497114817e-05,"sparse_mixture","causal_marker_effect_correlation","low_rank_0999_minus_low_rank_full","low_rank_0999 minus low_rank_full",3
3,0.960669139621428,0.960547236307093,TRUE,0.000121903314334482,"sparse_mixture","causal_marker_effect_correlation","low_rank_0995_minus_low_rank_full","low_rank_0995 minus low_rank_full",3
3,0.960669139621428,0.960639749456805,TRUE,2.93901646229999e-05,"sparse_mixture","causal_marker_effect_correlation","low_rank_0995_minus_low_rank_0999","low_rank_0995 minus low_rank_0999",3
3,0.960669139621428,0.961139307728708,TRUE,-0.000470168107280289,"sparse_mixture","causal_marker_effect_correlation","low_rank_0995_minus_full_csr","low_rank_0995 minus full_csr",4
3,0.961139307728708,0.961715737657791,TRUE,-0.000576429929082578,"sparse_mixture","causal_marker_effect_correlation","full_csr_minus_bed","full_csr minus bed",4
3,0.968759806115287,0.960166984839616,TRUE,0.00859282127567118,"sparse_mixture","prediction_regression_slope","block_csr_minus_full_csr","block_csr minus full_csr",2
3,0.969123083198817,0.968759806115287,TRUE,0.000363277083529567,"sparse_mixture","prediction_regression_slope","low_rank_full_minus_block_csr","low_rank_full minus block_csr",1
3,0.970568288385218,0.969123083198817,TRUE,0.00144520518640123,"sparse_mixture","prediction_regression_slope","low_rank_0999_minus_low_rank_full","low_rank_0999 minus low_rank_full",3
3,0.973066991895375,0.960166984839616,TRUE,0.0129000070557586,"sparse_mixture","prediction_regression_slope","low_rank_0995_minus_full_csr","low_rank_0995 minus full_csr",4
3,0.973066991895375,0.969123083198817,TRUE,0.00394390869655781,"sparse_mixture","prediction_regression_slope","low_rank_0995_minus_low_rank_full","low_rank_0995 minus low_rank_full",3
3,0.973066991895375,0.970568288385218,TRUE,0.00249870351015657,"sparse_mixture","prediction_regression_slope","low_rank_0995_minus_low_rank_0999","low_rank_0995 minus low_rank_0999",3
3,0.991400457777786,0.981595546587451,TRUE,0.00980491119033544,"sparse_homogeneous","prediction_regression_slope","full_csr_minus_bed","full_csr minus bed",4
3,0.998102493489593,0.998432800900313,TRUE,-0.000330307410720376,"sparse_homogeneous","prediction_regression_slope","low_rank_full_minus_block_csr","low_rank_full minus block_csr",1
3,0.998229040807107,0.991400457777786,TRUE,0.00682858302932055,"sparse_homogeneous","prediction_regression_slope","low_rank_0995_minus_full_csr","low_rank_0995 minus full_csr",4
3,0.998229040807107,0.998102493489593,TRUE,0.000126547317513936,"sparse_homogeneous","prediction_regression_slope","low_rank_0995_minus_low_rank_full","low_rank_0995 minus low_rank_full",3
3,0.998229040807107,0.998352247638024,TRUE,-0.000123206830917488,"sparse_homogeneous","prediction_regression_slope","low_rank_0995_minus_low_rank_0999","low_rank_0995 minus low_rank_0999",3
3,0.998352247638024,0.998102493489593,TRUE,0.000249754148431425,"sparse_homogeneous","prediction_regression_slope","low_rank_0999_minus_low_rank_full","low_rank_0999 minus low_rank_full",3
3,0.998432800900313,0.991400457777786,TRUE,0.00703234312252699,"sparse_homogeneous","prediction_regression_slope","block_csr_minus_full_csr","block_csr minus full_csr",2
3,1.02379308316073,1.02512499614751,TRUE,-0.00133191298678148,"sparse_homogeneous","phenotype_prediction_rmse","low_rank_0995_minus_low_rank_0999","low_rank_0995 minus low_rank_0999",3
3,1.02379308316073,1.02520740435863,TRUE,-0.00141432119789808,"sparse_homogeneous","phenotype_prediction_rmse","low_rank_0995_minus_low_rank_full","low_rank_0995 minus low_rank_full",3
3,1.02379308316073,1.02721796734274,TRUE,-0.00342488418201214,"sparse_homogeneous","phenotype_prediction_rmse","low_rank_0995_minus_full_csr","low_rank_0995 minus full_csr",4
3,1.02502473696406,1.02721796734274,TRUE,-0.00219323037867669,"sparse_homogeneous","phenotype_prediction_rmse","block_csr_minus_full_csr","block_csr minus full_csr",2
3,1.02512499614751,1.02520740435863,TRUE,-8.24082111166025e-05,"sparse_homogeneous","phenotype_prediction_rmse","low_rank_0999_minus_low_rank_full","low_rank_0999 minus low_rank_full",3
3,1.02520740435863,1.02502473696406,TRUE,0.00018266739456263,"sparse_homogeneous","phenotype_prediction_rmse","low_rank_full_minus_block_csr","low_rank_full minus block_csr",1
3,1.02721796734274,1.02193078138368,TRUE,0.00528718595906064,"sparse_homogeneous","phenotype_prediction_rmse","full_csr_minus_bed","full_csr minus bed",4
3,1.06126065201755,1.06205345216523,TRUE,-0.000792800147687123,"sparse_mixture","phenotype_prediction_rmse","block_csr_minus_full_csr","block_csr minus full_csr",2
3,1.06149169026332,1.06159421017635,TRUE,-0.000102519913036669,"sparse_mixture","phenotype_prediction_rmse","low_rank_0999_minus_low_rank_full","low_rank_0999 minus low_rank_full",3
3,1.06159421017635,1.06126065201755,TRUE,0.000333558158809311,"sparse_mixture","phenotype_prediction_rmse","low_rank_full_minus_block_csr","low_rank_full minus block_csr",1
3,1.06166365079316,1.06149169026332,TRUE,0.000171960529837811,"sparse_mixture","phenotype_prediction_rmse","low_rank_0995_minus_low_rank_0999","low_rank_0995 minus low_rank_0999",3
3,1.06166365079316,1.06159421017635,TRUE,6.94406168011419e-05,"sparse_mixture","phenotype_prediction_rmse","low_rank_0995_minus_low_rank_full","low_rank_0995 minus low_rank_full",3
3,1.06166365079316,1.06205345216523,TRUE,-0.00038980137207667,"sparse_mixture","phenotype_prediction_rmse","low_rank_0995_minus_full_csr","low_rank_0995 minus full_csr",4
3,1.06205345216523,1.05284923176077,TRUE,0.00920422040446667,"sparse_mixture","phenotype_prediction_rmse","full_csr_minus_bed","full_csr minus bed",4
3,13,14,TRUE,-1,"sparse_mixture","high_pip_marker_count","low_rank_0999_minus_low_rank_full","low_rank_0999 minus low_rank_full",3
3,14,7,TRUE,7,"sparse_mixture","high_pip_marker_count","full_csr_minus_bed","full_csr minus bed",4
3,14,13,TRUE,1,"sparse_mixture","high_pip_marker_count","low_rank_0995_minus_low_rank_0999","low_rank_0995 minus low_rank_0999",3
3,14,14,TRUE,0,"sparse_mixture","high_pip_marker_count","block_csr_minus_full_csr","block_csr minus full_csr",2
3,14,14,TRUE,0,"sparse_mixture","high_pip_marker_count","low_rank_0995_minus_full_csr","low_rank_0995 minus full_csr",4
3,14,14,TRUE,0,"sparse_mixture","high_pip_marker_count","low_rank_0995_minus_low_rank_full","low_rank_0995 minus low_rank_full",3
3,14,14,TRUE,0,"sparse_mixture","high_pip_marker_count","low_rank_full_minus_block_csr","low_rank_full minus block_csr",1
3,20,19,TRUE,1,"sparse_homogeneous","high_pip_marker_count","full_csr_minus_bed","full_csr minus bed",4
3,21,20,TRUE,1,"sparse_homogeneous","high_pip_marker_count","block_csr_minus_full_csr","block_csr minus full_csr",2
3,21,20,TRUE,1,"sparse_homogeneous","high_pip_marker_count","low_rank_0995_minus_full_csr","low_rank_0995 minus full_csr",4
3,21,21,TRUE,0,"sparse_homogeneous","high_pip_marker_count","low_rank_0995_minus_low_rank_0999","low_rank_0995 minus low_rank_0999",3
3,21,21,TRUE,0,"sparse_homogeneous","high_pip_marker_count","low_rank_0995_minus_low_rank_full","low_rank_0995 minus low_rank_full",3
3,21,21,TRUE,0,"sparse_homogeneous","high_pip_marker_count","low_rank_0999_minus_low_rank_full","low_rank_0999 minus low_rank_full",3
3,21,21,TRUE,0,"sparse_homogeneous","high_pip_marker_count","low_rank_full_minus_block_csr","low_rank_full minus block_csr",1
3,41.497,42.15,TRUE,-0.652999999999999,"sparse_homogeneous","total_pip_mass","low_rank_0999_minus_low_rank_full","low_rank_0999 minus low_rank_full",3
3,41.629,22.311,TRUE,19.318,"sparse_homogeneous","total_pip_mass","full_csr_minus_bed","full_csr minus bed",4
3,41.785,41.629,TRUE,0.155999999999999,"sparse_homogeneous","total_pip_mass","block_csr_minus_full_csr","block_csr minus full_csr",2
3,42.15,41.785,TRUE,0.365000000000002,"sparse_homogeneous","total_pip_mass","low_rank_full_minus_block_csr","low_rank_full minus block_csr",1
3,42.391,41.497,TRUE,0.893999999999998,"sparse_homogeneous","total_pip_mass","low_rank_0995_minus_low_rank_0999","low_rank_0995 minus low_rank_0999",3
3,42.391,41.629,TRUE,0.762,"sparse_homogeneous","total_pip_mass","low_rank_0995_minus_full_csr","low_rank_0995 minus full_csr",4
3,42.391,42.15,TRUE,0.241,"sparse_homogeneous","total_pip_mass","low_rank_0995_minus_low_rank_full","low_rank_0995 minus low_rank_full",3
3,106.3748,106.3748,TRUE,0,"sparse_mixture","top_marker_causal_enrichment","low_rank_0995_minus_low_rank_0999","low_rank_0995 minus low_rank_0999",3
3,106.3748,106.3748,TRUE,0,"sparse_mixture","top_marker_causal_enrichment","low_rank_0995_minus_low_rank_full","low_rank_0995 minus low_rank_full",3
3,106.3748,106.3748,TRUE,0,"sparse_mixture","top_marker_causal_enrichment","low_rank_0999_minus_low_rank_full","low_rank_0999 minus low_rank_full",3
3,106.3748,106.3748,TRUE,0,"sparse_mixture","top_marker_causal_enrichment","low_rank_full_minus_block_csr","low_rank_full minus block_csr",1
3,106.3748,121.5712,TRUE,-15.1964,"sparse_mixture","top_marker_causal_enrichment","block_csr_minus_full_csr","block_csr minus full_csr",2
3,106.3748,121.5712,TRUE,-15.1964,"sparse_mixture","top_marker_causal_enrichment","low_rank_0995_minus_full_csr","low_rank_0995 minus full_csr",4
3,121.5712,136.7676,TRUE,-15.1964,"sparse_mixture","top_marker_causal_enrichment","full_csr_minus_bed","full_csr minus bed",4
3,319.1244,334.3208,TRUE,-15.1964,"sparse_homogeneous","top_marker_causal_enrichment","low_rank_full_minus_block_csr","low_rank_full minus block_csr",1
3,334.3208,319.1244,TRUE,15.1964,"sparse_homogeneous","top_marker_causal_enrichment","low_rank_0995_minus_low_rank_full","low_rank_0995 minus low_rank_full",3
3,334.3208,319.1244,TRUE,15.1964,"sparse_homogeneous","top_marker_causal_enrichment","low_rank_0999_minus_low_rank_full","low_rank_0999 minus low_rank_full",3
3,334.3208,334.3208,TRUE,0,"sparse_homogeneous","top_marker_causal_enrichment","block_csr_minus_full_csr","block_csr minus full_csr",2
3,334.3208,334.3208,TRUE,0,"sparse_homogeneous","top_marker_causal_enrichment","low_rank_0995_minus_full_csr","low_rank_0995 minus full_csr",4
3,334.3208,334.3208,TRUE,0,"sparse_homogeneous","top_marker_causal_enrichment","low_rank_0995_minus_low_rank_0999","low_rank_0995 minus low_rank_0999",3
3,334.3208,364.7136,TRUE,-30.3928,"sparse_homogeneous","top_marker_causal_enrichment","full_csr_minus_bed","full_csr minus bed",4
3,352.5305,354.421499999999,TRUE,-1.89099999999894,"sparse_mixture","total_pip_mass","block_csr_minus_full_csr","block_csr minus full_csr",2
3,353.239,353.31325,TRUE,-0.0742500000000064,"sparse_mixture","total_pip_mass","low_rank_0995_minus_low_rank_full","low_rank_0995 minus low_rank_full",3
3,353.239,353.80925,TRUE,-0.570249999999987,"sparse_mixture","total_pip_mass","low_rank_0995_minus_low_rank_0999","low_rank_0995 minus low_rank_0999",3
3,353.239,354.421499999999,TRUE,-1.18249999999892,"sparse_mixture","total_pip_mass","low_rank_0995_minus_full_csr","low_rank_0995 minus full_csr",4
3,353.31325,352.5305,TRUE,0.782750000000021,"sparse_mixture","total_pip_mass","low_rank_full_minus_block_csr","low_rank_full minus block_csr",1
3,353.80925,353.31325,TRUE,0.495999999999981,"sparse_mixture","total_pip_mass","low_rank_0999_minus_low_rank_full","low_rank_0999 minus low_rank_full",3
3,354.421499999999,304.71325,TRUE,49.7082499999989,"sparse_mixture","total_pip_mass","full_csr_minus_bed","full_csr minus bed",4
4,0.000542429830606973,0.000546999019110147,TRUE,-4.56918850317374e-06,"sparse_homogeneous","noncausal_marker_rmse","low_rank_0995_minus_full_csr","low_rank_0995 minus full_csr",4
4,0.000542429830606973,0.000580862666449156,TRUE,-3.84328358421825e-05,"sparse_homogeneous","noncausal_marker_rmse","low_rank_0995_minus_low_rank_0999","low_rank_0995 minus low_rank_0999",3
4,0.000542429830606973,0.000581439577981919,TRUE,-3.90097473749456e-05,"sparse_homogeneous","noncausal_marker_rmse","low_rank_0995_minus_low_rank_full","low_rank_0995 minus low_rank_full",3
4,0.000546999019110147,4.21994869272607e-05,TRUE,0.000504799532182886,"sparse_homogeneous","noncausal_marker_rmse","full_csr_minus_bed","full_csr minus bed",4
4,0.000574465739670646,0.000546999019110147,TRUE,2.74667205604987e-05,"sparse_homogeneous","noncausal_marker_rmse","block_csr_minus_full_csr","block_csr minus full_csr",2
4,0.000580862666449156,0.000581439577981919,TRUE,-5.76911532763078e-07,"sparse_homogeneous","noncausal_marker_rmse","low_rank_0999_minus_low_rank_full","low_rank_0999 minus low_rank_full",3
4,0.000581439577981919,0.000574465739670646,TRUE,6.97383831127312e-06,"sparse_homogeneous","noncausal_marker_rmse","low_rank_full_minus_block_csr","low_rank_full minus block_csr",1
4,0.000656440262512849,8.94019662106956e-05,TRUE,0.000567038296302153,"sparse_homogeneous","pip_null_mean","full_csr_minus_bed","full_csr minus bed",4
4,0.000674204686223347,0.000656440262512849,TRUE,1.77644237104979e-05,"sparse_homogeneous","pip_null_mean","low_rank_0995_minus_full_csr","low_rank_0995 minus full_csr",4
4,0.000674204686223347,0.000674204686223347,TRUE,0,"sparse_homogeneous","pip_null_mean","low_rank_0995_minus_low_rank_0999","low_rank_0995 minus low_rank_0999",3
4,0.000674204686223347,0.000683350465195962,TRUE,-9.14577897261537e-06,"sparse_homogeneous","pip_null_mean","low_rank_0995_minus_low_rank_full","low_rank_0995 minus low_rank_full",3
4,0.000674204686223347,0.000683350465195962,TRUE,-9.14577897261537e-06,"sparse_homogeneous","pip_null_mean","low_rank_0999_minus_low_rank_full","low_rank_0999 minus low_rank_full",3
4,0.000682243483303023,0.000656440262512849,TRUE,2.58032207901743e-05,"sparse_homogeneous","pip_null_mean","block_csr_minus_full_csr","block_csr minus full_csr",2
4,0.000683350465195962,0.000682243483303023,TRUE,1.10698189293898e-06,"sparse_homogeneous","pip_null_mean","low_rank_full_minus_block_csr","low_rank_full minus block_csr",1
4,0.000933821536332539,0.000939804521364505,TRUE,-5.98298503196558e-06,"sparse_mixture","noncausal_marker_rmse","low_rank_0995_minus_low_rank_full","low_rank_0995 minus low_rank_full",3
4,0.000933821536332539,0.000944126772858721,TRUE,-1.03052365261821e-05,"sparse_mixture","noncausal_marker_rmse","low_rank_0995_minus_low_rank_0999","low_rank_0995 minus low_rank_0999",3
4,0.000933821536332539,0.000960256476259226,TRUE,-2.64349399266869e-05,"sparse_mixture","noncausal_marker_rmse","low_rank_0995_minus_full_csr","low_rank_0995 minus full_csr",4
4,0.000938442864152933,0.000960256476259226,TRUE,-2.18136121062931e-05,"sparse_mixture","noncausal_marker_rmse","block_csr_minus_full_csr","block_csr minus full_csr",2
4,0.000939804521364505,0.000938442864152933,TRUE,1.3616572115718e-06,"sparse_mixture","noncausal_marker_rmse","low_rank_full_minus_block_csr","low_rank_full minus block_csr",1
4,0.000944126772858721,0.000939804521364505,TRUE,4.32225149421647e-06,"sparse_mixture","noncausal_marker_rmse","low_rank_0999_minus_low_rank_full","low_rank_0999 minus low_rank_full",3
4,0.000960256476259226,0.000197799720869554,TRUE,0.000762456755389672,"sparse_mixture","noncausal_marker_rmse","full_csr_minus_bed","full_csr minus bed",4
4,0.00114887736569187,0.00057571530099234,TRUE,0.000573162064699534,"sparse_homogeneous","nonnull_probability_mean","full_csr_minus_bed","full_csr minus bed",4
4,0.00116109078465952,0.00116943486615251,TRUE,-8.34408149298508e-06,"sparse_homogeneous","nonnull_probability_mean","low_rank_0999_minus_low_rank_full","low_rank_0999 minus low_rank_full",3
4,0.00116501276618146,0.00114887736569187,TRUE,1.61354004895896e-05,"sparse_homogeneous","nonnull_probability_mean","low_rank_0995_minus_full_csr","low_rank_0995 minus full_csr",4
4,0.00116501276618146,0.00116109078465952,TRUE,3.92198152193929e-06,"sparse_homogeneous","nonnull_probability_mean","low_rank_0995_minus_low_rank_0999","low_rank_0995 minus low_rank_0999",3
4,0.00116501276618146,0.00116943486615251,TRUE,-4.42209997104578e-06,"sparse_homogeneous","nonnull_probability_mean","low_rank_0995_minus_low_rank_full","low_rank_0995 minus low_rank_full",3
4,0.00116943486615251,0.00117038245900345,TRUE,-9.47592850938537e-07,"sparse_homogeneous","nonnull_probability_mean","low_rank_full_minus_block_csr","low_rank_full minus block_csr",1
4,0.00117038245900345,0.00114887736569187,TRUE,2.1505093311574e-05,"sparse_homogeneous","nonnull_probability_mean","block_csr_minus_full_csr","block_csr minus full_csr",2
4,0.00137869593332569,0.00125495098210611,TRUE,0.000123744951219581,"sparse_homogeneous","marker_effect_rmse","full_csr_minus_bed","full_csr minus bed",4
4,0.00137878043877369,0.00137869593332569,TRUE,8.45054480083391e-08,"sparse_homogeneous","marker_effect_rmse","low_rank_0995_minus_full_csr","low_rank_0995 minus full_csr",4
4,0.00137878043877369,0.00139870459459891,TRUE,-1.9924155825216e-05,"sparse_homogeneous","marker_effect_rmse","low_rank_0995_minus_low_rank_0999","low_rank_0995 minus low_rank_0999",3
4,0.00137878043877369,0.00140269965615106,TRUE,-2.39192173773683e-05,"sparse_homogeneous","marker_effect_rmse","low_rank_0995_minus_low_rank_full","low_rank_0995 minus low_rank_full",3
4,0.00139297132024497,0.00137869593332569,TRUE,1.42753869192872e-05,"sparse_homogeneous","marker_effect_rmse","block_csr_minus_full_csr","block_csr minus full_csr",2
4,0.00139870459459891,0.00140269965615106,TRUE,-3.99506155215239e-06,"sparse_homogeneous","marker_effect_rmse","low_rank_0999_minus_low_rank_full","low_rank_0999 minus low_rank_full",3
4,0.00140269965615106,0.00139297132024497,TRUE,9.72833590608948e-06,"sparse_homogeneous","marker_effect_rmse","low_rank_full_minus_block_csr","low_rank_full minus block_csr",1
4,0.00140401835035044,0.00140979794499369,TRUE,-5.77959464325047e-06,"sparse_mixture","marker_effect_rmse","low_rank_0995_minus_low_rank_full","low_rank_0995 minus low_rank_full",3
4,0.00140401835035044,0.00141680076483633,TRUE,-1.27824144858857e-05,"sparse_mixture","marker_effect_rmse","low_rank_0995_minus_low_rank_0999","low_rank_0995 minus low_rank_0999",3
4,0.00140401835035044,0.00141899099147364,TRUE,-1.49726411231964e-05,"sparse_mixture","marker_effect_rmse","low_rank_0995_minus_full_csr","low_rank_0995 minus full_csr",4
4,0.00140979794499369,0.00140991010606195,TRUE,-1.12161068256417e-07,"sparse_mixture","marker_effect_rmse","low_rank_full_minus_block_csr","low_rank_full minus block_csr",1
4,0.00140991010606195,0.00141899099147364,TRUE,-9.08088541168956e-06,"sparse_mixture","marker_effect_rmse","block_csr_minus_full_csr","block_csr minus full_csr",2
4,0.00141680076483633,0.00140979794499369,TRUE,7.00281984263528e-06,"sparse_mixture","marker_effect_rmse","low_rank_0999_minus_low_rank_full","low_rank_0999 minus low_rank_full",3
4,0.00141899099147364,0.00112387032174963,TRUE,0.00029512066972401,"sparse_mixture","marker_effect_rmse","full_csr_minus_bed","full_csr minus bed",4
4,0.00908207480034792,0.00909993806172743,TRUE,-1.78632613795117e-05,"sparse_mixture","pip_null_mean","low_rank_0995_minus_low_rank_full","low_rank_0995 minus low_rank_full",3
4,0.00908207480034792,0.00910057721198704,TRUE,-1.85024116391257e-05,"sparse_mixture","pip_null_mean","low_rank_0995_minus_low_rank_0999","low_rank_0995 minus low_rank_0999",3
4,0.00908207480034792,0.00912684496982155,TRUE,-4.47701694736308e-05,"sparse_mixture","pip_null_mean","low_rank_0995_minus_full_csr","low_rank_0995 minus full_csr",4
4,0.00909993806172743,0.00910006984528611,TRUE,-1.31783558683651e-07,"sparse_mixture","pip_null_mean","low_rank_full_minus_block_csr","low_rank_full minus block_csr",1
4,0.00910006984528611,0.00912684496982155,TRUE,-2.67751245354355e-05,"sparse_mixture","pip_null_mean","block_csr_minus_full_csr","block_csr minus full_csr",2
4,0.00910057721198704,0.00909993806172743,TRUE,6.39150259613974e-07,"sparse_mixture","pip_null_mean","low_rank_0999_minus_low_rank_full","low_rank_0999 minus low_rank_full",3
4,0.00912684496982155,0.00791409688727235,TRUE,0.00121274808254919,"sparse_mixture","pip_null_mean","full_csr_minus_bed","full_csr minus bed",4
4,0.00934381169224291,0.00936039456713433,TRUE,-1.65828748914226e-05,"sparse_mixture","nonnull_probability_mean","low_rank_0995_minus_low_rank_0999","low_rank_0995 minus low_rank_0999",3
4,0.00934381169224291,0.00936205943512938,TRUE,-1.82477428864736e-05,"sparse_mixture","nonnull_probability_mean","low_rank_0995_minus_low_rank_full","low_rank_0995 minus low_rank_full",3
4,0.00934381169224291,0.00939057605748728,TRUE,-4.67643652443724e-05,"sparse_mixture","nonnull_probability_mean","low_rank_0995_minus_full_csr","low_rank_0995 minus full_csr",4
4,0.00936039456713433,0.00936205943512938,TRUE,-1.66486799505101e-06,"sparse_mixture","nonnull_probability_mean","low_rank_0999_minus_low_rank_full","low_rank_0999 minus low_rank_full",3
4,0.00936199363007029,0.00939057605748728,TRUE,-2.85824274169916e-05,"sparse_mixture","nonnull_probability_mean","block_csr_minus_full_csr","block_csr minus full_csr",2
4,0.00936205943512938,0.00936199363007029,TRUE,6.58050590927883e-08,"sparse_mixture","nonnull_probability_mean","low_rank_full_minus_block_csr","low_rank_full minus block_csr",1
4,0.00939057605748728,0.00815966281487722,TRUE,0.00123091324261006,"sparse_mixture","nonnull_probability_mean","full_csr_minus_bed","full_csr minus bed",4
4,0.206515,0.208265,TRUE,-0.00175,"sparse_mixture","pip_causal_mean","low_rank_0999_minus_low_rank_full","low_rank_0999 minus low_rank_full",3
4,0.207955,0.206515,TRUE,0.00144,"sparse_mixture","pip_causal_mean","low_rank_0995_minus_low_rank_0999","low_rank_0995 minus low_rank_0999",3
4,0.207955,0.208265,TRUE,-0.000310000000000005,"sparse_mixture","pip_causal_mean","low_rank_0995_minus_low_rank_full","low_rank_0995 minus low_rank_full",3
4,0.207955,0.209515,TRUE,-0.00155999999999998,"sparse_mixture","pip_causal_mean","low_rank_0995_minus_full_csr","low_rank_0995 minus full_csr",4
4,0.208115,0.209515,TRUE,-0.00139999999999996,"sparse_mixture","pip_causal_mean","block_csr_minus_full_csr","block_csr minus full_csr",2
4,0.208265,0.208115,TRUE,0.000149999999999983,"sparse_mixture","pip_causal_mean","low_rank_full_minus_block_csr","low_rank_full minus block_csr",1
4,0.209515,0.1945,TRUE,0.015015,"sparse_mixture","pip_causal_mean","full_csr_minus_bed","full_csr minus bed",4
4,0.212715863738747,0.21287626397653,TRUE,-0.000160400237782604,"sparse_mixture","pip_auprc","low_rank_0995_minus_full_csr","low_rank_0995 minus full_csr",4
4,0.212715863738747,0.214116416531267,TRUE,-0.00140055279251933,"sparse_mixture","pip_auprc","low_rank_0995_minus_low_rank_full","low_rank_0995 minus low_rank_full",3
4,0.212715863738747,0.214161286515956,TRUE,-0.00144542277720872,"sparse_mixture","pip_auprc","low_rank_0995_minus_low_rank_0999","low_rank_0995 minus low_rank_0999",3
4,0.21287626397653,0.240425465800386,TRUE,-0.027549201823856,"sparse_mixture","pip_auprc","full_csr_minus_bed","full_csr minus bed",4
4,0.213903523749003,0.21287626397653,TRUE,0.00102725977247337,"sparse_mixture","pip_auprc","block_csr_minus_full_csr","block_csr minus full_csr",2
4,0.214116416531267,0.213903523749003,TRUE,0.000212892782263358,"sparse_mixture","pip_auprc","low_rank_full_minus_block_csr","low_rank_full minus block_csr",1
4,0.214161286515956,0.214116416531267,TRUE,4.48699846893885e-05,"sparse_mixture","pip_auprc","low_rank_0999_minus_low_rank_full","low_rank_0999 minus low_rank_full",3
4,0.268590442088512,0.268966781615908,TRUE,-0.000376339527396685,"sparse_homogeneous","genetic_value_rmse","low_rank_0995_minus_full_csr","low_rank_0995 minus full_csr",4
4,0.268590442088512,0.272340028765612,TRUE,-0.00374958667710001,"sparse_homogeneous","genetic_value_rmse","low_rank_0995_minus_low_rank_0999","low_rank_0995 minus low_rank_0999",3
4,0.268590442088512,0.272980274527253,TRUE,-0.00438983243874075,"sparse_homogeneous","genetic_value_rmse","low_rank_0995_minus_low_rank_full","low_rank_0995 minus low_rank_full",3
4,0.268966781615908,0.245260866215286,TRUE,0.0237059154006229,"sparse_homogeneous","genetic_value_rmse","full_csr_minus_bed","full_csr minus bed",4
4,0.270935363470092,0.268966781615908,TRUE,0.00196858185418369,"sparse_homogeneous","genetic_value_rmse","block_csr_minus_full_csr","block_csr minus full_csr",2
4,0.272340028765612,0.272980274527253,TRUE,-0.000640245761640734,"sparse_homogeneous","genetic_value_rmse","low_rank_0999_minus_low_rank_full","low_rank_0999 minus low_rank_full",3
4,0.272980274527253,0.270935363470092,TRUE,0.00204491105716037,"sparse_homogeneous","genetic_value_rmse","low_rank_full_minus_block_csr","low_rank_full minus block_csr",1
4,0.274435211792965,0.275424300413881,TRUE,-0.000989088620915735,"sparse_mixture","genetic_value_rmse","low_rank_0995_minus_low_rank_full","low_rank_0995 minus low_rank_full",3
4,0.274435211792965,0.276095414761856,TRUE,-0.00166020296889036,"sparse_mixture","genetic_value_rmse","low_rank_0995_minus_full_csr","low_rank_0995 minus full_csr",4
4,0.274435211792965,0.277001820240354,TRUE,-0.00256660844738882,"sparse_mixture","genetic_value_rmse","low_rank_0995_minus_low_rank_0999","low_rank_0995 minus low_rank_0999",3
4,0.274934722670697,0.276095414761856,TRUE,-0.00116069209115821,"sparse_mixture","genetic_value_rmse","block_csr_minus_full_csr","block_csr minus full_csr",2
4,0.275424300413881,0.274934722670697,TRUE,0.000489577743183589,"sparse_mixture","genetic_value_rmse","low_rank_full_minus_block_csr","low_rank_full minus block_csr",1
4,0.276095414761856,0.215176518550946,TRUE,0.0609188962109092,"sparse_mixture","genetic_value_rmse","full_csr_minus_bed","full_csr minus bed",4
4,0.277001820240354,0.275424300413881,TRUE,0.00157751982647308,"sparse_mixture","genetic_value_rmse","low_rank_0999_minus_low_rank_full","low_rank_0999 minus low_rank_full",3
4,0.37002,0.37158,TRUE,-0.00156000000000001,"sparse_homogeneous","pip_causal_mean","low_rank_full_minus_block_csr","low_rank_full minus block_csr",1
4,0.37062,0.37002,TRUE,0.000599999999999989,"sparse_homogeneous","pip_causal_mean","low_rank_0999_minus_low_rank_full","low_rank_0999 minus low_rank_full",3
4,0.37158,0.37482,TRUE,-0.00323999999999997,"sparse_homogeneous","pip_causal_mean","block_csr_minus_full_csr","block_csr minus full_csr",2
4,0.3736,0.37002,TRUE,0.00357999999999997,"sparse_homogeneous","pip_causal_mean","low_rank_0995_minus_low_rank_full","low_rank_0995 minus low_rank_full",3
4,0.3736,0.37062,TRUE,0.00297999999999998,"sparse_homogeneous","pip_causal_mean","low_rank_0995_minus_low_rank_0999","low_rank_0995 minus low_rank_0999",3
4,0.3736,0.37482,TRUE,-0.00122,"sparse_homogeneous","pip_causal_mean","low_rank_0995_minus_full_csr","low_rank_0995 minus full_csr",4
4,0.37482,0.3696,TRUE,0.00522,"sparse_homogeneous","pip_causal_mean","full_csr_minus_bed","full_csr minus bed",4
4,0.480853340787319,0.487280222458886,TRUE,-0.00642688167156613,"sparse_homogeneous","pip_auprc","low_rank_full_minus_block_csr","low_rank_full minus block_csr",1
4,0.48544445129373,0.611233938582055,TRUE,-0.125789487288325,"sparse_homogeneous","pip_auprc","full_csr_minus_bed","full_csr minus bed",4
4,0.487280222458886,0.48544445129373,TRUE,0.00183577116515565,"sparse_homogeneous","pip_auprc","block_csr_minus_full_csr","block_csr minus full_csr",2
4,0.489146137204,0.480853340787319,TRUE,0.00829279641668096,"sparse_homogeneous","pip_auprc","low_rank_0999_minus_low_rank_full","low_rank_0999 minus low_rank_full",3
4,0.490504770828078,0.480853340787319,TRUE,0.0096514300407588,"sparse_homogeneous","pip_auprc","low_rank_0995_minus_low_rank_full","low_rank_0995 minus low_rank_full",3
4,0.490504770828078,0.48544445129373,TRUE,0.00506031953434832,"sparse_homogeneous","pip_auprc","low_rank_0995_minus_full_csr","low_rank_0995 minus full_csr",4
4,0.490504770828078,0.489146137204,TRUE,0.00135863362407784,"sparse_homogeneous","pip_auprc","low_rank_0995_minus_low_rank_0999","low_rank_0995 minus low_rank_0999",3
4,0.496996337977654,0.498118250650329,TRUE,-0.00112191267267481,"sparse_homogeneous","phenotype_prediction_correlation","low_rank_full_minus_block_csr","low_rank_full minus block_csr",1
4,0.498014797289674,0.496996337977654,TRUE,0.0010184593120191,"sparse_homogeneous","phenotype_prediction_correlation","low_rank_0999_minus_low_rank_full","low_rank_0999 minus low_rank_full",3
4,0.498118250650329,0.498914912940679,TRUE,-0.000796662290349803,"sparse_homogeneous","phenotype_prediction_correlation","block_csr_minus_full_csr","block_csr minus full_csr",2
4,0.498717465522967,0.496996337977654,TRUE,0.00172112754531234,"sparse_homogeneous","phenotype_prediction_correlation","low_rank_0995_minus_low_rank_full","low_rank_0995 minus low_rank_full",3
4,0.498717465522967,0.498014797289674,TRUE,0.000702668233293235,"sparse_homogeneous","phenotype_prediction_correlation","low_rank_0995_minus_low_rank_0999","low_rank_0995 minus low_rank_0999",3
4,0.498717465522967,0.498914912940679,TRUE,-0.000197447417712271,"sparse_homogeneous","phenotype_prediction_correlation","low_rank_0995_minus_full_csr","low_rank_0995 minus full_csr",4
4,0.498914912940679,0.504186879727439,TRUE,-0.0052719667867599,"sparse_homogeneous","phenotype_prediction_correlation","full_csr_minus_bed","full_csr minus bed",4
4,0.513950491676571,0.514024671426131,TRUE,-7.41797495598107e-05,"sparse_mixture","phenotype_prediction_correlation","low_rank_0999_minus_low_rank_full","low_rank_0999 minus low_rank_full",3
4,0.514024671426131,0.514061403293392,TRUE,-3.67318672606087e-05,"sparse_mixture","phenotype_prediction_correlation","low_rank_full_minus_block_csr","low_rank_full minus block_csr",1
4,0.514061403293392,0.514412579045866,TRUE,-0.000351175752474675,"sparse_mixture","phenotype_prediction_correlation","block_csr_minus_full_csr","block_csr minus full_csr",2
4,0.514412579045866,0.532060753378445,TRUE,-0.0176481743325781,"sparse_mixture","phenotype_prediction_correlation","full_csr_minus_bed","full_csr minus bed",4
4,0.514947274184746,0.513950491676571,TRUE,0.000996782508174587,"sparse_mixture","phenotype_prediction_correlation","low_rank_0995_minus_low_rank_0999","low_rank_0995 minus low_rank_0999",3
4,0.514947274184746,0.514024671426131,TRUE,0.000922602758614777,"sparse_mixture","phenotype_prediction_correlation","low_rank_0995_minus_low_rank_full","low_rank_0995 minus low_rank_full",3
4,0.514947274184746,0.514412579045866,TRUE,0.000534695138879493,"sparse_mixture","phenotype_prediction_correlation","low_rank_0995_minus_full_csr","low_rank_0995 minus full_csr",4
4,0.711300703724203,0.712647004559711,TRUE,-0.00134630083550769,"sparse_mixture","pip_auroc","low_rank_0995_minus_low_rank_0999","low_rank_0995 minus low_rank_0999",3
4,0.711300703724203,0.732539205608708,TRUE,-0.0212385018845048,"sparse_mixture","pip_auroc","low_rank_0995_minus_low_rank_full","low_rank_0995 minus low_rank_full",3
4,0.711300703724203,0.747360111752458,TRUE,-0.0360594080282544,"sparse_mixture","pip_auroc","low_rank_0995_minus_full_csr","low_rank_0995 minus full_csr",4
4,0.712647004559711,0.732539205608708,TRUE,-0.0198922010489971,"sparse_mixture","pip_auroc","low_rank_0999_minus_low_rank_full","low_rank_0999 minus low_rank_full",3
4,0.732539205608708,0.75009910123613,TRUE,-0.0175598956274216,"sparse_mixture","pip_auroc","low_rank_full_minus_block_csr","low_rank_full minus block_csr",1
4,0.747360111752458,0.75299544028887,TRUE,-0.0056353285364118,"sparse_mixture","pip_auroc","full_csr_minus_bed","full_csr minus bed",4
4,0.75009910123613,0.747360111752458,TRUE,0.00273898948367202,"sparse_mixture","pip_auroc","block_csr_minus_full_csr","block_csr minus full_csr",2
4,0.78661131757202,0.841234811944862,TRUE,-0.054623494372842,"sparse_homogeneous","pip_auroc","low_rank_full_minus_block_csr","low_rank_full minus block_csr",1
4,0.811746132152553,0.83196357502438,TRUE,-0.0202174428718274,"sparse_homogeneous","pip_auroc","full_csr_minus_bed","full_csr minus bed",4
4,0.841234811944862,0.811746132152553,TRUE,0.0294886797923091,"sparse_homogeneous","pip_auroc","block_csr_minus_full_csr","block_csr minus full_csr",2
4,0.856354866766822,0.78661131757202,TRUE,0.0697435491948024,"sparse_homogeneous","pip_auroc","low_rank_0999_minus_low_rank_full","low_rank_0999 minus low_rank_full",3
4,0.874894704936612,0.78661131757202,TRUE,0.0882833873645924,"sparse_homogeneous","pip_auroc","low_rank_0995_minus_low_rank_full","low_rank_0995 minus low_rank_full",3
4,0.874894704936612,0.811746132152553,TRUE,0.0631485727840595,"sparse_homogeneous","pip_auroc","low_rank_0995_minus_full_csr","low_rank_0995 minus full_csr",4
4,0.874894704936612,0.856354866766822,TRUE,0.01853983816979,"sparse_homogeneous","pip_auroc","low_rank_0995_minus_low_rank_0999","low_rank_0995 minus low_rank_0999",3
4,0.905289995823863,0.906284522728405,TRUE,-0.000994526904542048,"sparse_mixture","genetic_value_correlation","low_rank_0999_minus_low_rank_full","low_rank_0999 minus low_rank_full",3
4,0.906029455838269,0.945009080551757,TRUE,-0.0389796247134874,"sparse_mixture","genetic_value_correlation","full_csr_minus_bed","full_csr minus bed",4
4,0.906284522728405,0.906617428259652,TRUE,-0.000332905531246763,"sparse_mixture","genetic_value_correlation","low_rank_full_minus_block_csr","low_rank_full minus block_csr",1
4,0.906448957599384,0.943606944999039,TRUE,-0.0371579873996543,"sparse_mixture","marker_effect_correlation","full_csr_minus_bed","full_csr minus bed",4
4,0.906532084817041,0.907423730388426,TRUE,-0.000891645571384214,"sparse_mixture","marker_effect_correlation","low_rank_0999_minus_low_rank_full","low_rank_0999 minus low_rank_full",3
4,0.906617428259652,0.906029455838269,TRUE,0.000587972421382532,"sparse_mixture","genetic_value_correlation","block_csr_minus_full_csr","block_csr minus full_csr",2
4,0.906706771029615,0.905289995823863,TRUE,0.00141677520575201,"sparse_mixture","genetic_value_correlation","low_rank_0995_minus_low_rank_0999","low_rank_0995 minus low_rank_0999",3
4,0.906706771029615,0.906029455838269,TRUE,0.000677315191345729,"sparse_mixture","genetic_value_correlation","low_rank_0995_minus_full_csr","low_rank_0995 minus full_csr",4
4,0.906706771029615,0.906284522728405,TRUE,0.00042224830120996,"sparse_mixture","genetic_value_correlation","low_rank_0995_minus_low_rank_full","low_rank_0995 minus low_rank_full",3
4,0.907423730388426,0.90742824942435,TRUE,-4.5190359247993e-06,"sparse_mixture","marker_effect_correlation","low_rank_full_minus_block_csr","low_rank_full minus block_csr",1
4,0.90742824942435,0.906448957599384,TRUE,0.000979291824965922,"sparse_mixture","marker_effect_correlation","block_csr_minus_full_csr","block_csr minus full_csr",2
4,0.907635459471944,0.946344773734368,TRUE,-0.0387093142624232,"sparse_mixture","genetic_value_reconstruction_correlation","full_csr_minus_bed","full_csr minus bed",4
4,0.907988971878413,0.906448957599384,TRUE,0.00154001427902861,"sparse_mixture","marker_effect_correlation","low_rank_0995_minus_full_csr","low_rank_0995 minus full_csr",4
4,0.907988971878413,0.906532084817041,TRUE,0.0014568870613717,"sparse_mixture","marker_effect_correlation","low_rank_0995_minus_low_rank_0999","low_rank_0995 minus low_rank_0999",3
4,0.907988971878413,0.907423730388426,TRUE,0.000565241489987489,"sparse_mixture","marker_effect_correlation","low_rank_0995_minus_low_rank_full","low_rank_0995 minus low_rank_full",3
4,0.908127360510594,0.908763467347426,TRUE,-0.00063610683683224,"sparse_mixture","genetic_value_reconstruction_correlation","low_rank_0999_minus_low_rank_full","low_rank_0999 minus low_rank_full",3
4,0.908477005403622,0.909788682861543,TRUE,-0.00131167745792149,"sparse_homogeneous","marker_effect_correlation","low_rank_full_minus_block_csr","low_rank_full minus block_csr",1
4,0.908763467347426,0.908889419782305,TRUE,-0.000125952434878784,"sparse_mixture","genetic_value_reconstruction_correlation","low_rank_full_minus_block_csr","low_rank_full minus block_csr",1
4,0.908889419782305,0.907635459471944,TRUE,0.00125396031036018,"sparse_mixture","genetic_value_reconstruction_correlation","block_csr_minus_full_csr","block_csr minus full_csr",2
4,0.909022439317189,0.908477005403622,TRUE,0.000545433913566873,"sparse_homogeneous","marker_effect_correlation","low_rank_0999_minus_low_rank_full","low_rank_0999 minus low_rank_full",3
4,0.909403399377963,0.907635459471944,TRUE,0.00176793990601853,"sparse_mixture","genetic_value_reconstruction_correlation","low_rank_0995_minus_full_csr","low_rank_0995 minus full_csr",4
4,0.909403399377963,0.908127360510594,TRUE,0.00127603886736938,"sparse_mixture","genetic_value_reconstruction_correlation","low_rank_0995_minus_low_rank_0999","low_rank_0995 minus low_rank_0999",3
4,0.909403399377963,0.908763467347426,TRUE,0.000639932030537138,"sparse_mixture","genetic_value_reconstruction_correlation","low_rank_0995_minus_low_rank_full","low_rank_0995 minus low_rank_full",3
4,0.909788682861543,0.911712425879465,TRUE,-0.00192374301792175,"sparse_homogeneous","marker_effect_correlation","block_csr_minus_full_csr","block_csr minus full_csr",2
4,0.911698989509434,0.908477005403622,TRUE,0.00322198410581176,"sparse_homogeneous","marker_effect_correlation","low_rank_0995_minus_low_rank_full","low_rank_0995 minus low_rank_full",3
4,0.911698989509434,0.909022439317189,TRUE,0.00267655019224489,"sparse_homogeneous","marker_effect_correlation","low_rank_0995_minus_low_rank_0999","low_rank_0995 minus low_rank_0999",3
4,0.911698989509434,0.911712425879465,TRUE,-1.34363700314832e-05,"sparse_homogeneous","marker_effect_correlation","low_rank_0995_minus_full_csr","low_rank_0995 minus full_csr",4
4,0.911712425879465,0.927385940296753,TRUE,-0.015673514417288,"sparse_homogeneous","marker_effect_correlation","full_csr_minus_bed","full_csr minus bed",4
4,0.911878726035713,0.913250347016878,TRUE,-0.00137162098116572,"sparse_homogeneous","genetic_value_correlation","low_rank_full_minus_block_csr","low_rank_full minus block_csr",1
4,0.912312956937549,0.911878726035713,TRUE,0.000434230901836696,"sparse_homogeneous","genetic_value_correlation","low_rank_0999_minus_low_rank_full","low_rank_0999 minus low_rank_full",3
4,0.913250347016878,0.914561374670276,TRUE,-0.00131102765339808,"sparse_homogeneous","genetic_value_correlation","block_csr_minus_full_csr","block_csr minus full_csr",2
4,0.913689395013155,0.914966455791432,TRUE,-0.00127706077827627,"sparse_homogeneous","genetic_value_reconstruction_correlation","low_rank_full_minus_block_csr","low_rank_full minus block_csr",1
4,0.914240381862382,0.913689395013155,TRUE,0.00055098684922672,"sparse_homogeneous","genetic_value_reconstruction_correlation","low_rank_0999_minus_low_rank_full","low_rank_0999 minus low_rank_full",3
4,0.914561374670276,0.929492008122839,TRUE,-0.0149306334525626,"sparse_homogeneous","genetic_value_correlation","full_csr_minus_bed","full_csr minus bed",4
4,0.91482418621218,0.911878726035713,TRUE,0.00294546017646691,"sparse_homogeneous","genetic_value_correlation","low_rank_0995_minus_low_rank_full","low_rank_0995 minus low_rank_full",3
4,0.91482418621218,0.912312956937549,TRUE,0.00251122927463021,"sparse_homogeneous","genetic_value_correlation","low_rank_0995_minus_low_rank_0999","low_rank_0995 minus low_rank_0999",3
4,0.91482418621218,0.914561374670276,TRUE,0.000262811541903107,"sparse_homogeneous","genetic_value_correlation","low_rank_0995_minus_full_csr","low_rank_0995 minus full_csr",4
4,0.914966455791432,0.916589273069472,TRUE,-0.00162281727804037,"sparse_homogeneous","genetic_value_reconstruction_correlation","block_csr_minus_full_csr","block_csr minus full_csr",2
4,0.916589273069472,0.929047338917929,TRUE,-0.0124580658484569,"sparse_homogeneous","genetic_value_reconstruction_correlation","full_csr_minus_bed","full_csr minus bed",4
4,0.916832227834997,0.913689395013155,TRUE,0.00314283282184158,"sparse_homogeneous","genetic_value_reconstruction_correlation","low_rank_0995_minus_low_rank_full","low_rank_0995 minus low_rank_full",3
4,0.916832227834997,0.914240381862382,TRUE,0.00259184597261486,"sparse_homogeneous","genetic_value_reconstruction_correlation","low_rank_0995_minus_low_rank_0999","low_rank_0995 minus low_rank_0999",3
4,0.916832227834997,0.916589273069472,TRUE,0.000242954765524939,"sparse_homogeneous","genetic_value_reconstruction_correlation","low_rank_0995_minus_full_csr","low_rank_0995 minus full_csr",4
4,0.925386803302938,0.926348536544297,TRUE,-0.000961733241359286,"sparse_homogeneous","causal_marker_effect_correlation","low_rank_full_minus_block_csr","low_rank_full minus block_csr",1
4,0.925997677503234,0.925386803302938,TRUE,0.000610874200296152,"sparse_homogeneous","causal_marker_effect_correlation","low_rank_0999_minus_low_rank_full","low_rank_0999 minus low_rank_full",3
4,0.926348536544297,0.926643859066417,TRUE,-0.000295322522120056,"sparse_homogeneous","causal_marker_effect_correlation","block_csr_minus_full_csr","block_csr minus full_csr",2
4,0.926617607463229,0.925386803302938,TRUE,0.00123080416029153,"sparse_homogeneous","causal_marker_effect_correlation","low_rank_0995_minus_low_rank_full","low_rank_0995 minus low_rank_full",3
4,0.926617607463229,0.925997677503234,TRUE,0.00061992995999538,"sparse_homogeneous","causal_marker_effect_correlation","low_rank_0995_minus_low_rank_0999","low_rank_0995 minus low_rank_0999",3
4,0.926617607463229,0.926643859066417,TRUE,-2.62516031878102e-05,"sparse_homogeneous","causal_marker_effect_correlation","low_rank_0995_minus_full_csr","low_rank_0995 minus full_csr",4
4,0.926643859066417,0.928276873550522,TRUE,-0.00163301448410513,"sparse_homogeneous","causal_marker_effect_correlation","full_csr_minus_bed","full_csr minus bed",4
4,0.95197946949364,0.952529359510084,TRUE,-0.000549890016443899,"sparse_mixture","causal_marker_effect_correlation","low_rank_0999_minus_low_rank_full","low_rank_0999 minus low_rank_full",3
4,0.952443492468599,0.953014478683861,TRUE,-0.000570986215261526,"sparse_mixture","causal_marker_effect_correlation","block_csr_minus_full_csr","block_csr minus full_csr",2
4,0.952529359510084,0.952443492468599,TRUE,8.58670414843887e-05,"sparse_mixture","causal_marker_effect_correlation","low_rank_full_minus_block_csr","low_rank_full minus block_csr",1
4,0.952861417499173,0.95197946949364,TRUE,0.000881948005533761,"sparse_mixture","causal_marker_effect_correlation","low_rank_0995_minus_low_rank_0999","low_rank_0995 minus low_rank_0999",3
4,0.952861417499173,0.952529359510084,TRUE,0.000332057989089862,"sparse_mixture","causal_marker_effect_correlation","low_rank_0995_minus_low_rank_full","low_rank_0995 minus low_rank_full",3
4,0.952861417499173,0.953014478683861,TRUE,-0.000153061184687275,"sparse_mixture","causal_marker_effect_correlation","low_rank_0995_minus_full_csr","low_rank_0995 minus full_csr",4
4,0.953014478683861,0.948861881141937,TRUE,0.00415259754192354,"sparse_mixture","causal_marker_effect_correlation","full_csr_minus_bed","full_csr minus bed",4
4,0.992670421704783,0.994410140891266,TRUE,-0.0017397191864833,"sparse_homogeneous","prediction_regression_slope","low_rank_full_minus_block_csr","low_rank_full minus block_csr",1
4,0.993003277203887,0.992670421704783,TRUE,0.000332855499104334,"sparse_homogeneous","prediction_regression_slope","low_rank_0995_minus_low_rank_full","low_rank_0995 minus low_rank_full",3
4,0.993003277203887,0.993601416333969,TRUE,-0.000598139130081887,"sparse_homogeneous","prediction_regression_slope","low_rank_0995_minus_low_rank_0999","low_rank_0995 minus low_rank_0999",3
4,0.993003277203887,0.995607508035942,TRUE,-0.00260423083205541,"sparse_homogeneous","prediction_regression_slope","low_rank_0995_minus_full_csr","low_rank_0995 minus full_csr",4
4,0.993601416333969,0.992670421704783,TRUE,0.000930994629186221,"sparse_homogeneous","prediction_regression_slope","low_rank_0999_minus_low_rank_full","low_rank_0999 minus low_rank_full",3
4,0.994410140891266,0.995607508035942,TRUE,-0.00119736714467644,"sparse_homogeneous","prediction_regression_slope","block_csr_minus_full_csr","block_csr minus full_csr",2
4,0.995607508035942,0.992914271844957,TRUE,0.00269323619098583,"sparse_homogeneous","prediction_regression_slope","full_csr_minus_bed","full_csr minus bed",4
4,1.01279936518474,1.13672586252616,TRUE,-0.123926497341418,"sparse_mixture","prediction_regression_slope","full_csr_minus_bed","full_csr minus bed",4
4,1.01427591938117,1.01579439888342,TRUE,-0.00151847950225181,"sparse_mixture","prediction_regression_slope","low_rank_0999_minus_low_rank_full","low_rank_0999 minus low_rank_full",3
4,1.01579439888342,1.01613297350156,TRUE,-0.000338574618132359,"sparse_mixture","prediction_regression_slope","low_rank_full_minus_block_csr","low_rank_full minus block_csr",1
4,1.01613297350156,1.01279936518474,TRUE,0.00333360831681317,"sparse_mixture","prediction_regression_slope","block_csr_minus_full_csr","block_csr minus full_csr",2
4,1.02267331827968,1.01279936518474,TRUE,0.00987395309493877,"sparse_mixture","prediction_regression_slope","low_rank_0995_minus_full_csr","low_rank_0995 minus full_csr",4
4,1.02267331827968,1.01427591938117,TRUE,0.00839739889850977,"sparse_mixture","prediction_regression_slope","low_rank_0995_minus_low_rank_0999","low_rank_0995 minus low_rank_0999",3
4,1.02267331827968,1.01579439888342,TRUE,0.00687891939625795,"sparse_mixture","prediction_regression_slope","low_rank_0995_minus_low_rank_full","low_rank_0995 minus low_rank_full",3
4,1.04856930218938,1.04891711142398,TRUE,-0.000347809234607199,"sparse_mixture","phenotype_prediction_rmse","low_rank_0995_minus_full_csr","low_rank_0995 minus full_csr",4
4,1.04856930218938,1.04921054110402,TRUE,-0.000641238914640851,"sparse_mixture","phenotype_prediction_rmse","low_rank_0995_minus_low_rank_full","low_rank_0995 minus low_rank_full",3
4,1.04856930218938,1.04927047888377,TRUE,-0.00070117669439651,"sparse_mixture","phenotype_prediction_rmse","low_rank_0995_minus_low_rank_0999","low_rank_0995 minus low_rank_0999",3
4,1.04891711142398,1.03858874550469,TRUE,0.0103283659192968,"sparse_mixture","phenotype_prediction_rmse","full_csr_minus_bed","full_csr minus bed",4
4,1.0491911881511,1.04891711142398,TRUE,0.000274076727111439,"sparse_mixture","phenotype_prediction_rmse","block_csr_minus_full_csr","block_csr minus full_csr",2
4,1.04921054110402,1.0491911881511,TRUE,1.93529529222136e-05,"sparse_mixture","phenotype_prediction_rmse","low_rank_full_minus_block_csr","low_rank_full minus block_csr",1
4,1.04927047888377,1.04921054110402,TRUE,5.99377797556588e-05,"sparse_mixture","phenotype_prediction_rmse","low_rank_0999_minus_low_rank_full","low_rank_0999 minus low_rank_full",3
4,1.05814546465126,1.05439153717956,TRUE,0.0037539274716929,"sparse_homogeneous","phenotype_prediction_rmse","full_csr_minus_bed","full_csr minus bed",4
4,1.05828978158011,1.05814546465126,TRUE,0.000144316928857302,"sparse_homogeneous","phenotype_prediction_rmse","low_rank_0995_minus_full_csr","low_rank_0995 minus full_csr",4
4,1.05828978158011,1.0587679027953,TRUE,-0.000478121215181426,"sparse_homogeneous","phenotype_prediction_rmse","low_rank_0995_minus_low_rank_0999","low_rank_0995 minus low_rank_0999",3
4,1.05828978158011,1.05949196760659,TRUE,-0.0012021860264757,"sparse_homogeneous","phenotype_prediction_rmse","low_rank_0995_minus_low_rank_full","low_rank_0995 minus low_rank_full",3
4,1.05870274431277,1.05814546465126,TRUE,0.000557279661516752,"sparse_homogeneous","phenotype_prediction_rmse","block_csr_minus_full_csr","block_csr minus full_csr",2
4,1.0587679027953,1.05949196760659,TRUE,-0.000724064811294278,"sparse_homogeneous","phenotype_prediction_rmse","low_rank_0999_minus_low_rank_full","low_rank_0999 minus low_rank_full",3
4,1.05949196760659,1.05870274431277,TRUE,0.000789223293816255,"sparse_homogeneous","phenotype_prediction_rmse","low_rank_full_minus_block_csr","low_rank_full minus block_csr",1
4,15,17,TRUE,-2,"sparse_mixture","high_pip_marker_count","low_rank_0995_minus_full_csr","low_rank_0995 minus full_csr",4
4,15,17,TRUE,-2,"sparse_mixture","high_pip_marker_count","low_rank_0995_minus_low_rank_full","low_rank_0995 minus low_rank_full",3
4,15,18,TRUE,-3,"sparse_mixture","high_pip_marker_count","low_rank_0995_minus_low_rank_0999","low_rank_0995 minus low_rank_0999",3
4,17,9,TRUE,8,"sparse_mixture","high_pip_marker_count","full_csr_minus_bed","full_csr minus bed",4
4,17,17,TRUE,0,"sparse_mixture","high_pip_marker_count","block_csr_minus_full_csr","block_csr minus full_csr",2
4,17,17,TRUE,0,"sparse_mixture","high_pip_marker_count","low_rank_full_minus_block_csr","low_rank_full minus block_csr",1
4,18,17,TRUE,1,"sparse_mixture","high_pip_marker_count","low_rank_0999_minus_low_rank_full","low_rank_0999 minus low_rank_full",3
4,19,18,TRUE,1,"sparse_homogeneous","high_pip_marker_count","full_csr_minus_bed","full_csr minus bed",4
4,20,19,TRUE,1,"sparse_homogeneous","high_pip_marker_count","block_csr_minus_full_csr","block_csr minus full_csr",2
4,20,19,TRUE,1,"sparse_homogeneous","high_pip_marker_count","low_rank_0995_minus_full_csr","low_rank_0995 minus full_csr",4
4,20,20,TRUE,0,"sparse_homogeneous","high_pip_marker_count","low_rank_0995_minus_low_rank_0999","low_rank_0995 minus low_rank_0999",3
4,20,20,TRUE,0,"sparse_homogeneous","high_pip_marker_count","low_rank_0995_minus_low_rank_full","low_rank_0995 minus low_rank_full",3
4,20,20,TRUE,0,"sparse_homogeneous","high_pip_marker_count","low_rank_0999_minus_low_rank_full","low_rank_0999 minus low_rank_full",3
4,20,20,TRUE,0,"sparse_homogeneous","high_pip_marker_count","low_rank_full_minus_block_csr","low_rank_full minus block_csr",1
4,43.647,21.872,TRUE,21.775,"sparse_homogeneous","total_pip_mass","full_csr_minus_bed","full_csr minus bed",4
4,44.111,44.428,TRUE,-0.317,"sparse_homogeneous","total_pip_mass","low_rank_0999_minus_low_rank_full","low_rank_0999 minus low_rank_full",3
4,44.26,43.647,TRUE,0.613,"sparse_homogeneous","total_pip_mass","low_rank_0995_minus_full_csr","low_rank_0995 minus full_csr",4
4,44.26,44.111,TRUE,0.149000000000001,"sparse_homogeneous","total_pip_mass","low_rank_0995_minus_low_rank_0999","low_rank_0995 minus low_rank_0999",3
4,44.26,44.428,TRUE,-0.167999999999999,"sparse_homogeneous","total_pip_mass","low_rank_0995_minus_low_rank_full","low_rank_0995 minus low_rank_full",3
4,44.428,44.464,TRUE,-0.0360000000000014,"sparse_homogeneous","total_pip_mass","low_rank_full_minus_block_csr","low_rank_full minus block_csr",1
4,44.464,43.647,TRUE,0.817,"sparse_homogeneous","total_pip_mass","block_csr_minus_full_csr","block_csr minus full_csr",2
4,182.3568,182.3568,TRUE,0,"sparse_mixture","top_marker_causal_enrichment","block_csr_minus_full_csr","block_csr minus full_csr",2
4,182.3568,182.3568,TRUE,0,"sparse_mixture","top_marker_causal_enrichment","full_csr_minus_bed","full_csr minus bed",4
4,182.3568,182.3568,TRUE,0,"sparse_mixture","top_marker_causal_enrichment","low_rank_0995_minus_full_csr","low_rank_0995 minus full_csr",4
4,182.3568,182.3568,TRUE,0,"sparse_mixture","top_marker_causal_enrichment","low_rank_0995_minus_low_rank_0999","low_rank_0995 minus low_rank_0999",3
4,182.3568,182.3568,TRUE,0,"sparse_mixture","top_marker_causal_enrichment","low_rank_0995_minus_low_rank_full","low_rank_0995 minus low_rank_full",3
4,182.3568,182.3568,TRUE,0,"sparse_mixture","top_marker_causal_enrichment","low_rank_0999_minus_low_rank_full","low_rank_0999 minus low_rank_full",3
4,182.3568,182.3568,TRUE,0,"sparse_mixture","top_marker_causal_enrichment","low_rank_full_minus_block_csr","low_rank_full minus block_csr",1
4,349.5172,349.5172,TRUE,0,"sparse_homogeneous","top_marker_causal_enrichment","low_rank_0995_minus_low_rank_0999","low_rank_0995 minus low_rank_0999",3
4,349.5172,364.7136,TRUE,-15.1964,"sparse_homogeneous","top_marker_causal_enrichment","low_rank_0995_minus_low_rank_full","low_rank_0995 minus low_rank_full",3
4,349.5172,364.7136,TRUE,-15.1964,"sparse_homogeneous","top_marker_causal_enrichment","low_rank_0999_minus_low_rank_full","low_rank_0999 minus low_rank_full",3
4,349.5172,379.91,TRUE,-30.3928,"sparse_homogeneous","top_marker_causal_enrichment","low_rank_0995_minus_full_csr","low_rank_0995 minus full_csr",4
4,354.98075,355.61075,TRUE,-0.630000000000052,"sparse_mixture","total_pip_mass","low_rank_0995_minus_low_rank_0999","low_rank_0995 minus low_rank_0999",3
4,354.98075,355.674,TRUE,-0.693250000000035,"sparse_mixture","total_pip_mass","low_rank_0995_minus_low_rank_full","low_rank_0995 minus low_rank_full",3
4,354.98075,356.757374999999,TRUE,-1.776624999999,"sparse_mixture","total_pip_mass","low_rank_0995_minus_full_csr","low_rank_0995 minus full_csr",4
4,355.61075,355.674,TRUE,-0.0632499999999823,"sparse_mixture","total_pip_mass","low_rank_0999_minus_low_rank_full","low_rank_0999 minus low_rank_full",3
4,355.6715,356.757374999999,TRUE,-1.08587499999896,"sparse_mixture","total_pip_mass","block_csr_minus_full_csr","block_csr minus full_csr",2
4,355.674,355.6715,TRUE,0.00249999999999773,"sparse_mixture","total_pip_mass","low_rank_full_minus_block_csr","low_rank_full minus block_csr",1
4,356.757374999999,309.99375,TRUE,46.763624999999,"sparse_mixture","total_pip_mass","full_csr_minus_bed","full_csr minus bed",4
4,364.7136,364.7136,TRUE,0,"sparse_homogeneous","top_marker_causal_enrichment","low_rank_full_minus_block_csr","low_rank_full minus block_csr",1
4,364.7136,379.91,TRUE,-15.1964,"sparse_homogeneous","top_marker_causal_enrichment","block_csr_minus_full_csr","block_csr minus full_csr",2
4,379.91,455.892,TRUE,-75.982,"sparse_homogeneous","top_marker_causal_enrichment","full_csr_minus_bed","full_csr minus bed",4
5,0.000412942862078107,0.000448016491497402,TRUE,-3.50736294192949e-05,"sparse_homogeneous","noncausal_marker_rmse","low_rank_0995_minus_full_csr","low_rank_0995 minus full_csr",4
5,0.000412942862078107,0.00045975863128842,TRUE,-4.68157692103124e-05,"sparse_homogeneous","noncausal_marker_rmse","low_rank_0995_minus_low_rank_0999","low_rank_0995 minus low_rank_0999",3
5,0.000412942862078107,0.000460847131728303,TRUE,-4.79042696501955e-05,"sparse_homogeneous","noncausal_marker_rmse","low_rank_0995_minus_low_rank_full","low_rank_0995 minus low_rank_full",3
5,0.000448016491497402,4.20987269015553e-05,TRUE,0.000405917764595847,"sparse_homogeneous","noncausal_marker_rmse","full_csr_minus_bed","full_csr minus bed",4
5,0.000458966975504121,0.000448016491497402,TRUE,1.09504840067191e-05,"sparse_homogeneous","noncausal_marker_rmse","block_csr_minus_full_csr","block_csr minus full_csr",2
5,0.00045975863128842,0.000460847131728303,TRUE,-1.08850043988311e-06,"sparse_homogeneous","noncausal_marker_rmse","low_rank_0999_minus_low_rank_full","low_rank_0999 minus low_rank_full",3
5,0.000460847131728303,0.000458966975504121,TRUE,1.88015622418149e-06,"sparse_homogeneous","noncausal_marker_rmse","low_rank_full_minus_block_csr","low_rank_full minus block_csr",1
5,0.000654463509132601,0.000656703829630215,TRUE,-2.2403204976147e-06,"sparse_homogeneous","pip_null_mean","low_rank_0995_minus_low_rank_full","low_rank_0995 minus low_rank_full",3
5,0.000654463509132601,0.000658733296433937,TRUE,-4.26978730133632e-06,"sparse_homogeneous","pip_null_mean","low_rank_0995_minus_full_csr","low_rank_0995 minus full_csr",4
5,0.000654463509132601,0.000660472839408555,TRUE,-6.00933027595477e-06,"sparse_homogeneous","pip_null_mean","low_rank_0995_minus_low_rank_0999","low_rank_0995 minus low_rank_0999",3
5,0.000656703829630215,0.000657520887694051,TRUE,-8.17058063835928e-07,"sparse_homogeneous","pip_null_mean","low_rank_full_minus_block_csr","low_rank_full minus block_csr",1
5,0.000657520887694051,0.000658733296433937,TRUE,-1.21240873988569e-06,"sparse_homogeneous","pip_null_mean","block_csr_minus_full_csr","block_csr minus full_csr",2
5,0.000658733296433937,9.44624548641311e-05,TRUE,0.000564270841569806,"sparse_homogeneous","pip_null_mean","full_csr_minus_bed","full_csr minus bed",4
5,0.000660472839408555,0.000656703829630215,TRUE,3.76900977834007e-06,"sparse_homogeneous","pip_null_mean","low_rank_0999_minus_low_rank_full","low_rank_0999 minus low_rank_full",3
5,0.000845501530596516,0.000882573256827079,TRUE,-3.70717262305628e-05,"sparse_mixture","noncausal_marker_rmse","low_rank_0995_minus_low_rank_0999","low_rank_0995 minus low_rank_0999",3
5,0.000845501530596516,0.000883992682302485,TRUE,-3.84911517059686e-05,"sparse_mixture","noncausal_marker_rmse","low_rank_0995_minus_low_rank_full","low_rank_0995 minus low_rank_full",3
5,0.000845501530596516,0.000926053591453733,TRUE,-8.05520608572166e-05,"sparse_mixture","noncausal_marker_rmse","low_rank_0995_minus_full_csr","low_rank_0995 minus full_csr",4
5,0.000880887038830863,0.000926053591453733,TRUE,-4.51665526228694e-05,"sparse_mixture","noncausal_marker_rmse","block_csr_minus_full_csr","block_csr minus full_csr",2
5,0.000882573256827079,0.000883992682302485,TRUE,-1.41942547540578e-06,"sparse_mixture","noncausal_marker_rmse","low_rank_0999_minus_low_rank_full","low_rank_0999 minus low_rank_full",3
5,0.000883992682302485,0.000880887038830863,TRUE,3.10564347162136e-06,"sparse_mixture","noncausal_marker_rmse","low_rank_full_minus_block_csr","low_rank_full minus block_csr",1
5,0.000926053591453733,0.000222406209222952,TRUE,0.00070364738223078,"sparse_mixture","noncausal_marker_rmse","full_csr_minus_bed","full_csr minus bed",4
5,0.00110110832868683,0.00110766440026959,TRUE,-6.55607158276555e-06,"sparse_homogeneous","marker_effect_rmse","low_rank_0995_minus_full_csr","low_rank_0995 minus full_csr",4
5,0.00110110832868683,0.00111817657945941,TRUE,-1.70682507725827e-05,"sparse_homogeneous","marker_effect_rmse","low_rank_0995_minus_low_rank_0999","low_rank_0995 minus low_rank_0999",3
5,0.00110110832868683,0.00111855576878866,TRUE,-1.74474401018294e-05,"sparse_homogeneous","marker_effect_rmse","low_rank_0995_minus_low_rank_full","low_rank_0995 minus low_rank_full",3
5,0.00110766440026959,0.00106305277039684,TRUE,4.46116298727494e-05,"sparse_homogeneous","marker_effect_rmse","full_csr_minus_bed","full_csr minus bed",4
5,0.00111537707208716,0.00110766440026959,TRUE,7.71267181756794e-06,"sparse_homogeneous","marker_effect_rmse","block_csr_minus_full_csr","block_csr minus full_csr",2
5,0.00111817657945941,0.00111855576878866,TRUE,-3.79189329246729e-07,"sparse_homogeneous","marker_effect_rmse","low_rank_0999_minus_low_rank_full","low_rank_0999 minus low_rank_full",3
5,0.00111855576878866,0.00111537707208716,TRUE,3.17869670149592e-06,"sparse_homogeneous","marker_effect_rmse","low_rank_full_minus_block_csr","low_rank_full minus block_csr",1
5,0.00125411281619331,0.00125579742570609,TRUE,-1.68460951277928e-06,"sparse_homogeneous","nonnull_probability_mean","low_rank_0995_minus_low_rank_full","low_rank_0995 minus low_rank_full",3
5,0.00125411281619331,0.00125648179832065,TRUE,-2.3689821273458e-06,"sparse_homogeneous","nonnull_probability_mean","low_rank_0995_minus_full_csr","low_rank_0995 minus full_csr",4
5,0.00125411281619331,0.00126216735542629,TRUE,-8.05453923297616e-06,"sparse_homogeneous","nonnull_probability_mean","low_rank_0995_minus_low_rank_0999","low_rank_0995 minus low_rank_0999",3
5,0.00125579742570609,0.0012597720512753,TRUE,-3.97462556921374e-06,"sparse_homogeneous","nonnull_probability_mean","low_rank_full_minus_block_csr","low_rank_full minus block_csr",1
5,0.00125648179832065,0.000660445895080414,TRUE,0.000596035903240241,"sparse_homogeneous","nonnull_probability_mean","full_csr_minus_bed","full_csr minus bed",4
5,0.0012597720512753,0.00125648179832065,TRUE,3.29025295464722e-06,"sparse_homogeneous","nonnull_probability_mean","block_csr_minus_full_csr","block_csr minus full_csr",2
5,0.00126216735542629,0.00125579742570609,TRUE,6.36992972019687e-06,"sparse_homogeneous","nonnull_probability_mean","low_rank_0999_minus_low_rank_full","low_rank_0999 minus low_rank_full",3
5,0.00134269883534117,0.00136425942672148,TRUE,-2.15605913803125e-05,"sparse_mixture","marker_effect_rmse","low_rank_0995_minus_low_rank_0999","low_rank_0995 minus low_rank_0999",3
5,0.00134269883534117,0.00136792679785437,TRUE,-2.52279625131964e-05,"sparse_mixture","marker_effect_rmse","low_rank_0995_minus_low_rank_full","low_rank_0995 minus low_rank_full",3
5,0.00134269883534117,0.00139534524963312,TRUE,-5.26464142919514e-05,"sparse_mixture","marker_effect_rmse","low_rank_0995_minus_full_csr","low_rank_0995 minus full_csr",4
5,0.00136384264533363,0.00139534524963312,TRUE,-3.15026042994873e-05,"sparse_mixture","marker_effect_rmse","block_csr_minus_full_csr","block_csr minus full_csr",2
5,0.00136425942672148,0.00136792679785437,TRUE,-3.66737113288392e-06,"sparse_mixture","marker_effect_rmse","low_rank_0999_minus_low_rank_full","low_rank_0999 minus low_rank_full",3
5,0.00136792679785437,0.00136384264533363,TRUE,4.08415252073227e-06,"sparse_mixture","marker_effect_rmse","low_rank_full_minus_block_csr","low_rank_full minus block_csr",1
5,0.00139534524963312,0.00109724896676583,TRUE,0.000298096282867292,"sparse_mixture","marker_effect_rmse","full_csr_minus_bed","full_csr minus bed",4
5,0.00908152789857938,0.00912319785983499,TRUE,-4.16699612556075e-05,"sparse_mixture","pip_null_mean","block_csr_minus_full_csr","block_csr minus full_csr",2
5,0.00908523101657838,0.0090883015734957,TRUE,-3.07055691731867e-06,"sparse_mixture","pip_null_mean","low_rank_0995_minus_low_rank_full","low_rank_0995 minus low_rank_full",3
5,0.00908523101657838,0.00910171713976965,TRUE,-1.64861231912693e-05,"sparse_mixture","pip_null_mean","low_rank_0995_minus_low_rank_0999","low_rank_0995 minus low_rank_0999",3
5,0.00908523101657838,0.00912319785983499,TRUE,-3.79668432566073e-05,"sparse_mixture","pip_null_mean","low_rank_0995_minus_full_csr","low_rank_0995 minus full_csr",4
5,0.0090883015734957,0.00908152789857938,TRUE,6.77367491631886e-06,"sparse_mixture","pip_null_mean","low_rank_full_minus_block_csr","low_rank_full minus block_csr",1
5,0.00910171713976965,0.0090883015734957,TRUE,1.34155662739506e-05,"sparse_mixture","pip_null_mean","low_rank_0999_minus_low_rank_full","low_rank_0999 minus low_rank_full",3
5,0.00912319785983499,0.00798266387285523,TRUE,0.00114053398697976,"sparse_mixture","pip_null_mean","full_csr_minus_bed","full_csr minus bed",4
5,0.00937812903055988,0.00938569661235557,TRUE,-7.56758179568974e-06,"sparse_mixture","nonnull_probability_mean","low_rank_0995_minus_low_rank_full","low_rank_0995 minus low_rank_full",3
5,0.00937812903055988,0.00939898265378643,TRUE,-2.08536232265549e-05,"sparse_mixture","nonnull_probability_mean","low_rank_0995_minus_low_rank_0999","low_rank_0995 minus low_rank_0999",3
5,0.00937812903055988,0.00942132676160141,TRUE,-4.31977310415364e-05,"sparse_mixture","nonnull_probability_mean","low_rank_0995_minus_full_csr","low_rank_0995 minus full_csr",4
5,0.00937945171224764,0.00942132676160141,TRUE,-4.18750493537678e-05,"sparse_mixture","nonnull_probability_mean","block_csr_minus_full_csr","block_csr minus full_csr",2
5,0.00938569661235557,0.00937945171224764,TRUE,6.24490010792123e-06,"sparse_mixture","nonnull_probability_mean","low_rank_full_minus_block_csr","low_rank_full minus block_csr",1
5,0.00939898265378643,0.00938569661235557,TRUE,1.32860414308652e-05,"sparse_mixture","nonnull_probability_mean","low_rank_0999_minus_low_rank_full","low_rank_0999 minus low_rank_full",3
5,0.00942132676160141,0.00824813113632177,TRUE,0.00117319562527964,"sparse_mixture","nonnull_probability_mean","full_csr_minus_bed","full_csr minus bed",4
5,0.214669836841342,0.215796348807405,TRUE,-0.00112651196606295,"sparse_homogeneous","genetic_value_rmse","low_rank_0995_minus_full_csr","low_rank_0995 minus full_csr",4
5,0.214669836841342,0.217910276434683,TRUE,-0.00324043959334172,"sparse_homogeneous","genetic_value_rmse","low_rank_0995_minus_low_rank_0999","low_rank_0995 minus low_rank_0999",3
5,0.214669836841342,0.217949846293085,TRUE,-0.00328000945174334,"sparse_homogeneous","genetic_value_rmse","low_rank_0995_minus_low_rank_full","low_rank_0995 minus low_rank_full",3
5,0.215796348807405,0.209110962982895,TRUE,0.00668538582451003,"sparse_homogeneous","genetic_value_rmse","full_csr_minus_bed","full_csr minus bed",4
5,0.217654028570439,0.215796348807405,TRUE,0.001857679763034,"sparse_homogeneous","genetic_value_rmse","block_csr_minus_full_csr","block_csr minus full_csr",2
5,0.217910276434683,0.217949846293085,TRUE,-3.95698584016169e-05,"sparse_homogeneous","genetic_value_rmse","low_rank_0999_minus_low_rank_full","low_rank_0999 minus low_rank_full",3
5,0.217949846293085,0.217654028570439,TRUE,0.000295817722646391,"sparse_homogeneous","genetic_value_rmse","low_rank_full_minus_block_csr","low_rank_full minus block_csr",1
5,0.231635,0.23497,TRUE,-0.003335,"sparse_mixture","pip_causal_mean","low_rank_0995_minus_low_rank_0999","low_rank_0995 minus low_rank_0999",3
5,0.231635,0.235055,TRUE,-0.00342000000000001,"sparse_mixture","pip_causal_mean","low_rank_0995_minus_low_rank_full","low_rank_0995 minus low_rank_full",3
5,0.231635,0.2356475,TRUE,-0.00401249999999997,"sparse_mixture","pip_causal_mean","low_rank_0995_minus_full_csr","low_rank_0995 minus full_csr",4
5,0.23497,0.235055,TRUE,-8.50000000000017e-05,"sparse_mixture","pip_causal_mean","low_rank_0999_minus_low_rank_full","low_rank_0999 minus low_rank_full",3
5,0.235055,0.23545,TRUE,-0.000395000000000006,"sparse_mixture","pip_causal_mean","low_rank_full_minus_block_csr","low_rank_full minus block_csr",1
5,0.23545,0.2356475,TRUE,-0.000197499999999962,"sparse_mixture","pip_causal_mean","block_csr_minus_full_csr","block_csr minus full_csr",2
5,0.2356475,0.20969,TRUE,0.0259575,"sparse_mixture","pip_causal_mean","full_csr_minus_bed","full_csr minus bed",4
5,0.248385371777625,0.310669504295615,TRUE,-0.0622841325179901,"sparse_mixture","pip_auprc","full_csr_minus_bed","full_csr minus bed",4
5,0.249966052401948,0.248385371777625,TRUE,0.00158068062432309,"sparse_mixture","pip_auprc","low_rank_0995_minus_full_csr","low_rank_0995 minus full_csr",4
5,0.249966052401948,0.25027881664517,TRUE,-0.000312764243221908,"sparse_mixture","pip_auprc","low_rank_0995_minus_low_rank_full","low_rank_0995 minus low_rank_full",3
5,0.249966052401948,0.250806363990804,TRUE,-0.000840311588855724,"sparse_mixture","pip_auprc","low_rank_0995_minus_low_rank_0999","low_rank_0995 minus low_rank_0999",3
5,0.25027881664517,0.250574558082747,TRUE,-0.00029574143757638,"sparse_mixture","pip_auprc","low_rank_full_minus_block_csr","low_rank_full minus block_csr",1
5,0.250574558082747,0.248385371777625,TRUE,0.00218918630512138,"sparse_mixture","pip_auprc","block_csr_minus_full_csr","block_csr minus full_csr",2
5,0.250806363990804,0.25027881664517,TRUE,0.000527547345633816,"sparse_mixture","pip_auprc","low_rank_0999_minus_low_rank_full","low_rank_0999 minus low_rank_full",3
5,0.262409860026384,0.266989479389253,TRUE,-0.00457961936286838,"sparse_mixture","genetic_value_rmse","low_rank_0995_minus_low_rank_0999","low_rank_0995 minus low_rank_0999",3
5,0.262409860026384,0.267917693442337,TRUE,-0.00550783341595307,"sparse_mixture","genetic_value_rmse","low_rank_0995_minus_low_rank_full","low_rank_0995 minus low_rank_full",3
5,0.262409860026384,0.272540446368391,TRUE,-0.010130586342007,"sparse_mixture","genetic_value_rmse","low_rank_0995_minus_full_csr","low_rank_0995 minus full_csr",4
5,0.266989479389253,0.267917693442337,TRUE,-0.000928214053084686,"sparse_mixture","genetic_value_rmse","low_rank_0999_minus_low_rank_full","low_rank_0999 minus low_rank_full",3
5,0.267070546060395,0.272540446368391,TRUE,-0.00546990030799666,"sparse_mixture","genetic_value_rmse","block_csr_minus_full_csr","block_csr minus full_csr",2
5,0.267917693442337,0.267070546060395,TRUE,0.000847147381942748,"sparse_mixture","genetic_value_rmse","low_rank_full_minus_block_csr","low_rank_full minus block_csr",1
5,0.272540446368391,0.21506646515318,TRUE,0.0574739812152117,"sparse_mixture","genetic_value_rmse","full_csr_minus_bed","full_csr minus bed",4
5,0.45484,0.43014,TRUE,0.0247,"sparse_homogeneous","pip_causal_mean","full_csr_minus_bed","full_csr minus bed",4
5,0.45586,0.45826,TRUE,-0.00240000000000001,"sparse_homogeneous","pip_causal_mean","low_rank_full_minus_block_csr","low_rank_full minus block_csr",1
5,0.45628,0.45484,TRUE,0.00144,"sparse_homogeneous","pip_causal_mean","low_rank_0995_minus_full_csr","low_rank_0995 minus full_csr",4
5,0.45628,0.45586,TRUE,0.000420000000000031,"sparse_homogeneous","pip_causal_mean","low_rank_0995_minus_low_rank_full","low_rank_0995 minus low_rank_full",3
5,0.45628,0.45784,TRUE,-0.00155999999999995,"sparse_homogeneous","pip_causal_mean","low_rank_0995_minus_low_rank_0999","low_rank_0995 minus low_rank_0999",3
5,0.45784,0.45586,TRUE,0.00197999999999998,"sparse_homogeneous","pip_causal_mean","low_rank_0999_minus_low_rank_full","low_rank_0999 minus low_rank_full",3
5,0.45826,0.45484,TRUE,0.00341999999999998,"sparse_homogeneous","pip_causal_mean","block_csr_minus_full_csr","block_csr minus full_csr",2
5,0.492901634808291,0.495534622901994,TRUE,-0.00263298809370227,"sparse_homogeneous","pip_auprc","low_rank_0999_minus_low_rank_full","low_rank_0999 minus low_rank_full",3
5,0.494860562469406,0.528606200069854,TRUE,-0.0337456376004472,"sparse_homogeneous","pip_auprc","full_csr_minus_bed","full_csr minus bed",4
5,0.495534622901994,0.498675890097669,TRUE,-0.00314126719567581,"sparse_homogeneous","pip_auprc","low_rank_full_minus_block_csr","low_rank_full minus block_csr",1
5,0.498230970148893,0.492901634808291,TRUE,0.00532933534060187,"sparse_homogeneous","pip_auprc","low_rank_0995_minus_low_rank_0999","low_rank_0995 minus low_rank_0999",3
5,0.498230970148893,0.494860562469406,TRUE,0.00337040767948671,"sparse_homogeneous","pip_auprc","low_rank_0995_minus_full_csr","low_rank_0995 minus full_csr",4
5,0.498230970148893,0.495534622901994,TRUE,0.0026963472468996,"sparse_homogeneous","pip_auprc","low_rank_0995_minus_low_rank_full","low_rank_0995 minus low_rank_full",3
5,0.498675890097669,0.494860562469406,TRUE,0.00381532762826292,"sparse_homogeneous","pip_auprc","block_csr_minus_full_csr","block_csr minus full_csr",2
5,0.5052692730802,0.515731164149249,TRUE,-0.0104618910690488,"sparse_mixture","phenotype_prediction_correlation","full_csr_minus_bed","full_csr minus bed",4
5,0.509502269781737,0.509795745120742,TRUE,-0.000293475339005478,"sparse_mixture","phenotype_prediction_correlation","low_rank_full_minus_block_csr","low_rank_full minus block_csr",1
5,0.509516396223371,0.509502269781737,TRUE,1.41264416342324e-05,"sparse_mixture","phenotype_prediction_correlation","low_rank_0999_minus_low_rank_full","low_rank_0999 minus low_rank_full",3
5,0.509795745120742,0.5052692730802,TRUE,0.00452647204054202,"sparse_mixture","phenotype_prediction_correlation","block_csr_minus_full_csr","block_csr minus full_csr",2
5,0.50995186410976,0.5052692730802,TRUE,0.00468259102956003,"sparse_mixture","phenotype_prediction_correlation","low_rank_0995_minus_full_csr","low_rank_0995 minus full_csr",4
5,0.50995186410976,0.509502269781737,TRUE,0.000449594328023495,"sparse_mixture","phenotype_prediction_correlation","low_rank_0995_minus_low_rank_full","low_rank_0995 minus low_rank_full",3
5,0.50995186410976,0.509516396223371,TRUE,0.000435467886389262,"sparse_mixture","phenotype_prediction_correlation","low_rank_0995_minus_low_rank_0999","low_rank_0995 minus low_rank_0999",3
5,0.513399890150639,0.514384844915549,TRUE,-0.00098495476491034,"sparse_homogeneous","phenotype_prediction_correlation","block_csr_minus_full_csr","block_csr minus full_csr",2
5,0.513587648539848,0.513399890150639,TRUE,0.000187758389209702,"sparse_homogeneous","phenotype_prediction_correlation","low_rank_full_minus_block_csr","low_rank_full minus block_csr",1
5,0.51362633011494,0.513587648539848,TRUE,3.86815750915703e-05,"sparse_homogeneous","phenotype_prediction_correlation","low_rank_0999_minus_low_rank_full","low_rank_0999 minus low_rank_full",3
5,0.514384844915549,0.513579059740378,TRUE,0.000805785175170937,"sparse_homogeneous","phenotype_prediction_correlation","full_csr_minus_bed","full_csr minus bed",4
5,0.514843018689733,0.513587648539848,TRUE,0.00125537014988442,"sparse_homogeneous","phenotype_prediction_correlation","low_rank_0995_minus_low_rank_full","low_rank_0995 minus low_rank_full",3
5,0.514843018689733,0.51362633011494,TRUE,0.00121668857479285,"sparse_homogeneous","phenotype_prediction_correlation","low_rank_0995_minus_low_rank_0999","low_rank_0995 minus low_rank_0999",3
5,0.514843018689733,0.514384844915549,TRUE,0.000458173774183779,"sparse_homogeneous","phenotype_prediction_correlation","low_rank_0995_minus_full_csr","low_rank_0995 minus full_csr",4
5,0.712458554070794,0.719920139163438,TRUE,-0.00746158509264383,"sparse_mixture","pip_auroc","low_rank_0995_minus_full_csr","low_rank_0995 minus full_csr",4
5,0.712458554070794,0.750402466988219,TRUE,-0.0379439129174244,"sparse_mixture","pip_auroc","low_rank_0995_minus_low_rank_full","low_rank_0995 minus low_rank_full",3
5,0.712458554070794,0.7515192008645,TRUE,-0.039060646793706,"sparse_mixture","pip_auroc","low_rank_0995_minus_low_rank_0999","low_rank_0995 minus low_rank_0999",3
5,0.719828944940829,0.719920139163438,TRUE,-9.11942226088369e-05,"sparse_mixture","pip_auroc","block_csr_minus_full_csr","block_csr minus full_csr",2
5,0.719920139163438,0.696776310587491,TRUE,0.0231438285759469,"sparse_mixture","pip_auroc","full_csr_minus_bed","full_csr minus bed",4
5,0.750402466988219,0.719828944940829,TRUE,0.0305735220473894,"sparse_mixture","pip_auroc","low_rank_full_minus_block_csr","low_rank_full minus block_csr",1
5,0.7515192008645,0.750402466988219,TRUE,0.00111673387628164,"sparse_mixture","pip_auroc","low_rank_0999_minus_low_rank_full","low_rank_0999 minus low_rank_full",3
5,0.804013072929021,0.819952030784639,TRUE,-0.0159389578556179,"sparse_homogeneous","pip_auroc","low_rank_full_minus_block_csr","low_rank_full minus block_csr",1
5,0.808315806120029,0.804013072929021,TRUE,0.00430273319100716,"sparse_homogeneous","pip_auroc","low_rank_0999_minus_low_rank_full","low_rank_0999 minus low_rank_full",3
5,0.810864763712079,0.804013072929021,TRUE,0.00685169078305792,"sparse_homogeneous","pip_auroc","low_rank_0995_minus_low_rank_full","low_rank_0995 minus low_rank_full",3
5,0.810864763712079,0.808315806120029,TRUE,0.00254895759205076,"sparse_homogeneous","pip_auroc","low_rank_0995_minus_low_rank_0999","low_rank_0995 minus low_rank_0999",3
5,0.810864763712079,0.82121399014259,TRUE,-0.0103492264305105,"sparse_homogeneous","pip_auroc","low_rank_0995_minus_full_csr","low_rank_0995 minus full_csr",4
5,0.819952030784639,0.82121399014259,TRUE,-0.00126195935795048,"sparse_homogeneous","pip_auroc","block_csr_minus_full_csr","block_csr minus full_csr",2
5,0.82121399014259,0.839362958277325,TRUE,-0.0181489681347355,"sparse_homogeneous","pip_auroc","full_csr_minus_bed","full_csr minus bed",4
5,0.907414920621735,0.951980695114256,TRUE,-0.0445657744925211,"sparse_mixture","genetic_value_reconstruction_correlation","full_csr_minus_bed","full_csr minus bed",4
5,0.910160475344706,0.951894532415606,TRUE,-0.0417340570708997,"sparse_mixture","marker_effect_correlation","full_csr_minus_bed","full_csr minus bed",4
5,0.910744690459358,0.91127104810044,TRUE,-0.00052635764108222,"sparse_mixture","genetic_value_reconstruction_correlation","low_rank_full_minus_block_csr","low_rank_full minus block_csr",1
5,0.911270044383221,0.910744690459358,TRUE,0.000525353923863547,"sparse_mixture","genetic_value_reconstruction_correlation","low_rank_0999_minus_low_rank_full","low_rank_0999 minus low_rank_full",3
5,0.91127104810044,0.907414920621735,TRUE,0.00385612747870512,"sparse_mixture","genetic_value_reconstruction_correlation","block_csr_minus_full_csr","block_csr minus full_csr",2
5,0.912057239901984,0.952764082729417,TRUE,-0.0407068428274334,"sparse_mixture","genetic_value_correlation","full_csr_minus_bed","full_csr minus bed",4
5,0.913649630778993,0.907414920621735,TRUE,0.00623471015725785,"sparse_mixture","genetic_value_reconstruction_correlation","low_rank_0995_minus_full_csr","low_rank_0995 minus full_csr",4
5,0.913649630778993,0.910744690459358,TRUE,0.00290494031963495,"sparse_mixture","genetic_value_reconstruction_correlation","low_rank_0995_minus_low_rank_full","low_rank_0995 minus low_rank_full",3
5,0.913649630778993,0.911270044383221,TRUE,0.0023795863957714,"sparse_mixture","genetic_value_reconstruction_correlation","low_rank_0995_minus_low_rank_0999","low_rank_0995 minus low_rank_0999",3
5,0.91417959351802,0.914709017220447,TRUE,-0.00052942370242659,"sparse_mixture","marker_effect_correlation","low_rank_full_minus_block_csr","low_rank_full minus block_csr",1
5,0.914673760440754,0.91417959351802,TRUE,0.000494166922733963,"sparse_mixture","marker_effect_correlation","low_rank_0999_minus_low_rank_full","low_rank_0999 minus low_rank_full",3
5,0.914709017220447,0.910160475344706,TRUE,0.00454854187574083,"sparse_mixture","marker_effect_correlation","block_csr_minus_full_csr","block_csr minus full_csr",2
5,0.915508267379968,0.916048315532007,TRUE,-0.000540048152039008,"sparse_mixture","genetic_value_correlation","low_rank_full_minus_block_csr","low_rank_full minus block_csr",1
5,0.916048315532007,0.912057239901984,TRUE,0.00399107563002343,"sparse_mixture","genetic_value_correlation","block_csr_minus_full_csr","block_csr minus full_csr",2
5,0.91612100340909,0.915508267379968,TRUE,0.000612736029121375,"sparse_mixture","genetic_value_correlation","low_rank_0999_minus_low_rank_full","low_rank_0999 minus low_rank_full",3
5,0.917772402048664,0.910160475344706,TRUE,0.00761192670395794,"sparse_mixture","marker_effect_correlation","low_rank_0995_minus_full_csr","low_rank_0995 minus full_csr",4
5,0.917772402048664,0.91417959351802,TRUE,0.0035928085306437,"sparse_mixture","marker_effect_correlation","low_rank_0995_minus_low_rank_full","low_rank_0995 minus low_rank_full",3
5,0.917772402048664,0.914673760440754,TRUE,0.00309864160790974,"sparse_mixture","marker_effect_correlation","low_rank_0995_minus_low_rank_0999","low_rank_0995 minus low_rank_0999",3
5,0.919526838400483,0.912057239901984,TRUE,0.00746959849849915,"sparse_mixture","genetic_value_correlation","low_rank_0995_minus_full_csr","low_rank_0995 minus full_csr",4
5,0.919526838400483,0.915508267379968,TRUE,0.00401857102051473,"sparse_mixture","genetic_value_correlation","low_rank_0995_minus_low_rank_full","low_rank_0995 minus low_rank_full",3
5,0.919526838400483,0.91612100340909,TRUE,0.00340583499139335,"sparse_mixture","genetic_value_correlation","low_rank_0995_minus_low_rank_0999","low_rank_0995 minus low_rank_0999",3
5,0.942890874932514,0.942975886368156,TRUE,-8.50114356425458e-05,"sparse_homogeneous","genetic_value_correlation","low_rank_full_minus_block_csr","low_rank_full minus block_csr",1
5,0.942926269053556,0.942890874932514,TRUE,3.53941210421427e-05,"sparse_homogeneous","genetic_value_correlation","low_rank_0999_minus_low_rank_full","low_rank_0999 minus low_rank_full",3
5,0.942975886368156,0.94387240805526,TRUE,-0.000896521687103968,"sparse_homogeneous","genetic_value_correlation","block_csr_minus_full_csr","block_csr minus full_csr",2
5,0.943513092799153,0.943774620640475,TRUE,-0.000261527841322495,"sparse_homogeneous","marker_effect_correlation","low_rank_full_minus_block_csr","low_rank_full minus block_csr",1
5,0.943595967047004,0.943513092799153,TRUE,8.28742478515831e-05,"sparse_homogeneous","marker_effect_correlation","low_rank_0999_minus_low_rank_full","low_rank_0999 minus low_rank_full",3
5,0.943774620640475,0.944420636101383,TRUE,-0.000646015460908256,"sparse_homogeneous","marker_effect_correlation","block_csr_minus_full_csr","block_csr minus full_csr",2
5,0.94387240805526,0.946623159839359,TRUE,-0.00275075178409889,"sparse_homogeneous","genetic_value_correlation","full_csr_minus_bed","full_csr minus bed",4
5,0.944289225391896,0.942890874932514,TRUE,0.00139835045938252,"sparse_homogeneous","genetic_value_correlation","low_rank_0995_minus_low_rank_full","low_rank_0995 minus low_rank_full",3
5,0.944289225391896,0.942926269053556,TRUE,0.00136295633834038,"sparse_homogeneous","genetic_value_correlation","low_rank_0995_minus_low_rank_0999","low_rank_0995 minus low_rank_0999",3
5,0.944289225391896,0.94387240805526,TRUE,0.000416817336636011,"sparse_homogeneous","genetic_value_correlation","low_rank_0995_minus_full_csr","low_rank_0995 minus full_csr",4
5,0.944420636101383,0.948337066977143,TRUE,-0.00391643087575921,"sparse_homogeneous","marker_effect_correlation","full_csr_minus_bed","full_csr minus bed",4
5,0.944980361522725,0.943513092799153,TRUE,0.00146726872357239,"sparse_homogeneous","marker_effect_correlation","low_rank_0995_minus_low_rank_full","low_rank_0995 minus low_rank_full",3
5,0.944980361522725,0.943595967047004,TRUE,0.00138439447572081,"sparse_homogeneous","marker_effect_correlation","low_rank_0995_minus_low_rank_0999","low_rank_0995 minus low_rank_0999",3
5,0.944980361522725,0.944420636101383,TRUE,0.000559725421341639,"sparse_homogeneous","marker_effect_correlation","low_rank_0995_minus_full_csr","low_rank_0995 minus full_csr",4
5,0.945308453672409,0.945617907344623,TRUE,-0.000309453672214244,"sparse_homogeneous","prediction_regression_slope","low_rank_0999_minus_low_rank_full","low_rank_0999 minus low_rank_full",3
5,0.945617907344623,0.946939989710652,TRUE,-0.00132208236602882,"sparse_homogeneous","prediction_regression_slope","low_rank_full_minus_block_csr","low_rank_full minus block_csr",1
5,0.946639511097621,0.946830411255691,TRUE,-0.000190900158069995,"sparse_homogeneous","genetic_value_reconstruction_correlation","low_rank_full_minus_block_csr","low_rank_full minus block_csr",1
5,0.946764448964699,0.946639511097621,TRUE,0.000124937867077457,"sparse_homogeneous","genetic_value_reconstruction_correlation","low_rank_0999_minus_low_rank_full","low_rank_0999 minus low_rank_full",3
5,0.946830411255691,0.947401676842408,TRUE,-0.000571265586717273,"sparse_homogeneous","genetic_value_reconstruction_correlation","block_csr_minus_full_csr","block_csr minus full_csr",2
5,0.946939989710652,0.950749528022,TRUE,-0.00380953831134789,"sparse_homogeneous","prediction_regression_slope","block_csr_minus_full_csr","block_csr minus full_csr",2
5,0.947401676842408,0.94962156974903,TRUE,-0.00221989290662172,"sparse_homogeneous","genetic_value_reconstruction_correlation","full_csr_minus_bed","full_csr minus bed",4
5,0.947904631530299,0.946639511097621,TRUE,0.00126512043267746,"sparse_homogeneous","genetic_value_reconstruction_correlation","low_rank_0995_minus_low_rank_full","low_rank_0995 minus low_rank_full",3
5,0.947904631530299,0.946764448964699,TRUE,0.0011401825656,"sparse_homogeneous","genetic_value_reconstruction_correlation","low_rank_0995_minus_low_rank_0999","low_rank_0995 minus low_rank_0999",3
5,0.947904631530299,0.947401676842408,TRUE,0.000502954687890189,"sparse_homogeneous","genetic_value_reconstruction_correlation","low_rank_0995_minus_full_csr","low_rank_0995 minus full_csr",4
5,0.950749528022,0.972843460314393,TRUE,-0.0220939322923929,"sparse_homogeneous","prediction_regression_slope","full_csr_minus_bed","full_csr minus bed",4
5,0.952143699061676,0.952382025766833,TRUE,-0.000238326705157332,"sparse_homogeneous","causal_marker_effect_correlation","low_rank_0995_minus_low_rank_full","low_rank_0995 minus low_rank_full",3
5,0.952143699061676,0.952415539159163,TRUE,-0.00027184009748793,"sparse_homogeneous","causal_marker_effect_correlation","low_rank_0995_minus_low_rank_0999","low_rank_0995 minus low_rank_0999",3
5,0.952143699061676,0.952829936742382,TRUE,-0.000686237680706969,"sparse_homogeneous","causal_marker_effect_correlation","low_rank_0995_minus_full_csr","low_rank_0995 minus full_csr",4
5,0.952382025766833,0.952594511214216,TRUE,-0.000212485447382837,"sparse_homogeneous","causal_marker_effect_correlation","low_rank_full_minus_block_csr","low_rank_full minus block_csr",1
5,0.952415539159163,0.952382025766833,TRUE,3.35133923305975e-05,"sparse_homogeneous","causal_marker_effect_correlation","low_rank_0999_minus_low_rank_full","low_rank_0999 minus low_rank_full",3
5,0.952594511214216,0.952829936742382,TRUE,-0.000235425528166799,"sparse_homogeneous","causal_marker_effect_correlation","block_csr_minus_full_csr","block_csr minus full_csr",2
5,0.952829936742382,0.947960810248576,TRUE,0.00486912649380689,"sparse_homogeneous","causal_marker_effect_correlation","full_csr_minus_bed","full_csr minus bed",4
5,0.955191164870078,0.945308453672409,TRUE,0.00988271119766915,"sparse_homogeneous","prediction_regression_slope","low_rank_0995_minus_low_rank_0999","low_rank_0995 minus low_rank_0999",3
5,0.955191164870078,0.945617907344623,TRUE,0.0095732575254549,"sparse_homogeneous","prediction_regression_slope","low_rank_0995_minus_low_rank_full","low_rank_0995 minus low_rank_full",3
5,0.955191164870078,0.950749528022,TRUE,0.00444163684807819,"sparse_homogeneous","prediction_regression_slope","low_rank_0995_minus_full_csr","low_rank_0995 minus full_csr",4
5,0.957061004538871,0.954653723219274,TRUE,0.00240728131959767,"sparse_mixture","causal_marker_effect_correlation","full_csr_minus_bed","full_csr minus bed",4
5,0.957590760129472,0.9577378863665,TRUE,-0.000147126237028061,"sparse_mixture","causal_marker_effect_correlation","low_rank_full_minus_block_csr","low_rank_full minus block_csr",1
5,0.957720606626561,0.957061004538871,TRUE,0.000659602087690114,"sparse_mixture","causal_marker_effect_correlation","low_rank_0995_minus_full_csr","low_rank_0995 minus full_csr",4
5,0.957720606626561,0.957590760129472,TRUE,0.000129846497089137,"sparse_mixture","causal_marker_effect_correlation","low_rank_0995_minus_low_rank_full","low_rank_0995 minus low_rank_full",3
5,0.957720606626561,0.957943318672179,TRUE,-0.000222712045617635,"sparse_mixture","causal_marker_effect_correlation","low_rank_0995_minus_low_rank_0999","low_rank_0995 minus low_rank_0999",3
5,0.9577378863665,0.957061004538871,TRUE,0.000676881827629039,"sparse_mixture","causal_marker_effect_correlation","block_csr_minus_full_csr","block_csr minus full_csr",2
5,0.957943318672179,0.957590760129472,TRUE,0.000352558542706771,"sparse_mixture","causal_marker_effect_correlation","low_rank_0999_minus_low_rank_full","low_rank_0999 minus low_rank_full",3
5,1.01172526095481,1.01216243159405,TRUE,-0.000437170639243867,"sparse_homogeneous","phenotype_prediction_rmse","low_rank_0995_minus_full_csr","low_rank_0995 minus full_csr",4
5,1.01172526095481,1.01278982101379,TRUE,-0.00106456005898603,"sparse_homogeneous","phenotype_prediction_rmse","low_rank_0995_minus_low_rank_0999","low_rank_0995 minus low_rank_0999",3
5,1.01172526095481,1.01281434337439,TRUE,-0.00108908241958838,"sparse_homogeneous","phenotype_prediction_rmse","low_rank_0995_minus_low_rank_full","low_rank_0995 minus low_rank_full",3
5,1.01216243159405,1.01231710591331,TRUE,-0.000154674319257087,"sparse_homogeneous","phenotype_prediction_rmse","full_csr_minus_bed","full_csr minus bed",4
5,1.01278982101379,1.01281434337439,TRUE,-2.45223606023526e-05,"sparse_homogeneous","phenotype_prediction_rmse","low_rank_0999_minus_low_rank_full","low_rank_0999 minus low_rank_full",3
5,1.01281434337439,1.01292553025115,TRUE,-0.000111186876755154,"sparse_homogeneous","phenotype_prediction_rmse","low_rank_full_minus_block_csr","low_rank_full minus block_csr",1
5,1.01292553025115,1.01216243159405,TRUE,0.00076309865709967,"sparse_homogeneous","phenotype_prediction_rmse","block_csr_minus_full_csr","block_csr minus full_csr",2
5,1.03087200740646,1.11246009369157,TRUE,-0.0815880862851068,"sparse_mixture","prediction_regression_slope","full_csr_minus_bed","full_csr minus bed",4
5,1.03399229151381,1.03703022919655,TRUE,-0.0030379376827423,"sparse_mixture","phenotype_prediction_rmse","block_csr_minus_full_csr","block_csr minus full_csr",2
5,1.03402980182702,1.03418978168758,TRUE,-0.000159979860555604,"sparse_mixture","phenotype_prediction_rmse","low_rank_0995_minus_low_rank_0999","low_rank_0995 minus low_rank_0999",3
5,1.03402980182702,1.03421263274451,TRUE,-0.000182830917480725,"sparse_mixture","phenotype_prediction_rmse","low_rank_0995_minus_low_rank_full","low_rank_0995 minus low_rank_full",3
5,1.03402980182702,1.03703022919655,TRUE,-0.00300042736952433,"sparse_mixture","phenotype_prediction_rmse","low_rank_0995_minus_full_csr","low_rank_0995 minus full_csr",4
5,1.03418978168758,1.03421263274451,TRUE,-2.28510569251217e-05,"sparse_mixture","phenotype_prediction_rmse","low_rank_0999_minus_low_rank_full","low_rank_0999 minus low_rank_full",3
5,1.03421263274451,1.03399229151381,TRUE,0.000220341230698695,"sparse_mixture","phenotype_prediction_rmse","low_rank_full_minus_block_csr","low_rank_full minus block_csr",1
5,1.03703022919655,1.03130494475802,TRUE,0.00572528443853293,"sparse_mixture","phenotype_prediction_rmse","full_csr_minus_bed","full_csr minus bed",4
5,1.04640582350965,1.04722595635541,TRUE,-0.000820132845760657,"sparse_mixture","prediction_regression_slope","low_rank_0999_minus_low_rank_full","low_rank_0999 minus low_rank_full",3
5,1.04646067439968,1.03087200740646,TRUE,0.0155886669932186,"sparse_mixture","prediction_regression_slope","block_csr_minus_full_csr","block_csr minus full_csr",2
5,1.04722595635541,1.04646067439968,TRUE,0.00076528195573311,"sparse_mixture","prediction_regression_slope","low_rank_full_minus_block_csr","low_rank_full minus block_csr",1
5,1.05488970694887,1.03087200740646,TRUE,0.0240176995424128,"sparse_mixture","prediction_regression_slope","low_rank_0995_minus_full_csr","low_rank_0995 minus full_csr",4
5,1.05488970694887,1.04640582350965,TRUE,0.0084838834392218,"sparse_mixture","prediction_regression_slope","low_rank_0995_minus_low_rank_0999","low_rank_0995 minus low_rank_0999",3
5,1.05488970694887,1.04722595635541,TRUE,0.00766375059346114,"sparse_mixture","prediction_regression_slope","low_rank_0995_minus_low_rank_full","low_rank_0995 minus low_rank_full",3
5,16,18,TRUE,-2,"sparse_mixture","high_pip_marker_count","low_rank_0995_minus_low_rank_0999","low_rank_0995 minus low_rank_0999",3
5,16,18,TRUE,-2,"sparse_mixture","high_pip_marker_count","low_rank_0995_minus_low_rank_full","low_rank_0995 minus low_rank_full",3
5,16,19,TRUE,-3,"sparse_mixture","high_pip_marker_count","low_rank_0995_minus_full_csr","low_rank_0995 minus full_csr",4
5,18,18,TRUE,0,"sparse_mixture","high_pip_marker_count","low_rank_0999_minus_low_rank_full","low_rank_0999 minus low_rank_full",3
5,18,18,TRUE,0,"sparse_mixture","high_pip_marker_count","low_rank_full_minus_block_csr","low_rank_full minus block_csr",1
5,18,19,TRUE,-1,"sparse_mixture","high_pip_marker_count","block_csr_minus_full_csr","block_csr minus full_csr",2
5,19,9,TRUE,10,"sparse_mixture","high_pip_marker_count","full_csr_minus_bed","full_csr minus bed",4
5,23,24,TRUE,-1,"sparse_homogeneous","high_pip_marker_count","low_rank_0995_minus_full_csr","low_rank_0995 minus full_csr",4
5,23,24,TRUE,-1,"sparse_homogeneous","high_pip_marker_count","low_rank_0995_minus_low_rank_0999","low_rank_0995 minus low_rank_0999",3
5,23,24,TRUE,-1,"sparse_homogeneous","high_pip_marker_count","low_rank_0995_minus_low_rank_full","low_rank_0995 minus low_rank_full",3
5,24,22,TRUE,2,"sparse_homogeneous","high_pip_marker_count","full_csr_minus_bed","full_csr minus bed",4
5,24,24,TRUE,0,"sparse_homogeneous","high_pip_marker_count","block_csr_minus_full_csr","block_csr minus full_csr",2
5,24,24,TRUE,0,"sparse_homogeneous","high_pip_marker_count","low_rank_0999_minus_low_rank_full","low_rank_0999 minus low_rank_full",3
5,24,24,TRUE,0,"sparse_homogeneous","high_pip_marker_count","low_rank_full_minus_block_csr","low_rank_full minus block_csr",1
5,47.645,47.709,TRUE,-0.0640000000000001,"sparse_homogeneous","total_pip_mass","low_rank_0995_minus_low_rank_full","low_rank_0995 minus low_rank_full",3
5,47.645,47.735,TRUE,-0.0900000000000034,"sparse_homogeneous","total_pip_mass","low_rank_0995_minus_full_csr","low_rank_0995 minus full_csr",4
5,47.645,47.951,TRUE,-0.306000000000004,"sparse_homogeneous","total_pip_mass","low_rank_0995_minus_low_rank_0999","low_rank_0995 minus low_rank_0999",3
5,47.709,47.86,TRUE,-0.151000000000003,"sparse_homogeneous","total_pip_mass","low_rank_full_minus_block_csr","low_rank_full minus block_csr",1
5,47.735,25.091,TRUE,22.644,"sparse_homogeneous","total_pip_mass","full_csr_minus_bed","full_csr minus bed",4
5,47.86,47.735,TRUE,0.125,"sparse_homogeneous","total_pip_mass","block_csr_minus_full_csr","block_csr minus full_csr",2
5,47.951,47.709,TRUE,0.242000000000004,"sparse_homogeneous","total_pip_mass","low_rank_0999_minus_low_rank_full","low_rank_0999 minus low_rank_full",3
5,197.5532,197.5532,TRUE,0,"sparse_mixture","top_marker_causal_enrichment","block_csr_minus_full_csr","block_csr minus full_csr",2
5,197.5532,197.5532,TRUE,0,"sparse_mixture","top_marker_causal_enrichment","low_rank_0995_minus_full_csr","low_rank_0995 minus full_csr",4
5,197.5532,197.5532,TRUE,0,"sparse_mixture","top_marker_causal_enrichment","low_rank_0995_minus_low_rank_0999","low_rank_0995 minus low_rank_0999",3
5,197.5532,197.5532,TRUE,0,"sparse_mixture","top_marker_causal_enrichment","low_rank_0995_minus_low_rank_full","low_rank_0995 minus low_rank_full",3
5,197.5532,197.5532,TRUE,0,"sparse_mixture","top_marker_causal_enrichment","low_rank_0999_minus_low_rank_full","low_rank_0999 minus low_rank_full",3
5,197.5532,197.5532,TRUE,0,"sparse_mixture","top_marker_causal_enrichment","low_rank_full_minus_block_csr","low_rank_full minus block_csr",1
5,197.5532,243.1424,TRUE,-45.5892,"sparse_mixture","top_marker_causal_enrichment","full_csr_minus_bed","full_csr minus bed",4
5,356.2845,356.572,TRUE,-0.287499999999966,"sparse_mixture","total_pip_mass","low_rank_0995_minus_low_rank_full","low_rank_0995 minus low_rank_full",3
5,356.2845,357.07675,TRUE,-0.792249999999967,"sparse_mixture","total_pip_mass","low_rank_0995_minus_low_rank_0999","low_rank_0995 minus low_rank_0999",3
5,356.2845,357.925624999999,TRUE,-1.64112499999896,"sparse_mixture","total_pip_mass","low_rank_0995_minus_full_csr","low_rank_0995 minus full_csr",4
5,356.33475,357.925624999999,TRUE,-1.59087499999902,"sparse_mixture","total_pip_mass","block_csr_minus_full_csr","block_csr minus full_csr",2
5,356.572,356.33475,TRUE,0.237250000000017,"sparse_mixture","total_pip_mass","low_rank_full_minus_block_csr","low_rank_full minus block_csr",1
5,357.07675,356.572,TRUE,0.504750000000001,"sparse_mixture","total_pip_mass","low_rank_0999_minus_low_rank_full","low_rank_0999 minus low_rank_full",3
5,357.925624999999,313.35475,TRUE,44.570874999999,"sparse_mixture","total_pip_mass","full_csr_minus_bed","full_csr minus bed",4
5,364.7136,364.7136,TRUE,0,"sparse_homogeneous","top_marker_causal_enrichment","block_csr_minus_full_csr","block_csr minus full_csr",2
5,364.7136,364.7136,TRUE,0,"sparse_homogeneous","top_marker_causal_enrichment","low_rank_0995_minus_full_csr","low_rank_0995 minus full_csr",4
5,364.7136,364.7136,TRUE,0,"sparse_homogeneous","top_marker_causal_enrichment","low_rank_0995_minus_low_rank_0999","low_rank_0995 minus low_rank_0999",3
5,364.7136,364.7136,TRUE,0,"sparse_homogeneous","top_marker_causal_enrichment","low_rank_0995_minus_low_rank_full","low_rank_0995 minus low_rank_full",3
5,364.7136,364.7136,TRUE,0,"sparse_homogeneous","top_marker_causal_enrichment","low_rank_0999_minus_low_rank_full","low_rank_0999 minus low_rank_full",3
5,364.7136,364.7136,TRUE,0,"sparse_homogeneous","top_marker_causal_enrichment","low_rank_full_minus_block_csr","low_rank_full minus block_csr",1
5,364.7136,379.91,TRUE,-15.1964,"sparse_homogeneous","top_marker_causal_enrichment","full_csr_minus_bed","full_csr minus bed",4
