"architecture","replicate","configuration","method","estimand","available","unavailable_reason","posterior_mean","posterior_sd","posterior_median","lower_95","upper_95","truth","bias","squared_error","interval_coverage","interpretation","chain_count","draws_per_chain"
"sparse_homogeneous",1,"bed","bayesc","component_proportion_0",FALSE,"not returned as identifiable per-chain draws by installed model",,,,,,,,,,"unavailable",4,0
"sparse_homogeneous",1,"bed","bayesc","component_proportion_1",FALSE,"not returned as identifiable per-chain draws by installed model",,,,,,,,,,"unavailable",4,0
"sparse_homogeneous",1,"bed","bayesc","component_proportion_2",FALSE,"not returned as identifiable per-chain draws by installed model",,,,,,,,,,"unavailable",4,0
"sparse_homogeneous",1,"bed","bayesc","component_proportion_3",FALSE,"not returned as identifiable per-chain draws by installed model",,,,,,,,,,"unavailable",4,0
"sparse_homogeneous",1,"bed","bayesc","effect_variance",FALSE,"not returned as identifiable per-chain draws by installed model",,,,,,,,,,"unavailable",4,0
"sparse_homogeneous",1,"bed","bayesc","genetic_variance",FALSE,"not returned as identifiable per-chain draws by installed model",,,,,,,,,,"unavailable",4,0
"sparse_homogeneous",1,"bed","bayesc","global_nonnull_proportion",TRUE,"",0.000973416940989438,4.91640559811778e-05,0.000972947242638692,0.000864239512517727,0.00106211083094773,,,,,"posterior_behaviour",4,250
"sparse_homogeneous",1,"bed","bayesc","heritability",TRUE,"",0.264539861282896,0.0139738021331834,0.264320872900832,0.236523926639383,0.291948610406069,0.3,-0.0354601387171041,0.00125742143783626,FALSE,"parameter_recovery",4,250
"sparse_homogeneous",1,"bed","bayesc","residual_variance",FALSE,"not returned as identifiable per-chain draws by installed model",,,,,,,,,,"unavailable",4,0
"sparse_homogeneous",1,"bed","bayesc","vbs",TRUE,"",0.0186012653035384,0.00648875186948036,0.0175803442716573,0.0100887196987644,0.033135575457413,,,,,"posterior_behaviour",4,250
"sparse_homogeneous",1,"bed","bayesc","ves",TRUE,"",1.05264269818083,0.0260530356308452,1.05278968721785,1.00235035466537,1.10674295761679,,,,,"posterior_behaviour",4,250
"sparse_homogeneous",1,"bed","bayesc","vgs",TRUE,"",0.378858230650236,0.0247454432455598,0.377748160036999,0.332466435241268,0.427620756057929,,,,,"posterior_behaviour",4,250
"sparse_homogeneous",1,"bed","bayesc","vld",TRUE,"",-0.00931241388622596,0.00313558741943963,-0.00942807465774945,-0.0153256502910066,-0.00326945716121926,,,,,"posterior_behaviour",4,250
"sparse_homogeneous",1,"bed","bayesc","vle",TRUE,"",0.388170644536462,0.0252814512741443,0.387114946052322,0.33812840553788,0.436595483176103,,,,,"posterior_behaviour",4,250
"sparse_homogeneous",1,"block_csr","sbayesc","component_proportion_0",FALSE,"not returned as identifiable per-chain draws by installed model",,,,,,,,,,"unavailable",4,0
"sparse_homogeneous",1,"block_csr","sbayesc","component_proportion_1",FALSE,"not returned as identifiable per-chain draws by installed model",,,,,,,,,,"unavailable",4,0
"sparse_homogeneous",1,"block_csr","sbayesc","component_proportion_2",FALSE,"not returned as identifiable per-chain draws by installed model",,,,,,,,,,"unavailable",4,0
"sparse_homogeneous",1,"block_csr","sbayesc","component_proportion_3",FALSE,"not returned as identifiable per-chain draws by installed model",,,,,,,,,,"unavailable",4,0
"sparse_homogeneous",1,"block_csr","sbayesc","effect_variance",FALSE,"not returned as identifiable per-chain draws by installed model",,,,,,,,,,"unavailable",4,0
"sparse_homogeneous",1,"block_csr","sbayesc","genetic_variance",FALSE,"not returned as identifiable per-chain draws by installed model",,,,,,,,,,"unavailable",4,0
"sparse_homogeneous",1,"block_csr","sbayesc","global_nonnull_proportion",TRUE,"",0.0010062827176772,4.29050803557748e-05,0.00100819125329297,0.000922718153604944,0.00108935282107335,,,,,"posterior_behaviour",4,250
"sparse_homogeneous",1,"block_csr","sbayesc","heritability",TRUE,"",0.294865625453626,0.0180413369439237,0.295857119955712,0.259446045927129,0.329778528528798,0.3,-0.00513437454637383,2.63618019824515e-05,TRUE,"parameter_recovery",4,250
"sparse_homogeneous",1,"block_csr","sbayesc","residual_variance",FALSE,"not returned as identifiable per-chain draws by installed model",,,,,,,,,,"unavailable",4,0
"sparse_homogeneous",1,"block_csr","sbayesc","vbs",TRUE,"",0.0103032506070059,0.00253332528996741,0.00983073568506075,0.00656593045515239,0.0160865414394531,,,,,"posterior_behaviour",4,250
"sparse_homogeneous",1,"block_csr","sbayesc","ves",TRUE,"",1.009516815258,0.0300387261032755,1.0098958518694,0.951568700650626,1.06758904610885,,,,,"posterior_behaviour",4,250
"sparse_homogeneous",1,"block_csr","sbayesc","vgs",TRUE,"",0.422425646946823,0.0306586044197028,0.423576833922362,0.362663069976991,0.481712578463989,,,,,"posterior_behaviour",4,250
"sparse_homogeneous",1,"block_csr","sbayesc","vld",TRUE,"",-0.000841405382091508,0.00107029025243629,-0.000801361863814992,-0.00291860786478643,0.00111813462736995,,,,,"posterior_behaviour",4,250
"sparse_homogeneous",1,"block_csr","sbayesc","vle",TRUE,"",0.423267052328915,0.0306594513499773,0.424083742991328,0.363628154059901,0.48327692303251,,,,,"posterior_behaviour",4,250
"sparse_homogeneous",1,"full_csr","sbayesc","component_proportion_0",FALSE,"not returned as identifiable per-chain draws by installed model",,,,,,,,,,"unavailable",4,0
"sparse_homogeneous",1,"full_csr","sbayesc","component_proportion_1",FALSE,"not returned as identifiable per-chain draws by installed model",,,,,,,,,,"unavailable",4,0
"sparse_homogeneous",1,"full_csr","sbayesc","component_proportion_2",FALSE,"not returned as identifiable per-chain draws by installed model",,,,,,,,,,"unavailable",4,0
"sparse_homogeneous",1,"full_csr","sbayesc","component_proportion_3",FALSE,"not returned as identifiable per-chain draws by installed model",,,,,,,,,,"unavailable",4,0
"sparse_homogeneous",1,"full_csr","sbayesc","effect_variance",FALSE,"not returned as identifiable per-chain draws by installed model",,,,,,,,,,"unavailable",4,0
"sparse_homogeneous",1,"full_csr","sbayesc","genetic_variance",FALSE,"not returned as identifiable per-chain draws by installed model",,,,,,,,,,"unavailable",4,0
"sparse_homogeneous",1,"full_csr","sbayesc","global_nonnull_proportion",TRUE,"",0.00101065060510269,4.3008785211386e-05,0.00100733951914711,0.000932606709380317,0.00110332931427375,,,,,"posterior_behaviour",4,250
"sparse_homogeneous",1,"full_csr","sbayesc","heritability",TRUE,"",0.293332713072094,0.0178881264196384,0.293066269282788,0.259400332516092,0.328492403294944,0.3,-0.00666728692790597,4.44527149790258e-05,TRUE,"parameter_recovery",4,250
"sparse_homogeneous",1,"full_csr","sbayesc","residual_variance",FALSE,"not returned as identifiable per-chain draws by installed model",,,,,,,,,,"unavailable",4,0
"sparse_homogeneous",1,"full_csr","sbayesc","vbs",TRUE,"",0.010291299287035,0.00275161415274866,0.00982224504375641,0.00650212730772115,0.0171329703952872,,,,,"posterior_behaviour",4,250
"sparse_homogeneous",1,"full_csr","sbayesc","ves",TRUE,"",1.01085818749421,0.0290504800772186,1.01095004658412,0.957469800320861,1.06855534016379,,,,,"posterior_behaviour",4,250
"sparse_homogeneous",1,"full_csr","sbayesc","vgs",TRUE,"",0.419923111886124,0.0309508252248902,0.419295936343763,0.358831370701551,0.481496200277106,,,,,"posterior_behaviour",4,250
"sparse_homogeneous",1,"full_csr","sbayesc","vld",TRUE,"",-0.000562157838709394,0.000959661119717819,-0.000525589036994345,-0.0023240636419149,0.00136723090242096,,,,,"posterior_behaviour",4,250
"sparse_homogeneous",1,"full_csr","sbayesc","vle",TRUE,"",0.420485269724833,0.0309170177116064,0.420014660565925,0.359913672865127,0.482436035420089,,,,,"posterior_behaviour",4,250
"sparse_homogeneous",1,"low_rank_0995","sbayesc","component_proportion_0",FALSE,"not returned as identifiable per-chain draws by installed model",,,,,,,,,,"unavailable",4,0
"sparse_homogeneous",1,"low_rank_0995","sbayesc","component_proportion_1",FALSE,"not returned as identifiable per-chain draws by installed model",,,,,,,,,,"unavailable",4,0
"sparse_homogeneous",1,"low_rank_0995","sbayesc","component_proportion_2",FALSE,"not returned as identifiable per-chain draws by installed model",,,,,,,,,,"unavailable",4,0
"sparse_homogeneous",1,"low_rank_0995","sbayesc","component_proportion_3",FALSE,"not returned as identifiable per-chain draws by installed model",,,,,,,,,,"unavailable",4,0
"sparse_homogeneous",1,"low_rank_0995","sbayesc","effect_variance",FALSE,"not returned as identifiable per-chain draws by installed model",,,,,,,,,,"unavailable",4,0
"sparse_homogeneous",1,"low_rank_0995","sbayesc","genetic_variance",FALSE,"not returned as identifiable per-chain draws by installed model",,,,,,,,,,"unavailable",4,0
"sparse_homogeneous",1,"low_rank_0995","sbayesc","global_nonnull_proportion",TRUE,"",0.00100693572213971,4.47931899263181e-05,0.00100555175373072,0.000925002775086476,0.00109922031482425,,,,,"posterior_behaviour",4,250
"sparse_homogeneous",1,"low_rank_0995","sbayesc","heritability",TRUE,"",0.292640152371366,0.0185604637306891,0.292361029780833,0.257164037202066,0.329785488367973,0.3,-0.0073598476286339,5.4167357116708e-05,TRUE,"parameter_recovery",4,250
"sparse_homogeneous",1,"low_rank_0995","sbayesc","residual_variance",FALSE,"not returned as identifiable per-chain draws by installed model",,,,,,,,,,"unavailable",4,0
"sparse_homogeneous",1,"low_rank_0995","sbayesc","vbs",TRUE,"",0.0101448120068823,0.00249592792940957,0.00977706499843456,0.00640773617814679,0.0161474002513102,,,,,"posterior_behaviour",4,250
"sparse_homogeneous",1,"low_rank_0995","sbayesc","ves",TRUE,"",1.01194831426137,0.0305342065049688,1.01110389834224,0.953041225981706,1.06956381267954,,,,,"posterior_behaviour",4,250
"sparse_homogeneous",1,"low_rank_0995","sbayesc","vgs",TRUE,"",0.418911823677385,0.0310121223559212,0.418435009401517,0.35884783967116,0.480987997683534,,,,,"posterior_behaviour",4,250
"sparse_homogeneous",1,"low_rank_0995","sbayesc","vld",TRUE,"",-0.000873879263427958,0.0011547559648505,-0.000820144345104995,-0.00310446728061602,0.00123213525253055,,,,,"posterior_behaviour",4,250
"sparse_homogeneous",1,"low_rank_0995","sbayesc","vle",TRUE,"",0.419785702940813,0.0309855436767421,0.419378868499561,0.359854559870332,0.482021312626149,,,,,"posterior_behaviour",4,250
"sparse_homogeneous",1,"low_rank_0999","sbayesc","component_proportion_0",FALSE,"not returned as identifiable per-chain draws by installed model",,,,,,,,,,"unavailable",4,0
"sparse_homogeneous",1,"low_rank_0999","sbayesc","component_proportion_1",FALSE,"not returned as identifiable per-chain draws by installed model",,,,,,,,,,"unavailable",4,0
"sparse_homogeneous",1,"low_rank_0999","sbayesc","component_proportion_2",FALSE,"not returned as identifiable per-chain draws by installed model",,,,,,,,,,"unavailable",4,0
"sparse_homogeneous",1,"low_rank_0999","sbayesc","component_proportion_3",FALSE,"not returned as identifiable per-chain draws by installed model",,,,,,,,,,"unavailable",4,0
"sparse_homogeneous",1,"low_rank_0999","sbayesc","effect_variance",FALSE,"not returned as identifiable per-chain draws by installed model",,,,,,,,,,"unavailable",4,0
"sparse_homogeneous",1,"low_rank_0999","sbayesc","genetic_variance",FALSE,"not returned as identifiable per-chain draws by installed model",,,,,,,,,,"unavailable",4,0
"sparse_homogeneous",1,"low_rank_0999","sbayesc","global_nonnull_proportion",TRUE,"",0.00100580830776406,4.3916473955827e-05,0.00100550913516637,0.000923338468931445,0.00109326548375407,,,,,"posterior_behaviour",4,250
"sparse_homogeneous",1,"low_rank_0999","sbayesc","heritability",TRUE,"",0.2947235239063,0.0176955288091322,0.294046884177914,0.261116817487692,0.330384775180097,0.3,-0.00527647609370019,2.78411999673896e-05,TRUE,"parameter_recovery",4,250
"sparse_homogeneous",1,"low_rank_0999","sbayesc","residual_variance",FALSE,"not returned as identifiable per-chain draws by installed model",,,,,,,,,,"unavailable",4,0
"sparse_homogeneous",1,"low_rank_0999","sbayesc","vbs",TRUE,"",0.0102098484946556,0.00250698494523411,0.00988637388018664,0.00642651731838946,0.0163212538153614,,,,,"posterior_behaviour",4,250
"sparse_homogeneous",1,"low_rank_0999","sbayesc","ves",TRUE,"",1.009960841477,0.0292497068766487,1.01021777174647,0.951740909710972,1.0655058932159,,,,,"posterior_behaviour",4,250
"sparse_homogeneous",1,"low_rank_0999","sbayesc","vgs",TRUE,"",0.422332472018559,0.0303648479408548,0.420617805400787,0.363634705470534,0.483502520519007,,,,,"posterior_behaviour",4,250
"sparse_homogeneous",1,"low_rank_0999","sbayesc","vld",TRUE,"",-0.000838754463132547,0.00112334523822174,-0.00080350804054144,-0.00305808877406058,0.00126741550918279,,,,,"posterior_behaviour",4,250
"sparse_homogeneous",1,"low_rank_0999","sbayesc","vle",TRUE,"",0.423171226481692,0.0303714793501754,0.421208058436912,0.364843482171081,0.485070376891661,,,,,"posterior_behaviour",4,250
"sparse_homogeneous",1,"low_rank_full","sbayesc","component_proportion_0",FALSE,"not returned as identifiable per-chain draws by installed model",,,,,,,,,,"unavailable",4,0
"sparse_homogeneous",1,"low_rank_full","sbayesc","component_proportion_1",FALSE,"not returned as identifiable per-chain draws by installed model",,,,,,,,,,"unavailable",4,0
"sparse_homogeneous",1,"low_rank_full","sbayesc","component_proportion_2",FALSE,"not returned as identifiable per-chain draws by installed model",,,,,,,,,,"unavailable",4,0
"sparse_homogeneous",1,"low_rank_full","sbayesc","component_proportion_3",FALSE,"not returned as identifiable per-chain draws by installed model",,,,,,,,,,"unavailable",4,0
"sparse_homogeneous",1,"low_rank_full","sbayesc","effect_variance",FALSE,"not returned as identifiable per-chain draws by installed model",,,,,,,,,,"unavailable",4,0
"sparse_homogeneous",1,"low_rank_full","sbayesc","genetic_variance",FALSE,"not returned as identifiable per-chain draws by installed model",,,,,,,,,,"unavailable",4,0
"sparse_homogeneous",1,"low_rank_full","sbayesc","global_nonnull_proportion",TRUE,"",0.00100901826961163,4.37336953250257e-05,0.00100941370706945,0.000926024305320681,0.00109515847310802,,,,,"posterior_behaviour",4,250
"sparse_homogeneous",1,"low_rank_full","sbayesc","heritability",TRUE,"",0.293744739550113,0.0183488792949078,0.293307081681656,0.259309961411603,0.329665449166667,0.3,-0.00625526044988745,3.91282832959261e-05,TRUE,"parameter_recovery",4,250
"sparse_homogeneous",1,"low_rank_full","sbayesc","residual_variance",FALSE,"not returned as identifiable per-chain draws by installed model",,,,,,,,,,"unavailable",4,0
"sparse_homogeneous",1,"low_rank_full","sbayesc","vbs",TRUE,"",0.0100791643442746,0.00254741777880571,0.00969072187491971,0.00614616449154644,0.0159999921605297,,,,,"posterior_behaviour",4,250
"sparse_homogeneous",1,"low_rank_full","sbayesc","ves",TRUE,"",1.01054958596259,0.0287587921373636,1.01004450168996,0.955246664588993,1.0639733058673,,,,,"posterior_behaviour",4,250
"sparse_homogeneous",1,"low_rank_full","sbayesc","vgs",TRUE,"",0.42059938204999,0.0310056927708547,0.419280393135833,0.364580259817568,0.483268362222403,,,,,"posterior_behaviour",4,250
"sparse_homogeneous",1,"low_rank_full","sbayesc","vld",TRUE,"",-0.000880781912263868,0.00107042502405708,-0.000809198304030784,-0.00312103843145592,0.00120529383774996,,,,,"posterior_behaviour",4,250
"sparse_homogeneous",1,"low_rank_full","sbayesc","vle",TRUE,"",0.421480163962254,0.0309909995753658,0.419924242904092,0.366038280587254,0.483815123811809,,,,,"posterior_behaviour",4,250
"sparse_homogeneous",2,"bed","bayesc","component_proportion_0",FALSE,"not returned as identifiable per-chain draws by installed model",,,,,,,,,,"unavailable",4,0
"sparse_homogeneous",2,"bed","bayesc","component_proportion_1",FALSE,"not returned as identifiable per-chain draws by installed model",,,,,,,,,,"unavailable",4,0
"sparse_homogeneous",2,"bed","bayesc","component_proportion_2",FALSE,"not returned as identifiable per-chain draws by installed model",,,,,,,,,,"unavailable",4,0
"sparse_homogeneous",2,"bed","bayesc","component_proportion_3",FALSE,"not returned as identifiable per-chain draws by installed model",,,,,,,,,,"unavailable",4,0
"sparse_homogeneous",2,"bed","bayesc","effect_variance",FALSE,"not returned as identifiable per-chain draws by installed model",,,,,,,,,,"unavailable",4,0
"sparse_homogeneous",2,"bed","bayesc","genetic_variance",FALSE,"not returned as identifiable per-chain draws by installed model",,,,,,,,,,"unavailable",4,0
"sparse_homogeneous",2,"bed","bayesc","global_nonnull_proportion",TRUE,"",0.000979172580297157,4.03923235434725e-05,0.000986113254573983,0.000902523586895519,0.00106357296190414,,,,,"posterior_behaviour",4,250
"sparse_homogeneous",2,"bed","bayesc","heritability",TRUE,"",0.248369894403271,0.0143391412082916,0.248479349830089,0.219691265156223,0.276081407146799,0.3,-0.0516301055967285,0.00266566780392934,FALSE,"parameter_recovery",4,250
"sparse_homogeneous",2,"bed","bayesc","residual_variance",FALSE,"not returned as identifiable per-chain draws by installed model",,,,,,,,,,"unavailable",4,0
"sparse_homogeneous",2,"bed","bayesc","vbs",TRUE,"",0.0164403494504244,0.00573396990256079,0.0153867787103793,0.00844935519427892,0.0306986755304875,,,,,"posterior_behaviour",4,250
"sparse_homogeneous",2,"bed","bayesc","ves",TRUE,"",1.06359327138038,0.0281465168855452,1.06403594531169,1.00927406260606,1.11957231091275,,,,,"posterior_behaviour",4,250
"sparse_homogeneous",2,"bed","bayesc","vgs",TRUE,"",0.351666336216118,0.0245838735778892,0.350358077169157,0.306779114628919,0.39783217405366,,,,,"posterior_behaviour",4,250
"sparse_homogeneous",2,"bed","bayesc","vld",TRUE,"",-0.00229861223797877,0.00344756354484742,-0.00239551320287174,-0.00918525818363806,0.00436031425201686,,,,,"posterior_behaviour",4,250
"sparse_homogeneous",2,"bed","bayesc","vle",TRUE,"",0.353964948454097,0.0250618276797678,0.352580284397196,0.307580871030817,0.402998470825955,,,,,"posterior_behaviour",4,250
"sparse_homogeneous",2,"block_csr","sbayesc","component_proportion_0",FALSE,"not returned as identifiable per-chain draws by installed model",,,,,,,,,,"unavailable",4,0
"sparse_homogeneous",2,"block_csr","sbayesc","component_proportion_1",FALSE,"not returned as identifiable per-chain draws by installed model",,,,,,,,,,"unavailable",4,0
"sparse_homogeneous",2,"block_csr","sbayesc","component_proportion_2",FALSE,"not returned as identifiable per-chain draws by installed model",,,,,,,,,,"unavailable",4,0
"sparse_homogeneous",2,"block_csr","sbayesc","component_proportion_3",FALSE,"not returned as identifiable per-chain draws by installed model",,,,,,,,,,"unavailable",4,0
"sparse_homogeneous",2,"block_csr","sbayesc","effect_variance",FALSE,"not returned as identifiable per-chain draws by installed model",,,,,,,,,,"unavailable",4,0
"sparse_homogeneous",2,"block_csr","sbayesc","genetic_variance",FALSE,"not returned as identifiable per-chain draws by installed model",,,,,,,,,,"unavailable",4,0
"sparse_homogeneous",2,"block_csr","sbayesc","global_nonnull_proportion",TRUE,"",0.00100810730711798,4.55240639821215e-05,0.00100819295949373,0.000924419551149992,0.00109914950161409,,,,,"posterior_behaviour",4,250
"sparse_homogeneous",2,"block_csr","sbayesc","heritability",TRUE,"",0.276646341353941,0.0172646987448309,0.276065028641046,0.241770527010898,0.309008927701267,0.3,-0.0233536586460587,0.00054539337215663,TRUE,"parameter_recovery",4,250
"sparse_homogeneous",2,"block_csr","sbayesc","residual_variance",FALSE,"not returned as identifiable per-chain draws by installed model",,,,,,,,,,"unavailable",4,0
"sparse_homogeneous",2,"block_csr","sbayesc","vbs",TRUE,"",0.00960461035552031,0.00269816620295167,0.0091194783987232,0.00588737461909308,0.0157599384809279,,,,,"posterior_behaviour",4,250
"sparse_homogeneous",2,"block_csr","sbayesc","ves",TRUE,"",1.02332153479852,0.0289787259282667,1.02348918106123,0.96601138308697,1.07613594146281,,,,,"posterior_behaviour",4,250
"sparse_homogeneous",2,"block_csr","sbayesc","vgs",TRUE,"",0.391628164403674,0.0288794558710104,0.391130297538784,0.335945705940385,0.446993734132332,,,,,"posterior_behaviour",4,250
"sparse_homogeneous",2,"block_csr","sbayesc","vld",TRUE,"",0.000326879613143167,0.000804587602017338,0.000324130642641363,-0.00130977596111042,0.0019068579773423,,,,,"posterior_behaviour",4,250
"sparse_homogeneous",2,"block_csr","sbayesc","vle",TRUE,"",0.391301284790531,0.0288081493234531,0.390910943652483,0.335495589841377,0.446692246045909,,,,,"posterior_behaviour",4,250
"sparse_homogeneous",2,"full_csr","sbayesc","component_proportion_0",FALSE,"not returned as identifiable per-chain draws by installed model",,,,,,,,,,"unavailable",4,0
"sparse_homogeneous",2,"full_csr","sbayesc","component_proportion_1",FALSE,"not returned as identifiable per-chain draws by installed model",,,,,,,,,,"unavailable",4,0
"sparse_homogeneous",2,"full_csr","sbayesc","component_proportion_2",FALSE,"not returned as identifiable per-chain draws by installed model",,,,,,,,,,"unavailable",4,0
"sparse_homogeneous",2,"full_csr","sbayesc","component_proportion_3",FALSE,"not returned as identifiable per-chain draws by installed model",,,,,,,,,,"unavailable",4,0
"sparse_homogeneous",2,"full_csr","sbayesc","effect_variance",FALSE,"not returned as identifiable per-chain draws by installed model",,,,,,,,,,"unavailable",4,0
"sparse_homogeneous",2,"full_csr","sbayesc","genetic_variance",FALSE,"not returned as identifiable per-chain draws by installed model",,,,,,,,,,"unavailable",4,0
"sparse_homogeneous",2,"full_csr","sbayesc","global_nonnull_proportion",TRUE,"",0.00101008681822646,4.4799539965012e-05,0.0010078023876448,0.000927250606156637,0.00110324478059882,,,,,"posterior_behaviour",4,250
"sparse_homogeneous",2,"full_csr","sbayesc","heritability",TRUE,"",0.277501043295555,0.0179756973508703,0.277065424104795,0.241515369851919,0.313122702555628,0.3,-0.0224989567044454,0.000506203052788509,TRUE,"parameter_recovery",4,250
"sparse_homogeneous",2,"full_csr","sbayesc","residual_variance",FALSE,"not returned as identifiable per-chain draws by installed model",,,,,,,,,,"unavailable",4,0
"sparse_homogeneous",2,"full_csr","sbayesc","vbs",TRUE,"",0.00950628738407594,0.00248936106295616,0.00907690093026668,0.00580651954193506,0.0152252411660926,,,,,"posterior_behaviour",4,250
"sparse_homogeneous",2,"full_csr","sbayesc","ves",TRUE,"",1.02209260137421,0.0300961204059052,1.02103890298992,0.965967980641284,1.0834072231225,,,,,"posterior_behaviour",4,250
"sparse_homogeneous",2,"full_csr","sbayesc","vgs",TRUE,"",0.392834561601858,0.0298838405452233,0.392862211969971,0.333721910272927,0.45032646562002,,,,,"posterior_behaviour",4,250
"sparse_homogeneous",2,"full_csr","sbayesc","vld",TRUE,"",0.000141402106125695,0.000612420029222426,4.3829669975487e-05,-0.00123225419111737,0.00146499893179677,,,,,"posterior_behaviour",4,250
"sparse_homogeneous",2,"full_csr","sbayesc","vle",TRUE,"",0.392693159495733,0.029846381952923,0.392923497514348,0.333916990388062,0.449901395629249,,,,,"posterior_behaviour",4,250
"sparse_homogeneous",2,"low_rank_0995","sbayesc","component_proportion_0",FALSE,"not returned as identifiable per-chain draws by installed model",,,,,,,,,,"unavailable",4,0
"sparse_homogeneous",2,"low_rank_0995","sbayesc","component_proportion_1",FALSE,"not returned as identifiable per-chain draws by installed model",,,,,,,,,,"unavailable",4,0
"sparse_homogeneous",2,"low_rank_0995","sbayesc","component_proportion_2",FALSE,"not returned as identifiable per-chain draws by installed model",,,,,,,,,,"unavailable",4,0
"sparse_homogeneous",2,"low_rank_0995","sbayesc","component_proportion_3",FALSE,"not returned as identifiable per-chain draws by installed model",,,,,,,,,,"unavailable",4,0
"sparse_homogeneous",2,"low_rank_0995","sbayesc","effect_variance",FALSE,"not returned as identifiable per-chain draws by installed model",,,,,,,,,,"unavailable",4,0
"sparse_homogeneous",2,"low_rank_0995","sbayesc","genetic_variance",FALSE,"not returned as identifiable per-chain draws by installed model",,,,,,,,,,"unavailable",4,0
"sparse_homogeneous",2,"low_rank_0995","sbayesc","global_nonnull_proportion",TRUE,"",0.00100702461570526,4.60287506016283e-05,0.0010082532615053,0.000916353219785826,0.00110052706270484,,,,,"posterior_behaviour",4,250
"sparse_homogeneous",2,"low_rank_0995","sbayesc","heritability",TRUE,"",0.274610773651918,0.0176623799118869,0.273689712324518,0.239662826653648,0.31003732877753,0.3,-0.0253892263480817,0.000644612814554127,TRUE,"parameter_recovery",4,250
"sparse_homogeneous",2,"low_rank_0995","sbayesc","residual_variance",FALSE,"not returned as identifiable per-chain draws by installed model",,,,,,,,,,"unavailable",4,0
"sparse_homogeneous",2,"low_rank_0995","sbayesc","vbs",TRUE,"",0.00954600762670189,0.00243325284907997,0.00917976423906036,0.00596917092390045,0.0155650986522432,,,,,"posterior_behaviour",4,250
"sparse_homogeneous",2,"low_rank_0995","sbayesc","ves",TRUE,"",1.02546193426982,0.0297803822753097,1.0253637182223,0.968201857530157,1.08316362683019,,,,,"posterior_behaviour",4,250
"sparse_homogeneous",2,"low_rank_0995","sbayesc","vgs",TRUE,"",0.388433257024592,0.0289231856658799,0.386551858808546,0.333772283383756,0.448941525634474,,,,,"posterior_behaviour",4,250
"sparse_homogeneous",2,"low_rank_0995","sbayesc","vld",TRUE,"",0.000450706059202108,0.000788674937254991,0.000454516368793345,-0.00106043975763294,0.00202350576039805,,,,,"posterior_behaviour",4,250
"sparse_homogeneous",2,"low_rank_0995","sbayesc","vle",TRUE,"",0.387982550965389,0.028815862292922,0.386067578632139,0.333538872251042,0.447729913321283,,,,,"posterior_behaviour",4,250
"sparse_homogeneous",2,"low_rank_0999","sbayesc","component_proportion_0",FALSE,"not returned as identifiable per-chain draws by installed model",,,,,,,,,,"unavailable",4,0
"sparse_homogeneous",2,"low_rank_0999","sbayesc","component_proportion_1",FALSE,"not returned as identifiable per-chain draws by installed model",,,,,,,,,,"unavailable",4,0
"sparse_homogeneous",2,"low_rank_0999","sbayesc","component_proportion_2",FALSE,"not returned as identifiable per-chain draws by installed model",,,,,,,,,,"unavailable",4,0
"sparse_homogeneous",2,"low_rank_0999","sbayesc","component_proportion_3",FALSE,"not returned as identifiable per-chain draws by installed model",,,,,,,,,,"unavailable",4,0
"sparse_homogeneous",2,"low_rank_0999","sbayesc","effect_variance",FALSE,"not returned as identifiable per-chain draws by installed model",,,,,,,,,,"unavailable",4,0
"sparse_homogeneous",2,"low_rank_0999","sbayesc","genetic_variance",FALSE,"not returned as identifiable per-chain draws by installed model",,,,,,,,,,"unavailable",4,0
"sparse_homogeneous",2,"low_rank_0999","sbayesc","global_nonnull_proportion",TRUE,"",0.00100724346325734,4.47463527992836e-05,0.00100814666376486,0.00092013555638925,0.00109678611194773,,,,,"posterior_behaviour",4,250
"sparse_homogeneous",2,"low_rank_0999","sbayesc","heritability",TRUE,"",0.275567872539705,0.018360824460289,0.275179123774646,0.239432168410131,0.311254201451857,0.3,-0.0244321274602949,0.000596928852236098,TRUE,"parameter_recovery",4,250
"sparse_homogeneous",2,"low_rank_0999","sbayesc","residual_variance",FALSE,"not returned as identifiable per-chain draws by installed model",,,,,,,,,,"unavailable",4,0
"sparse_homogeneous",2,"low_rank_0999","sbayesc","vbs",TRUE,"",0.00944503006870194,0.00239214167317434,0.0090665818922297,0.00583875442465075,0.0152994691854668,,,,,"posterior_behaviour",4,250
"sparse_homogeneous",2,"low_rank_0999","sbayesc","ves",TRUE,"",1.02462569593215,0.0311165000141124,1.02452851456692,0.960433304217912,1.08532155778182,,,,,"posterior_behaviour",4,250
"sparse_homogeneous",2,"low_rank_0999","sbayesc","vgs",TRUE,"",0.38999785266596,0.0300543244738533,0.389626987191902,0.334635104538892,0.447310839534336,,,,,"posterior_behaviour",4,250
"sparse_homogeneous",2,"low_rank_0999","sbayesc","vld",TRUE,"",0.000325310281850611,0.000823067371399401,0.000358453976302658,-0.00136609380681863,0.0019308769695908,,,,,"posterior_behaviour",4,250
"sparse_homogeneous",2,"low_rank_0999","sbayesc","vle",TRUE,"",0.38967254238411,0.0299461077322492,0.389199795143311,0.334177670503138,0.447313329066243,,,,,"posterior_behaviour",4,250
"sparse_homogeneous",2,"low_rank_full","sbayesc","component_proportion_0",FALSE,"not returned as identifiable per-chain draws by installed model",,,,,,,,,,"unavailable",4,0
"sparse_homogeneous",2,"low_rank_full","sbayesc","component_proportion_1",FALSE,"not returned as identifiable per-chain draws by installed model",,,,,,,,,,"unavailable",4,0
"sparse_homogeneous",2,"low_rank_full","sbayesc","component_proportion_2",FALSE,"not returned as identifiable per-chain draws by installed model",,,,,,,,,,"unavailable",4,0
"sparse_homogeneous",2,"low_rank_full","sbayesc","component_proportion_3",FALSE,"not returned as identifiable per-chain draws by installed model",,,,,,,,,,"unavailable",4,0
"sparse_homogeneous",2,"low_rank_full","sbayesc","effect_variance",FALSE,"not returned as identifiable per-chain draws by installed model",,,,,,,,,,"unavailable",4,0
"sparse_homogeneous",2,"low_rank_full","sbayesc","genetic_variance",FALSE,"not returned as identifiable per-chain draws by installed model",,,,,,,,,,"unavailable",4,0
"sparse_homogeneous",2,"low_rank_full","sbayesc","global_nonnull_proportion",TRUE,"",0.00100737728022832,4.60122962559981e-05,0.00100393083292185,0.000921638574773281,0.00109847602468622,,,,,"posterior_behaviour",4,250
"sparse_homogeneous",2,"low_rank_full","sbayesc","heritability",TRUE,"",0.276912496242098,0.0182315109385616,0.276384988196766,0.24117963686961,0.312464511278065,0.3,-0.023087503757902,0.00053303282977114,TRUE,"parameter_recovery",4,250
"sparse_homogeneous",2,"low_rank_full","sbayesc","residual_variance",FALSE,"not returned as identifiable per-chain draws by installed model",,,,,,,,,,"unavailable",4,0
"sparse_homogeneous",2,"low_rank_full","sbayesc","vbs",TRUE,"",0.00965411870779343,0.00258264650210465,0.00937168291966356,0.00589794106228538,0.0156977658483574,,,,,"posterior_behaviour",4,250
"sparse_homogeneous",2,"low_rank_full","sbayesc","ves",TRUE,"",1.0229886645462,0.029585480389879,1.02176221118903,0.965052367797144,1.07901532931253,,,,,"posterior_behaviour",4,250
"sparse_homogeneous",2,"low_rank_full","sbayesc","vgs",TRUE,"",0.392050062063816,0.0304618402998344,0.389551931677329,0.336906394946758,0.453159543900793,,,,,"posterior_behaviour",4,250
"sparse_homogeneous",2,"low_rank_full","sbayesc","vld",TRUE,"",0.000363551579212108,0.000769909856433652,0.000359068350146374,-0.00110363300219936,0.00183210615431226,,,,,"posterior_behaviour",4,250
"sparse_homogeneous",2,"low_rank_full","sbayesc","vle",TRUE,"",0.391686510484603,0.0304129931929021,0.389432225686586,0.337687081842578,0.452548440107811,,,,,"posterior_behaviour",4,250
"sparse_homogeneous",3,"bed","bayesc","component_proportion_0",FALSE,"not returned as identifiable per-chain draws by installed model",,,,,,,,,,"unavailable",4,0
"sparse_homogeneous",3,"bed","bayesc","component_proportion_1",FALSE,"not returned as identifiable per-chain draws by installed model",,,,,,,,,,"unavailable",4,0
"sparse_homogeneous",3,"bed","bayesc","component_proportion_2",FALSE,"not returned as identifiable per-chain draws by installed model",,,,,,,,,,"unavailable",4,0
"sparse_homogeneous",3,"bed","bayesc","component_proportion_3",FALSE,"not returned as identifiable per-chain draws by installed model",,,,,,,,,,"unavailable",4,0
"sparse_homogeneous",3,"bed","bayesc","effect_variance",FALSE,"not returned as identifiable per-chain draws by installed model",,,,,,,,,,"unavailable",4,0
"sparse_homogeneous",3,"bed","bayesc","genetic_variance",FALSE,"not returned as identifiable per-chain draws by installed model",,,,,,,,,,"unavailable",4,0
"sparse_homogeneous",3,"bed","bayesc","global_nonnull_proportion",TRUE,"",0.000979028652790279,4.00743580104921e-05,0.000976013043212881,0.00090986219867475,0.00106180587414565,,,,,"posterior_behaviour",4,250
"sparse_homogeneous",3,"bed","bayesc","heritability",TRUE,"",0.272692695899612,0.0145074763233432,0.272281907259281,0.244678715271203,0.300565975025344,0.3,-0.0273073041003882,0.000745688857231077,TRUE,"parameter_recovery",4,250
"sparse_homogeneous",3,"bed","bayesc","residual_variance",FALSE,"not returned as identifiable per-chain draws by installed model",,,,,,,,,,"unavailable",4,0
"sparse_homogeneous",3,"bed","bayesc","vbs",TRUE,"",0.0173578902750719,0.00573260863763676,0.0162867296534305,0.00931028721516895,0.0326696705065069,,,,,"posterior_behaviour",4,250
"sparse_homogeneous",3,"bed","bayesc","ves",TRUE,"",1.02975053237678,0.0245143428908751,1.03014884413514,0.983853242933689,1.07889332504854,,,,,"posterior_behaviour",4,250
"sparse_homogeneous",3,"bed","bayesc","vgs",TRUE,"",0.386372392560196,0.0258385343179246,0.385976530294519,0.338200110630401,0.439546003021132,,,,,"posterior_behaviour",4,250
"sparse_homogeneous",3,"bed","bayesc","vld",TRUE,"",-0.00558834376730659,0.00317396158109422,-0.00558328231626648,-0.011913825693062,0.000379109168224469,,,,,"posterior_behaviour",4,250
"sparse_homogeneous",3,"bed","bayesc","vle",TRUE,"",0.391960736327503,0.0261153900321738,0.391172228930225,0.343411826883227,0.44621045507987,,,,,"posterior_behaviour",4,250
"sparse_homogeneous",3,"block_csr","sbayesc","component_proportion_0",FALSE,"not returned as identifiable per-chain draws by installed model",,,,,,,,,,"unavailable",4,0
"sparse_homogeneous",3,"block_csr","sbayesc","component_proportion_1",FALSE,"not returned as identifiable per-chain draws by installed model",,,,,,,,,,"unavailable",4,0
"sparse_homogeneous",3,"block_csr","sbayesc","component_proportion_2",FALSE,"not returned as identifiable per-chain draws by installed model",,,,,,,,,,"unavailable",4,0
"sparse_homogeneous",3,"block_csr","sbayesc","component_proportion_3",FALSE,"not returned as identifiable per-chain draws by installed model",,,,,,,,,,"unavailable",4,0
"sparse_homogeneous",3,"block_csr","sbayesc","effect_variance",FALSE,"not returned as identifiable per-chain draws by installed model",,,,,,,,,,"unavailable",4,0
"sparse_homogeneous",3,"block_csr","sbayesc","genetic_variance",FALSE,"not returned as identifiable per-chain draws by installed model",,,,,,,,,,"unavailable",4,0
"sparse_homogeneous",3,"block_csr","sbayesc","global_nonnull_proportion",TRUE,"",0.0010092496412731,4.37354370731497e-05,0.00100813371314844,0.00092382701548096,0.00109340581886927,,,,,"posterior_behaviour",4,250
"sparse_homogeneous",3,"block_csr","sbayesc","heritability",TRUE,"",0.294061657762263,0.0170896387290239,0.29429970934919,0.261719765668422,0.326530111918539,0.3,-0.00593834223773682,3.52639085324891e-05,TRUE,"parameter_recovery",4,250
"sparse_homogeneous",3,"block_csr","sbayesc","residual_variance",FALSE,"not returned as identifiable per-chain draws by installed model",,,,,,,,,,"unavailable",4,0
"sparse_homogeneous",3,"block_csr","sbayesc","vbs",TRUE,"",0.0100478597431857,0.00262754692044424,0.00969508276547791,0.00614163888187789,0.0157703913619598,,,,,"posterior_behaviour",4,250
"sparse_homogeneous",3,"block_csr","sbayesc","ves",TRUE,"",1.00032895508408,0.0277912354669319,0.999579192575056,0.945185448671965,1.05532278032681,,,,,"posterior_behaviour",4,250
"sparse_homogeneous",3,"block_csr","sbayesc","vgs",TRUE,"",0.416986520893945,0.0294548484463832,0.415907199732778,0.362425835650032,0.477229970963963,,,,,"posterior_behaviour",4,250
"sparse_homogeneous",3,"block_csr","sbayesc","vld",TRUE,"",0.00201964824664225,0.00108570273369492,0.00204234479047016,-0.000198252630310444,0.00415592024501434,,,,,"posterior_behaviour",4,250
"sparse_homogeneous",3,"block_csr","sbayesc","vle",TRUE,"",0.414966872647303,0.029362516517553,0.413739329894177,0.361378787988835,0.474834782445161,,,,,"posterior_behaviour",4,250
"sparse_homogeneous",3,"full_csr","sbayesc","component_proportion_0",FALSE,"not returned as identifiable per-chain draws by installed model",,,,,,,,,,"unavailable",4,0
"sparse_homogeneous",3,"full_csr","sbayesc","component_proportion_1",FALSE,"not returned as identifiable per-chain draws by installed model",,,,,,,,,,"unavailable",4,0
"sparse_homogeneous",3,"full_csr","sbayesc","component_proportion_2",FALSE,"not returned as identifiable per-chain draws by installed model",,,,,,,,,,"unavailable",4,0
"sparse_homogeneous",3,"full_csr","sbayesc","component_proportion_3",FALSE,"not returned as identifiable per-chain draws by installed model",,,,,,,,,,"unavailable",4,0
"sparse_homogeneous",3,"full_csr","sbayesc","effect_variance",FALSE,"not returned as identifiable per-chain draws by installed model",,,,,,,,,,"unavailable",4,0
"sparse_homogeneous",3,"full_csr","sbayesc","genetic_variance",FALSE,"not returned as identifiable per-chain draws by installed model",,,,,,,,,,"unavailable",4,0
"sparse_homogeneous",3,"full_csr","sbayesc","global_nonnull_proportion",TRUE,"",0.00100583920731962,4.25754120781027e-05,0.00100597628946359,0.00092261236796794,0.00108983625483691,,,,,"posterior_behaviour",4,250
"sparse_homogeneous",3,"full_csr","sbayesc","heritability",TRUE,"",0.29425212644437,0.0182472490704808,0.294633777395276,0.258464603507847,0.328827742913924,0.3,-0.00574787355562989,3.30380504115094e-05,TRUE,"parameter_recovery",4,250
"sparse_homogeneous",3,"full_csr","sbayesc","residual_variance",FALSE,"not returned as identifiable per-chain draws by installed model",,,,,,,,,,"unavailable",4,0
"sparse_homogeneous",3,"full_csr","sbayesc","vbs",TRUE,"",0.0101368057943318,0.00262872622493876,0.00962870446861053,0.0062536231608631,0.0166026460241132,,,,,"posterior_behaviour",4,250
"sparse_homogeneous",3,"full_csr","sbayesc","ves",TRUE,"",0.999543507810133,0.0291532420639314,0.999340375835424,0.9444868513074,1.05857600999516,,,,,"posterior_behaviour",4,250
"sparse_homogeneous",3,"full_csr","sbayesc","vgs",TRUE,"",0.417062390124502,0.0310725551505898,0.416609905051382,0.358967202837627,0.480659289810286,,,,,"posterior_behaviour",4,250
"sparse_homogeneous",3,"full_csr","sbayesc","vld",TRUE,"",0.000807965156450034,0.00110801132358048,0.000550195331250392,-0.000951404193995742,0.00324380889519851,,,,,"posterior_behaviour",4,250
"sparse_homogeneous",3,"full_csr","sbayesc","vle",TRUE,"",0.416254424968052,0.0308655771173672,0.415590263233779,0.357389140373798,0.480876554162921,,,,,"posterior_behaviour",4,250
"sparse_homogeneous",3,"low_rank_0995","sbayesc","component_proportion_0",FALSE,"not returned as identifiable per-chain draws by installed model",,,,,,,,,,"unavailable",4,0
"sparse_homogeneous",3,"low_rank_0995","sbayesc","component_proportion_1",FALSE,"not returned as identifiable per-chain draws by installed model",,,,,,,,,,"unavailable",4,0
"sparse_homogeneous",3,"low_rank_0995","sbayesc","component_proportion_2",FALSE,"not returned as identifiable per-chain draws by installed model",,,,,,,,,,"unavailable",4,0
"sparse_homogeneous",3,"low_rank_0995","sbayesc","component_proportion_3",FALSE,"not returned as identifiable per-chain draws by installed model",,,,,,,,,,"unavailable",4,0
"sparse_homogeneous",3,"low_rank_0995","sbayesc","effect_variance",FALSE,"not returned as identifiable per-chain draws by installed model",,,,,,,,,,"unavailable",4,0
"sparse_homogeneous",3,"low_rank_0995","sbayesc","genetic_variance",FALSE,"not returned as identifiable per-chain draws by installed model",,,,,,,,,,"unavailable",4,0
"sparse_homogeneous",3,"low_rank_0995","sbayesc","global_nonnull_proportion",TRUE,"",0.0010083514735628,4.43977456307607e-05,0.00100655635043845,0.000927388777704799,0.00109505547252204,,,,,"posterior_behaviour",4,250
"sparse_homogeneous",3,"low_rank_0995","sbayesc","heritability",TRUE,"",0.294951332317639,0.016967719795295,0.29488911529389,0.262751698022508,0.328036088577291,0.3,-0.00504866768236129,2.54890453669193e-05,TRUE,"parameter_recovery",4,250
"sparse_homogeneous",3,"low_rank_0995","sbayesc","residual_variance",FALSE,"not returned as identifiable per-chain draws by installed model",,,,,,,,,,"unavailable",4,0
"sparse_homogeneous",3,"low_rank_0995","sbayesc","vbs",TRUE,"",0.00996184790685174,0.0024658952508489,0.00957667135535251,0.00612400337797644,0.0158819429712694,,,,,"posterior_behaviour",4,250
"sparse_homogeneous",3,"low_rank_0995","sbayesc","ves",TRUE,"",0.997910262409185,0.0279013314611365,0.998066852119578,0.943112887678999,1.05331415622015,,,,,"posterior_behaviour",4,250
"sparse_homogeneous",3,"low_rank_0995","sbayesc","vgs",TRUE,"",0.417728791584506,0.0288309770481752,0.417742433202747,0.363815135152302,0.47762907215724,,,,,"posterior_behaviour",4,250
"sparse_homogeneous",3,"low_rank_0995","sbayesc","vld",TRUE,"",0.00228049356699483,0.00101730257590306,0.00228353580678667,0.00037129768522169,0.00433184004575723,,,,,"posterior_behaviour",4,250
"sparse_homogeneous",3,"low_rank_0995","sbayesc","vle",TRUE,"",0.415448298017512,0.0287175841222095,0.415601127034148,0.361789114809237,0.474377029168369,,,,,"posterior_behaviour",4,250
"sparse_homogeneous",3,"low_rank_0999","sbayesc","component_proportion_0",FALSE,"not returned as identifiable per-chain draws by installed model",,,,,,,,,,"unavailable",4,0
"sparse_homogeneous",3,"low_rank_0999","sbayesc","component_proportion_1",FALSE,"not returned as identifiable per-chain draws by installed model",,,,,,,,,,"unavailable",4,0
"sparse_homogeneous",3,"low_rank_0999","sbayesc","component_proportion_2",FALSE,"not returned as identifiable per-chain draws by installed model",,,,,,,,,,"unavailable",4,0
"sparse_homogeneous",3,"low_rank_0999","sbayesc","component_proportion_3",FALSE,"not returned as identifiable per-chain draws by installed model",,,,,,,,,,"unavailable",4,0
"sparse_homogeneous",3,"low_rank_0999","sbayesc","effect_variance",FALSE,"not returned as identifiable per-chain draws by installed model",,,,,,,,,,"unavailable",4,0
"sparse_homogeneous",3,"low_rank_0999","sbayesc","genetic_variance",FALSE,"not returned as identifiable per-chain draws by installed model",,,,,,,,,,"unavailable",4,0
"sparse_homogeneous",3,"low_rank_0999","sbayesc","global_nonnull_proportion",TRUE,"",0.00100498939818404,4.28009031617331e-05,0.00100428299256766,0.00092134475219571,0.00108883612956763,,,,,"posterior_behaviour",4,250
"sparse_homogeneous",3,"low_rank_0999","sbayesc","heritability",TRUE,"",0.29349310160718,0.017744954424837,0.294194489239533,0.257925606874475,0.327268452207315,0.3,-0.00650689839282026,4.23397266944869e-05,TRUE,"parameter_recovery",4,250
"sparse_homogeneous",3,"low_rank_0999","sbayesc","residual_variance",FALSE,"not returned as identifiable per-chain draws by installed model",,,,,,,,,,"unavailable",4,0
"sparse_homogeneous",3,"low_rank_0999","sbayesc","vbs",TRUE,"",0.0102414816691563,0.00261032639641444,0.00967594095147588,0.00649366576576337,0.0162894398402532,,,,,"posterior_behaviour",4,250
"sparse_homogeneous",3,"low_rank_0999","sbayesc","ves",TRUE,"",1.00061586348506,0.0288124176236431,1.00049356473447,0.945936694001565,1.05919439671391,,,,,"posterior_behaviour",4,250
"sparse_homogeneous",3,"low_rank_0999","sbayesc","vgs",TRUE,"",0.415922473256169,0.0295743175080267,0.416569989508967,0.358480518132002,0.471323386106766,,,,,"posterior_behaviour",4,250
"sparse_homogeneous",3,"low_rank_0999","sbayesc","vld",TRUE,"",0.00209965828943152,0.00107537131018577,0.0021196201546845,-9.69069689935778e-05,0.00404907159062579,,,,,"posterior_behaviour",4,250
"sparse_homogeneous",3,"low_rank_0999","sbayesc","vle",TRUE,"",0.413822814966737,0.0295133323606963,0.41452204064153,0.356162375934643,0.468464623438824,,,,,"posterior_behaviour",4,250
"sparse_homogeneous",3,"low_rank_full","sbayesc","component_proportion_0",FALSE,"not returned as identifiable per-chain draws by installed model",,,,,,,,,,"unavailable",4,0
"sparse_homogeneous",3,"low_rank_full","sbayesc","component_proportion_1",FALSE,"not returned as identifiable per-chain draws by installed model",,,,,,,,,,"unavailable",4,0
"sparse_homogeneous",3,"low_rank_full","sbayesc","component_proportion_2",FALSE,"not returned as identifiable per-chain draws by installed model",,,,,,,,,,"unavailable",4,0
"sparse_homogeneous",3,"low_rank_full","sbayesc","component_proportion_3",FALSE,"not returned as identifiable per-chain draws by installed model",,,,,,,,,,"unavailable",4,0
"sparse_homogeneous",3,"low_rank_full","sbayesc","effect_variance",FALSE,"not returned as identifiable per-chain draws by installed model",,,,,,,,,,"unavailable",4,0
"sparse_homogeneous",3,"low_rank_full","sbayesc","genetic_variance",FALSE,"not returned as identifiable per-chain draws by installed model",,,,,,,,,,"unavailable",4,0
"sparse_homogeneous",3,"low_rank_full","sbayesc","global_nonnull_proportion",TRUE,"",0.00100929517528992,4.54678138070713e-05,0.00100955459755259,0.00092441710644148,0.00109703396720234,,,,,"posterior_behaviour",4,250
"sparse_homogeneous",3,"low_rank_full","sbayesc","heritability",TRUE,"",0.294516646348309,0.0177612444478396,0.294490913421406,0.259078280398325,0.329716869572213,0.3,-0.00548335365169095,3.00671672695124e-05,TRUE,"parameter_recovery",4,250
"sparse_homogeneous",3,"low_rank_full","sbayesc","residual_variance",FALSE,"not returned as identifiable per-chain draws by installed model",,,,,,,,,,"unavailable",4,0
"sparse_homogeneous",3,"low_rank_full","sbayesc","vbs",TRUE,"",0.0100665774274327,0.00251940022689888,0.00966564257214001,0.00643075261864258,0.0159512238076442,,,,,"posterior_behaviour",4,250
"sparse_homogeneous",3,"low_rank_full","sbayesc","ves",TRUE,"",0.999263003085712,0.029453597844844,0.999217322314159,0.943186803202165,1.05790140172692,,,,,"posterior_behaviour",4,250
"sparse_homogeneous",3,"low_rank_full","sbayesc","vgs",TRUE,"",0.417430337486118,0.0300243108965529,0.41673635881528,0.359209724585386,0.474666592513122,,,,,"posterior_behaviour",4,250
"sparse_homogeneous",3,"low_rank_full","sbayesc","vld",TRUE,"",0.00209934747856992,0.00106882715674,0.00208212010119432,0.000181993298562662,0.00419189415343452,,,,,"posterior_behaviour",4,250
"sparse_homogeneous",3,"low_rank_full","sbayesc","vle",TRUE,"",0.415330990007548,0.0299207546859585,0.414814402195946,0.356535567138403,0.473326716739608,,,,,"posterior_behaviour",4,250
"sparse_homogeneous",4,"bed","bayesc","component_proportion_0",FALSE,"not returned as identifiable per-chain draws by installed model",,,,,,,,,,"unavailable",4,0
"sparse_homogeneous",4,"bed","bayesc","component_proportion_1",FALSE,"not returned as identifiable per-chain draws by installed model",,,,,,,,,,"unavailable",4,0
"sparse_homogeneous",4,"bed","bayesc","component_proportion_2",FALSE,"not returned as identifiable per-chain draws by installed model",,,,,,,,,,"unavailable",4,0
"sparse_homogeneous",4,"bed","bayesc","component_proportion_3",FALSE,"not returned as identifiable per-chain draws by installed model",,,,,,,,,,"unavailable",4,0
"sparse_homogeneous",4,"bed","bayesc","effect_variance",FALSE,"not returned as identifiable per-chain draws by installed model",,,,,,,,,,"unavailable",4,0
"sparse_homogeneous",4,"bed","bayesc","genetic_variance",FALSE,"not returned as identifiable per-chain draws by installed model",,,,,,,,,,"unavailable",4,0
"sparse_homogeneous",4,"bed","bayesc","global_nonnull_proportion",TRUE,"",0.00097609617181589,3.85508428950179e-05,0.000976780893225463,0.000898082303500429,0.00105090471843695,,,,,"posterior_behaviour",4,250
"sparse_homogeneous",4,"bed","bayesc","heritability",TRUE,"",0.272275552168437,0.0149267220922726,0.272737336380299,0.242574326633013,0.301581240021095,0.3,-0.0277244478315626,0.000768645007565038,TRUE,"parameter_recovery",4,250
"sparse_homogeneous",4,"bed","bayesc","residual_variance",FALSE,"not returned as identifiable per-chain draws by installed model",,,,,,,,,,"unavailable",4,0
"sparse_homogeneous",4,"bed","bayesc","vbs",TRUE,"",0.0179632492735513,0.00599380901188419,0.0167357079009017,0.00990182949506789,0.0322709560323638,,,,,"posterior_behaviour",4,250
"sparse_homogeneous",4,"bed","bayesc","ves",TRUE,"",1.0470303657877,0.0256992496816544,1.04545046032289,0.999385825449134,1.09755187050544,,,,,"posterior_behaviour",4,250
"sparse_homogeneous",4,"bed","bayesc","vgs",TRUE,"",0.392063627833407,0.0272438374596405,0.391029885392831,0.340694839178944,0.446067229797372,,,,,"posterior_behaviour",4,250
"sparse_homogeneous",4,"bed","bayesc","vld",TRUE,"",-0.0035551670234958,0.00318556281212259,-0.00361885611747567,-0.0099053945569793,0.00278348408911008,,,,,"posterior_behaviour",4,250
"sparse_homogeneous",4,"bed","bayesc","vle",TRUE,"",0.395618794856903,0.0278648162411764,0.394647932342513,0.342368174631835,0.452225743424553,,,,,"posterior_behaviour",4,250
"sparse_homogeneous",4,"block_csr","sbayesc","component_proportion_0",FALSE,"not returned as identifiable per-chain draws by installed model",,,,,,,,,,"unavailable",4,0
"sparse_homogeneous",4,"block_csr","sbayesc","component_proportion_1",FALSE,"not returned as identifiable per-chain draws by installed model",,,,,,,,,,"unavailable",4,0
"sparse_homogeneous",4,"block_csr","sbayesc","component_proportion_2",FALSE,"not returned as identifiable per-chain draws by installed model",,,,,,,,,,"unavailable",4,0
"sparse_homogeneous",4,"block_csr","sbayesc","component_proportion_3",FALSE,"not returned as identifiable per-chain draws by installed model",,,,,,,,,,"unavailable",4,0
"sparse_homogeneous",4,"block_csr","sbayesc","effect_variance",FALSE,"not returned as identifiable per-chain draws by installed model",,,,,,,,,,"unavailable",4,0
"sparse_homogeneous",4,"block_csr","sbayesc","genetic_variance",FALSE,"not returned as identifiable per-chain draws by installed model",,,,,,,,,,"unavailable",4,0
"sparse_homogeneous",4,"block_csr","sbayesc","global_nonnull_proportion",TRUE,"",0.00101153902063228,4.45224062167494e-05,0.00100997804294963,0.000929261524356064,0.00110391719874885,,,,,"posterior_behaviour",4,250
"sparse_homogeneous",4,"block_csr","sbayesc","heritability",TRUE,"",0.307342389134992,0.0182711926448044,0.307220465646209,0.270770322558641,0.34441275922366,0.3,0.00734238913499247,5.39106782096554e-05,TRUE,"parameter_recovery",4,250
"sparse_homogeneous",4,"block_csr","sbayesc","residual_variance",FALSE,"not returned as identifiable per-chain draws by installed model",,,,,,,,,,"unavailable",4,0
"sparse_homogeneous",4,"block_csr","sbayesc","vbs",TRUE,"",0.0102069471548955,0.00245310485515135,0.00986252156527343,0.00625480066715722,0.0156474363009449,,,,,"posterior_behaviour",4,250
"sparse_homogeneous",4,"block_csr","sbayesc","ves",TRUE,"",0.997234200592202,0.0310075287435512,0.997290325112403,0.935090693483542,1.05624538751838,,,,,"posterior_behaviour",4,250
"sparse_homogeneous",4,"block_csr","sbayesc","vgs",TRUE,"",0.442716690570686,0.030788017442822,0.442557994946765,0.378798059965692,0.502392363375854,,,,,"posterior_behaviour",4,250
"sparse_homogeneous",4,"block_csr","sbayesc","vld",TRUE,"",0.00080589052671935,0.000786403637203071,0.000817208824849591,-0.000678775249139521,0.00234089571259616,,,,,"posterior_behaviour",4,250
"sparse_homogeneous",4,"block_csr","sbayesc","vle",TRUE,"",0.441910800043966,0.0307557444515113,0.441828050924119,0.377603394756173,0.501928578605982,,,,,"posterior_behaviour",4,250
"sparse_homogeneous",4,"full_csr","sbayesc","component_proportion_0",FALSE,"not returned as identifiable per-chain draws by installed model",,,,,,,,,,"unavailable",4,0
"sparse_homogeneous",4,"full_csr","sbayesc","component_proportion_1",FALSE,"not returned as identifiable per-chain draws by installed model",,,,,,,,,,"unavailable",4,0
"sparse_homogeneous",4,"full_csr","sbayesc","component_proportion_2",FALSE,"not returned as identifiable per-chain draws by installed model",,,,,,,,,,"unavailable",4,0
"sparse_homogeneous",4,"full_csr","sbayesc","component_proportion_3",FALSE,"not returned as identifiable per-chain draws by installed model",,,,,,,,,,"unavailable",4,0
"sparse_homogeneous",4,"full_csr","sbayesc","effect_variance",FALSE,"not returned as identifiable per-chain draws by installed model",,,,,,,,,,"unavailable",4,0
"sparse_homogeneous",4,"full_csr","sbayesc","genetic_variance",FALSE,"not returned as identifiable per-chain draws by installed model",,,,,,,,,,"unavailable",4,0
"sparse_homogeneous",4,"full_csr","sbayesc","global_nonnull_proportion",TRUE,"",0.00101066936865705,4.4505065261831e-05,0.00101306493200053,0.000926192160302017,0.00109904750628627,,,,,"posterior_behaviour",4,250
"sparse_homogeneous",4,"full_csr","sbayesc","heritability",TRUE,"",0.305898689112557,0.0185492777354197,0.304314143271528,0.270782464192597,0.343620818563135,0.3,0.0058986891125567,3.47945332465949e-05,TRUE,"parameter_recovery",4,250
"sparse_homogeneous",4,"full_csr","sbayesc","residual_variance",FALSE,"not returned as identifiable per-chain draws by installed model",,,,,,,,,,"unavailable",4,0
"sparse_homogeneous",4,"full_csr","sbayesc","vbs",TRUE,"",0.0102625416804989,0.0027282243626353,0.00984210214137367,0.00643228602014073,0.0169163378659304,,,,,"posterior_behaviour",4,250
"sparse_homogeneous",4,"full_csr","sbayesc","ves",TRUE,"",0.998862113102936,0.0306094388925841,0.998777150665428,0.94351711754286,1.06066923211981,,,,,"posterior_behaviour",4,250
"sparse_homogeneous",4,"full_csr","sbayesc","vgs",TRUE,"",0.44051513910112,0.0320763496429339,0.438261300631386,0.381398170410681,0.506640311492649,,,,,"posterior_behaviour",4,250
"sparse_homogeneous",4,"full_csr","sbayesc","vld",TRUE,"",0.000325316504902698,0.000731235212848416,0.000308138370533062,-0.00108379701248235,0.00186758152296731,,,,,"posterior_behaviour",4,250
"sparse_homogeneous",4,"full_csr","sbayesc","vle",TRUE,"",0.440189822596217,0.0320226828333866,0.43798064715297,0.38150699931434,0.506321181336132,,,,,"posterior_behaviour",4,250
"sparse_homogeneous",4,"low_rank_0995","sbayesc","component_proportion_0",FALSE,"not returned as identifiable per-chain draws by installed model",,,,,,,,,,"unavailable",4,0
"sparse_homogeneous",4,"low_rank_0995","sbayesc","component_proportion_1",FALSE,"not returned as identifiable per-chain draws by installed model",,,,,,,,,,"unavailable",4,0
"sparse_homogeneous",4,"low_rank_0995","sbayesc","component_proportion_2",FALSE,"not returned as identifiable per-chain draws by installed model",,,,,,,,,,"unavailable",4,0
"sparse_homogeneous",4,"low_rank_0995","sbayesc","component_proportion_3",FALSE,"not returned as identifiable per-chain draws by installed model",,,,,,,,,,"unavailable",4,0
"sparse_homogeneous",4,"low_rank_0995","sbayesc","effect_variance",FALSE,"not returned as identifiable per-chain draws by installed model",,,,,,,,,,"unavailable",4,0
"sparse_homogeneous",4,"low_rank_0995","sbayesc","genetic_variance",FALSE,"not returned as identifiable per-chain draws by installed model",,,,,,,,,,"unavailable",4,0
"sparse_homogeneous",4,"low_rank_0995","sbayesc","global_nonnull_proportion",TRUE,"",0.00101072494472144,4.54993701948802e-05,0.00100902479117577,0.000925028665352629,0.00110494289212454,,,,,"posterior_behaviour",4,250
"sparse_homogeneous",4,"low_rank_0995","sbayesc","heritability",TRUE,"",0.305893071027714,0.0196055388017504,0.306305179726093,0.266967999374597,0.344152837219212,0.3,0.00589307102771397,3.47282861376818e-05,TRUE,"parameter_recovery",4,250
"sparse_homogeneous",4,"low_rank_0995","sbayesc","residual_variance",FALSE,"not returned as identifiable per-chain draws by installed model",,,,,,,,,,"unavailable",4,0
"sparse_homogeneous",4,"low_rank_0995","sbayesc","vbs",TRUE,"",0.0101574596097614,0.00254474130068891,0.00981517458709675,0.00626723210267113,0.0158277327477583,,,,,"posterior_behaviour",4,250
"sparse_homogeneous",4,"low_rank_0995","sbayesc","ves",TRUE,"",0.999331732057442,0.0302525657393761,0.999450676951576,0.942124746564809,1.05985457420319,,,,,"posterior_behaviour",4,250
"sparse_homogeneous",4,"low_rank_0995","sbayesc","vgs",TRUE,"",0.440738642348158,0.03334936199587,0.440323243730532,0.376625625477032,0.505180691448286,,,,,"posterior_behaviour",4,250
"sparse_homogeneous",4,"low_rank_0995","sbayesc","vld",TRUE,"",0.000740026183208777,0.000780284601852497,0.000760653376470827,-0.000843432150540425,0.00232838262501229,,,,,"posterior_behaviour",4,250
"sparse_homogeneous",4,"low_rank_0995","sbayesc","vle",TRUE,"",0.439998616164949,0.0333139612607713,0.439523013804279,0.375929046889034,0.504390668836629,,,,,"posterior_behaviour",4,250
"sparse_homogeneous",4,"low_rank_0999","sbayesc","component_proportion_0",FALSE,"not returned as identifiable per-chain draws by installed model",,,,,,,,,,"unavailable",4,0
"sparse_homogeneous",4,"low_rank_0999","sbayesc","component_proportion_1",FALSE,"not returned as identifiable per-chain draws by installed model",,,,,,,,,,"unavailable",4,0
"sparse_homogeneous",4,"low_rank_0999","sbayesc","component_proportion_2",FALSE,"not returned as identifiable per-chain draws by installed model",,,,,,,,,,"unavailable",4,0
"sparse_homogeneous",4,"low_rank_0999","sbayesc","component_proportion_3",FALSE,"not returned as identifiable per-chain draws by installed model",,,,,,,,,,"unavailable",4,0
"sparse_homogeneous",4,"low_rank_0999","sbayesc","effect_variance",FALSE,"not returned as identifiable per-chain draws by installed model",,,,,,,,,,"unavailable",4,0
"sparse_homogeneous",4,"low_rank_0999","sbayesc","genetic_variance",FALSE,"not returned as identifiable per-chain draws by installed model",,,,,,,,,,"unavailable",4,0
"sparse_homogeneous",4,"low_rank_0999","sbayesc","global_nonnull_proportion",TRUE,"",0.00101134988971161,4.57364891044823e-05,0.00101062467000521,0.000922221239578686,0.00109660849495343,,,,,"posterior_behaviour",4,250
"sparse_homogeneous",4,"low_rank_0999","sbayesc","heritability",TRUE,"",0.306433660198741,0.0188094521767483,0.307164157666265,0.269269246369889,0.344796900287407,0.3,0.00643366019874081,4.13919835528616e-05,TRUE,"parameter_recovery",4,250
"sparse_homogeneous",4,"low_rank_0999","sbayesc","residual_variance",FALSE,"not returned as identifiable per-chain draws by installed model",,,,,,,,,,"unavailable",4,0
"sparse_homogeneous",4,"low_rank_0999","sbayesc","vbs",TRUE,"",0.0102099114568037,0.00263264919643299,0.00979567845679364,0.00644677854637834,0.0166236188050373,,,,,"posterior_behaviour",4,250
"sparse_homogeneous",4,"low_rank_0999","sbayesc","ves",TRUE,"",0.998446859119558,0.030115314202792,0.998437030997603,0.936864105796368,1.05654658644004,,,,,"posterior_behaviour",4,250
"sparse_homogeneous",4,"low_rank_0999","sbayesc","vgs",TRUE,"",0.441432848785529,0.0320173940951479,0.441880859235771,0.378756277368072,0.50322647610139,,,,,"posterior_behaviour",4,250
"sparse_homogeneous",4,"low_rank_0999","sbayesc","vld",TRUE,"",0.000730207775872098,0.000789749324099079,0.00075859505872225,-0.000944105191140317,0.0021924252180744,,,,,"posterior_behaviour",4,250
"sparse_homogeneous",4,"low_rank_0999","sbayesc","vle",TRUE,"",0.440702641009657,0.0320099034366893,0.441311110718992,0.378059797225055,0.501861212151074,,,,,"posterior_behaviour",4,250
"sparse_homogeneous",4,"low_rank_full","sbayesc","component_proportion_0",FALSE,"not returned as identifiable per-chain draws by installed model",,,,,,,,,,"unavailable",4,0
"sparse_homogeneous",4,"low_rank_full","sbayesc","component_proportion_1",FALSE,"not returned as identifiable per-chain draws by installed model",,,,,,,,,,"unavailable",4,0
"sparse_homogeneous",4,"low_rank_full","sbayesc","component_proportion_2",FALSE,"not returned as identifiable per-chain draws by installed model",,,,,,,,,,"unavailable",4,0
"sparse_homogeneous",4,"low_rank_full","sbayesc","component_proportion_3",FALSE,"not returned as identifiable per-chain draws by installed model",,,,,,,,,,"unavailable",4,0
"sparse_homogeneous",4,"low_rank_full","sbayesc","effect_variance",FALSE,"not returned as identifiable per-chain draws by installed model",,,,,,,,,,"unavailable",4,0
"sparse_homogeneous",4,"low_rank_full","sbayesc","genetic_variance",FALSE,"not returned as identifiable per-chain draws by installed model",,,,,,,,,,"unavailable",4,0
"sparse_homogeneous",4,"low_rank_full","sbayesc","global_nonnull_proportion",TRUE,"",0.00101077611800394,4.52323642769779e-05,0.00100867884870988,0.000927488435097657,0.00110200023340743,,,,,"posterior_behaviour",4,250
"sparse_homogeneous",4,"low_rank_full","sbayesc","heritability",TRUE,"",0.3070496249497,0.0178780118546825,0.307016332508775,0.273410208627847,0.341111881097628,0.3,0.0070496249496998,4.96972119314298e-05,TRUE,"parameter_recovery",4,250
"sparse_homogeneous",4,"low_rank_full","sbayesc","residual_variance",FALSE,"not returned as identifiable per-chain draws by installed model",,,,,,,,,,"unavailable",4,0
"sparse_homogeneous",4,"low_rank_full","sbayesc","vbs",TRUE,"",0.0100742963723314,0.00251733139158203,0.0096673425573675,0.0064047604182931,0.0160585313479227,,,,,"posterior_behaviour",4,250
"sparse_homogeneous",4,"low_rank_full","sbayesc","ves",TRUE,"",0.997621166590413,0.0288733067161759,0.996512492575197,0.94191428388824,1.05299229004746,,,,,"posterior_behaviour",4,250
"sparse_homogeneous",4,"low_rank_full","sbayesc","vgs",TRUE,"",0.442357277122007,0.0312084289883855,0.440706794731175,0.386911102093088,0.504137589299327,,,,,"posterior_behaviour",4,250
"sparse_homogeneous",4,"low_rank_full","sbayesc","vld",TRUE,"",0.000865594612926392,0.000769823056471534,0.000886871660897903,-0.000700112171623712,0.00233292945987392,,,,,"posterior_behaviour",4,250
"sparse_homogeneous",4,"low_rank_full","sbayesc","vle",TRUE,"",0.44149168250908,0.0311357328730687,0.439288166871775,0.38663751104278,0.503909195569116,,,,,"posterior_behaviour",4,250
"sparse_homogeneous",5,"bed","bayesc","component_proportion_0",FALSE,"not returned as identifiable per-chain draws by installed model",,,,,,,,,,"unavailable",4,0
"sparse_homogeneous",5,"bed","bayesc","component_proportion_1",FALSE,"not returned as identifiable per-chain draws by installed model",,,,,,,,,,"unavailable",4,0
"sparse_homogeneous",5,"bed","bayesc","component_proportion_2",FALSE,"not returned as identifiable per-chain draws by installed model",,,,,,,,,,"unavailable",4,0
"sparse_homogeneous",5,"bed","bayesc","component_proportion_3",FALSE,"not returned as identifiable per-chain draws by installed model",,,,,,,,,,"unavailable",4,0
"sparse_homogeneous",5,"bed","bayesc","effect_variance",FALSE,"not returned as identifiable per-chain draws by installed model",,,,,,,,,,"unavailable",4,0
"sparse_homogeneous",5,"bed","bayesc","genetic_variance",FALSE,"not returned as identifiable per-chain draws by installed model",,,,,,,,,,"unavailable",4,0
"sparse_homogeneous",5,"bed","bayesc","global_nonnull_proportion",TRUE,"",0.000988257929771335,4.27870666141449e-05,0.000991603177787153,0.000913287504918523,0.00105778926343009,,,,,"posterior_behaviour",4,250
"sparse_homogeneous",5,"bed","bayesc","heritability",TRUE,"",0.291310902728864,0.0156493167664334,0.291556051716021,0.258822503644739,0.32223734909657,0.3,-0.00868909727113631,7.55004113872685e-05,TRUE,"parameter_recovery",4,250
"sparse_homogeneous",5,"bed","bayesc","residual_variance",FALSE,"not returned as identifiable per-chain draws by installed model",,,,,,,,,,"unavailable",4,0
"sparse_homogeneous",5,"bed","bayesc","vbs",TRUE,"",0.016549172556635,0.0051808754716605,0.0156288154761127,0.00937442329190472,0.0297938817719526,,,,,"posterior_behaviour",4,250
"sparse_homogeneous",5,"bed","bayesc","ves",TRUE,"",1.04738699458712,0.0259397163970666,1.04632767279986,0.99831233048004,1.10185659751079,,,,,"posterior_behaviour",4,250
"sparse_homogeneous",5,"bed","bayesc","vgs",TRUE,"",0.430895030517776,0.0295464882392862,0.430639542494347,0.372091029139932,0.489734972238388,,,,,"posterior_behaviour",4,250
"sparse_homogeneous",5,"bed","bayesc","vld",TRUE,"",0.0013992773535883,0.00291421779689628,0.00147489063188944,-0.00434981477248488,0.00701320339719379,,,,,"posterior_behaviour",4,250
"sparse_homogeneous",5,"bed","bayesc","vle",TRUE,"",0.429495753164187,0.0292451242574787,0.429408838318866,0.369360388743004,0.487716782268539,,,,,"posterior_behaviour",4,250
"sparse_homogeneous",5,"block_csr","sbayesc","component_proportion_0",FALSE,"not returned as identifiable per-chain draws by installed model",,,,,,,,,,"unavailable",4,0
"sparse_homogeneous",5,"block_csr","sbayesc","component_proportion_1",FALSE,"not returned as identifiable per-chain draws by installed model",,,,,,,,,,"unavailable",4,0
"sparse_homogeneous",5,"block_csr","sbayesc","component_proportion_2",FALSE,"not returned as identifiable per-chain draws by installed model",,,,,,,,,,"unavailable",4,0
"sparse_homogeneous",5,"block_csr","sbayesc","component_proportion_3",FALSE,"not returned as identifiable per-chain draws by installed model",,,,,,,,,,"unavailable",4,0
"sparse_homogeneous",5,"block_csr","sbayesc","effect_variance",FALSE,"not returned as identifiable per-chain draws by installed model",,,,,,,,,,"unavailable",4,0
"sparse_homogeneous",5,"block_csr","sbayesc","genetic_variance",FALSE,"not returned as identifiable per-chain draws by installed model",,,,,,,,,,"unavailable",4,0
"sparse_homogeneous",5,"block_csr","sbayesc","global_nonnull_proportion",TRUE,"",0.00101804039956032,4.52579470322063e-05,0.00101669292534678,0.000927672369083599,0.00110811654591646,,,,,"posterior_behaviour",4,250
"sparse_homogeneous",5,"block_csr","sbayesc","heritability",TRUE,"",0.332373878746478,0.0178147793414291,0.332322815621644,0.297013449151908,0.365810010916195,0.3,0.0323738787464783,0.00104806802509168,TRUE,"parameter_recovery",4,250
"sparse_homogeneous",5,"block_csr","sbayesc","residual_variance",FALSE,"not returned as identifiable per-chain draws by installed model",,,,,,,,,,"unavailable",4,0
"sparse_homogeneous",5,"block_csr","sbayesc","vbs",TRUE,"",0.010400782026566,0.0025418102548435,0.0100008548565099,0.00664700681624483,0.0171060239431145,,,,,"posterior_behaviour",4,250
"sparse_homogeneous",5,"block_csr","sbayesc","ves",TRUE,"",0.986993099528141,0.0293337164821858,0.986311049026062,0.932243337112911,1.04587677979675,,,,,"posterior_behaviour",4,250
"sparse_homogeneous",5,"block_csr","sbayesc","vgs",TRUE,"",0.491666278477194,0.0320533813359239,0.492061249983121,0.427845487398174,0.554449390939345,,,,,"posterior_behaviour",4,250
"sparse_homogeneous",5,"block_csr","sbayesc","vld",TRUE,"",-0.000377410067989425,0.000895821368806371,-0.000362930471947021,-0.00218175813040183,0.00126086934825139,,,,,"posterior_behaviour",4,250
"sparse_homogeneous",5,"block_csr","sbayesc","vle",TRUE,"",0.492043688545184,0.0321374578549369,0.492413814409621,0.427651426487328,0.554482872442156,,,,,"posterior_behaviour",4,250
"sparse_homogeneous",5,"full_csr","sbayesc","component_proportion_0",FALSE,"not returned as identifiable per-chain draws by installed model",,,,,,,,,,"unavailable",4,0
"sparse_homogeneous",5,"full_csr","sbayesc","component_proportion_1",FALSE,"not returned as identifiable per-chain draws by installed model",,,,,,,,,,"unavailable",4,0
"sparse_homogeneous",5,"full_csr","sbayesc","component_proportion_2",FALSE,"not returned as identifiable per-chain draws by installed model",,,,,,,,,,"unavailable",4,0
"sparse_homogeneous",5,"full_csr","sbayesc","component_proportion_3",FALSE,"not returned as identifiable per-chain draws by installed model",,,,,,,,,,"unavailable",4,0
"sparse_homogeneous",5,"full_csr","sbayesc","effect_variance",FALSE,"not returned as identifiable per-chain draws by installed model",,,,,,,,,,"unavailable",4,0
"sparse_homogeneous",5,"full_csr","sbayesc","genetic_variance",FALSE,"not returned as identifiable per-chain draws by installed model",,,,,,,,,,"unavailable",4,0
"sparse_homogeneous",5,"full_csr","sbayesc","global_nonnull_proportion",TRUE,"",0.00101700016788332,4.41729072724712e-05,0.00101624569734605,0.00093401630348012,0.00110819351434647,,,,,"posterior_behaviour",4,250
"sparse_homogeneous",5,"full_csr","sbayesc","heritability",TRUE,"",0.330281566452255,0.0179057144411935,0.329497931556895,0.295174794404992,0.364828066503033,0.3,0.0302815664522553,0.000916973266802352,TRUE,"parameter_recovery",4,250
"sparse_homogeneous",5,"full_csr","sbayesc","residual_variance",FALSE,"not returned as identifiable per-chain draws by installed model",,,,,,,,,,"unavailable",4,0
"sparse_homogeneous",5,"full_csr","sbayesc","vbs",TRUE,"",0.0104678528821457,0.00260413086714768,0.0100513170850162,0.00673868501212789,0.0167720567702058,,,,,"posterior_behaviour",4,250
"sparse_homogeneous",5,"full_csr","sbayesc","ves",TRUE,"",0.989419538448746,0.030311998885202,0.988221200269518,0.929920297645424,1.05137069313532,,,,,"posterior_behaviour",4,250
"sparse_homogeneous",5,"full_csr","sbayesc","vgs",TRUE,"",0.488268306427566,0.0326945000180452,0.485958981840832,0.42460627112754,0.553020426435332,,,,,"posterior_behaviour",4,250
"sparse_homogeneous",5,"full_csr","sbayesc","vld",TRUE,"",-0.000256174894997584,0.000712203348183455,-0.000228265786639287,-0.00165915415792147,0.00113654779411022,,,,,"posterior_behaviour",4,250
"sparse_homogeneous",5,"full_csr","sbayesc","vle",TRUE,"",0.488524481322564,0.0327316938920637,0.486452157564907,0.424413463704082,0.554180827181257,,,,,"posterior_behaviour",4,250
"sparse_homogeneous",5,"low_rank_0995","sbayesc","component_proportion_0",FALSE,"not returned as identifiable per-chain draws by installed model",,,,,,,,,,"unavailable",4,0
"sparse_homogeneous",5,"low_rank_0995","sbayesc","component_proportion_1",FALSE,"not returned as identifiable per-chain draws by installed model",,,,,,,,,,"unavailable",4,0
"sparse_homogeneous",5,"low_rank_0995","sbayesc","component_proportion_2",FALSE,"not returned as identifiable per-chain draws by installed model",,,,,,,,,,"unavailable",4,0
"sparse_homogeneous",5,"low_rank_0995","sbayesc","component_proportion_3",FALSE,"not returned as identifiable per-chain draws by installed model",,,,,,,,,,"unavailable",4,0
"sparse_homogeneous",5,"low_rank_0995","sbayesc","effect_variance",FALSE,"not returned as identifiable per-chain draws by installed model",,,,,,,,,,"unavailable",4,0
"sparse_homogeneous",5,"low_rank_0995","sbayesc","genetic_variance",FALSE,"not returned as identifiable per-chain draws by installed model",,,,,,,,,,"unavailable",4,0
"sparse_homogeneous",5,"low_rank_0995","sbayesc","global_nonnull_proportion",TRUE,"",0.00101630093741003,4.33893340053833e-05,0.00101600349186423,0.000932040251494068,0.00110492306607015,,,,,"posterior_behaviour",4,250
"sparse_homogeneous",5,"low_rank_0995","sbayesc","heritability",TRUE,"",0.328042527448567,0.0187222932691901,0.328472637337997,0.291165623562598,0.366070467803194,0.3,0.0280425274485668,0.000786383345703621,TRUE,"parameter_recovery",4,250
"sparse_homogeneous",5,"low_rank_0995","sbayesc","residual_variance",FALSE,"not returned as identifiable per-chain draws by installed model",,,,,,,,,,"unavailable",4,0
"sparse_homogeneous",5,"low_rank_0995","sbayesc","vbs",TRUE,"",0.0104877675098716,0.00250276013770269,0.0100309098820008,0.00680560588850783,0.016385949862846,,,,,"posterior_behaviour",4,250
"sparse_homogeneous",5,"low_rank_0995","sbayesc","ves",TRUE,"",0.994512351193064,0.0302122111354871,0.995082588794696,0.933462478344391,1.05396999943524,,,,,"posterior_behaviour",4,250
"sparse_homogeneous",5,"low_rank_0995","sbayesc","vgs",TRUE,"",0.485877262989547,0.0340729906737055,0.48534629932585,0.420878591341584,0.555832946802415,,,,,"posterior_behaviour",4,250
"sparse_homogeneous",5,"low_rank_0995","sbayesc","vld",TRUE,"",-0.000475608508704723,0.000898411422779457,-0.000429150154484886,-0.00231185970094818,0.00119174204995215,,,,,"posterior_behaviour",4,250
"sparse_homogeneous",5,"low_rank_0995","sbayesc","vle",TRUE,"",0.486352871498252,0.0342206731291481,0.485653972293049,0.420989323770553,0.557999461748729,,,,,"posterior_behaviour",4,250
"sparse_homogeneous",5,"low_rank_0999","sbayesc","component_proportion_0",FALSE,"not returned as identifiable per-chain draws by installed model",,,,,,,,,,"unavailable",4,0
"sparse_homogeneous",5,"low_rank_0999","sbayesc","component_proportion_1",FALSE,"not returned as identifiable per-chain draws by installed model",,,,,,,,,,"unavailable",4,0
"sparse_homogeneous",5,"low_rank_0999","sbayesc","component_proportion_2",FALSE,"not returned as identifiable per-chain draws by installed model",,,,,,,,,,"unavailable",4,0
"sparse_homogeneous",5,"low_rank_0999","sbayesc","component_proportion_3",FALSE,"not returned as identifiable per-chain draws by installed model",,,,,,,,,,"unavailable",4,0
"sparse_homogeneous",5,"low_rank_0999","sbayesc","effect_variance",FALSE,"not returned as identifiable per-chain draws by installed model",,,,,,,,,,"unavailable",4,0
"sparse_homogeneous",5,"low_rank_0999","sbayesc","genetic_variance",FALSE,"not returned as identifiable per-chain draws by installed model",,,,,,,,,,"unavailable",4,0
"sparse_homogeneous",5,"low_rank_0999","sbayesc","global_nonnull_proportion",TRUE,"",0.001019407765055,4.52928416172407e-05,0.00101937271978659,0.000929583937835739,0.00111295387505623,,,,,"posterior_behaviour",4,250
"sparse_homogeneous",5,"low_rank_0999","sbayesc","heritability",TRUE,"",0.333139419870227,0.0185381211779201,0.333421200932906,0.297517505701537,0.368447700183667,0.3,0.0331394198702269,0.00109822114933519,TRUE,"parameter_recovery",4,250
"sparse_homogeneous",5,"low_rank_0999","sbayesc","residual_variance",FALSE,"not returned as identifiable per-chain draws by installed model",,,,,,,,,,"unavailable",4,0
"sparse_homogeneous",5,"low_rank_0999","sbayesc","vbs",TRUE,"",0.0105559231518384,0.0024056554954743,0.0101712695200864,0.0067451720115173,0.0159943800989269,,,,,"posterior_behaviour",4,250
"sparse_homogeneous",5,"low_rank_0999","sbayesc","ves",TRUE,"",0.98754768208175,0.0293082889752493,0.985904449309544,0.932719140866073,1.0462337178164,,,,,"posterior_behaviour",4,250
"sparse_homogeneous",5,"low_rank_0999","sbayesc","vgs",TRUE,"",0.493719234701617,0.0339445705376493,0.493350140805757,0.428362037910438,0.561828093653691,,,,,"posterior_behaviour",4,250
"sparse_homogeneous",5,"low_rank_0999","sbayesc","vld",TRUE,"",-0.000450321853321471,0.000912368571941723,-0.000424110026604863,-0.00240950807531196,0.00122940660397936,,,,,"posterior_behaviour",4,250
"sparse_homogeneous",5,"low_rank_0999","sbayesc","vle",TRUE,"",0.494169556554939,0.0341113557818972,0.494064043791031,0.428057563851431,0.562203639932474,,,,,"posterior_behaviour",4,250
"sparse_homogeneous",5,"low_rank_full","sbayesc","component_proportion_0",FALSE,"not returned as identifiable per-chain draws by installed model",,,,,,,,,,"unavailable",4,0
"sparse_homogeneous",5,"low_rank_full","sbayesc","component_proportion_1",FALSE,"not returned as identifiable per-chain draws by installed model",,,,,,,,,,"unavailable",4,0
"sparse_homogeneous",5,"low_rank_full","sbayesc","component_proportion_2",FALSE,"not returned as identifiable per-chain draws by installed model",,,,,,,,,,"unavailable",4,0
"sparse_homogeneous",5,"low_rank_full","sbayesc","component_proportion_3",FALSE,"not returned as identifiable per-chain draws by installed model",,,,,,,,,,"unavailable",4,0
"sparse_homogeneous",5,"low_rank_full","sbayesc","effect_variance",FALSE,"not returned as identifiable per-chain draws by installed model",,,,,,,,,,"unavailable",4,0
"sparse_homogeneous",5,"low_rank_full","sbayesc","genetic_variance",FALSE,"not returned as identifiable per-chain draws by installed model",,,,,,,,,,"unavailable",4,0
"sparse_homogeneous",5,"low_rank_full","sbayesc","global_nonnull_proportion",TRUE,"",0.00102012050129473,4.4423321092779e-05,0.00101968542849036,0.000933428394248099,0.00110599447134651,,,,,"posterior_behaviour",4,250
"sparse_homogeneous",5,"low_rank_full","sbayesc","heritability",TRUE,"",0.332572269352907,0.0186550023199636,0.331684226076207,0.29921970991418,0.371283870830374,0.3,0.0325722693529066,0.0010609527307983,TRUE,"parameter_recovery",4,250
"sparse_homogeneous",5,"low_rank_full","sbayesc","residual_variance",FALSE,"not returned as identifiable per-chain draws by installed model",,,,,,,,,,"unavailable",4,0
"sparse_homogeneous",5,"low_rank_full","sbayesc","vbs",TRUE,"",0.0106085707187045,0.00261887289462885,0.0101656290711448,0.00682874751999734,0.0169385669789836,,,,,"posterior_behaviour",4,250
"sparse_homogeneous",5,"low_rank_full","sbayesc","ves",TRUE,"",0.988536575107233,0.0292404132171801,0.988771181748828,0.933279311656773,1.04390965580361,,,,,"posterior_behaviour",4,250
"sparse_homogeneous",5,"low_rank_full","sbayesc","vgs",TRUE,"",0.492962183716735,0.0342097691373142,0.491048047979255,0.42863920443614,0.563970590346649,,,,,"posterior_behaviour",4,250
"sparse_homogeneous",5,"low_rank_full","sbayesc","vld",TRUE,"",-0.000365822385779796,0.000897557826050716,-0.000333619208106567,-0.00224330939593483,0.00131362891316503,,,,,"posterior_behaviour",4,250
"sparse_homogeneous",5,"low_rank_full","sbayesc","vle",TRUE,"",0.493328006102515,0.0343315380247014,0.491572719612726,0.428795892636779,0.565459824711884,,,,,"posterior_behaviour",4,250
"sparse_mixture",1,"bed","bayesr","component_proportion_0",FALSE,"not returned as identifiable per-chain draws by installed model",,,,,,,,,,"unavailable",4,0
"sparse_mixture",1,"bed","bayesr","component_proportion_1",FALSE,"not returned as identifiable per-chain draws by installed model",,,,,,,,,,"unavailable",4,0
"sparse_mixture",1,"bed","bayesr","component_proportion_2",FALSE,"not returned as identifiable per-chain draws by installed model",,,,,,,,,,"unavailable",4,0
"sparse_mixture",1,"bed","bayesr","component_proportion_3",FALSE,"not returned as identifiable per-chain draws by installed model",,,,,,,,,,"unavailable",4,0
"sparse_mixture",1,"bed","bayesr","effect_variance",FALSE,"not returned as identifiable per-chain draws by installed model",,,,,,,,,,"unavailable",4,0
"sparse_mixture",1,"bed","bayesr","genetic_variance",FALSE,"not returned as identifiable per-chain draws by installed model",,,,,,,,,,"unavailable",4,0
"sparse_mixture",1,"bed","bayesr","global_nonnull_proportion",FALSE,"not returned as identifiable per-chain draws by installed model",,,,,,,,,,"unavailable",4,0
"sparse_mixture",1,"bed","bayesr","heritability",TRUE,"",0.275962263114065,0.0162914174159082,0.275857586772646,0.243270809282261,0.308548741887949,0.3,-0.0240377368859347,0.000577812794597425,TRUE,"parameter_recovery",4,1000
"sparse_mixture",1,"bed","bayesr","residual_variance",FALSE,"not returned as identifiable per-chain draws by installed model",,,,,,,,,,"unavailable",4,0
"sparse_mixture",1,"bed","bayesr","vbs",TRUE,"",0.00360296634365587,0.000586407676450121,0.00354347464597194,0.00262599220613907,0.00498694605604233,,,,,"posterior_behaviour",4,1000
"sparse_mixture",1,"bed","bayesr","ves",TRUE,"",1.01095175673143,0.0277030498464049,1.01045266904247,0.959012971250079,1.06696659142205,,,,,"posterior_behaviour",4,1000
"sparse_mixture",1,"bed","bayesr","vgs",TRUE,"",0.385555449164306,0.0271691378149518,0.38497530997358,0.33263869114836,0.439561503370878,,,,,"posterior_behaviour",4,1000
"sparse_mixture",1,"bed","bayesr","vld",TRUE,"",-0.00382918199663479,0.00649508114212824,-0.00363250801209933,-0.0171582470172361,0.00857895094700745,,,,,"posterior_behaviour",4,1000
"sparse_mixture",1,"bed","bayesr","vle",TRUE,"",0.38938463116094,0.028154678122158,0.388564084492372,0.335130068007283,0.447263464541876,,,,,"posterior_behaviour",4,1000
"sparse_mixture",1,"block_csr","sbayesr","component_proportion_0",FALSE,"not returned as identifiable per-chain draws by installed model",,,,,,,,,,"unavailable",4,0
"sparse_mixture",1,"block_csr","sbayesr","component_proportion_1",FALSE,"not returned as identifiable per-chain draws by installed model",,,,,,,,,,"unavailable",4,0
"sparse_mixture",1,"block_csr","sbayesr","component_proportion_2",FALSE,"not returned as identifiable per-chain draws by installed model",,,,,,,,,,"unavailable",4,0
"sparse_mixture",1,"block_csr","sbayesr","component_proportion_3",FALSE,"not returned as identifiable per-chain draws by installed model",,,,,,,,,,"unavailable",4,0
"sparse_mixture",1,"block_csr","sbayesr","effect_variance",FALSE,"not returned as identifiable per-chain draws by installed model",,,,,,,,,,"unavailable",4,0
"sparse_mixture",1,"block_csr","sbayesr","genetic_variance",FALSE,"not returned as identifiable per-chain draws by installed model",,,,,,,,,,"unavailable",4,0
"sparse_mixture",1,"block_csr","sbayesr","global_nonnull_proportion",TRUE,"",0.00996018254513799,0.000141935970715594,0.0099586837592216,0.00967761399688152,0.010249374227064,,,,,"posterior_behaviour",4,1000
"sparse_mixture",1,"block_csr","sbayesr","heritability",TRUE,"",0.377278832760393,0.0239408203761724,0.377525846435878,0.32955688425297,0.424565508224424,0.3,0.0772788327603932,0.00597201799280882,FALSE,"parameter_recovery",4,1000
"sparse_mixture",1,"block_csr","sbayesr","residual_variance",FALSE,"not returned as identifiable per-chain draws by installed model",,,,,,,,,,"unavailable",4,0
"sparse_mixture",1,"block_csr","sbayesr","vbs",TRUE,"",0.00452422570658869,0.000762123471698962,0.00442980108941332,0.00330583799485518,0.00631284492157719,,,,,"posterior_behaviour",4,1000
"sparse_mixture",1,"block_csr","sbayesr","ves",TRUE,"",0.869886208241472,0.0353402407968528,0.869197000056437,0.802093202793778,0.939642993780942,,,,,"posterior_behaviour",4,1000
"sparse_mixture",1,"block_csr","sbayesr","vgs",TRUE,"",0.527376260292074,0.0392246615886363,0.526661047998121,0.451133060180192,0.60571842279432,,,,,"posterior_behaviour",4,1000
"sparse_mixture",1,"block_csr","sbayesr","vld",TRUE,"",-0.000854704427471364,0.00152848245933629,-0.000807869320607335,-0.00390711205353649,0.00205429451684714,,,,,"posterior_behaviour",4,1000
"sparse_mixture",1,"block_csr","sbayesr","vle",TRUE,"",0.528230964719546,0.0394240582107656,0.527286984653982,0.451972300043392,0.607670704828826,,,,,"posterior_behaviour",4,1000
"sparse_mixture",1,"full_csr","sbayesr","component_proportion_0",FALSE,"not returned as identifiable per-chain draws by installed model",,,,,,,,,,"unavailable",4,0
"sparse_mixture",1,"full_csr","sbayesr","component_proportion_1",FALSE,"not returned as identifiable per-chain draws by installed model",,,,,,,,,,"unavailable",4,0
"sparse_mixture",1,"full_csr","sbayesr","component_proportion_2",FALSE,"not returned as identifiable per-chain draws by installed model",,,,,,,,,,"unavailable",4,0
"sparse_mixture",1,"full_csr","sbayesr","component_proportion_3",FALSE,"not returned as identifiable per-chain draws by installed model",,,,,,,,,,"unavailable",4,0
"sparse_mixture",1,"full_csr","sbayesr","effect_variance",FALSE,"not returned as identifiable per-chain draws by installed model",,,,,,,,,,"unavailable",4,0
"sparse_mixture",1,"full_csr","sbayesr","genetic_variance",FALSE,"not returned as identifiable per-chain draws by installed model",,,,,,,,,,"unavailable",4,0
"sparse_mixture",1,"full_csr","sbayesr","global_nonnull_proportion",TRUE,"",0.00995977096221115,0.000142395772311426,0.0099595192057112,0.00967904989057794,0.0102397796137686,,,,,"posterior_behaviour",4,2000
"sparse_mixture",1,"full_csr","sbayesr","heritability",TRUE,"",0.377230199311784,0.0237121574407718,0.377295275974481,0.331406764046255,0.424372246771462,0.3,0.0772301993117844,0.00596450368573794,FALSE,"parameter_recovery",4,2000
"sparse_mixture",1,"full_csr","sbayesr","residual_variance",FALSE,"not returned as identifiable per-chain draws by installed model",,,,,,,,,,"unavailable",4,0
"sparse_mixture",1,"full_csr","sbayesr","vbs",TRUE,"",0.00453762423323929,0.000745648637490397,0.00446429167904197,0.00330999032246223,0.00622033815849153,,,,,"posterior_behaviour",4,2000
"sparse_mixture",1,"full_csr","sbayesr","ves",TRUE,"",0.870643550923823,0.0351923986966178,0.870638937277534,0.801142705937533,0.940185979730756,,,,,"posterior_behaviour",4,2000
"sparse_mixture",1,"full_csr","sbayesr","vgs",TRUE,"",0.5276897056343,0.0385143631815836,0.526632589933023,0.455060842264378,0.60338722297829,,,,,"posterior_behaviour",4,2000
"sparse_mixture",1,"full_csr","sbayesr","vld",TRUE,"",-0.00015151960912017,0.00124364810935646,-0.000117511608964505,-0.00278553903964708,0.00218104164961606,,,,,"posterior_behaviour",4,2000
"sparse_mixture",1,"full_csr","sbayesr","vle",TRUE,"",0.527841225243421,0.0385635988273231,0.526833959934024,0.454637621203797,0.603476990180374,,,,,"posterior_behaviour",4,2000
"sparse_mixture",1,"low_rank_0995","sbayesr","component_proportion_0",FALSE,"not returned as identifiable per-chain draws by installed model",,,,,,,,,,"unavailable",4,0
"sparse_mixture",1,"low_rank_0995","sbayesr","component_proportion_1",FALSE,"not returned as identifiable per-chain draws by installed model",,,,,,,,,,"unavailable",4,0
"sparse_mixture",1,"low_rank_0995","sbayesr","component_proportion_2",FALSE,"not returned as identifiable per-chain draws by installed model",,,,,,,,,,"unavailable",4,0
"sparse_mixture",1,"low_rank_0995","sbayesr","component_proportion_3",FALSE,"not returned as identifiable per-chain draws by installed model",,,,,,,,,,"unavailable",4,0
"sparse_mixture",1,"low_rank_0995","sbayesr","effect_variance",FALSE,"not returned as identifiable per-chain draws by installed model",,,,,,,,,,"unavailable",4,0
"sparse_mixture",1,"low_rank_0995","sbayesr","genetic_variance",FALSE,"not returned as identifiable per-chain draws by installed model",,,,,,,,,,"unavailable",4,0
"sparse_mixture",1,"low_rank_0995","sbayesr","global_nonnull_proportion",TRUE,"",0.00995857489595174,0.000140029529337219,0.00995652935373842,0.00969637984340231,0.0102333624062369,,,,,"posterior_behaviour",4,1000
"sparse_mixture",1,"low_rank_0995","sbayesr","heritability",TRUE,"",0.373396588675778,0.0237129717091026,0.373482030792809,0.326893868428028,0.4199663691492,0.3,0.0733965886757775,0.00538705922924127,FALSE,"parameter_recovery",4,1000
"sparse_mixture",1,"low_rank_0995","sbayesr","residual_variance",FALSE,"not returned as identifiable per-chain draws by installed model",,,,,,,,,,"unavailable",4,0
"sparse_mixture",1,"low_rank_0995","sbayesr","vbs",TRUE,"",0.00448469273287416,0.000723270307775036,0.00441572782293697,0.00327211080710105,0.00610104462209734,,,,,"posterior_behaviour",4,1000
"sparse_mixture",1,"low_rank_0995","sbayesr","ves",TRUE,"",0.875633959917234,0.0349296832577039,0.875826252560518,0.808669749355544,0.943268673406332,,,,,"posterior_behaviour",4,1000
"sparse_mixture",1,"low_rank_0995","sbayesr","vgs",TRUE,"",0.522125652209361,0.0385709488877917,0.522385010764646,0.448288077502793,0.599326252624626,,,,,"posterior_behaviour",4,1000
"sparse_mixture",1,"low_rank_0995","sbayesr","vld",TRUE,"",-0.000677770736571191,0.00157194796443824,-0.000703684205976829,-0.00381029855539038,0.00235641558923019,,,,,"posterior_behaviour",4,1000
"sparse_mixture",1,"low_rank_0995","sbayesr","vle",TRUE,"",0.522803422945933,0.0386958153497807,0.523105719912808,0.448112926919419,0.600625757365885,,,,,"posterior_behaviour",4,1000
"sparse_mixture",1,"low_rank_0999","sbayesr","component_proportion_0",FALSE,"not returned as identifiable per-chain draws by installed model",,,,,,,,,,"unavailable",4,0
"sparse_mixture",1,"low_rank_0999","sbayesr","component_proportion_1",FALSE,"not returned as identifiable per-chain draws by installed model",,,,,,,,,,"unavailable",4,0
"sparse_mixture",1,"low_rank_0999","sbayesr","component_proportion_2",FALSE,"not returned as identifiable per-chain draws by installed model",,,,,,,,,,"unavailable",4,0
"sparse_mixture",1,"low_rank_0999","sbayesr","component_proportion_3",FALSE,"not returned as identifiable per-chain draws by installed model",,,,,,,,,,"unavailable",4,0
"sparse_mixture",1,"low_rank_0999","sbayesr","effect_variance",FALSE,"not returned as identifiable per-chain draws by installed model",,,,,,,,,,"unavailable",4,0
"sparse_mixture",1,"low_rank_0999","sbayesr","genetic_variance",FALSE,"not returned as identifiable per-chain draws by installed model",,,,,,,,,,"unavailable",4,0
"sparse_mixture",1,"low_rank_0999","sbayesr","global_nonnull_proportion",TRUE,"",0.00996003171702062,0.000141500925655446,0.00995818152737116,0.00969367990547656,0.0102350701355988,,,,,"posterior_behaviour",4,1000
"sparse_mixture",1,"low_rank_0999","sbayesr","heritability",TRUE,"",0.376412916177182,0.0234476482116587,0.375725157527583,0.331633788772902,0.42298218543405,0.3,0.0764129161771821,0.00583893375870106,FALSE,"parameter_recovery",4,1000
"sparse_mixture",1,"low_rank_0999","sbayesr","residual_variance",FALSE,"not returned as identifiable per-chain draws by installed model",,,,,,,,,,"unavailable",4,0
"sparse_mixture",1,"low_rank_0999","sbayesr","vbs",TRUE,"",0.00451236506284797,0.000754543840215034,0.00443361845814872,0.00329145360925333,0.00620370311859252,,,,,"posterior_behaviour",4,1000
"sparse_mixture",1,"low_rank_0999","sbayesr","ves",TRUE,"",0.871620272230184,0.0346143217163157,0.871802925852486,0.802161961467913,0.936869828682279,,,,,"posterior_behaviour",4,1000
"sparse_mixture",1,"low_rank_0999","sbayesr","vgs",TRUE,"",0.526461527258199,0.0383135986883066,0.525529775790166,0.454229595392709,0.604808774503214,,,,,"posterior_behaviour",4,1000
"sparse_mixture",1,"low_rank_0999","sbayesr","vld",TRUE,"",-0.000842531910238991,0.00154539105247344,-0.000823155371433987,-0.00392093268826232,0.00222257291698739,,,,,"posterior_behaviour",4,1000
"sparse_mixture",1,"low_rank_0999","sbayesr","vle",TRUE,"",0.527304059168438,0.0384662054348302,0.526663968188475,0.454615457088532,0.606045596572752,,,,,"posterior_behaviour",4,1000
"sparse_mixture",1,"low_rank_full","sbayesr","component_proportion_0",FALSE,"not returned as identifiable per-chain draws by installed model",,,,,,,,,,"unavailable",4,0
"sparse_mixture",1,"low_rank_full","sbayesr","component_proportion_1",FALSE,"not returned as identifiable per-chain draws by installed model",,,,,,,,,,"unavailable",4,0
"sparse_mixture",1,"low_rank_full","sbayesr","component_proportion_2",FALSE,"not returned as identifiable per-chain draws by installed model",,,,,,,,,,"unavailable",4,0
"sparse_mixture",1,"low_rank_full","sbayesr","component_proportion_3",FALSE,"not returned as identifiable per-chain draws by installed model",,,,,,,,,,"unavailable",4,0
"sparse_mixture",1,"low_rank_full","sbayesr","effect_variance",FALSE,"not returned as identifiable per-chain draws by installed model",,,,,,,,,,"unavailable",4,0
"sparse_mixture",1,"low_rank_full","sbayesr","genetic_variance",FALSE,"not returned as identifiable per-chain draws by installed model",,,,,,,,,,"unavailable",4,0
"sparse_mixture",1,"low_rank_full","sbayesr","global_nonnull_proportion",TRUE,"",0.00995865902954053,0.000141075949654827,0.00996232214090759,0.00967798288081602,0.010239761406616,,,,,"posterior_behaviour",4,1000
"sparse_mixture",1,"low_rank_full","sbayesr","heritability",TRUE,"",0.37791284233808,0.0235692992344384,0.377875352746697,0.333157583340339,0.424574271845266,0.3,0.0779128423380803,0.00607041100119856,FALSE,"parameter_recovery",4,1000
"sparse_mixture",1,"low_rank_full","sbayesr","residual_variance",FALSE,"not returned as identifiable per-chain draws by installed model",,,,,,,,,,"unavailable",4,0
"sparse_mixture",1,"low_rank_full","sbayesr","vbs",TRUE,"",0.00449882406123112,0.000725874358492247,0.00443899832651047,0.0032632499997967,0.00608998682352172,,,,,"posterior_behaviour",4,1000
"sparse_mixture",1,"low_rank_full","sbayesr","ves",TRUE,"",0.869329542391046,0.0346402294889573,0.868592396075949,0.800806062121442,0.93917500939272,,,,,"posterior_behaviour",4,1000
"sparse_mixture",1,"low_rank_full","sbayesr","vgs",TRUE,"",0.528448137414236,0.0385590608911339,0.527341935371556,0.455189415273834,0.607749271883607,,,,,"posterior_behaviour",4,1000
"sparse_mixture",1,"low_rank_full","sbayesr","vld",TRUE,"",-0.000862005459076975,0.00158052678624336,-0.000844027089934085,-0.00397592168101294,0.00225374176508773,,,,,"posterior_behaviour",4,1000
"sparse_mixture",1,"low_rank_full","sbayesr","vle",TRUE,"",0.529310142873313,0.0386989516897312,0.528414734069665,0.45574584682642,0.609032743983584,,,,,"posterior_behaviour",4,1000
"sparse_mixture",2,"bed","bayesr","component_proportion_0",FALSE,"not returned as identifiable per-chain draws by installed model",,,,,,,,,,"unavailable",4,0
"sparse_mixture",2,"bed","bayesr","component_proportion_1",FALSE,"not returned as identifiable per-chain draws by installed model",,,,,,,,,,"unavailable",4,0
"sparse_mixture",2,"bed","bayesr","component_proportion_2",FALSE,"not returned as identifiable per-chain draws by installed model",,,,,,,,,,"unavailable",4,0
"sparse_mixture",2,"bed","bayesr","component_proportion_3",FALSE,"not returned as identifiable per-chain draws by installed model",,,,,,,,,,"unavailable",4,0
"sparse_mixture",2,"bed","bayesr","effect_variance",FALSE,"not returned as identifiable per-chain draws by installed model",,,,,,,,,,"unavailable",4,0
"sparse_mixture",2,"bed","bayesr","genetic_variance",FALSE,"not returned as identifiable per-chain draws by installed model",,,,,,,,,,"unavailable",4,0
"sparse_mixture",2,"bed","bayesr","global_nonnull_proportion",FALSE,"not returned as identifiable per-chain draws by installed model",,,,,,,,,,"unavailable",4,0
"sparse_mixture",2,"bed","bayesr","heritability",TRUE,"",0.301357184157433,0.0157035207858313,0.301460108117324,0.270228754441138,0.33147598962337,0.3,0.0013571841574333,1.84194883718794e-06,TRUE,"parameter_recovery",4,1000
"sparse_mixture",2,"bed","bayesr","residual_variance",FALSE,"not returned as identifiable per-chain draws by installed model",,,,,,,,,,"unavailable",4,0
"sparse_mixture",2,"bed","bayesr","vbs",TRUE,"",0.00392645413699131,0.000616316767711079,0.00385979480156929,0.00291540231228231,0.00536032346712035,,,,,"posterior_behaviour",4,1000
"sparse_mixture",2,"bed","bayesr","ves",TRUE,"",0.978789756625826,0.0260213412524445,0.978782250883285,0.927452841288111,1.03141247301971,,,,,"posterior_behaviour",4,1000
"sparse_mixture",2,"bed","bayesr","vgs",TRUE,"",0.422491736648859,0.0277666110780765,0.422171504046473,0.370317719711549,0.478898931797572,,,,,"posterior_behaviour",4,1000
"sparse_mixture",2,"bed","bayesr","vld",TRUE,"",0.00172535152646612,0.00684718872506685,0.0018124339795533,-0.0118156331858378,0.0147572607745607,,,,,"posterior_behaviour",4,1000
"sparse_mixture",2,"bed","bayesr","vle",TRUE,"",0.420766385122393,0.0282855075271768,0.419645884809879,0.366581783999549,0.476450459526036,,,,,"posterior_behaviour",4,1000
"sparse_mixture",2,"block_csr","sbayesr","component_proportion_0",FALSE,"not returned as identifiable per-chain draws by installed model",,,,,,,,,,"unavailable",4,0
"sparse_mixture",2,"block_csr","sbayesr","component_proportion_1",FALSE,"not returned as identifiable per-chain draws by installed model",,,,,,,,,,"unavailable",4,0
"sparse_mixture",2,"block_csr","sbayesr","component_proportion_2",FALSE,"not returned as identifiable per-chain draws by installed model",,,,,,,,,,"unavailable",4,0
"sparse_mixture",2,"block_csr","sbayesr","component_proportion_3",FALSE,"not returned as identifiable per-chain draws by installed model",,,,,,,,,,"unavailable",4,0
"sparse_mixture",2,"block_csr","sbayesr","effect_variance",FALSE,"not returned as identifiable per-chain draws by installed model",,,,,,,,,,"unavailable",4,0
"sparse_mixture",2,"block_csr","sbayesr","genetic_variance",FALSE,"not returned as identifiable per-chain draws by installed model",,,,,,,,,,"unavailable",4,0
"sparse_mixture",2,"block_csr","sbayesr","global_nonnull_proportion",TRUE,"",0.00994848708035673,0.000139486576647377,0.009948106720778,0.00967694105577992,0.010227304336613,,,,,"posterior_behaviour",4,1000
"sparse_mixture",2,"block_csr","sbayesr","heritability",TRUE,"",0.415033862535532,0.0232427319146397,0.414179176017528,0.369575496541246,0.461480427030968,0.3,0.115033862535532,0.0132327895298437,FALSE,"parameter_recovery",4,1000
"sparse_mixture",2,"block_csr","sbayesr","residual_variance",FALSE,"not returned as identifiable per-chain draws by installed model",,,,,,,,,,"unavailable",4,0
"sparse_mixture",2,"block_csr","sbayesr","vbs",TRUE,"",0.00504426116926543,0.000789980470630713,0.00499344464395114,0.0037000805211223,0.00671059000960801,,,,,"posterior_behaviour",4,1000
"sparse_mixture",2,"block_csr","sbayesr","ves",TRUE,"",0.820351671928129,0.0344051597787093,0.821372813054412,0.751723697977048,0.88739028513766,,,,,"posterior_behaviour",4,1000
"sparse_mixture",2,"block_csr","sbayesr","vgs",TRUE,"",0.582376948071989,0.0389698392637246,0.580773603942572,0.508226474525265,0.662108197577944,,,,,"posterior_behaviour",4,1000
"sparse_mixture",2,"block_csr","sbayesr","vld",TRUE,"",-0.000500719502212845,0.00164139609353058,-0.000494233731153482,-0.00377395323620752,0.00271440768245528,,,,,"posterior_behaviour",4,1000
"sparse_mixture",2,"block_csr","sbayesr","vle",TRUE,"",0.582877667574202,0.0391239667348685,0.581619230731768,0.508128428251056,0.662125359093278,,,,,"posterior_behaviour",4,1000
"sparse_mixture",2,"full_csr","sbayesr","component_proportion_0",FALSE,"not returned as identifiable per-chain draws by installed model",,,,,,,,,,"unavailable",4,0
"sparse_mixture",2,"full_csr","sbayesr","component_proportion_1",FALSE,"not returned as identifiable per-chain draws by installed model",,,,,,,,,,"unavailable",4,0
"sparse_mixture",2,"full_csr","sbayesr","component_proportion_2",FALSE,"not returned as identifiable per-chain draws by installed model",,,,,,,,,,"unavailable",4,0
"sparse_mixture",2,"full_csr","sbayesr","component_proportion_3",FALSE,"not returned as identifiable per-chain draws by installed model",,,,,,,,,,"unavailable",4,0
"sparse_mixture",2,"full_csr","sbayesr","effect_variance",FALSE,"not returned as identifiable per-chain draws by installed model",,,,,,,,,,"unavailable",4,0
"sparse_mixture",2,"full_csr","sbayesr","genetic_variance",FALSE,"not returned as identifiable per-chain draws by installed model",,,,,,,,,,"unavailable",4,0
"sparse_mixture",2,"full_csr","sbayesr","global_nonnull_proportion",TRUE,"",0.00995439037667501,0.000141683430802199,0.00995507784135291,0.00967849680304179,0.0102329326670852,,,,,"posterior_behaviour",4,2000
"sparse_mixture",2,"full_csr","sbayesr","heritability",TRUE,"",0.416678349167377,0.0239349848481568,0.416696942867506,0.370341269250966,0.46432242611248,0.3,0.116678349167377,0.0136138371644244,FALSE,"parameter_recovery",4,2000
"sparse_mixture",2,"full_csr","sbayesr","residual_variance",FALSE,"not returned as identifiable per-chain draws by installed model",,,,,,,,,,"unavailable",4,0
"sparse_mixture",2,"full_csr","sbayesr","vbs",TRUE,"",0.00501684496774543,0.000819761972506889,0.00491416296157164,0.00369586997089295,0.00689130592041981,,,,,"posterior_behaviour",4,2000
"sparse_mixture",2,"full_csr","sbayesr","ves",TRUE,"",0.817520308712282,0.0351650593835439,0.817226553790277,0.74873882898447,0.886721199931096,,,,,"posterior_behaviour",4,2000
"sparse_mixture",2,"full_csr","sbayesr","vgs",TRUE,"",0.58433168165756,0.0400743418309346,0.583960798353666,0.508499331566448,0.665127359193719,,,,,"posterior_behaviour",4,2000
"sparse_mixture",2,"full_csr","sbayesr","vld",TRUE,"",-9.13007070030068e-05,0.00123832113897364,-8.40182937639766e-05,-0.0026020225281448,0.00234022294524897,,,,,"posterior_behaviour",4,2000
"sparse_mixture",2,"full_csr","sbayesr","vle",TRUE,"",0.584422982364563,0.0401021004033988,0.584146427566802,0.508297466859433,0.665474435757764,,,,,"posterior_behaviour",4,2000
"sparse_mixture",2,"low_rank_0995","sbayesr","component_proportion_0",FALSE,"not returned as identifiable per-chain draws by installed model",,,,,,,,,,"unavailable",4,0
"sparse_mixture",2,"low_rank_0995","sbayesr","component_proportion_1",FALSE,"not returned as identifiable per-chain draws by installed model",,,,,,,,,,"unavailable",4,0
"sparse_mixture",2,"low_rank_0995","sbayesr","component_proportion_2",FALSE,"not returned as identifiable per-chain draws by installed model",,,,,,,,,,"unavailable",4,0
"sparse_mixture",2,"low_rank_0995","sbayesr","component_proportion_3",FALSE,"not returned as identifiable per-chain draws by installed model",,,,,,,,,,"unavailable",4,0
"sparse_mixture",2,"low_rank_0995","sbayesr","effect_variance",FALSE,"not returned as identifiable per-chain draws by installed model",,,,,,,,,,"unavailable",4,0
"sparse_mixture",2,"low_rank_0995","sbayesr","genetic_variance",FALSE,"not returned as identifiable per-chain draws by installed model",,,,,,,,,,"unavailable",4,0
"sparse_mixture",2,"low_rank_0995","sbayesr","global_nonnull_proportion",TRUE,"",0.00995425246539343,0.000140465700668609,0.00995352027448404,0.00967902354275869,0.0102345374023106,,,,,"posterior_behaviour",4,1000
"sparse_mixture",2,"low_rank_0995","sbayesr","heritability",TRUE,"",0.417645339167818,0.0237041495874847,0.417544953036726,0.372305804360267,0.465140697725461,0.3,0.117645339167818,0.0138404258279109,FALSE,"parameter_recovery",4,1000
"sparse_mixture",2,"low_rank_0995","sbayesr","residual_variance",FALSE,"not returned as identifiable per-chain draws by installed model",,,,,,,,,,"unavailable",4,0
"sparse_mixture",2,"low_rank_0995","sbayesr","vbs",TRUE,"",0.00503431064506731,0.000801837665314736,0.00494450554612761,0.00369003500191166,0.0068339816252962,,,,,"posterior_behaviour",4,1000
"sparse_mixture",2,"low_rank_0995","sbayesr","ves",TRUE,"",0.816161841085422,0.0345749438538841,0.815968481384744,0.746272204475991,0.883835738073173,,,,,"posterior_behaviour",4,1000
"sparse_mixture",2,"low_rank_0995","sbayesr","vgs",TRUE,"",0.585677221659893,0.0395552333042184,0.58446977738703,0.510827384204755,0.664923908444873,,,,,"posterior_behaviour",4,1000
"sparse_mixture",2,"low_rank_0995","sbayesr","vld",TRUE,"",-0.000522668312101355,0.00168777934972492,-0.000473480743148069,-0.00384770658878025,0.00278756581499069,,,,,"posterior_behaviour",4,1000
"sparse_mixture",2,"low_rank_0995","sbayesr","vle",TRUE,"",0.586199889971995,0.0396759944354559,0.585134846173143,0.511543078541656,0.66503732403214,,,,,"posterior_behaviour",4,1000
"sparse_mixture",2,"low_rank_0999","sbayesr","component_proportion_0",FALSE,"not returned as identifiable per-chain draws by installed model",,,,,,,,,,"unavailable",4,0
"sparse_mixture",2,"low_rank_0999","sbayesr","component_proportion_1",FALSE,"not returned as identifiable per-chain draws by installed model",,,,,,,,,,"unavailable",4,0
"sparse_mixture",2,"low_rank_0999","sbayesr","component_proportion_2",FALSE,"not returned as identifiable per-chain draws by installed model",,,,,,,,,,"unavailable",4,0
"sparse_mixture",2,"low_rank_0999","sbayesr","component_proportion_3",FALSE,"not returned as identifiable per-chain draws by installed model",,,,,,,,,,"unavailable",4,0
"sparse_mixture",2,"low_rank_0999","sbayesr","effect_variance",FALSE,"not returned as identifiable per-chain draws by installed model",,,,,,,,,,"unavailable",4,0
"sparse_mixture",2,"low_rank_0999","sbayesr","genetic_variance",FALSE,"not returned as identifiable per-chain draws by installed model",,,,,,,,,,"unavailable",4,0
"sparse_mixture",2,"low_rank_0999","sbayesr","global_nonnull_proportion",TRUE,"",0.00995181939159046,0.000138151774797887,0.00994988572726963,0.009681040539802,0.0102182065155206,,,,,"posterior_behaviour",4,1000
"sparse_mixture",2,"low_rank_0999","sbayesr","heritability",TRUE,"",0.416475428837635,0.0235251337995805,0.416385760614417,0.370705338179164,0.463302446543811,0.3,0.116475428837635,0.013566525522911,FALSE,"parameter_recovery",4,1000
"sparse_mixture",2,"low_rank_0999","sbayesr","residual_variance",FALSE,"not returned as identifiable per-chain draws by installed model",,,,,,,,,,"unavailable",4,0
"sparse_mixture",2,"low_rank_0999","sbayesr","vbs",TRUE,"",0.00505631408868599,0.000781668282652025,0.00498706815562433,0.00373270173464082,0.00675313714785707,,,,,"posterior_behaviour",4,1000
"sparse_mixture",2,"low_rank_0999","sbayesr","ves",TRUE,"",0.818153831182926,0.0343319715772633,0.817893659668199,0.750116765910903,0.885604651036798,,,,,"posterior_behaviour",4,1000
"sparse_mixture",2,"low_rank_0999","sbayesr","vgs",TRUE,"",0.584286613796799,0.0392933005527391,0.584078325154354,0.507948704073467,0.663840817180807,,,,,"posterior_behaviour",4,1000
"sparse_mixture",2,"low_rank_0999","sbayesr","vld",TRUE,"",-0.000445030908246995,0.00158660015299085,-0.000407192271337675,-0.00356186377550173,0.00262259748802448,,,,,"posterior_behaviour",4,1000
"sparse_mixture",2,"low_rank_0999","sbayesr","vle",TRUE,"",0.584731644705046,0.0393682333600813,0.584309332483791,0.508411392011154,0.663578732437954,,,,,"posterior_behaviour",4,1000
"sparse_mixture",2,"low_rank_full","sbayesr","component_proportion_0",FALSE,"not returned as identifiable per-chain draws by installed model",,,,,,,,,,"unavailable",4,0
"sparse_mixture",2,"low_rank_full","sbayesr","component_proportion_1",FALSE,"not returned as identifiable per-chain draws by installed model",,,,,,,,,,"unavailable",4,0
"sparse_mixture",2,"low_rank_full","sbayesr","component_proportion_2",FALSE,"not returned as identifiable per-chain draws by installed model",,,,,,,,,,"unavailable",4,0
"sparse_mixture",2,"low_rank_full","sbayesr","component_proportion_3",FALSE,"not returned as identifiable per-chain draws by installed model",,,,,,,,,,"unavailable",4,0
"sparse_mixture",2,"low_rank_full","sbayesr","effect_variance",FALSE,"not returned as identifiable per-chain draws by installed model",,,,,,,,,,"unavailable",4,0
"sparse_mixture",2,"low_rank_full","sbayesr","genetic_variance",FALSE,"not returned as identifiable per-chain draws by installed model",,,,,,,,,,"unavailable",4,0
"sparse_mixture",2,"low_rank_full","sbayesr","global_nonnull_proportion",TRUE,"",0.00995162981362858,0.000138875829004938,0.00994982820181689,0.00967380095915509,0.0102215585896002,,,,,"posterior_behaviour",4,1000
"sparse_mixture",2,"low_rank_full","sbayesr","heritability",TRUE,"",0.414830202284161,0.0232005439892045,0.414853392201632,0.370049672702649,0.459372338759018,0.3,0.114830202284161,0.0131859753566213,FALSE,"parameter_recovery",4,1000
"sparse_mixture",2,"low_rank_full","sbayesr","residual_variance",FALSE,"not returned as identifiable per-chain draws by installed model",,,,,,,,,,"unavailable",4,0
"sparse_mixture",2,"low_rank_full","sbayesr","vbs",TRUE,"",0.00505803804932567,0.000849217073670942,0.00498604058677221,0.00361826926681575,0.00691405537795322,,,,,"posterior_behaviour",4,1000
"sparse_mixture",2,"low_rank_full","sbayesr","ves",TRUE,"",0.820826902902458,0.0338230730664043,0.820251230614195,0.755183210351286,0.887657805715389,,,,,"posterior_behaviour",4,1000
"sparse_mixture",2,"low_rank_full","sbayesr","vgs",TRUE,"",0.582252867795843,0.0390617106649372,0.581416659334295,0.507663209171273,0.659909087002004,,,,,"posterior_behaviour",4,1000
"sparse_mixture",2,"low_rank_full","sbayesr","vld",TRUE,"",-0.000506898627442766,0.00166662290143555,-0.000507227445974978,-0.00391725596506735,0.00273528439975272,,,,,"posterior_behaviour",4,1000
"sparse_mixture",2,"low_rank_full","sbayesr","vle",TRUE,"",0.582759766423286,0.0391542768767336,0.582022571706581,0.508073956790963,0.659760091268677,,,,,"posterior_behaviour",4,1000
"sparse_mixture",3,"bed","bayesr","component_proportion_0",FALSE,"not returned as identifiable per-chain draws by installed model",,,,,,,,,,"unavailable",4,0
"sparse_mixture",3,"bed","bayesr","component_proportion_1",FALSE,"not returned as identifiable per-chain draws by installed model",,,,,,,,,,"unavailable",4,0
"sparse_mixture",3,"bed","bayesr","component_proportion_2",FALSE,"not returned as identifiable per-chain draws by installed model",,,,,,,,,,"unavailable",4,0
"sparse_mixture",3,"bed","bayesr","component_proportion_3",FALSE,"not returned as identifiable per-chain draws by installed model",,,,,,,,,,"unavailable",4,0
"sparse_mixture",3,"bed","bayesr","effect_variance",FALSE,"not returned as identifiable per-chain draws by installed model",,,,,,,,,,"unavailable",4,0
"sparse_mixture",3,"bed","bayesr","genetic_variance",FALSE,"not returned as identifiable per-chain draws by installed model",,,,,,,,,,"unavailable",4,0
"sparse_mixture",3,"bed","bayesr","global_nonnull_proportion",FALSE,"not returned as identifiable per-chain draws by installed model",,,,,,,,,,"unavailable",4,0
"sparse_mixture",3,"bed","bayesr","heritability",TRUE,"",0.318218876075453,0.0157987081975058,0.318386019680809,0.286222012480996,0.349215861995904,0.3,0.0182188760754531,0.000331927445452717,TRUE,"parameter_recovery",4,1000
"sparse_mixture",3,"bed","bayesr","residual_variance",FALSE,"not returned as identifiable per-chain draws by installed model",,,,,,,,,,"unavailable",4,0
"sparse_mixture",3,"bed","bayesr","vbs",TRUE,"",0.00404722826574801,0.000631914355217433,0.00398396297134487,0.00297468762636916,0.00540201071046891,,,,,"posterior_behaviour",4,1000
"sparse_mixture",3,"bed","bayesr","ves",TRUE,"",0.957337389372329,0.0260483808801715,0.956981279500499,0.905491524072882,1.00824551698979,,,,,"posterior_behaviour",4,1000
"sparse_mixture",3,"bed","bayesr","vgs",TRUE,"",0.447125162268204,0.0281890742582765,0.446700927026688,0.392652393833698,0.503652856432302,,,,,"posterior_behaviour",4,1000
"sparse_mixture",3,"bed","bayesr","vld",TRUE,"",0.00942637876652239,0.00698166555033771,0.00950615841593958,-0.00415823863614008,0.0229128622314393,,,,,"posterior_behaviour",4,1000
"sparse_mixture",3,"bed","bayesr","vle",TRUE,"",0.437698783501682,0.0284689873027829,0.437565148880535,0.383152325364499,0.495708680638249,,,,,"posterior_behaviour",4,1000
"sparse_mixture",3,"block_csr","sbayesr","component_proportion_0",FALSE,"not returned as identifiable per-chain draws by installed model",,,,,,,,,,"unavailable",4,0
"sparse_mixture",3,"block_csr","sbayesr","component_proportion_1",FALSE,"not returned as identifiable per-chain draws by installed model",,,,,,,,,,"unavailable",4,0
"sparse_mixture",3,"block_csr","sbayesr","component_proportion_2",FALSE,"not returned as identifiable per-chain draws by installed model",,,,,,,,,,"unavailable",4,0
"sparse_mixture",3,"block_csr","sbayesr","component_proportion_3",FALSE,"not returned as identifiable per-chain draws by installed model",,,,,,,,,,"unavailable",4,0
"sparse_mixture",3,"block_csr","sbayesr","effect_variance",FALSE,"not returned as identifiable per-chain draws by installed model",,,,,,,,,,"unavailable",4,0
"sparse_mixture",3,"block_csr","sbayesr","genetic_variance",FALSE,"not returned as identifiable per-chain draws by installed model",,,,,,,,,,"unavailable",4,0
"sparse_mixture",3,"block_csr","sbayesr","global_nonnull_proportion",TRUE,"",0.00994831556864643,0.000142539579032779,0.00994944146112692,0.00967095317081938,0.0102295733292408,,,,,"posterior_behaviour",4,1000
"sparse_mixture",3,"block_csr","sbayesr","heritability",TRUE,"",0.448372223420745,0.0232759813361019,0.448357342748975,0.40327743247426,0.495503492108773,0.3,0.148372223420745,0.0220143166828156,FALSE,"parameter_recovery",4,1000
"sparse_mixture",3,"block_csr","sbayesr","residual_variance",FALSE,"not returned as identifiable per-chain draws by installed model",,,,,,,,,,"unavailable",4,0
"sparse_mixture",3,"block_csr","sbayesr","vbs",TRUE,"",0.00551999377822587,0.000881650674919307,0.00543261718493243,0.00399536179080405,0.00743770758517321,,,,,"posterior_behaviour",4,1000
"sparse_mixture",3,"block_csr","sbayesr","ves",TRUE,"",0.775527485243971,0.0334746171191479,0.775005311894767,0.710767806506276,0.840874620076186,,,,,"posterior_behaviour",4,1000
"sparse_mixture",3,"block_csr","sbayesr","vgs",TRUE,"",0.630764930457751,0.0401954716233547,0.630150491335467,0.555369229777041,0.71294901212464,,,,,"posterior_behaviour",4,1000
"sparse_mixture",3,"block_csr","sbayesr","vld",TRUE,"",0.00214042393455074,0.00164908142039548,0.00211231090690739,-0.00107153555402986,0.00536624903799393,,,,,"posterior_behaviour",4,1000
"sparse_mixture",3,"block_csr","sbayesr","vle",TRUE,"",0.6286245065232,0.0400678404236838,0.628180687336199,0.552691634344124,0.711611733102124,,,,,"posterior_behaviour",4,1000
"sparse_mixture",3,"full_csr","sbayesr","component_proportion_0",FALSE,"not returned as identifiable per-chain draws by installed model",,,,,,,,,,"unavailable",4,0
"sparse_mixture",3,"full_csr","sbayesr","component_proportion_1",FALSE,"not returned as identifiable per-chain draws by installed model",,,,,,,,,,"unavailable",4,0
"sparse_mixture",3,"full_csr","sbayesr","component_proportion_2",FALSE,"not returned as identifiable per-chain draws by installed model",,,,,,,,,,"unavailable",4,0
"sparse_mixture",3,"full_csr","sbayesr","component_proportion_3",FALSE,"not returned as identifiable per-chain draws by installed model",,,,,,,,,,"unavailable",4,0
"sparse_mixture",3,"full_csr","sbayesr","effect_variance",FALSE,"not returned as identifiable per-chain draws by installed model",,,,,,,,,,"unavailable",4,0
"sparse_mixture",3,"full_csr","sbayesr","genetic_variance",FALSE,"not returned as identifiable per-chain draws by installed model",,,,,,,,,,"unavailable",4,0
"sparse_mixture",3,"full_csr","sbayesr","global_nonnull_proportion",TRUE,"",0.00995029565250765,0.000141910869148937,0.00994879753807337,0.00967505227276294,0.0102309592771196,,,,,"posterior_behaviour",4,2000
"sparse_mixture",3,"full_csr","sbayesr","heritability",TRUE,"",0.453540530211653,0.0236843489245792,0.453761415742406,0.40742398941341,0.500367995563798,0.3,0.153540530211653,0.0235746944176756,FALSE,"parameter_recovery",4,2000
"sparse_mixture",3,"full_csr","sbayesr","residual_variance",FALSE,"not returned as identifiable per-chain draws by installed model",,,,,,,,,,"unavailable",4,0
"sparse_mixture",3,"full_csr","sbayesr","vbs",TRUE,"",0.00552027613841294,0.000877764481140568,0.00543802403746979,0.00400946669064493,0.00741202125514449,,,,,"posterior_behaviour",4,2000
"sparse_mixture",3,"full_csr","sbayesr","ves",TRUE,"",0.767870789026071,0.0342384853742571,0.768082400730004,0.699928583508904,0.833439901219135,,,,,"posterior_behaviour",4,2000
"sparse_mixture",3,"full_csr","sbayesr","vgs",TRUE,"",0.637703563416439,0.0407490118928786,0.637253243930107,0.55729645713278,0.718704904597791,,,,,"posterior_behaviour",4,2000
"sparse_mixture",3,"full_csr","sbayesr","vld",TRUE,"",-5.02307136059824e-05,0.00126596862497764,-6.34974891707274e-05,-0.0025869287828683,0.00250531174959489,,,,,"posterior_behaviour",4,2000
"sparse_mixture",3,"full_csr","sbayesr","vle",TRUE,"",0.637753794130045,0.0408001402462099,0.637371460459085,0.557069888873552,0.719075580247583,,,,,"posterior_behaviour",4,2000
"sparse_mixture",3,"low_rank_0995","sbayesr","component_proportion_0",FALSE,"not returned as identifiable per-chain draws by installed model",,,,,,,,,,"unavailable",4,0
"sparse_mixture",3,"low_rank_0995","sbayesr","component_proportion_1",FALSE,"not returned as identifiable per-chain draws by installed model",,,,,,,,,,"unavailable",4,0
"sparse_mixture",3,"low_rank_0995","sbayesr","component_proportion_2",FALSE,"not returned as identifiable per-chain draws by installed model",,,,,,,,,,"unavailable",4,0
"sparse_mixture",3,"low_rank_0995","sbayesr","component_proportion_3",FALSE,"not returned as identifiable per-chain draws by installed model",,,,,,,,,,"unavailable",4,0
"sparse_mixture",3,"low_rank_0995","sbayesr","effect_variance",FALSE,"not returned as identifiable per-chain draws by installed model",,,,,,,,,,"unavailable",4,0
"sparse_mixture",3,"low_rank_0995","sbayesr","genetic_variance",FALSE,"not returned as identifiable per-chain draws by installed model",,,,,,,,,,"unavailable",4,0
"sparse_mixture",3,"low_rank_0995","sbayesr","global_nonnull_proportion",TRUE,"",0.00994656388863643,0.000141583399858949,0.00994994369172653,0.00966538848049794,0.0102150924876736,,,,,"posterior_behaviour",4,1000
"sparse_mixture",3,"low_rank_0995","sbayesr","heritability",TRUE,"",0.442530463577914,0.0233680873733812,0.442278693957815,0.397749027852309,0.488584527789067,0.3,0.142530463577914,0.0203149330477351,FALSE,"parameter_recovery",4,1000
"sparse_mixture",3,"low_rank_0995","sbayesr","residual_variance",FALSE,"not returned as identifiable per-chain draws by installed model",,,,,,,,,,"unavailable",4,0
"sparse_mixture",3,"low_rank_0995","sbayesr","vbs",TRUE,"",0.00534761734959046,0.000809539448159163,0.00528381645503274,0.00396415788053118,0.00710081448309639,,,,,"posterior_behaviour",4,1000
"sparse_mixture",3,"low_rank_0995","sbayesr","ves",TRUE,"",0.782688491289474,0.0336736665321078,0.782577139527004,0.716580012176868,0.847276733610304,,,,,"posterior_behaviour",4,1000
"sparse_mixture",3,"low_rank_0995","sbayesr","vgs",TRUE,"",0.621681484617926,0.0396203213491838,0.621650311271469,0.546602467742833,0.701833058145628,,,,,"posterior_behaviour",4,1000
"sparse_mixture",3,"low_rank_0995","sbayesr","vld",TRUE,"",0.00198241247699967,0.00168055837634871,0.00197639665558275,-0.00131806971825329,0.00531357023664071,,,,,"posterior_behaviour",4,1000
"sparse_mixture",3,"low_rank_0995","sbayesr","vle",TRUE,"",0.619699072140926,0.0394928596292672,0.619885173435249,0.544639240059522,0.699417153944505,,,,,"posterior_behaviour",4,1000
"sparse_mixture",3,"low_rank_0999","sbayesr","component_proportion_0",FALSE,"not returned as identifiable per-chain draws by installed model",,,,,,,,,,"unavailable",4,0
"sparse_mixture",3,"low_rank_0999","sbayesr","component_proportion_1",FALSE,"not returned as identifiable per-chain draws by installed model",,,,,,,,,,"unavailable",4,0
"sparse_mixture",3,"low_rank_0999","sbayesr","component_proportion_2",FALSE,"not returned as identifiable per-chain draws by installed model",,,,,,,,,,"unavailable",4,0
"sparse_mixture",3,"low_rank_0999","sbayesr","component_proportion_3",FALSE,"not returned as identifiable per-chain draws by installed model",,,,,,,,,,"unavailable",4,0
"sparse_mixture",3,"low_rank_0999","sbayesr","effect_variance",FALSE,"not returned as identifiable per-chain draws by installed model",,,,,,,,,,"unavailable",4,0
"sparse_mixture",3,"low_rank_0999","sbayesr","genetic_variance",FALSE,"not returned as identifiable per-chain draws by installed model",,,,,,,,,,"unavailable",4,0
"sparse_mixture",3,"low_rank_0999","sbayesr","global_nonnull_proportion",TRUE,"",0.00995661895525739,0.000140900678675813,0.00995675151483422,0.00969015172530475,0.0102410826969666,,,,,"posterior_behaviour",4,1000
"sparse_mixture",3,"low_rank_0999","sbayesr","heritability",TRUE,"",0.446596334496801,0.0234286058748102,0.445998461335009,0.40181559975794,0.494281274571464,0.3,0.146596334496801,0.0214904852878981,FALSE,"parameter_recovery",4,1000
"sparse_mixture",3,"low_rank_0999","sbayesr","residual_variance",FALSE,"not returned as identifiable per-chain draws by installed model",,,,,,,,,,"unavailable",4,0
"sparse_mixture",3,"low_rank_0999","sbayesr","vbs",TRUE,"",0.00538251412903265,0.000827203734028899,0.00529736641525892,0.00399443291777413,0.00717258916345786,,,,,"posterior_behaviour",4,1000
"sparse_mixture",3,"low_rank_0999","sbayesr","ves",TRUE,"",0.777366898098123,0.0335233618281673,0.777663176492352,0.711228217372857,0.843305985551967,,,,,"posterior_behaviour",4,1000
"sparse_mixture",3,"low_rank_0999","sbayesr","vgs",TRUE,"",0.627753274999667,0.0404681588551874,0.627045669519045,0.550022933532402,0.711325226545268,,,,,"posterior_behaviour",4,1000
"sparse_mixture",3,"low_rank_0999","sbayesr","vld",TRUE,"",0.00207013301262476,0.00163553815166113,0.00208756505682883,-0.0012285391045604,0.00529083460060152,,,,,"posterior_behaviour",4,1000
"sparse_mixture",3,"low_rank_0999","sbayesr","vle",TRUE,"",0.625683141987042,0.0403808518314962,0.624529362029362,0.548873839942406,0.708877138985063,,,,,"posterior_behaviour",4,1000
"sparse_mixture",3,"low_rank_full","sbayesr","component_proportion_0",FALSE,"not returned as identifiable per-chain draws by installed model",,,,,,,,,,"unavailable",4,0
"sparse_mixture",3,"low_rank_full","sbayesr","component_proportion_1",FALSE,"not returned as identifiable per-chain draws by installed model",,,,,,,,,,"unavailable",4,0
"sparse_mixture",3,"low_rank_full","sbayesr","component_proportion_2",FALSE,"not returned as identifiable per-chain draws by installed model",,,,,,,,,,"unavailable",4,0
"sparse_mixture",3,"low_rank_full","sbayesr","component_proportion_3",FALSE,"not returned as identifiable per-chain draws by installed model",,,,,,,,,,"unavailable",4,0
"sparse_mixture",3,"low_rank_full","sbayesr","effect_variance",FALSE,"not returned as identifiable per-chain draws by installed model",,,,,,,,,,"unavailable",4,0
"sparse_mixture",3,"low_rank_full","sbayesr","genetic_variance",FALSE,"not returned as identifiable per-chain draws by installed model",,,,,,,,,,"unavailable",4,0
"sparse_mixture",3,"low_rank_full","sbayesr","global_nonnull_proportion",TRUE,"",0.00995182110821711,0.000141071219913815,0.00994977838545957,0.00968657875612,0.0102274308258376,,,,,"posterior_behaviour",4,1000
"sparse_mixture",3,"low_rank_full","sbayesr","heritability",TRUE,"",0.447459347818644,0.0236225527011497,0.447445974351149,0.403116059693177,0.495390591495176,0.3,0.147459347818644,0.0217442592590998,FALSE,"parameter_recovery",4,1000
"sparse_mixture",3,"low_rank_full","sbayesr","residual_variance",FALSE,"not returned as identifiable per-chain draws by installed model",,,,,,,,,,"unavailable",4,0
"sparse_mixture",3,"low_rank_full","sbayesr","vbs",TRUE,"",0.00542580046560167,0.000834218087610513,0.00536287386906964,0.00403673243649594,0.0072510858327773,,,,,"posterior_behaviour",4,1000
"sparse_mixture",3,"low_rank_full","sbayesr","ves",TRUE,"",0.77635799016583,0.0336891434085569,0.776147180523764,0.708895359534002,0.842874744551197,,,,,"posterior_behaviour",4,1000
"sparse_mixture",3,"low_rank_full","sbayesr","vgs",TRUE,"",0.629124807869256,0.0405275121421875,0.628080867490568,0.551902868230391,0.710886900985749,,,,,"posterior_behaviour",4,1000
"sparse_mixture",3,"low_rank_full","sbayesr","vld",TRUE,"",0.00208978283028319,0.00164419508227416,0.00207688547781432,-0.00110522185123216,0.0053580533184067,,,,,"posterior_behaviour",4,1000
"sparse_mixture",3,"low_rank_full","sbayesr","vle",TRUE,"",0.627035025038973,0.0404419392377348,0.625976610505125,0.54984096967861,0.709552371223578,,,,,"posterior_behaviour",4,1000
"sparse_mixture",4,"bed","bayesr","component_proportion_0",FALSE,"not returned as identifiable per-chain draws by installed model",,,,,,,,,,"unavailable",4,0
"sparse_mixture",4,"bed","bayesr","component_proportion_1",FALSE,"not returned as identifiable per-chain draws by installed model",,,,,,,,,,"unavailable",4,0
"sparse_mixture",4,"bed","bayesr","component_proportion_2",FALSE,"not returned as identifiable per-chain draws by installed model",,,,,,,,,,"unavailable",4,0
"sparse_mixture",4,"bed","bayesr","component_proportion_3",FALSE,"not returned as identifiable per-chain draws by installed model",,,,,,,,,,"unavailable",4,0
"sparse_mixture",4,"bed","bayesr","effect_variance",FALSE,"not returned as identifiable per-chain draws by installed model",,,,,,,,,,"unavailable",4,0
"sparse_mixture",4,"bed","bayesr","genetic_variance",FALSE,"not returned as identifiable per-chain draws by installed model",,,,,,,,,,"unavailable",4,0
"sparse_mixture",4,"bed","bayesr","global_nonnull_proportion",FALSE,"not returned as identifiable per-chain draws by installed model",,,,,,,,,,"unavailable",4,0
"sparse_mixture",4,"bed","bayesr","heritability",TRUE,"",0.309029531808505,0.0162923782032722,0.309068728931452,0.276846827121996,0.340283057728387,0.3,0.00902953180850491,8.15324446808019e-05,TRUE,"parameter_recovery",4,1000
"sparse_mixture",4,"bed","bayesr","residual_variance",FALSE,"not returned as identifiable per-chain draws by installed model",,,,,,,,,,"unavailable",4,0
"sparse_mixture",4,"bed","bayesr","vbs",TRUE,"",0.00392601807392319,0.000644893732049087,0.00387675903729581,0.00283795413828628,0.00532069215093829,,,,,"posterior_behaviour",4,1000
"sparse_mixture",4,"bed","bayesr","ves",TRUE,"",0.98942775608755,0.0266204583980733,0.989244505521555,0.938360865101929,1.04142811495002,,,,,"posterior_behaviour",4,1000
"sparse_mixture",4,"bed","bayesr","vgs",TRUE,"",0.442834187876029,0.029410537817779,0.44234927288347,0.386115404647986,0.502898287115351,,,,,"posterior_behaviour",4,1000
"sparse_mixture",4,"bed","bayesr","vld",TRUE,"",0.00916825280029475,0.00682694370347134,0.00905699084538239,-0.00436675048281102,0.0227416155556478,,,,,"posterior_behaviour",4,1000
"sparse_mixture",4,"bed","bayesr","vle",TRUE,"",0.433665935075734,0.0297604600398228,0.433136980440091,0.378435941599814,0.494387437898954,,,,,"posterior_behaviour",4,1000
"sparse_mixture",4,"block_csr","sbayesr","component_proportion_0",FALSE,"not returned as identifiable per-chain draws by installed model",,,,,,,,,,"unavailable",4,0
"sparse_mixture",4,"block_csr","sbayesr","component_proportion_1",FALSE,"not returned as identifiable per-chain draws by installed model",,,,,,,,,,"unavailable",4,0
"sparse_mixture",4,"block_csr","sbayesr","component_proportion_2",FALSE,"not returned as identifiable per-chain draws by installed model",,,,,,,,,,"unavailable",4,0
"sparse_mixture",4,"block_csr","sbayesr","component_proportion_3",FALSE,"not returned as identifiable per-chain draws by installed model",,,,,,,,,,"unavailable",4,0
"sparse_mixture",4,"block_csr","sbayesr","effect_variance",FALSE,"not returned as identifiable per-chain draws by installed model",,,,,,,,,,"unavailable",4,0
"sparse_mixture",4,"block_csr","sbayesr","genetic_variance",FALSE,"not returned as identifiable per-chain draws by installed model",,,,,,,,,,"unavailable",4,0
"sparse_mixture",4,"block_csr","sbayesr","global_nonnull_proportion",TRUE,"",0.00995595417755382,0.00013611215266708,0.00995636880905815,0.0096870161866989,0.0102192611214551,,,,,"posterior_behaviour",4,1000
"sparse_mixture",4,"block_csr","sbayesr","heritability",TRUE,"",0.432600944647412,0.0237730945767929,0.432482313317374,0.38572042488975,0.478417709695631,0.3,0.132600944647413,0.0175830105213862,FALSE,"parameter_recovery",4,1000
"sparse_mixture",4,"block_csr","sbayesr","residual_variance",FALSE,"not returned as identifiable per-chain draws by installed model",,,,,,,,,,"unavailable",4,0
"sparse_mixture",4,"block_csr","sbayesr","vbs",TRUE,"",0.00526006957963154,0.000793171762141686,0.00517856796293956,0.00393771286147276,0.00705724390329726,,,,,"posterior_behaviour",4,1000
"sparse_mixture",4,"block_csr","sbayesr","ves",TRUE,"",0.813284716244358,0.0356389579709266,0.81301467756405,0.745765192071528,0.883006968448594,,,,,"posterior_behaviour",4,1000
"sparse_mixture",4,"block_csr","sbayesr","vgs",TRUE,"",0.620431844703778,0.0409011782606136,0.620359144569237,0.541595112098466,0.70128545732734,,,,,"posterior_behaviour",4,1000
"sparse_mixture",4,"block_csr","sbayesr","vld",TRUE,"",0.000271820318212437,0.00163995165973013,0.000256457384365583,-0.00288291544385325,0.00354121150846254,,,,,"posterior_behaviour",4,1000
"sparse_mixture",4,"block_csr","sbayesr","vle",TRUE,"",0.620160024385566,0.0409005589431992,0.620178258909298,0.541625746461286,0.7006443641776,,,,,"posterior_behaviour",4,1000
"sparse_mixture",4,"full_csr","sbayesr","component_proportion_0",FALSE,"not returned as identifiable per-chain draws by installed model",,,,,,,,,,"unavailable",4,0
"sparse_mixture",4,"full_csr","sbayesr","component_proportion_1",FALSE,"not returned as identifiable per-chain draws by installed model",,,,,,,,,,"unavailable",4,0
"sparse_mixture",4,"full_csr","sbayesr","component_proportion_2",FALSE,"not returned as identifiable per-chain draws by installed model",,,,,,,,,,"unavailable",4,0
"sparse_mixture",4,"full_csr","sbayesr","component_proportion_3",FALSE,"not returned as identifiable per-chain draws by installed model",,,,,,,,,,"unavailable",4,0
"sparse_mixture",4,"full_csr","sbayesr","effect_variance",FALSE,"not returned as identifiable per-chain draws by installed model",,,,,,,,,,"unavailable",4,0
"sparse_mixture",4,"full_csr","sbayesr","genetic_variance",FALSE,"not returned as identifiable per-chain draws by installed model",,,,,,,,,,"unavailable",4,0
"sparse_mixture",4,"full_csr","sbayesr","global_nonnull_proportion",TRUE,"",0.00995636563795045,0.000141898355205017,0.00995602367045761,0.00967886595370746,0.0102333955218134,,,,,"posterior_behaviour",4,2000
"sparse_mixture",4,"full_csr","sbayesr","heritability",TRUE,"",0.437023569982295,0.024028548607544,0.43661960260185,0.391804984806804,0.48480695322334,0.3,0.137023569982295,0.018775458730693,FALSE,"parameter_recovery",4,2000
"sparse_mixture",4,"full_csr","sbayesr","residual_variance",FALSE,"not returned as identifiable per-chain draws by installed model",,,,,,,,,,"unavailable",4,0
"sparse_mixture",4,"full_csr","sbayesr","vbs",TRUE,"",0.00534403946155453,0.000841954860637144,0.005269224230368,0.00393184498340416,0.00720678307733319,,,,,"posterior_behaviour",4,2000
"sparse_mixture",4,"full_csr","sbayesr","ves",TRUE,"",0.807209579897999,0.035494929690848,0.806897372626427,0.736476305236235,0.877690651978844,,,,,"posterior_behaviour",4,2000
"sparse_mixture",4,"full_csr","sbayesr","vgs",TRUE,"",0.627020329515296,0.0417401902585054,0.626206981341286,0.550532523067128,0.712979304730053,,,,,"posterior_behaviour",4,2000
"sparse_mixture",4,"full_csr","sbayesr","vld",TRUE,"",-0.000457308098042968,0.00154899224808536,-0.000331195818953411,-0.00399721747756447,0.00223936479862358,,,,,"posterior_behaviour",4,2000
"sparse_mixture",4,"full_csr","sbayesr","vle",TRUE,"",0.627477637613339,0.0418451021338369,0.626716688476251,0.550810526437882,0.713137012629313,,,,,"posterior_behaviour",4,2000
"sparse_mixture",4,"low_rank_0995","sbayesr","component_proportion_0",FALSE,"not returned as identifiable per-chain draws by installed model",,,,,,,,,,"unavailable",4,0
"sparse_mixture",4,"low_rank_0995","sbayesr","component_proportion_1",FALSE,"not returned as identifiable per-chain draws by installed model",,,,,,,,,,"unavailable",4,0
"sparse_mixture",4,"low_rank_0995","sbayesr","component_proportion_2",FALSE,"not returned as identifiable per-chain draws by installed model",,,,,,,,,,"unavailable",4,0
"sparse_mixture",4,"low_rank_0995","sbayesr","component_proportion_3",FALSE,"not returned as identifiable per-chain draws by installed model",,,,,,,,,,"unavailable",4,0
"sparse_mixture",4,"low_rank_0995","sbayesr","effect_variance",FALSE,"not returned as identifiable per-chain draws by installed model",,,,,,,,,,"unavailable",4,0
"sparse_mixture",4,"low_rank_0995","sbayesr","genetic_variance",FALSE,"not returned as identifiable per-chain draws by installed model",,,,,,,,,,"unavailable",4,0
"sparse_mixture",4,"low_rank_0995","sbayesr","global_nonnull_proportion",TRUE,"",0.009956130064477,0.000139440442502546,0.00995377129783737,0.00968657896602944,0.0102331417958106,,,,,"posterior_behaviour",4,1000
"sparse_mixture",4,"low_rank_0995","sbayesr","heritability",TRUE,"",0.428006491835246,0.0236334132798455,0.427603518973067,0.382917922548459,0.475215518684642,0.3,0.128006491835246,0.016385661951967,FALSE,"parameter_recovery",4,1000
"sparse_mixture",4,"low_rank_0995","sbayesr","residual_variance",FALSE,"not returned as identifiable per-chain draws by installed model",,,,,,,,,,"unavailable",4,0
"sparse_mixture",4,"low_rank_0995","sbayesr","vbs",TRUE,"",0.00529975486957145,0.000855602947948504,0.00521153201278193,0.00388386610338036,0.00714884915138907,,,,,"posterior_behaviour",4,1000
"sparse_mixture",4,"low_rank_0995","sbayesr","ves",TRUE,"",0.820817441388631,0.0353948652581023,0.820901236115467,0.751808921397865,0.88920677877918,,,,,"posterior_behaviour",4,1000
"sparse_mixture",4,"low_rank_0995","sbayesr","vgs",TRUE,"",0.614567059030838,0.0408360519648842,0.613755724901293,0.537648026590253,0.69418284701401,,,,,"posterior_behaviour",4,1000
"sparse_mixture",4,"low_rank_0995","sbayesr","vld",TRUE,"",0.0001997667133695,0.00161926181765241,0.000193089446113792,-0.00305126507041893,0.00350887149308506,,,,,"posterior_behaviour",4,1000
"sparse_mixture",4,"low_rank_0995","sbayesr","vle",TRUE,"",0.614367292317468,0.040860781338767,0.613676418847778,0.537224599774825,0.693936251035645,,,,,"posterior_behaviour",4,1000
"sparse_mixture",4,"low_rank_0999","sbayesr","component_proportion_0",FALSE,"not returned as identifiable per-chain draws by installed model",,,,,,,,,,"unavailable",4,0
"sparse_mixture",4,"low_rank_0999","sbayesr","component_proportion_1",FALSE,"not returned as identifiable per-chain draws by installed model",,,,,,,,,,"unavailable",4,0
"sparse_mixture",4,"low_rank_0999","sbayesr","component_proportion_2",FALSE,"not returned as identifiable per-chain draws by installed model",,,,,,,,,,"unavailable",4,0
"sparse_mixture",4,"low_rank_0999","sbayesr","component_proportion_3",FALSE,"not returned as identifiable per-chain draws by installed model",,,,,,,,,,"unavailable",4,0
"sparse_mixture",4,"low_rank_0999","sbayesr","effect_variance",FALSE,"not returned as identifiable per-chain draws by installed model",,,,,,,,,,"unavailable",4,0
"sparse_mixture",4,"low_rank_0999","sbayesr","genetic_variance",FALSE,"not returned as identifiable per-chain draws by installed model",,,,,,,,,,"unavailable",4,0
"sparse_mixture",4,"low_rank_0999","sbayesr","global_nonnull_proportion",TRUE,"",0.00995490489945861,0.000139604961773635,0.00995373524126864,0.00967822420030178,0.0102364177264646,,,,,"posterior_behaviour",4,1000
"sparse_mixture",4,"low_rank_0999","sbayesr","heritability",TRUE,"",0.432661276198169,0.0235549777336933,0.433243239187311,0.386757445625494,0.479026247249395,0.3,0.132661276198169,0.0175990142025268,FALSE,"parameter_recovery",4,1000
"sparse_mixture",4,"low_rank_0999","sbayesr","residual_variance",FALSE,"not returned as identifiable per-chain draws by installed model",,,,,,,,,,"unavailable",4,0
"sparse_mixture",4,"low_rank_0999","sbayesr","vbs",TRUE,"",0.0053114068358286,0.00083776354472609,0.00520870415302519,0.00387944279627902,0.00717337943854919,,,,,"posterior_behaviour",4,1000
"sparse_mixture",4,"low_rank_0999","sbayesr","ves",TRUE,"",0.81347110285617,0.034914973492583,0.813025213961017,0.746325845816299,0.880588966441445,,,,,"posterior_behaviour",4,1000
"sparse_mixture",4,"low_rank_0999","sbayesr","vgs",TRUE,"",0.62075550813055,0.0408762715218986,0.620152387652508,0.543840046485213,0.703456554730972,,,,,"posterior_behaviour",4,1000
"sparse_mixture",4,"low_rank_0999","sbayesr","vld",TRUE,"",0.000271896324024025,0.00164039732864286,0.000249927291202878,-0.00296494162523182,0.00349615734791344,,,,,"posterior_behaviour",4,1000
"sparse_mixture",4,"low_rank_0999","sbayesr","vle",TRUE,"",0.620483611806526,0.0408858086310828,0.620024999691654,0.543181657009324,0.703400113353407,,,,,"posterior_behaviour",4,1000
"sparse_mixture",4,"low_rank_full","sbayesr","component_proportion_0",FALSE,"not returned as identifiable per-chain draws by installed model",,,,,,,,,,"unavailable",4,0
"sparse_mixture",4,"low_rank_full","sbayesr","component_proportion_1",FALSE,"not returned as identifiable per-chain draws by installed model",,,,,,,,,,"unavailable",4,0
"sparse_mixture",4,"low_rank_full","sbayesr","component_proportion_2",FALSE,"not returned as identifiable per-chain draws by installed model",,,,,,,,,,"unavailable",4,0
"sparse_mixture",4,"low_rank_full","sbayesr","component_proportion_3",FALSE,"not returned as identifiable per-chain draws by installed model",,,,,,,,,,"unavailable",4,0
"sparse_mixture",4,"low_rank_full","sbayesr","effect_variance",FALSE,"not returned as identifiable per-chain draws by installed model",,,,,,,,,,"unavailable",4,0
"sparse_mixture",4,"low_rank_full","sbayesr","genetic_variance",FALSE,"not returned as identifiable per-chain draws by installed model",,,,,,,,,,"unavailable",4,0
"sparse_mixture",4,"low_rank_full","sbayesr","global_nonnull_proportion",TRUE,"",0.00995300375420774,0.000139985102803266,0.00995242373464422,0.00968257358732053,0.0102368167709758,,,,,"posterior_behaviour",4,1000
"sparse_mixture",4,"low_rank_full","sbayesr","heritability",TRUE,"",0.433212419130026,0.023619509824392,0.433254282140302,0.38767231371393,0.480805587136598,0.3,0.133212419130026,0.0177455486104736,FALSE,"parameter_recovery",4,1000
"sparse_mixture",4,"low_rank_full","sbayesr","residual_variance",FALSE,"not returned as identifiable per-chain draws by installed model",,,,,,,,,,"unavailable",4,0
"sparse_mixture",4,"low_rank_full","sbayesr","vbs",TRUE,"",0.00529078401709801,0.000881093623987407,0.00521038422823332,0.00382277999336562,0.00727608675261535,,,,,"posterior_behaviour",4,1000
"sparse_mixture",4,"low_rank_full","sbayesr","ves",TRUE,"",0.812269311786786,0.0352000702653954,0.81237188850181,0.741147968535918,0.881358480466129,,,,,"posterior_behaviour",4,1000
"sparse_mixture",4,"low_rank_full","sbayesr","vgs",TRUE,"",0.621221470051663,0.0409305116396127,0.621078833923959,0.542445902138818,0.705040078280924,,,,,"posterior_behaviour",4,1000
"sparse_mixture",4,"low_rank_full","sbayesr","vld",TRUE,"",0.000294294438775538,0.00163046764404048,0.000292621779922952,-0.00293912256608531,0.00346605946976678,,,,,"posterior_behaviour",4,1000
"sparse_mixture",4,"low_rank_full","sbayesr","vle",TRUE,"",0.620927175612888,0.0409385515965001,0.620384533372891,0.542437593251479,0.704473688098747,,,,,"posterior_behaviour",4,1000
"sparse_mixture",5,"bed","bayesr","component_proportion_0",FALSE,"not returned as identifiable per-chain draws by installed model",,,,,,,,,,"unavailable",4,0
"sparse_mixture",5,"bed","bayesr","component_proportion_1",FALSE,"not returned as identifiable per-chain draws by installed model",,,,,,,,,,"unavailable",4,0
"sparse_mixture",5,"bed","bayesr","component_proportion_2",FALSE,"not returned as identifiable per-chain draws by installed model",,,,,,,,,,"unavailable",4,0
"sparse_mixture",5,"bed","bayesr","component_proportion_3",FALSE,"not returned as identifiable per-chain draws by installed model",,,,,,,,,,"unavailable",4,0
"sparse_mixture",5,"bed","bayesr","effect_variance",FALSE,"not returned as identifiable per-chain draws by installed model",,,,,,,,,,"unavailable",4,0
"sparse_mixture",5,"bed","bayesr","genetic_variance",FALSE,"not returned as identifiable per-chain draws by installed model",,,,,,,,,,"unavailable",4,0
"sparse_mixture",5,"bed","bayesr","global_nonnull_proportion",FALSE,"not returned as identifiable per-chain draws by installed model",,,,,,,,,,"unavailable",4,0
"sparse_mixture",5,"bed","bayesr","heritability",TRUE,"",0.291225203708802,0.0160277735668201,0.29171973773404,0.259525675563924,0.322729949261498,0.3,-0.00877479629119837,7.69970499520287e-05,TRUE,"parameter_recovery",4,1000
"sparse_mixture",5,"bed","bayesr","residual_variance",FALSE,"not returned as identifiable per-chain draws by installed model",,,,,,,,,,"unavailable",4,0
"sparse_mixture",5,"bed","bayesr","vbs",TRUE,"",0.00371074030794565,0.000595465488902992,0.00366291389968925,0.00268807490291414,0.0050473280989677,,,,,"posterior_behaviour",4,1000
"sparse_mixture",5,"bed","bayesr","ves",TRUE,"",0.99675261120212,0.0268536724685708,0.996187605563415,0.946465903934155,1.05225490436825,,,,,"posterior_behaviour",4,1000
"sparse_mixture",5,"bed","bayesr","vgs",TRUE,"",0.409833665811215,0.0278431514403718,0.409697449351072,0.354606293396322,0.464853481684507,,,,,"posterior_behaviour",4,1000
"sparse_mixture",5,"bed","bayesr","vld",TRUE,"",-0.00728349962295173,0.00694014465445583,-0.00726499851998305,-0.0208100951716536,0.00625566109390683,,,,,"posterior_behaviour",4,1000
"sparse_mixture",5,"bed","bayesr","vle",TRUE,"",0.417117165434167,0.0290291613985757,0.4170095499883,0.359162457062056,0.474754443847781,,,,,"posterior_behaviour",4,1000
"sparse_mixture",5,"block_csr","sbayesr","component_proportion_0",FALSE,"not returned as identifiable per-chain draws by installed model",,,,,,,,,,"unavailable",4,0
"sparse_mixture",5,"block_csr","sbayesr","component_proportion_1",FALSE,"not returned as identifiable per-chain draws by installed model",,,,,,,,,,"unavailable",4,0
"sparse_mixture",5,"block_csr","sbayesr","component_proportion_2",FALSE,"not returned as identifiable per-chain draws by installed model",,,,,,,,,,"unavailable",4,0
"sparse_mixture",5,"block_csr","sbayesr","component_proportion_3",FALSE,"not returned as identifiable per-chain draws by installed model",,,,,,,,,,"unavailable",4,0
"sparse_mixture",5,"block_csr","sbayesr","effect_variance",FALSE,"not returned as identifiable per-chain draws by installed model",,,,,,,,,,"unavailable",4,0
"sparse_mixture",5,"block_csr","sbayesr","genetic_variance",FALSE,"not returned as identifiable per-chain draws by installed model",,,,,,,,,,"unavailable",4,0
"sparse_mixture",5,"block_csr","sbayesr","global_nonnull_proportion",TRUE,"",0.00995755794975458,0.000139641650687776,0.0099586977342922,0.00968812591694205,0.0102383327933058,,,,,"posterior_behaviour",4,1000
"sparse_mixture",5,"block_csr","sbayesr","heritability",TRUE,"",0.391896578571751,0.0227655713663696,0.391574557546201,0.348518838979131,0.436435759884269,0.3,0.0918965785717513,0.00844498115319406,FALSE,"parameter_recovery",4,1000
"sparse_mixture",5,"block_csr","sbayesr","residual_variance",FALSE,"not returned as identifiable per-chain draws by installed model",,,,,,,,,,"unavailable",4,0
"sparse_mixture",5,"block_csr","sbayesr","vbs",TRUE,"",0.00454397122641753,0.0007094222979477,0.00447692072423948,0.00330692360746896,0.00610376340762231,,,,,"posterior_behaviour",4,1000
"sparse_mixture",5,"block_csr","sbayesr","ves",TRUE,"",0.85667857636315,0.0340875926518069,0.855791317498622,0.789554410224441,0.924723456988251,,,,,"posterior_behaviour",4,1000
"sparse_mixture",5,"block_csr","sbayesr","vgs",TRUE,"",0.552411840542539,0.0379244266302205,0.55160578286135,0.481161701581049,0.62907252483013,,,,,"posterior_behaviour",4,1000
"sparse_mixture",5,"block_csr","sbayesr","vld",TRUE,"",0.00151900567909171,0.00170192272461413,0.0015155996747841,-0.00182723449250914,0.00489442089400764,,,,,"posterior_behaviour",4,1000
"sparse_mixture",5,"block_csr","sbayesr","vle",TRUE,"",0.550892834863447,0.0377640526489884,0.550323588814017,0.480201697973577,0.627758132625477,,,,,"posterior_behaviour",4,1000
"sparse_mixture",5,"full_csr","sbayesr","component_proportion_0",FALSE,"not returned as identifiable per-chain draws by installed model",,,,,,,,,,"unavailable",4,0
"sparse_mixture",5,"full_csr","sbayesr","component_proportion_1",FALSE,"not returned as identifiable per-chain draws by installed model",,,,,,,,,,"unavailable",4,0
"sparse_mixture",5,"full_csr","sbayesr","component_proportion_2",FALSE,"not returned as identifiable per-chain draws by installed model",,,,,,,,,,"unavailable",4,0
"sparse_mixture",5,"full_csr","sbayesr","component_proportion_3",FALSE,"not returned as identifiable per-chain draws by installed model",,,,,,,,,,"unavailable",4,0
"sparse_mixture",5,"full_csr","sbayesr","effect_variance",FALSE,"not returned as identifiable per-chain draws by installed model",,,,,,,,,,"unavailable",4,0
"sparse_mixture",5,"full_csr","sbayesr","genetic_variance",FALSE,"not returned as identifiable per-chain draws by installed model",,,,,,,,,,"unavailable",4,0
"sparse_mixture",5,"full_csr","sbayesr","global_nonnull_proportion",TRUE,"",0.00995940709815865,0.000141663220811165,0.00995825385825538,0.00968490595952164,0.0102370275015071,,,,,"posterior_behaviour",4,2000
"sparse_mixture",5,"full_csr","sbayesr","heritability",TRUE,"",0.396814258367172,0.0229515708805616,0.396855321890187,0.351927187182611,0.441003867869017,0.3,0.0968142583671724,0.00937300062318562,FALSE,"parameter_recovery",4,2000
"sparse_mixture",5,"full_csr","sbayesr","residual_variance",FALSE,"not returned as identifiable per-chain draws by installed model",,,,,,,,,,"unavailable",4,0
"sparse_mixture",5,"full_csr","sbayesr","vbs",TRUE,"",0.0046010187185213,0.000726870374705724,0.00453534410796815,0.00335883052499772,0.00619441813810256,,,,,"posterior_behaviour",4,2000
"sparse_mixture",5,"full_csr","sbayesr","ves",TRUE,"",0.849493396150085,0.0342274703000353,0.849413457440589,0.783217598334287,0.918300470496336,,,,,"posterior_behaviour",4,2000
"sparse_mixture",5,"full_csr","sbayesr","vgs",TRUE,"",0.559186365303103,0.0384114696609864,0.558342446223236,0.485846691412916,0.635702133179691,,,,,"posterior_behaviour",4,2000
"sparse_mixture",5,"full_csr","sbayesr","vld",TRUE,"",0.000379062476289824,0.0013108141965304,0.000385790324194502,-0.00229772341652562,0.00296676404571236,,,,,"posterior_behaviour",4,2000
"sparse_mixture",5,"full_csr","sbayesr","vle",TRUE,"",0.558807302826813,0.0383640216872549,0.557920547637552,0.485318982074293,0.635454375250678,,,,,"posterior_behaviour",4,2000
"sparse_mixture",5,"low_rank_0995","sbayesr","component_proportion_0",FALSE,"not returned as identifiable per-chain draws by installed model",,,,,,,,,,"unavailable",4,0
"sparse_mixture",5,"low_rank_0995","sbayesr","component_proportion_1",FALSE,"not returned as identifiable per-chain draws by installed model",,,,,,,,,,"unavailable",4,0
"sparse_mixture",5,"low_rank_0995","sbayesr","component_proportion_2",FALSE,"not returned as identifiable per-chain draws by installed model",,,,,,,,,,"unavailable",4,0
"sparse_mixture",5,"low_rank_0995","sbayesr","component_proportion_3",FALSE,"not returned as identifiable per-chain draws by installed model",,,,,,,,,,"unavailable",4,0
"sparse_mixture",5,"low_rank_0995","sbayesr","effect_variance",FALSE,"not returned as identifiable per-chain draws by installed model",,,,,,,,,,"unavailable",4,0
"sparse_mixture",5,"low_rank_0995","sbayesr","genetic_variance",FALSE,"not returned as identifiable per-chain draws by installed model",,,,,,,,,,"unavailable",4,0
"sparse_mixture",5,"low_rank_0995","sbayesr","global_nonnull_proportion",TRUE,"",0.00995599379353761,0.000141345501927977,0.00995275421085473,0.00968051680540336,0.0102444072468369,,,,,"posterior_behaviour",4,1000
"sparse_mixture",5,"low_rank_0995","sbayesr","heritability",TRUE,"",0.388211654599713,0.0226174590886475,0.388317348504876,0.343309824100813,0.433233326111505,0.3,0.0882116545997132,0.0077812960072191,FALSE,"parameter_recovery",4,1000
"sparse_mixture",5,"low_rank_0995","sbayesr","residual_variance",FALSE,"not returned as identifiable per-chain draws by installed model",,,,,,,,,,"unavailable",4,0
"sparse_mixture",5,"low_rank_0995","sbayesr","vbs",TRUE,"",0.00456290239853252,0.00073635823245837,0.00447893602447046,0.00336232037581322,0.00620365149321865,,,,,"posterior_behaviour",4,1000
"sparse_mixture",5,"low_rank_0995","sbayesr","ves",TRUE,"",0.861302478445299,0.0337816789020694,0.861070175806434,0.797290780981953,0.92853234213074,,,,,"posterior_behaviour",4,1000
"sparse_mixture",5,"low_rank_0995","sbayesr","vgs",TRUE,"",0.546871154567946,0.0378009814963483,0.545974402282372,0.475166069134268,0.622594538484661,,,,,"posterior_behaviour",4,1000
"sparse_mixture",5,"low_rank_0995","sbayesr","vld",TRUE,"",0.00147504666134975,0.00168433181822495,0.00143133847490837,-0.00184684980896526,0.00482796389885062,,,,,"posterior_behaviour",4,1000
"sparse_mixture",5,"low_rank_0995","sbayesr","vle",TRUE,"",0.545396107906597,0.037647756576102,0.544246034537771,0.47385496322906,0.621131278539334,,,,,"posterior_behaviour",4,1000
"sparse_mixture",5,"low_rank_0999","sbayesr","component_proportion_0",FALSE,"not returned as identifiable per-chain draws by installed model",,,,,,,,,,"unavailable",4,0
"sparse_mixture",5,"low_rank_0999","sbayesr","component_proportion_1",FALSE,"not returned as identifiable per-chain draws by installed model",,,,,,,,,,"unavailable",4,0
"sparse_mixture",5,"low_rank_0999","sbayesr","component_proportion_2",FALSE,"not returned as identifiable per-chain draws by installed model",,,,,,,,,,"unavailable",4,0
"sparse_mixture",5,"low_rank_0999","sbayesr","component_proportion_3",FALSE,"not returned as identifiable per-chain draws by installed model",,,,,,,,,,"unavailable",4,0
"sparse_mixture",5,"low_rank_0999","sbayesr","effect_variance",FALSE,"not returned as identifiable per-chain draws by installed model",,,,,,,,,,"unavailable",4,0
"sparse_mixture",5,"low_rank_0999","sbayesr","genetic_variance",FALSE,"not returned as identifiable per-chain draws by installed model",,,,,,,,,,"unavailable",4,0
"sparse_mixture",5,"low_rank_0999","sbayesr","global_nonnull_proportion",TRUE,"",0.0099560798274286,0.000140068250639787,0.00995279350103556,0.00968641419560549,0.010229959562341,,,,,"posterior_behaviour",4,1000
"sparse_mixture",5,"low_rank_0999","sbayesr","heritability",TRUE,"",0.391452779292236,0.0224796618750546,0.391119748210414,0.347277110694525,0.437292325114176,0.3,0.0914527792922357,0.00836361084027438,FALSE,"parameter_recovery",4,1000
"sparse_mixture",5,"low_rank_0999","sbayesr","residual_variance",FALSE,"not returned as identifiable per-chain draws by installed model",,,,,,,,,,"unavailable",4,0
"sparse_mixture",5,"low_rank_0999","sbayesr","vbs",TRUE,"",0.00451391327673233,0.000693349799349654,0.00447124878454185,0.00332225226484991,0.00607752730427733,,,,,"posterior_behaviour",4,1000
"sparse_mixture",5,"low_rank_0999","sbayesr","ves",TRUE,"",0.856984627152148,0.0333007412234094,0.856446459457338,0.78998023164927,0.921619126621922,,,,,"posterior_behaviour",4,1000
"sparse_mixture",5,"low_rank_0999","sbayesr","vgs",TRUE,"",0.551606104557951,0.0377768488046525,0.550580462814703,0.478959639073245,0.627872705920798,,,,,"posterior_behaviour",4,1000
"sparse_mixture",5,"low_rank_0999","sbayesr","vld",TRUE,"",0.00149674439160397,0.00162075068123056,0.00146646892208108,-0.00183532957415531,0.00459084824726494,,,,,"posterior_behaviour",4,1000
"sparse_mixture",5,"low_rank_0999","sbayesr","vle",TRUE,"",0.550109360166347,0.0376281849397702,0.548842786318152,0.478309460635369,0.625883394243985,,,,,"posterior_behaviour",4,1000
"sparse_mixture",5,"low_rank_full","sbayesr","component_proportion_0",FALSE,"not returned as identifiable per-chain draws by installed model",,,,,,,,,,"unavailable",4,0
"sparse_mixture",5,"low_rank_full","sbayesr","component_proportion_1",FALSE,"not returned as identifiable per-chain draws by installed model",,,,,,,,,,"unavailable",4,0
"sparse_mixture",5,"low_rank_full","sbayesr","component_proportion_2",FALSE,"not returned as identifiable per-chain draws by installed model",,,,,,,,,,"unavailable",4,0
"sparse_mixture",5,"low_rank_full","sbayesr","component_proportion_3",FALSE,"not returned as identifiable per-chain draws by installed model",,,,,,,,,,"unavailable",4,0
"sparse_mixture",5,"low_rank_full","sbayesr","effect_variance",FALSE,"not returned as identifiable per-chain draws by installed model",,,,,,,,,,"unavailable",4,0
"sparse_mixture",5,"low_rank_full","sbayesr","genetic_variance",FALSE,"not returned as identifiable per-chain draws by installed model",,,,,,,,,,"unavailable",4,0
"sparse_mixture",5,"low_rank_full","sbayesr","global_nonnull_proportion",TRUE,"",0.00995792539471877,0.000140010889759569,0.00995697442395516,0.00968736114623436,0.010232111524561,,,,,"posterior_behaviour",4,1000
"sparse_mixture",5,"low_rank_full","sbayesr","heritability",TRUE,"",0.391711430345749,0.0230591295221138,0.391625496105825,0.348378417196801,0.437267415881434,0.3,0.0917114303457487,0.00841098645606312,FALSE,"parameter_recovery",4,1000
"sparse_mixture",5,"low_rank_full","sbayesr","residual_variance",FALSE,"not returned as identifiable per-chain draws by installed model",,,,,,,,,,"unavailable",4,0
"sparse_mixture",5,"low_rank_full","sbayesr","vbs",TRUE,"",0.00452746821836401,0.000719315456701458,0.00444685163409976,0.00334152853968364,0.00608757017475708,,,,,"posterior_behaviour",4,1000
"sparse_mixture",5,"low_rank_full","sbayesr","ves",TRUE,"",0.855880403372954,0.0340460258716045,0.856590803412923,0.789327336652981,0.922703046120757,,,,,"posterior_behaviour",4,1000
"sparse_mixture",5,"low_rank_full","sbayesr","vgs",TRUE,"",0.551507777772095,0.0386401858107409,0.550905528310627,0.477393340422791,0.628408312159281,,,,,"posterior_behaviour",4,1000
"sparse_mixture",5,"low_rank_full","sbayesr","vld",TRUE,"",0.00153391874154515,0.00169818929957235,0.00154581192652581,-0.00178017296836503,0.00489009035382244,,,,,"posterior_behaviour",4,1000
"sparse_mixture",5,"low_rank_full","sbayesr","vle",TRUE,"",0.54997385903055,0.0384830198590015,0.549433131041108,0.476386711223523,0.626330196653354,,,,,"posterior_behaviour",4,1000
