"architecture","replicate","configuration","method","estimand","burnin_candidate","retained_draw_candidate","rhat","ess_bulk","ess_tail","mcse_mean","posterior_sd","relative_mcse","chain_count","draws_per_chain","rhat_pass","ess_bulk_pass","ess_tail_pass","relative_mcse_pass","chain_count_pass","finite_nonconstant_pass","overall_pass","limiting_diagnostic"
"sparse_homogeneous",1,"block_csr","sbayesc","global_nonnull_proportion",250,250,1.00359571144126,818.174061860546,883.257022663883,1.50252728953179e-06,4.29050803557748e-05,0.035019798985869,4,250,TRUE,TRUE,TRUE,TRUE,TRUE,TRUE,TRUE,"rhat"
"sparse_homogeneous",1,"block_csr","sbayesc","global_nonnull_proportion",250,500,1.00049411402091,1620.61773463035,1643.32973945122,1.08721243609748e-06,4.3816315027594e-05,0.0248129591777126,4,500,TRUE,TRUE,TRUE,TRUE,TRUE,TRUE,TRUE,"rhat"
"sparse_homogeneous",1,"block_csr","sbayesc","global_nonnull_proportion",250,1000,1.00067478605791,3198.29318314936,3665.97343057813,7.78153873311742e-07,4.40576125645974e-05,0.0176621888480864,4,1000,TRUE,TRUE,TRUE,TRUE,TRUE,TRUE,TRUE,"rhat"
"sparse_homogeneous",1,"block_csr","sbayesc","global_nonnull_proportion",250,2000,0.999856920688101,6623.83715748881,7592.67404673559,5.44575849546424e-07,4.41979383920719e-05,0.0123212952766165,4,2000,TRUE,TRUE,TRUE,TRUE,TRUE,TRUE,TRUE,"rhat"
"sparse_homogeneous",1,"block_csr","sbayesc","global_nonnull_proportion",500,250,1.00275983490215,885.227205979534,850.726266417121,1.49855998543464e-06,4.46602795719539e-05,0.0335546485556646,4,250,TRUE,TRUE,TRUE,TRUE,TRUE,TRUE,TRUE,"rhat"
"sparse_homogeneous",1,"block_csr","sbayesc","global_nonnull_proportion",500,500,1.00169731374983,1439.94719703116,1687.95869151266,1.18044883525244e-06,4.47933713048969e-05,0.0263532036295602,4,500,TRUE,TRUE,TRUE,TRUE,TRUE,TRUE,TRUE,"rhat"
"sparse_homogeneous",1,"block_csr","sbayesc","global_nonnull_proportion",500,1000,0.99969870188151,3431.68733472204,3810.41377184132,7.52756179940013e-07,4.42695220884151e-05,0.0170039373462539,4,1000,TRUE,TRUE,TRUE,TRUE,TRUE,TRUE,TRUE,"rhat"
"sparse_homogeneous",1,"block_csr","sbayesc","global_nonnull_proportion",500,2000,1.00000522330826,6893.47067408493,7809.23320922909,5.34540317437062e-07,4.44370872354215e-05,0.012029148413917,4,2000,TRUE,TRUE,TRUE,TRUE,TRUE,TRUE,TRUE,"rhat"
"sparse_homogeneous",1,"block_csr","sbayesc","global_nonnull_proportion",1000,250,1.00096564642221,975.551195236687,855.554344622606,1.40040156092174e-06,4.37260159885176e-05,0.032026735783326,4,250,TRUE,TRUE,TRUE,TRUE,TRUE,TRUE,TRUE,"rhat"
"sparse_homogeneous",1,"block_csr","sbayesc","global_nonnull_proportion",1000,500,1.00110314310289,1874.34162503163,1952.62817834509,1.00856637929452e-06,4.37501017740547e-05,0.0230528921853304,4,500,TRUE,TRUE,TRUE,TRUE,TRUE,TRUE,TRUE,"rhat"
"sparse_homogeneous",1,"block_csr","sbayesc","global_nonnull_proportion",1000,1000,1.00013659956568,3517.88259395603,3740.61130299553,7.44347146354492e-07,4.42266083941095e-05,0.0168303013362795,4,1000,TRUE,TRUE,TRUE,TRUE,TRUE,TRUE,TRUE,"rhat"
"sparse_homogeneous",1,"block_csr","sbayesc","global_nonnull_proportion",1000,2000,0.999903097661618,7251.12567115871,7928.67900122636,5.2346751819488e-07,4.45719553165765e-05,0.0117443247548128,4,2000,TRUE,TRUE,TRUE,TRUE,TRUE,TRUE,TRUE,"rhat"
"sparse_homogeneous",1,"block_csr","sbayesc","heritability",250,250,0.999294146101609,897.97625180174,954.501669105784,0.000599641867253431,0.0180413369438808,0.0332371081543829,4,250,TRUE,TRUE,TRUE,TRUE,TRUE,TRUE,TRUE,"rhat"
"sparse_homogeneous",1,"block_csr","sbayesc","heritability",250,500,0.999486159293022,2067.4923172045,1941.32627003176,0.000402533342310906,0.0182801845030934,0.0220202012864141,4,500,TRUE,TRUE,TRUE,TRUE,TRUE,TRUE,TRUE,"rhat"
"sparse_homogeneous",1,"block_csr","sbayesc","heritability",250,1000,0.999983747519742,4401.53139471167,4044.97386288623,0.000278998155841966,0.018528475671081,0.015057804041453,4,1000,TRUE,TRUE,TRUE,TRUE,TRUE,TRUE,TRUE,"rhat"
"sparse_homogeneous",1,"block_csr","sbayesc","heritability",250,2000,1.0002958331166,9043.10240245213,8140.01167212846,0.000191823663232966,0.0182424037987507,0.0105152624264409,4,2000,TRUE,TRUE,TRUE,TRUE,TRUE,TRUE,TRUE,"rhat"
"sparse_homogeneous",1,"block_csr","sbayesc","heritability",500,250,1.00104544572217,1177.14769173726,969.433545673937,0.000540401572455369,0.0185231304444851,0.029174419198471,4,250,TRUE,TRUE,TRUE,TRUE,TRUE,TRUE,TRUE,"rhat"
"sparse_homogeneous",1,"block_csr","sbayesc","heritability",500,500,0.999351503169353,2320.41319192355,2137.50719204581,0.000390538445090108,0.0187967354845104,0.0207769293456267,4,500,TRUE,TRUE,TRUE,TRUE,TRUE,TRUE,TRUE,"rhat"
"sparse_homogeneous",1,"block_csr","sbayesc","heritability",500,1000,1.00033027671756,4461.68060420417,4129.73999151987,0.00027785034388199,0.0185569467443575,0.0149728480503655,4,1000,TRUE,TRUE,TRUE,TRUE,TRUE,TRUE,TRUE,"rhat"
"sparse_homogeneous",1,"block_csr","sbayesc","heritability",500,2000,1.00036103395522,9338.83120397023,8097.66118175557,0.000189511749913229,0.0183060287135331,0.0103524228481696,4,2000,TRUE,TRUE,TRUE,TRUE,TRUE,TRUE,TRUE,"rhat"
"sparse_homogeneous",1,"block_csr","sbayesc","heritability",1000,250,1.0004100031239,1130.42618705322,937.933815138898,0.000548840760863425,0.0184869471629497,0.0296880147936688,4,250,TRUE,TRUE,TRUE,TRUE,TRUE,TRUE,TRUE,"rhat"
"sparse_homogeneous",1,"block_csr","sbayesc","heritability",1000,500,1.00099936713429,2171.68874119291,2019.65995423757,0.000392672729695996,0.0183185522835327,0.0214357949044361,4,500,TRUE,TRUE,TRUE,TRUE,TRUE,TRUE,TRUE,"rhat"
"sparse_homogeneous",1,"block_csr","sbayesc","heritability",1000,1000,1.00019308107812,4555.61509620436,3795.78500527984,0.000268630705263658,0.0181284306406921,0.0148181996879903,4,1000,TRUE,TRUE,TRUE,TRUE,TRUE,TRUE,TRUE,"rhat"
"sparse_homogeneous",1,"block_csr","sbayesc","heritability",1000,2000,1.0000218345213,9322.85625064911,8010.10267368752,0.000188209166336074,0.0181597454324075,0.0103640861617036,4,2000,TRUE,TRUE,TRUE,TRUE,TRUE,TRUE,TRUE,"rhat"
"sparse_homogeneous",1,"block_csr","sbayesc","vbs",250,250,0.999012815737314,644.172799883484,880.883245816599,9.76138994988226e-05,0.00253332529056869,0.0385319247639571,4,250,TRUE,TRUE,TRUE,TRUE,TRUE,TRUE,TRUE,"rhat"
"sparse_homogeneous",1,"block_csr","sbayesc","vbs",250,500,1.00144715718424,1044.64870185395,1569.94543094344,7.55204978618368e-05,0.00252003949634989,0.029967981839659,4,500,TRUE,TRUE,TRUE,TRUE,TRUE,TRUE,TRUE,"rhat"
"sparse_homogeneous",1,"block_csr","sbayesc","vbs",250,1000,1.00043624111664,2200.11756242336,3045.81888497879,5.31983138600448e-05,0.00257579636059913,0.0206531520401989,4,1000,TRUE,TRUE,TRUE,TRUE,TRUE,TRUE,TRUE,"rhat"
"sparse_homogeneous",1,"block_csr","sbayesc","vbs",250,2000,1.00045173079003,4855.28374953646,5980.43248714953,3.53551766137182e-05,0.00251627395786168,0.0140506070506579,4,2000,TRUE,TRUE,TRUE,TRUE,TRUE,TRUE,TRUE,"rhat"
"sparse_homogeneous",1,"block_csr","sbayesc","vbs",500,250,1.00897772133129,434.34181421039,734.381929982548,0.000117581103557066,0.00250425859397453,0.0469524608361042,4,250,TRUE,TRUE,TRUE,TRUE,TRUE,TRUE,TRUE,"rhat"
"sparse_homogeneous",1,"block_csr","sbayesc","vbs",500,500,1.00120097878823,969.592187172641,1467.42922441322,7.75504440704943e-05,0.00254778198410665,0.0304384144931798,4,500,TRUE,TRUE,TRUE,TRUE,TRUE,TRUE,TRUE,"rhat"
"sparse_homogeneous",1,"block_csr","sbayesc","vbs",500,1000,1.00091054436973,2288.84577785064,3215.31248581801,5.15597463442739e-05,0.00256404820823428,0.0201087273549277,4,1000,TRUE,TRUE,TRUE,TRUE,TRUE,TRUE,TRUE,"rhat"
"sparse_homogeneous",1,"block_csr","sbayesc","vbs",500,2000,1.00037011360499,4776.72458402309,6036.52635380231,3.61807418042617e-05,0.00253569505403457,0.0142685697740721,4,2000,TRUE,TRUE,TRUE,TRUE,TRUE,TRUE,TRUE,"rhat"
"sparse_homogeneous",1,"block_csr","sbayesc","vbs",1000,250,1.00488224361428,708.998952620957,890.224942188997,0.000102045842754556,0.00266787399159748,0.0382498735232441,4,250,TRUE,TRUE,TRUE,TRUE,TRUE,TRUE,TRUE,"rhat"
"sparse_homogeneous",1,"block_csr","sbayesc","vbs",1000,500,1.00098820224007,1279.19628594663,1674.91627030474,7.17933668191436e-05,0.00257839508258329,0.0278442071597554,4,500,TRUE,TRUE,TRUE,TRUE,TRUE,TRUE,TRUE,"rhat"
"sparse_homogeneous",1,"block_csr","sbayesc","vbs",1000,1000,1.00092764216845,2457.758280878,3103.07824236439,5.0392075386653e-05,0.00252164816976162,0.0199837852048237,4,1000,TRUE,TRUE,TRUE,TRUE,TRUE,TRUE,TRUE,"rhat"
"sparse_homogeneous",1,"block_csr","sbayesc","vbs",1000,2000,1.00010845432667,4860.05747778687,6122.30438084561,3.61581707405714e-05,0.00254092933172377,0.0142302937311687,4,2000,TRUE,TRUE,TRUE,TRUE,TRUE,TRUE,TRUE,"rhat"
"sparse_homogeneous",1,"block_csr","sbayesc","ves",250,250,0.998816132886937,628.453170849849,838.50758949119,0.00119962778601798,0.0300387261001428,0.0399360406303074,4,250,TRUE,TRUE,TRUE,TRUE,TRUE,TRUE,TRUE,"rhat"
"sparse_homogeneous",1,"block_csr","sbayesc","ves",250,500,1.00070928082536,1258.58715007207,1799.19141056832,0.000858316575377703,0.0303949240411057,0.0282388129747232,4,500,TRUE,TRUE,TRUE,TRUE,TRUE,TRUE,TRUE,"rhat"
"sparse_homogeneous",1,"block_csr","sbayesc","ves",250,1000,0.999589616265888,2789.65026991162,3537.78059058028,0.000577136981208258,0.0304455677387069,0.0189563547036279,4,1000,TRUE,TRUE,TRUE,TRUE,TRUE,TRUE,TRUE,"rhat"
"sparse_homogeneous",1,"block_csr","sbayesc","ves",250,2000,1.00003691341884,5515.34139811849,6684.33215259226,0.000405112852141359,0.0300903200602572,0.0134632284179797,4,2000,TRUE,TRUE,TRUE,TRUE,TRUE,TRUE,TRUE,"rhat"
"sparse_homogeneous",1,"block_csr","sbayesc","ves",500,250,1.00402519938764,632.896371630365,829.573250206205,0.0012225107217312,0.0307619976822902,0.0397409405708071,4,250,TRUE,TRUE,TRUE,TRUE,TRUE,TRUE,TRUE,"rhat"
"sparse_homogeneous",1,"block_csr","sbayesc","ves",500,500,1.00089914505685,1389.90275687919,1833.72191533518,0.000834833860525906,0.0310796953410499,0.0268610696264857,4,500,TRUE,TRUE,TRUE,TRUE,TRUE,TRUE,TRUE,"rhat"
"sparse_homogeneous",1,"block_csr","sbayesc","ves",500,1000,0.999721372298899,2752.77453670234,2909.89466167269,0.000580764516276021,0.0304766113589298,0.0190560725218506,4,1000,TRUE,TRUE,TRUE,TRUE,TRUE,TRUE,TRUE,"rhat"
"sparse_homogeneous",1,"block_csr","sbayesc","ves",500,2000,1.00001957591981,5580.91527237217,6622.02090828973,0.000402085461542288,0.0300467699315737,0.0133819862320632,4,2000,TRUE,TRUE,TRUE,TRUE,TRUE,TRUE,TRUE,"rhat"
"sparse_homogeneous",1,"block_csr","sbayesc","ves",1000,250,1.00101988496601,764.944393308204,795.315088046821,0.00106617013248339,0.0295723380981029,0.0360529535725749,4,250,TRUE,TRUE,TRUE,TRUE,TRUE,TRUE,TRUE,"rhat"
"sparse_homogeneous",1,"block_csr","sbayesc","ves",1000,500,0.999509117497974,1375.09437728991,1213.0975454944,0.000806075130027806,0.0298689563209008,0.0269870537613581,4,500,TRUE,TRUE,TRUE,TRUE,TRUE,TRUE,TRUE,"rhat"
"sparse_homogeneous",1,"block_csr","sbayesc","ves",1000,1000,1.00014875901876,2887.00095949785,3213.97084664301,0.000550067044591772,0.0295909885047144,0.0185890053826399,4,1000,TRUE,TRUE,TRUE,TRUE,TRUE,TRUE,TRUE,"rhat"
"sparse_homogeneous",1,"block_csr","sbayesc","ves",1000,2000,1.0009647725887,5564.8543654897,6559.39772942791,0.000395877091233562,0.02954899389572,0.0133973120245865,4,2000,TRUE,TRUE,TRUE,TRUE,TRUE,TRUE,TRUE,"rhat"
"sparse_homogeneous",1,"block_csr","sbayesc","vgs",250,250,0.999010876198192,1163.55537068622,992.773788615418,0.000900658038755385,0.0306586044245643,0.0293770070640841,4,250,TRUE,TRUE,TRUE,TRUE,TRUE,TRUE,TRUE,"rhat"
"sparse_homogeneous",1,"block_csr","sbayesc","vgs",250,500,0.999894923513717,2571.21831758154,2043.47077823692,0.000615895392743998,0.0311801830969393,0.019752783068309,4,500,TRUE,TRUE,TRUE,TRUE,TRUE,TRUE,TRUE,"rhat"
"sparse_homogeneous",1,"block_csr","sbayesc","vgs",250,1000,1.00011286801328,5175.24442954473,4193.83566174549,0.000439240197392401,0.0316227407802422,0.0138900103708543,4,1000,TRUE,TRUE,TRUE,TRUE,TRUE,TRUE,TRUE,"rhat"
"sparse_homogeneous",1,"block_csr","sbayesc","vgs",250,2000,1.00034840069325,10537.3265686735,8318.62275405169,0.000303570063941303,0.0311524992400858,0.00974464557728585,4,2000,TRUE,TRUE,TRUE,TRUE,TRUE,TRUE,TRUE,"rhat"
"sparse_homogeneous",1,"block_csr","sbayesc","vgs",500,250,1.00091880935486,1359.4365766476,1107.41072844561,0.000863861523932703,0.031703444010213,0.0272481918259233,4,250,TRUE,TRUE,TRUE,TRUE,TRUE,TRUE,TRUE,"rhat"
"sparse_homogeneous",1,"block_csr","sbayesc","vgs",500,500,0.99924202232574,2749.2707439084,2102.79840735712,0.000608827596925865,0.0319046833468419,0.0190827030096862,4,500,TRUE,TRUE,TRUE,TRUE,TRUE,TRUE,TRUE,"rhat"
"sparse_homogeneous",1,"block_csr","sbayesc","vgs",500,1000,1.00086800219543,5306.34593130105,4187.26969454073,0.000433583014873488,0.0315823368734505,0.0137286552483701,4,1000,TRUE,TRUE,TRUE,TRUE,TRUE,TRUE,TRUE,"rhat"
"sparse_homogeneous",1,"block_csr","sbayesc","vgs",500,2000,1.00019685213216,10958.3025182691,8413.92531147331,0.000299395003073516,0.0313255111362387,0.00955754566210933,4,2000,TRUE,TRUE,TRUE,TRUE,TRUE,TRUE,TRUE,"rhat"
"sparse_homogeneous",1,"block_csr","sbayesc","vgs",1000,250,1.00232545322043,1267.42619603635,1026.18415996848,0.000896500545828814,0.0320330099470828,0.0279867719989409,4,250,TRUE,TRUE,TRUE,TRUE,TRUE,TRUE,TRUE,"rhat"
"sparse_homogeneous",1,"block_csr","sbayesc","vgs",1000,500,1.00261287069242,2587.19362380372,2057.4952119186,0.000614567411826571,0.0312639794364872,0.0196573636147333,4,500,TRUE,TRUE,TRUE,TRUE,TRUE,TRUE,TRUE,"rhat"
"sparse_homogeneous",1,"block_csr","sbayesc","vgs",1000,1000,1.0002456553577,5202.55813242024,4101.68101127519,0.00043003169469165,0.0310283341524656,0.0138593226622667,4,1000,TRUE,TRUE,TRUE,TRUE,TRUE,TRUE,TRUE,"rhat"
"sparse_homogeneous",1,"block_csr","sbayesc","vgs",1000,2000,1.00027530029974,10965.2032110648,8367.89534970775,0.000298389452753417,0.0312364420887722,0.00955260691679965,4,2000,TRUE,TRUE,TRUE,TRUE,TRUE,TRUE,TRUE,"rhat"
"sparse_homogeneous",1,"block_csr","sbayesc","vld",250,250,0.999643541509468,1047.86041655299,1029.27296510158,3.30743658435887e-05,0.00107029031218677,0.0309022378947005,4,250,TRUE,TRUE,TRUE,TRUE,TRUE,TRUE,TRUE,"rhat"
"sparse_homogeneous",1,"block_csr","sbayesc","vld",250,500,0.999087314414557,2114.05780710002,2057.85653590382,2.40269054402551e-05,0.00110443138057346,0.021755000684406,4,500,TRUE,TRUE,TRUE,TRUE,TRUE,TRUE,TRUE,"rhat"
"sparse_homogeneous",1,"block_csr","sbayesc","vld",250,1000,0.999845462404108,4049.99549482971,3703.60505901658,1.73694808814489e-05,0.00110429722496212,0.0157289907905408,4,1000,TRUE,TRUE,TRUE,TRUE,TRUE,TRUE,TRUE,"rhat"
"sparse_homogeneous",1,"block_csr","sbayesc","vld",250,2000,1.00000335995024,7581.09960562829,7515.74736133998,1.26145414082116e-05,0.0010966876837679,0.0115024009067666,4,2000,TRUE,TRUE,TRUE,TRUE,TRUE,TRUE,TRUE,"rhat"
"sparse_homogeneous",1,"block_csr","sbayesc","vld",500,250,0.999768218731756,1068.51261523504,994.437387122864,3.48024596406275e-05,0.00113798712609144,0.0305824721938297,4,250,TRUE,TRUE,TRUE,TRUE,TRUE,TRUE,TRUE,"rhat"
"sparse_homogeneous",1,"block_csr","sbayesc","vld",500,500,1.0001595520751,2065.04620210811,1932.27956221799,2.46669418819242e-05,0.00111884274203809,0.0220468354980708,4,500,TRUE,TRUE,TRUE,TRUE,TRUE,TRUE,TRUE,"rhat"
"sparse_homogeneous",1,"block_csr","sbayesc","vld",500,1000,1.00015581143813,3821.7777898312,3388.33965124383,1.82358156965711e-05,0.00111507071715914,0.0163539544317246,4,1000,TRUE,TRUE,TRUE,TRUE,TRUE,TRUE,TRUE,"rhat"
"sparse_homogeneous",1,"block_csr","sbayesc","vld",500,2000,1.00049728696011,7412.62406751654,7468.44482916013,1.27920855378305e-05,0.00110007577516998,0.0116283676329968,4,2000,TRUE,TRUE,TRUE,TRUE,TRUE,TRUE,TRUE,"rhat"
"sparse_homogeneous",1,"block_csr","sbayesc","vld",1000,250,1.00165111224861,719.183470578066,769.828635233869,4.13995106135e-05,0.00110931965412418,0.0373197305750303,4,250,TRUE,TRUE,TRUE,TRUE,TRUE,TRUE,TRUE,"rhat"
"sparse_homogeneous",1,"block_csr","sbayesc","vld",1000,500,1.00042205888851,1616.74797651936,1550.72157626343,2.78214217608419e-05,0.00111156568907733,0.0250290396997908,4,500,TRUE,TRUE,TRUE,TRUE,TRUE,TRUE,TRUE,"rhat"
"sparse_homogeneous",1,"block_csr","sbayesc","vld",1000,1000,0.999882137961158,3460.85388369231,3536.81004664284,1.86215234623483e-05,0.00109397851941364,0.0170218364729219,4,1000,TRUE,TRUE,TRUE,TRUE,TRUE,TRUE,TRUE,"rhat"
"sparse_homogeneous",1,"block_csr","sbayesc","vld",1000,2000,1.00013294094802,7077.42525073746,7436.27535974463,1.28887696791046e-05,0.00108243171937885,0.0119072357621788,4,2000,TRUE,TRUE,TRUE,TRUE,TRUE,TRUE,TRUE,"rhat"
"sparse_homogeneous",1,"block_csr","sbayesc","vle",250,250,0.998878456598426,1171.61086788257,1035.49280796529,0.000897399199574068,0.0306594513553829,0.0292699040557525,4,250,TRUE,TRUE,TRUE,TRUE,TRUE,TRUE,TRUE,"rhat"
"sparse_homogeneous",1,"block_csr","sbayesc","vle",250,500,0.999847214114086,2574.64049971894,2089.01079017862,0.000615822056042831,0.0311636221806868,0.0197609267777761,4,500,TRUE,TRUE,TRUE,TRUE,TRUE,TRUE,TRUE,"rhat"
"sparse_homogeneous",1,"block_csr","sbayesc","vle",250,1000,1.00010413836147,5155.19960343561,4194.02508785135,0.000439795152520633,0.0315949466892917,0.0139197941001651,4,1000,TRUE,TRUE,TRUE,TRUE,TRUE,TRUE,TRUE,"rhat"
"sparse_homogeneous",1,"block_csr","sbayesc","vle",250,2000,1.00044019839962,10499.7790472209,8319.43539391865,0.000303988056304492,0.0311392031435101,0.0097622297816522,4,2000,TRUE,TRUE,TRUE,TRUE,TRUE,TRUE,TRUE,"rhat"
"sparse_homogeneous",1,"block_csr","sbayesc","vle",500,250,1.00091316885069,1357.81607890552,1107.07113800147,0.000864438730228222,0.0316702883604552,0.0272949434621377,4,250,TRUE,TRUE,TRUE,TRUE,TRUE,TRUE,TRUE,"rhat"
"sparse_homogeneous",1,"block_csr","sbayesc","vle",500,500,0.999193764998398,2745.13336501113,2103.25710574247,0.000608701070404706,0.0318544962726713,0.0191087959826546,4,500,TRUE,TRUE,TRUE,TRUE,TRUE,TRUE,TRUE,"rhat"
"sparse_homogeneous",1,"block_csr","sbayesc","vle",500,1000,1.00080392840039,5286.06640683177,4187.36197005854,0.000433826713547473,0.0315522247782313,0.0137494809509211,4,1000,TRUE,TRUE,TRUE,TRUE,TRUE,TRUE,TRUE,"rhat"
"sparse_homogeneous",1,"block_csr","sbayesc","vle",500,2000,1.00024983431098,10908.0389617872,8411.35118890118,0.000299861259103315,0.0313044130087607,0.00957888138708742,4,2000,TRUE,TRUE,TRUE,TRUE,TRUE,TRUE,TRUE,"rhat"
"sparse_homogeneous",1,"block_csr","sbayesc","vle",1000,250,1.0021680942678,1251.97601431221,1027.61958277147,0.00090049139749211,0.0320224581409255,0.0281206206447112,4,250,TRUE,TRUE,TRUE,TRUE,TRUE,TRUE,TRUE,"rhat"
"sparse_homogeneous",1,"block_csr","sbayesc","vle",1000,500,1.00223835252803,2576.30266199692,2040.64179723778,0.000615648906816058,0.0312543310243782,0.0196980350126789,4,500,TRUE,TRUE,TRUE,TRUE,TRUE,TRUE,TRUE,"rhat"
"sparse_homogeneous",1,"block_csr","sbayesc","vle",1000,1000,1.00016417818415,5170.94601005282,4014.92891909849,0.000431155893990034,0.031016842900866,0.0139007021239417,4,1000,TRUE,TRUE,TRUE,TRUE,TRUE,TRUE,TRUE,"rhat"
"sparse_homogeneous",1,"block_csr","sbayesc","vle",1000,2000,1.00032816545756,10923.5002105518,8322.0331193316,0.000298774348537865,0.0312166234695365,0.00957100145150005,4,2000,TRUE,TRUE,TRUE,TRUE,TRUE,TRUE,TRUE,"rhat"
"sparse_homogeneous",1,"block_eigen_hard","sbayesc","global_nonnull_proportion",250,250,1.00207638214505,970.546193778368,987.4224715199,1.44463598273797e-06,4.49839154712241e-05,0.0321145006521741,4,250,TRUE,TRUE,TRUE,TRUE,TRUE,TRUE,TRUE,"rhat"
"sparse_homogeneous",1,"block_eigen_hard","sbayesc","global_nonnull_proportion",250,500,1.00340529534889,1714.85718021469,1813.91492104548,1.08701600807429e-06,4.50241471321251e-05,0.024142956109405,4,500,TRUE,TRUE,TRUE,TRUE,TRUE,TRUE,TRUE,"rhat"
"sparse_homogeneous",1,"block_eigen_hard","sbayesc","global_nonnull_proportion",250,1000,0.99981377030807,3399.87075888813,3517.76423749216,7.6067742921863e-07,4.43463540204396e-05,0.0171530996407963,4,1000,TRUE,TRUE,TRUE,TRUE,TRUE,TRUE,TRUE,"rhat"
"sparse_homogeneous",1,"block_eigen_hard","sbayesc","global_nonnull_proportion",250,2000,1.00010972699232,7247.82641899409,7339.73761565285,5.17829156725731e-07,4.40877918416735e-05,0.0117454092186186,4,2000,TRUE,TRUE,TRUE,TRUE,TRUE,TRUE,TRUE,"rhat"
"sparse_homogeneous",1,"block_eigen_hard","sbayesc","global_nonnull_proportion",500,250,1.00852090544417,802.046615846324,762.252067978627,1.59431659985063e-06,4.50592912047978e-05,0.0353826382355715,4,250,TRUE,TRUE,TRUE,TRUE,TRUE,TRUE,TRUE,"rhat"
"sparse_homogeneous",1,"block_eigen_hard","sbayesc","global_nonnull_proportion",500,500,1.00148333703532,1767.88054005999,1600.23267093244,1.05341515765105e-06,4.42171208125097e-05,0.0238236940419021,4,500,TRUE,TRUE,TRUE,TRUE,TRUE,TRUE,TRUE,"rhat"
"sparse_homogeneous",1,"block_eigen_hard","sbayesc","global_nonnull_proportion",500,1000,1.0005616008627,3432.60915544018,3386.67810697117,7.4865447246241e-07,4.38141708296432e-05,0.0170870396103878,4,1000,TRUE,TRUE,TRUE,TRUE,TRUE,TRUE,TRUE,"rhat"
"sparse_homogeneous",1,"block_eigen_hard","sbayesc","global_nonnull_proportion",500,2000,1.00046455940346,7244.33892399827,7128.9327005118,5.16233824832257e-07,4.39120859239917e-05,0.0117560761227744,4,2000,TRUE,TRUE,TRUE,TRUE,TRUE,TRUE,TRUE,"rhat"
"sparse_homogeneous",1,"block_eigen_hard","sbayesc","global_nonnull_proportion",1000,250,1.00536824014057,748.530632638994,908.784122873759,1.60650251932411e-06,4.39652849103541e-05,0.0365402503952788,4,250,TRUE,TRUE,TRUE,TRUE,TRUE,TRUE,TRUE,"rhat"
"sparse_homogeneous",1,"block_eigen_hard","sbayesc","global_nonnull_proportion",1000,500,1.00167214302081,1691.20803427175,1888.15500127207,1.05571297252154e-06,4.34160020115893e-05,0.0243162180672401,4,500,TRUE,TRUE,TRUE,TRUE,TRUE,TRUE,TRUE,"rhat"
"sparse_homogeneous",1,"block_eigen_hard","sbayesc","global_nonnull_proportion",1000,1000,1.00059301944283,3625.55573400073,3764.58065344296,7.23915308694181e-07,4.35678675170647e-05,0.0166158077030196,4,1000,TRUE,TRUE,TRUE,TRUE,TRUE,TRUE,TRUE,"rhat"
"sparse_homogeneous",1,"block_eigen_hard","sbayesc","global_nonnull_proportion",1000,2000,1.00059314055409,7247.125527487,7511.58072842128,5.21265160868883e-07,4.43137137047813e-05,0.0117630664931754,4,2000,TRUE,TRUE,TRUE,TRUE,TRUE,TRUE,TRUE,"rhat"
"sparse_homogeneous",1,"block_eigen_hard","sbayesc","heritability",250,250,1.000666916812,1150.59760992396,993.963338388043,0.000542462120352099,0.0183970403681224,0.0294863798468396,4,250,TRUE,TRUE,TRUE,TRUE,TRUE,TRUE,TRUE,"rhat"
"sparse_homogeneous",1,"block_eigen_hard","sbayesc","heritability",250,500,1.00121651856605,2188.1921770748,2056.03449317294,0.000394689932659361,0.0184625429733648,0.0213778748262774,4,500,TRUE,TRUE,TRUE,TRUE,TRUE,TRUE,TRUE,"rhat"
"sparse_homogeneous",1,"block_eigen_hard","sbayesc","heritability",250,1000,0.999605589150404,4466.87956663199,4013.25779240792,0.000275582953759106,0.0184235336497314,0.0149582028615408,4,1000,TRUE,TRUE,TRUE,TRUE,TRUE,TRUE,TRUE,"rhat"
"sparse_homogeneous",1,"block_eigen_hard","sbayesc","heritability",250,2000,1.00047842502595,9095.62721858193,8164.50843351357,0.000191931631387941,0.0183070567657808,0.0104840244853939,4,2000,TRUE,TRUE,TRUE,TRUE,TRUE,TRUE,TRUE,"rhat"
"sparse_homogeneous",1,"block_eigen_hard","sbayesc","heritability",500,250,0.997434632919839,1051.29990462987,1007.61307412891,0.000571914480831932,0.018534782404207,0.0308562824402039,4,250,TRUE,TRUE,TRUE,TRUE,TRUE,TRUE,TRUE,"rhat"
"sparse_homogeneous",1,"block_eigen_hard","sbayesc","heritability",500,500,0.999532924705848,2163.20703495537,1916.36817226519,0.000395698770241856,0.0183932076863771,0.0215133095319165,4,500,TRUE,TRUE,TRUE,TRUE,TRUE,TRUE,TRUE,"rhat"
"sparse_homogeneous",1,"block_eigen_hard","sbayesc","heritability",500,1000,1.00039689615973,4377.75758903477,3843.48309478158,0.000278216892597036,0.0184213708517068,0.0151029418405775,4,1000,TRUE,TRUE,TRUE,TRUE,TRUE,TRUE,TRUE,"rhat"
"sparse_homogeneous",1,"block_eigen_hard","sbayesc","heritability",500,2000,1.00037713805904,9044.84873797265,8159.93724089565,0.000191826984670239,0.0182467068924465,0.0105129646571814,4,2000,TRUE,TRUE,TRUE,TRUE,TRUE,TRUE,TRUE,"rhat"
"sparse_homogeneous",1,"block_eigen_hard","sbayesc","heritability",1000,250,1.00260545054468,1184.70761070619,973.36547752212,0.000537891715508564,0.0185228520396717,0.0290393571333682,4,250,TRUE,TRUE,TRUE,TRUE,TRUE,TRUE,TRUE,"rhat"
"sparse_homogeneous",1,"block_eigen_hard","sbayesc","heritability",1000,500,1.00071950637467,2235.43387798569,1966.66155242714,0.000389974972007945,0.0184526289533001,0.0211338434753602,4,500,TRUE,TRUE,TRUE,TRUE,TRUE,TRUE,TRUE,"rhat"
"sparse_homogeneous",1,"block_eigen_hard","sbayesc","heritability",1000,1000,1.00154150331141,4600.72239517559,4192.18600973657,0.000268436756761789,0.0182079231142305,0.0147428542551342,4,1000,TRUE,TRUE,TRUE,TRUE,TRUE,TRUE,TRUE,"rhat"
"sparse_homogeneous",1,"block_eigen_hard","sbayesc","heritability",1000,2000,1.0005338786474,9217.39770603945,8259.39773901199,0.000190483415544124,0.0182953345306158,0.0104115841787623,4,2000,TRUE,TRUE,TRUE,TRUE,TRUE,TRUE,TRUE,"rhat"
"sparse_homogeneous",1,"block_eigen_hard","sbayesc","vbs",250,250,1.00753816520281,520.616697532161,764.430689618839,0.000107645963070951,0.00252989854692101,0.0425495177274837,4,250,TRUE,TRUE,TRUE,TRUE,TRUE,TRUE,TRUE,"rhat"
"sparse_homogeneous",1,"block_eigen_hard","sbayesc","vbs",250,500,1.0027406863195,1308.61109845531,1516.98413746265,7.15227931611213e-05,0.00260755217766732,0.0274290937583863,4,500,TRUE,TRUE,TRUE,TRUE,TRUE,TRUE,TRUE,"rhat"
"sparse_homogeneous",1,"block_eigen_hard","sbayesc","vbs",250,1000,1.00172864917123,2385.69324643876,3222.79467181822,5.57929765832029e-05,0.00272289416821532,0.0204903213773349,4,1000,TRUE,TRUE,TRUE,TRUE,TRUE,TRUE,TRUE,"rhat"
"sparse_homogeneous",1,"block_eigen_hard","sbayesc","vbs",250,2000,1.00017876810916,4503.21408173659,6413.03450921807,3.94970671956903e-05,0.00268029460250772,0.0147360917560093,4,2000,TRUE,TRUE,TRUE,TRUE,TRUE,TRUE,TRUE,"rhat"
"sparse_homogeneous",1,"block_eigen_hard","sbayesc","vbs",500,250,1.0004748454657,698.075116673034,833.679191186293,0.000100548317836038,0.00267696484109129,0.0375605672112783,4,250,TRUE,TRUE,TRUE,TRUE,TRUE,TRUE,TRUE,"rhat"
"sparse_homogeneous",1,"block_eigen_hard","sbayesc","vbs",500,500,0.99986617007483,1324.86576650346,1683.88282818035,7.49123425853591e-05,0.00277241261876524,0.0270206325271752,4,500,TRUE,TRUE,TRUE,TRUE,TRUE,TRUE,TRUE,"rhat"
"sparse_homogeneous",1,"block_eigen_hard","sbayesc","vbs",500,1000,1.00112343367043,2528.44919464708,3506.47531302917,5.46731301541632e-05,0.00274118819984019,0.0199450479749441,4,1000,TRUE,TRUE,TRUE,TRUE,TRUE,TRUE,TRUE,"rhat"
"sparse_homogeneous",1,"block_eigen_hard","sbayesc","vbs",500,2000,1.00046628146923,4527.67943962407,6342.17495248956,3.96797050706628e-05,0.00269126030593211,0.0147439119817582,4,2000,TRUE,TRUE,TRUE,TRUE,TRUE,TRUE,TRUE,"rhat"
"sparse_homogeneous",1,"block_eigen_hard","sbayesc","vbs",1000,250,1.00528867013901,572.046797213048,687.91915388213,0.000123012882911927,0.00279612935873034,0.0439939885212552,4,250,TRUE,TRUE,TRUE,TRUE,TRUE,TRUE,TRUE,"rhat"
"sparse_homogeneous",1,"block_eigen_hard","sbayesc","vbs",1000,500,1.00237792098841,1186.47425111706,1638.79409363005,8.06115225316792e-05,0.00270814800488011,0.0297662913498142,4,500,TRUE,TRUE,TRUE,TRUE,TRUE,TRUE,TRUE,"rhat"
"sparse_homogeneous",1,"block_eigen_hard","sbayesc","vbs",1000,1000,1.00097514303277,2151.15865056772,3235.10690255603,5.7676391833359e-05,0.00269355014412552,0.0214127782098833,4,1000,TRUE,TRUE,TRUE,TRUE,TRUE,TRUE,TRUE,"rhat"
"sparse_homogeneous",1,"block_eigen_hard","sbayesc","vbs",1000,2000,1.00063178002301,4321.88138748022,6429.57894551497,3.9933676897126e-05,0.0026385135944454,0.0151349142112417,4,2000,TRUE,TRUE,TRUE,TRUE,TRUE,TRUE,TRUE,"rhat"
"sparse_homogeneous",1,"block_eigen_hard","sbayesc","ves",250,250,0.999084227272102,824.794477488347,955.186961975058,0.000976871626304035,0.0280278006208773,0.0348536668830298,4,250,TRUE,TRUE,TRUE,TRUE,TRUE,TRUE,TRUE,"rhat"
"sparse_homogeneous",1,"block_eigen_hard","sbayesc","ves",250,500,1.00072629993874,1533.64254971717,1722.67413910455,0.00074554302991692,0.0292029107284853,0.0255297506761783,4,500,TRUE,TRUE,TRUE,TRUE,TRUE,TRUE,TRUE,"rhat"
"sparse_homogeneous",1,"block_eigen_hard","sbayesc","ves",250,1000,1.00012855343392,2978.56842042796,3530.62576204845,0.000544023783066219,0.0296841181489437,0.0183270993713377,4,1000,TRUE,TRUE,TRUE,TRUE,TRUE,TRUE,TRUE,"rhat"
"sparse_homogeneous",1,"block_eigen_hard","sbayesc","ves",250,2000,1.00021762020095,6020.77754730593,7145.2421209847,0.000381636453763418,0.0296111869511971,0.0128882524835091,4,2000,TRUE,TRUE,TRUE,TRUE,TRUE,TRUE,TRUE,"rhat"
"sparse_homogeneous",1,"block_eigen_hard","sbayesc","ves",500,250,1.00075100959413,709.762186208121,810.831659507459,0.00113919806587153,0.0303394887998966,0.0375483605997808,4,250,TRUE,TRUE,TRUE,TRUE,TRUE,TRUE,TRUE,"rhat"
"sparse_homogeneous",1,"block_eigen_hard","sbayesc","ves",500,500,1.00098125206983,1373.28601729016,1754.60880612846,0.00081283323141116,0.0301130068063911,0.0269927621853639,4,500,TRUE,TRUE,TRUE,TRUE,TRUE,TRUE,TRUE,"rhat"
"sparse_homogeneous",1,"block_eigen_hard","sbayesc","ves",500,1000,1.00045900307673,2843.03011683227,3364.88004742269,0.000558898852304657,0.0298199809146898,0.0187424282364089,4,1000,TRUE,TRUE,TRUE,TRUE,TRUE,TRUE,TRUE,"rhat"
"sparse_homogeneous",1,"block_eigen_hard","sbayesc","ves",500,2000,0.999978207457464,5925.15550336083,7137.46300910168,0.000385472511264426,0.029672297111863,0.0129909898721765,4,2000,TRUE,TRUE,TRUE,TRUE,TRUE,TRUE,TRUE,"rhat"
"sparse_homogeneous",1,"block_eigen_hard","sbayesc","ves",1000,250,1.00404822198682,756.026765187123,820.602180682796,0.00110637814942731,0.0304323952894734,0.0363552766354217,4,250,TRUE,TRUE,TRUE,TRUE,TRUE,TRUE,TRUE,"rhat"
"sparse_homogeneous",1,"block_eigen_hard","sbayesc","ves",1000,500,1.00220458185155,1433.19814296555,1621.27466016068,0.000779360316480167,0.029530769958208,0.0263914661752172,4,500,TRUE,TRUE,TRUE,TRUE,TRUE,TRUE,TRUE,"rhat"
"sparse_homogeneous",1,"block_eigen_hard","sbayesc","ves",1000,1000,1.00013103887245,3041.91836091928,3536.95694694204,0.000537773490550277,0.0296742623536908,0.0181225563129588,4,1000,TRUE,TRUE,TRUE,TRUE,TRUE,TRUE,TRUE,"rhat"
"sparse_homogeneous",1,"block_eigen_hard","sbayesc","ves",1000,2000,1.00020917064305,6056.33897254575,7250.25330672524,0.000379193842652619,0.0294915309647796,0.0128577198350765,4,2000,TRUE,TRUE,TRUE,TRUE,TRUE,TRUE,TRUE,"rhat"
"sparse_homogeneous",1,"block_eigen_hard","sbayesc","vgs",250,250,1.00067953580528,1287.3199263427,993.532620773169,0.000897922080422241,0.0321194163286775,0.0279557408899906,4,250,TRUE,TRUE,TRUE,TRUE,TRUE,TRUE,TRUE,"rhat"
"sparse_homogeneous",1,"block_eigen_hard","sbayesc","vgs",250,500,0.99953251234888,2488.58690947584,2056.44320781309,0.000635713409179064,0.0316709423247812,0.0200724500919458,4,500,TRUE,TRUE,TRUE,TRUE,TRUE,TRUE,TRUE,"rhat"
"sparse_homogeneous",1,"block_eigen_hard","sbayesc","vgs",250,1000,0.99934483552561,5049.27927632564,4056.22527968473,0.000443931236632176,0.0315186919100474,0.0140846973567029,4,1000,TRUE,TRUE,TRUE,TRUE,TRUE,TRUE,TRUE,"rhat"
"sparse_homogeneous",1,"block_eigen_hard","sbayesc","vgs",250,2000,1.0000959915856,10285.9358501072,8320.75975921668,0.000307751300918194,0.031195954410223,0.00986510291915745,4,2000,TRUE,TRUE,TRUE,TRUE,TRUE,TRUE,TRUE,"rhat"
"sparse_homogeneous",1,"block_eigen_hard","sbayesc","vgs",500,250,0.998033054804968,1194.97072774791,1016.97369922518,0.000901829706089806,0.0312297491136184,0.0288772638809494,4,250,TRUE,TRUE,TRUE,TRUE,TRUE,TRUE,TRUE,"rhat"
"sparse_homogeneous",1,"block_eigen_hard","sbayesc","vgs",500,500,0.999431681778794,2509.60308585883,2102.42620398574,0.000618470760087267,0.0310333973482048,0.0199291992799829,4,500,TRUE,TRUE,TRUE,TRUE,TRUE,TRUE,TRUE,"rhat"
"sparse_homogeneous",1,"block_eigen_hard","sbayesc","vgs",500,1000,1.00026654618703,5068.52866324191,4102.88507007573,0.000440459617733268,0.0313600300152291,0.0140452549796467,4,1000,TRUE,TRUE,TRUE,TRUE,TRUE,TRUE,TRUE,"rhat"
"sparse_homogeneous",1,"block_eigen_hard","sbayesc","vgs",500,2000,0.999899777118327,10178.1523565635,8345.47195659515,0.000307675029911088,0.0310366423937369,0.00991328333805771,4,2000,TRUE,TRUE,TRUE,TRUE,TRUE,TRUE,TRUE,"rhat"
"sparse_homogeneous",1,"block_eigen_hard","sbayesc","vgs",1000,250,1.00000051232908,1229.85509691348,1010.79234657332,0.000908589356363531,0.0318990866933407,0.0284832404481727,4,250,TRUE,TRUE,TRUE,TRUE,TRUE,TRUE,TRUE,"rhat"
"sparse_homogeneous",1,"block_eigen_hard","sbayesc","vgs",1000,500,1.00048731067843,2571.62407369166,2014.98906570909,0.000625606485835838,0.0316883322917743,0.0197424869215422,4,500,TRUE,TRUE,TRUE,TRUE,TRUE,TRUE,TRUE,"rhat"
"sparse_homogeneous",1,"block_eigen_hard","sbayesc","vgs",1000,1000,1.00051902839391,5156.00388563275,3991.5270084543,0.000432099135475186,0.031023140191651,0.0139282849126754,4,1000,TRUE,TRUE,TRUE,TRUE,TRUE,TRUE,TRUE,"rhat"
"sparse_homogeneous",1,"block_eigen_hard","sbayesc","vgs",1000,2000,0.99998201328385,10357.1915676381,8226.39936467387,0.000307142487313712,0.031266133910254,0.00982348787334343,4,2000,TRUE,TRUE,TRUE,TRUE,TRUE,TRUE,TRUE,"rhat"
"sparse_homogeneous",1,"block_eigen_hard","sbayesc","vld",250,250,0.998094781532792,1226.57249508351,1052.33920301567,3.15775474638342e-05,0.0011049034071105,0.0285794642867602,4,250,TRUE,TRUE,TRUE,TRUE,TRUE,TRUE,TRUE,"rhat"
"sparse_homogeneous",1,"block_eigen_hard","sbayesc","vld",250,500,0.999669674830441,2156.34963538374,1970.30891698583,2.35823788686978e-05,0.00109353628213704,0.0215652459400909,4,500,TRUE,TRUE,TRUE,TRUE,TRUE,TRUE,TRUE,"rhat"
"sparse_homogeneous",1,"block_eigen_hard","sbayesc","vld",250,1000,1.00034691340612,4232.48791812269,3849.75169188447,1.66576323340297e-05,0.00108278406620371,0.0153840759704121,4,1000,TRUE,TRUE,TRUE,TRUE,TRUE,TRUE,TRUE,"rhat"
"sparse_homogeneous",1,"block_eigen_hard","sbayesc","vld",250,2000,1.000210007992,8164.97392955931,7786.2083009717,1.21324173524589e-05,0.00109546505781857,0.0110751294766247,4,2000,TRUE,TRUE,TRUE,TRUE,TRUE,TRUE,TRUE,"rhat"
"sparse_homogeneous",1,"block_eigen_hard","sbayesc","vld",500,250,1.00388454114859,955.952062279202,916.208950320713,3.49997510626865e-05,0.00108198598059243,0.0323476936766987,4,250,TRUE,TRUE,TRUE,TRUE,TRUE,TRUE,TRUE,"rhat"
"sparse_homogeneous",1,"block_eigen_hard","sbayesc","vld",500,500,0.999849586894791,2026.67168833526,1890.97526454228,2.39645856433595e-05,0.00107787567910197,0.0222331629778728,4,500,TRUE,TRUE,TRUE,TRUE,TRUE,TRUE,TRUE,"rhat"
"sparse_homogeneous",1,"block_eigen_hard","sbayesc","vld",500,1000,0.999910440107172,3937.03852094921,3756.05187175026,1.73452000538339e-05,0.00108709489627022,0.0159555528347568,4,1000,TRUE,TRUE,TRUE,TRUE,TRUE,TRUE,TRUE,"rhat"
"sparse_homogeneous",1,"block_eigen_hard","sbayesc","vld",500,2000,1.00016013580104,7962.39995086671,7589.99902960398,1.22465971037332e-05,0.00109242967215471,0.0112104215180992,4,2000,TRUE,TRUE,TRUE,TRUE,TRUE,TRUE,TRUE,"rhat"
"sparse_homogeneous",1,"block_eigen_hard","sbayesc","vld",1000,250,1.00024715544445,1021.12484658652,916.033987414006,3.36312262520908e-05,0.00107098111399028,0.0314022589313335,4,250,TRUE,TRUE,TRUE,TRUE,TRUE,TRUE,TRUE,"rhat"
"sparse_homogeneous",1,"block_eigen_hard","sbayesc","vld",1000,500,1.00017575809097,1912.73751744367,1705.54704931365,2.51077466460653e-05,0.00109644265953381,0.0228992792534546,4,500,TRUE,TRUE,TRUE,TRUE,TRUE,TRUE,TRUE,"rhat"
"sparse_homogeneous",1,"block_eigen_hard","sbayesc","vld",1000,1000,1.00059410016601,3712.1442203713,3753.01909383152,1.81307459278107e-05,0.0011033711397567,0.0164321371789809,4,1000,TRUE,TRUE,TRUE,TRUE,TRUE,TRUE,TRUE,"rhat"
"sparse_homogeneous",1,"block_eigen_hard","sbayesc","vld",1000,2000,0.999860270177051,7981.40787409778,7647.06922536747,1.22125344625048e-05,0.00109094527159319,0.011194451986276,4,2000,TRUE,TRUE,TRUE,TRUE,TRUE,TRUE,TRUE,"rhat"
"sparse_homogeneous",1,"block_eigen_hard","sbayesc","vle",250,250,1.00076745862835,1281.58625323441,993.532620773169,0.000899384848395455,0.0320799101490541,0.0280357658178158,4,250,TRUE,TRUE,TRUE,TRUE,TRUE,TRUE,TRUE,"rhat"
"sparse_homogeneous",1,"block_eigen_hard","sbayesc","vle",250,500,0.999569988928064,2469.84232365875,2056.23693647843,0.000637925896418819,0.0316517957864433,0.0201544929937924,4,500,TRUE,TRUE,TRUE,TRUE,TRUE,TRUE,TRUE,"rhat"
"sparse_homogeneous",1,"block_eigen_hard","sbayesc","vle",250,1000,0.999455498443323,5008.29769662701,4056.20037034007,0.000445497468098392,0.0315102068872696,0.014138195591422,4,1000,TRUE,TRUE,TRUE,TRUE,TRUE,TRUE,TRUE,"rhat"
"sparse_homogeneous",1,"block_eigen_hard","sbayesc","vle",250,2000,1.00006617524504,10219.5541163617,8323.02842532051,0.000308635175797984,0.0311845765426533,0.00989704559161938,4,2000,TRUE,TRUE,TRUE,TRUE,TRUE,TRUE,TRUE,"rhat"
"sparse_homogeneous",1,"block_eigen_hard","sbayesc","vle",500,250,0.997937933820336,1181.95833855536,975.567515624775,0.000907948777324129,0.0312310438851611,0.0290719958212964,4,250,TRUE,TRUE,TRUE,TRUE,TRUE,TRUE,TRUE,"rhat"
"sparse_homogeneous",1,"block_eigen_hard","sbayesc","vle",500,500,0.999527114026962,2490.85629814207,2034.6538420389,0.000620813585834861,0.0310273639214324,0.0200085829852284,4,500,TRUE,TRUE,TRUE,TRUE,TRUE,TRUE,TRUE,"rhat"
"sparse_homogeneous",1,"block_eigen_hard","sbayesc","vle",500,1000,1.000181187609,5029.98815061731,4102.88507007573,0.000441847243760614,0.0313427506272807,0.0140972708175788,4,1000,TRUE,TRUE,TRUE,TRUE,TRUE,TRUE,TRUE,"rhat"
"sparse_homogeneous",1,"block_eigen_hard","sbayesc","vle",500,2000,0.999816711411367,10112.6281868183,8389.29256114156,0.000308593239792087,0.0310282023943999,0.00994557260744773,4,2000,TRUE,TRUE,TRUE,TRUE,TRUE,TRUE,TRUE,"rhat"
"sparse_homogeneous",1,"block_eigen_hard","sbayesc","vle",1000,250,1.00006955701182,1240.8035896447,967.110345872687,0.000906545023035399,0.0319165510943961,0.0284036022674947,4,250,TRUE,TRUE,TRUE,TRUE,TRUE,TRUE,TRUE,"rhat"
"sparse_homogeneous",1,"block_eigen_hard","sbayesc","vle",1000,500,1.00015349046751,2553.47803184951,1996.9179231937,0.000627174500209164,0.0316601807109512,0.019809567921772,4,500,TRUE,TRUE,TRUE,TRUE,TRUE,TRUE,TRUE,"rhat"
"sparse_homogeneous",1,"block_eigen_hard","sbayesc","vle",1000,1000,1.00028482193738,5122.93172928788,4144.57484907479,0.000433401357344141,0.0310227936635457,0.0139704167859461,4,1000,TRUE,TRUE,TRUE,TRUE,TRUE,TRUE,TRUE,"rhat"
"sparse_homogeneous",1,"block_eigen_hard","sbayesc","vle",1000,2000,0.999958994786533,10311.895182262,8384.04213296298,0.000307577522759953,0.0312446852070115,0.00984415495698228,4,2000,TRUE,TRUE,TRUE,TRUE,TRUE,TRUE,TRUE,"rhat"
"sparse_homogeneous",1,"block_eigen_ridge_fixed","sbayesc","global_nonnull_proportion",250,250,1.00570786472536,831.231538724983,952.709939680649,1.48043841467691e-06,4.25763985984919e-05,0.034771339601498,4,250,TRUE,TRUE,TRUE,TRUE,TRUE,TRUE,TRUE,"rhat"
"sparse_homogeneous",1,"block_eigen_ridge_fixed","sbayesc","global_nonnull_proportion",250,500,1.00192936696035,1710.4415596273,1895.1812367028,1.05773727229622e-06,4.37775363272455e-05,0.0241616445564553,4,500,TRUE,TRUE,TRUE,TRUE,TRUE,TRUE,TRUE,"rhat"
"sparse_homogeneous",1,"block_eigen_ridge_fixed","sbayesc","global_nonnull_proportion",250,1000,1.00121469996263,3394.8882741084,3413.96946245626,7.64361439518452e-07,4.4486965418442e-05,0.0171816942857062,4,1000,TRUE,TRUE,TRUE,TRUE,TRUE,TRUE,TRUE,"rhat"
"sparse_homogeneous",1,"block_eigen_ridge_fixed","sbayesc","global_nonnull_proportion",250,2000,1.00006037505842,6896.85996031768,7687.85740412906,5.38289317959923e-07,4.47001667869916e-05,0.0120422216884563,4,2000,TRUE,TRUE,TRUE,TRUE,TRUE,TRUE,TRUE,"rhat"
"sparse_homogeneous",1,"block_eigen_ridge_fixed","sbayesc","global_nonnull_proportion",500,250,1.00333759603133,906.950255354585,908.149049528447,1.49248538552706e-06,4.49663183056366e-05,0.0331911849082822,4,250,TRUE,TRUE,TRUE,TRUE,TRUE,TRUE,TRUE,"rhat"
"sparse_homogeneous",1,"block_eigen_ridge_fixed","sbayesc","global_nonnull_proportion",500,500,1.00238907182258,1796.83522435435,1650.79613293484,1.06727518542276e-06,4.52235909471883e-05,0.0235999654841455,4,500,TRUE,TRUE,TRUE,TRUE,TRUE,TRUE,TRUE,"rhat"
"sparse_homogeneous",1,"block_eigen_ridge_fixed","sbayesc","global_nonnull_proportion",500,1000,1.0000847030179,3592.66260638098,3698.46714791609,7.54985399380725e-07,4.51869857185175e-05,0.0167080274856956,4,1000,TRUE,TRUE,TRUE,TRUE,TRUE,TRUE,TRUE,"rhat"
"sparse_homogeneous",1,"block_eigen_ridge_fixed","sbayesc","global_nonnull_proportion",500,2000,1.00011523313826,7044.99338535571,7611.57129912028,5.34064696472598e-07,4.48298802309326e-05,0.0119131412736653,4,2000,TRUE,TRUE,TRUE,TRUE,TRUE,TRUE,TRUE,"rhat"
"sparse_homogeneous",1,"block_eigen_ridge_fixed","sbayesc","global_nonnull_proportion",1000,250,1.00414105295372,871.978276247287,969.182958884075,1.51617054249003e-06,4.48300928227997e-05,0.0338203748201685,4,250,TRUE,TRUE,TRUE,TRUE,TRUE,TRUE,TRUE,"rhat"
"sparse_homogeneous",1,"block_eigen_ridge_fixed","sbayesc","global_nonnull_proportion",1000,500,1.00056296075213,1770.15774716988,1821.30406123424,1.07250045203339e-06,4.51422542600533e-05,0.0237582386970526,4,500,TRUE,TRUE,TRUE,TRUE,TRUE,TRUE,TRUE,"rhat"
"sparse_homogeneous",1,"block_eigen_ridge_fixed","sbayesc","global_nonnull_proportion",1000,1000,1.00046621855182,3474.50581688531,3772.27316591615,7.6559431713444e-07,4.50811217311177e-05,0.0169825924408172,4,1000,TRUE,TRUE,TRUE,TRUE,TRUE,TRUE,TRUE,"rhat"
"sparse_homogeneous",1,"block_eigen_ridge_fixed","sbayesc","global_nonnull_proportion",1000,2000,1.0003879456269,7073.88252537453,7765.72520728503,5.31010284373904e-07,4.46713043012843e-05,0.0118870557437168,4,2000,TRUE,TRUE,TRUE,TRUE,TRUE,TRUE,TRUE,"rhat"
"sparse_homogeneous",1,"block_eigen_ridge_fixed","sbayesc","heritability",250,250,1.00084167391062,1266.26743431854,1034.0605139361,0.000522643521765161,0.018696987820779,0.0279533541324939,4,250,TRUE,TRUE,TRUE,TRUE,TRUE,TRUE,TRUE,"rhat"
"sparse_homogeneous",1,"block_eigen_ridge_fixed","sbayesc","heritability",250,500,1.00027443073616,2502.30433647429,2150.92265413868,0.000364365343317833,0.0182431016274555,0.0199727738604202,4,500,TRUE,TRUE,TRUE,TRUE,TRUE,TRUE,TRUE,"rhat"
"sparse_homogeneous",1,"block_eigen_ridge_fixed","sbayesc","heritability",250,1000,1.00025257897075,4777.3512926893,4189.96057123475,0.000262121059520805,0.018138607794747,0.0144510021103558,4,1000,TRUE,TRUE,TRUE,TRUE,TRUE,TRUE,TRUE,"rhat"
"sparse_homogeneous",1,"block_eigen_ridge_fixed","sbayesc","heritability",250,2000,1.00009682184204,9388.84967111044,8269.7600644675,0.000188512540681998,0.0182660483405349,0.0103203789439045,4,2000,TRUE,TRUE,TRUE,TRUE,TRUE,TRUE,TRUE,"rhat"
"sparse_homogeneous",1,"block_eigen_ridge_fixed","sbayesc","heritability",500,250,1.00073087823622,1240.77467920929,988.311189266086,0.000506019817876331,0.017785278994151,0.0284516097859777,4,250,TRUE,TRUE,TRUE,TRUE,TRUE,TRUE,TRUE,"rhat"
"sparse_homogeneous",1,"block_eigen_ridge_fixed","sbayesc","heritability",500,500,1.0012161031401,2343.69935617408,1984.48932288388,0.00037186698784279,0.018004968440008,0.0206535762104687,4,500,TRUE,TRUE,TRUE,TRUE,TRUE,TRUE,TRUE,"rhat"
"sparse_homogeneous",1,"block_eigen_ridge_fixed","sbayesc","heritability",500,1000,1.00045014110373,4802.72462778209,4236.39992265549,0.000260275611752202,0.0180442152566684,0.0144243242529494,4,1000,TRUE,TRUE,TRUE,TRUE,TRUE,TRUE,TRUE,"rhat"
"sparse_homogeneous",1,"block_eigen_ridge_fixed","sbayesc","heritability",500,2000,1.00036201731854,9331.99711671102,8133.27820641728,0.000188274497476795,0.0181901935465779,0.0103503295330365,4,2000,TRUE,TRUE,TRUE,TRUE,TRUE,TRUE,TRUE,"rhat"
"sparse_homogeneous",1,"block_eigen_ridge_fixed","sbayesc","heritability",1000,250,1.00003871633291,1192.1968857464,1035.54689710493,0.00051535819452471,0.0178521952101436,0.0288680573149842,4,250,TRUE,TRUE,TRUE,TRUE,TRUE,TRUE,TRUE,"rhat"
"sparse_homogeneous",1,"block_eigen_ridge_fixed","sbayesc","heritability",1000,500,0.998868204428626,2502.39022493644,2148.44391050258,0.000361187893140301,0.0180799560030545,0.0199772550928376,4,500,TRUE,TRUE,TRUE,TRUE,TRUE,TRUE,TRUE,"rhat"
"sparse_homogeneous",1,"block_eigen_ridge_fixed","sbayesc","heritability",1000,1000,0.999256154185255,4711.5065494275,3993.01267826513,0.0002633417725596,0.0180793488284557,0.0145658881333778,4,1000,TRUE,TRUE,TRUE,TRUE,TRUE,TRUE,TRUE,"rhat"
"sparse_homogeneous",1,"block_eigen_ridge_fixed","sbayesc","heritability",1000,2000,0.99991105373771,9243.17615373905,7905.31663615013,0.000190126641203899,0.0182803694397013,0.0104005907446806,4,2000,TRUE,TRUE,TRUE,TRUE,TRUE,TRUE,TRUE,"rhat"
"sparse_homogeneous",1,"block_eigen_ridge_fixed","sbayesc","vbs",250,250,0.998950332826938,617.915974568393,679.010592956894,0.000101668744115382,0.0025343337642269,0.0401165566866038,4,250,TRUE,TRUE,TRUE,TRUE,TRUE,TRUE,TRUE,"rhat"
"sparse_homogeneous",1,"block_eigen_ridge_fixed","sbayesc","vbs",250,500,0.999479437287255,1250.18553289826,1626.83907888971,7.05155820667051e-05,0.00251947723360457,0.0279881798994547,4,500,TRUE,TRUE,TRUE,TRUE,TRUE,TRUE,TRUE,"rhat"
"sparse_homogeneous",1,"block_eigen_ridge_fixed","sbayesc","vbs",250,1000,1.00015518312323,2419.0609816487,3406.91863343676,5.22412490981666e-05,0.00259356488929184,0.0201426420113324,4,1000,TRUE,TRUE,TRUE,TRUE,TRUE,TRUE,TRUE,"rhat"
"sparse_homogeneous",1,"block_eigen_ridge_fixed","sbayesc","vbs",250,2000,0.999897105624108,4604.10082019413,6221.900019002,3.85616422787717e-05,0.00263845761053632,0.0146152214554371,4,2000,TRUE,TRUE,TRUE,TRUE,TRUE,TRUE,TRUE,"rhat"
"sparse_homogeneous",1,"block_eigen_ridge_fixed","sbayesc","vbs",500,250,1.0011919265961,646.960694918019,847.518604491018,9.6621163020248e-05,0.00250575529938706,0.0385596961698067,4,250,TRUE,TRUE,TRUE,TRUE,TRUE,TRUE,TRUE,"rhat"
"sparse_homogeneous",1,"block_eigen_ridge_fixed","sbayesc","vbs",500,500,1.00125245195748,1169.96860984854,1587.60747025674,7.63322136131821e-05,0.00267146357361297,0.0285731815201014,4,500,TRUE,TRUE,TRUE,TRUE,TRUE,TRUE,TRUE,"rhat"
"sparse_homogeneous",1,"block_eigen_ridge_fixed","sbayesc","vbs",500,1000,1.00089271746903,2424.41285607577,3317.00353660289,5.31485255325694e-05,0.0026443738984531,0.0200987180987,4,1000,TRUE,TRUE,TRUE,TRUE,TRUE,TRUE,TRUE,"rhat"
"sparse_homogeneous",1,"block_eigen_ridge_fixed","sbayesc","vbs",500,2000,1.00011888385335,4570.73990338857,6420.31663264385,3.89680273831016e-05,0.00265262896396637,0.0146903422651445,4,2000,TRUE,TRUE,TRUE,TRUE,TRUE,TRUE,TRUE,"rhat"
"sparse_homogeneous",1,"block_eigen_ridge_fixed","sbayesc","vbs",1000,250,1.00415912503177,708.163527447391,847.887702767012,9.48218921699652e-05,0.00249123797506661,0.0380621574971896,4,250,TRUE,TRUE,TRUE,TRUE,TRUE,TRUE,TRUE,"rhat"
"sparse_homogeneous",1,"block_eigen_ridge_fixed","sbayesc","vbs",1000,500,1.00277090821627,1285.71603207885,1610.12808848177,7.3138555872298e-05,0.00261742151792807,0.0279429795206215,4,500,TRUE,TRUE,TRUE,TRUE,TRUE,TRUE,TRUE,"rhat"
"sparse_homogeneous",1,"block_eigen_ridge_fixed","sbayesc","vbs",1000,1000,1.00086131145065,2361.08408290294,2968.70744683874,5.44098240165855e-05,0.00263598329957057,0.0206411869246097,4,1000,TRUE,TRUE,TRUE,TRUE,TRUE,TRUE,TRUE,"rhat"
"sparse_homogeneous",1,"block_eigen_ridge_fixed","sbayesc","vbs",1000,2000,1.0003232609452,4302.04741408834,6116.39427533,4.00162333523548e-05,0.00263692960868879,0.0151753134480722,4,2000,TRUE,TRUE,TRUE,TRUE,TRUE,TRUE,TRUE,"rhat"
"sparse_homogeneous",1,"block_eigen_ridge_fixed","sbayesc","ves",250,250,0.998759430860302,747.424670740591,768.53917442326,0.00111997717559345,0.0305531953264749,0.0366566299735912,4,250,TRUE,TRUE,TRUE,TRUE,TRUE,TRUE,TRUE,"rhat"
"sparse_homogeneous",1,"block_eigen_ridge_fixed","sbayesc","ves",250,500,0.999931618842524,1560.04198897792,1662.11841045417,0.000761117454910639,0.0300507175636269,0.0253277630824992,4,500,TRUE,TRUE,TRUE,TRUE,TRUE,TRUE,TRUE,"rhat"
"sparse_homogeneous",1,"block_eigen_ridge_fixed","sbayesc","ves",250,1000,0.999936183052359,2994.01968403084,3385.09285210887,0.000545858574880521,0.029846249457866,0.0182890173738952,4,1000,TRUE,TRUE,TRUE,TRUE,TRUE,TRUE,TRUE,"rhat"
"sparse_homogeneous",1,"block_eigen_ridge_fixed","sbayesc","ves",250,2000,1.00006183561043,5879.77507784761,7115.58195268849,0.000388701781521725,0.029808195652715,0.0130400976312138,4,2000,TRUE,TRUE,TRUE,TRUE,TRUE,TRUE,TRUE,"rhat"
"sparse_homogeneous",1,"block_eigen_ridge_fixed","sbayesc","ves",500,250,1.00408344303573,811.312039853712,837.703502894203,0.0010370293999953,0.0295305153214601,0.0351172131168901,4,250,TRUE,TRUE,TRUE,TRUE,TRUE,TRUE,TRUE,"rhat"
"sparse_homogeneous",1,"block_eigen_ridge_fixed","sbayesc","ves",500,500,1.0007514250202,1529.78735926634,1773.80353137156,0.000757268463282623,0.0296252387636752,0.0255615986532113,4,500,TRUE,TRUE,TRUE,TRUE,TRUE,TRUE,TRUE,"rhat"
"sparse_homogeneous",1,"block_eigen_ridge_fixed","sbayesc","ves",500,1000,1.00060664760111,2935.25761947997,3420.13738240704,0.000547022147934609,0.029643187588346,0.0184535534953625,4,1000,TRUE,TRUE,TRUE,TRUE,TRUE,TRUE,TRUE,"rhat"
"sparse_homogeneous",1,"block_eigen_ridge_fixed","sbayesc","ves",500,2000,1.00103561852045,5948.30498732603,7113.69057165313,0.000384764464350741,0.0296960903562222,0.0129567380667038,4,2000,TRUE,TRUE,TRUE,TRUE,TRUE,TRUE,TRUE,"rhat"
"sparse_homogeneous",1,"block_eigen_ridge_fixed","sbayesc","ves",1000,250,1.00122931188882,721.318264687235,874.839255968785,0.00110484752402551,0.0295916600106814,0.0373364496492154,4,250,TRUE,TRUE,TRUE,TRUE,TRUE,TRUE,TRUE,"rhat"
"sparse_homogeneous",1,"block_eigen_ridge_fixed","sbayesc","ves",1000,500,1.00055020727644,1428.65540475948,1749.71238899388,0.000784898081496772,0.0296658939843547,0.0264579278113349,4,500,TRUE,TRUE,TRUE,TRUE,TRUE,TRUE,TRUE,"rhat"
"sparse_homogeneous",1,"block_eigen_ridge_fixed","sbayesc","ves",1000,1000,0.999802214251939,2930.29755800066,3496.06409740587,0.000546614290776232,0.0296056515059578,0.0184631738526758,4,1000,TRUE,TRUE,TRUE,TRUE,TRUE,TRUE,TRUE,"rhat"
"sparse_homogeneous",1,"block_eigen_ridge_fixed","sbayesc","ves",1000,2000,1.00047847545461,5339.4189013282,7145.02115433995,0.000409342438725045,0.0299061000057535,0.0136875901119268,4,2000,TRUE,TRUE,TRUE,TRUE,TRUE,TRUE,TRUE,"rhat"
"sparse_homogeneous",1,"block_eigen_ridge_fixed","sbayesc","vgs",250,250,1.00021144277079,1499.50014301723,991.926667413555,0.000822389478765488,0.031930423772357,0.0257556706615793,4,250,TRUE,TRUE,TRUE,TRUE,TRUE,TRUE,TRUE,"rhat"
"sparse_homogeneous",1,"block_eigen_ridge_fixed","sbayesc","vgs",250,500,1.00109624231639,2934.79915536189,2046.33870174599,0.000570791275086629,0.0309298703204709,0.0184543701338719,4,500,TRUE,TRUE,TRUE,TRUE,TRUE,TRUE,TRUE,"rhat"
"sparse_homogeneous",1,"block_eigen_ridge_fixed","sbayesc","vgs",250,1000,1.00073670206833,5640.23172914055,4143.66171752112,0.000409231052433677,0.0307617034829753,0.0133032636719927,4,1000,TRUE,TRUE,TRUE,TRUE,TRUE,TRUE,TRUE,"rhat"
"sparse_homogeneous",1,"block_eigen_ridge_fixed","sbayesc","vgs",250,2000,1.00020324608333,10968.1446743161,8206.3446003591,0.00029669706759937,0.0310528579806338,0.00955458166795487,4,2000,TRUE,TRUE,TRUE,TRUE,TRUE,TRUE,TRUE,"rhat"
"sparse_homogeneous",1,"block_eigen_ridge_fixed","sbayesc","vgs",500,250,1.00137685588059,1439.25507039207,1118.9370071541,0.000790677556350508,0.0299118201266378,0.0264336156410079,4,250,TRUE,TRUE,TRUE,TRUE,TRUE,TRUE,TRUE,"rhat"
"sparse_homogeneous",1,"block_eigen_ridge_fixed","sbayesc","vgs",500,500,1.00080196181076,2753.01389666856,2053.65244529816,0.00057934482850866,0.0303870023586562,0.0190655472254447,4,500,TRUE,TRUE,TRUE,TRUE,TRUE,TRUE,TRUE,"rhat"
"sparse_homogeneous",1,"block_eigen_ridge_fixed","sbayesc","vgs",500,1000,1.00029536721099,5728.53417954808,4235.86114020398,0.000404120208759059,0.0305532193240849,0.0132267635849586,4,1000,TRUE,TRUE,TRUE,TRUE,TRUE,TRUE,TRUE,"rhat"
"sparse_homogeneous",1,"block_eigen_ridge_fixed","sbayesc","vgs",500,2000,1.00020906672859,10851.3668546442,8010.89175825724,0.000296570671151346,0.0308662318474204,0.00960825644728422,4,2000,TRUE,TRUE,TRUE,TRUE,TRUE,TRUE,TRUE,"rhat"
"sparse_homogeneous",1,"block_eigen_ridge_fixed","sbayesc","vgs",1000,250,1.00047735141302,1430.98311213075,1035.75662336962,0.000800285211650074,0.0303422505194015,0.0263752753322749,4,250,TRUE,TRUE,TRUE,TRUE,TRUE,TRUE,TRUE,"rhat"
"sparse_homogeneous",1,"block_eigen_ridge_fixed","sbayesc","vgs",1000,500,1.00040486864528,3023.05238319221,2148.38649205723,0.000559248815802169,0.0307119834892099,0.0182094658913401,4,500,TRUE,TRUE,TRUE,TRUE,TRUE,TRUE,TRUE,"rhat"
"sparse_homogeneous",1,"block_eigen_ridge_fixed","sbayesc","vgs",1000,1000,1.00024063136007,5522.90717345065,4214.19497863817,0.000415751700017997,0.0308624664075682,0.0134711106535557,4,1000,TRUE,TRUE,TRUE,TRUE,TRUE,TRUE,TRUE,"rhat"
"sparse_homogeneous",1,"block_eigen_ridge_fixed","sbayesc","vgs",1000,2000,0.999927820132157,10734.1917967798,7871.65084741425,0.000300113405262116,0.0310751375515238,0.00965766940740059,4,2000,TRUE,TRUE,TRUE,TRUE,TRUE,TRUE,TRUE,"rhat"
"sparse_homogeneous",1,"block_eigen_ridge_fixed","sbayesc","vld",250,250,1.00296217673213,950.39880418932,973.820600153549,3.39357848353875e-05,0.00104799031504638,0.0323817733314508,4,250,TRUE,TRUE,TRUE,TRUE,TRUE,TRUE,TRUE,"rhat"
"sparse_homogeneous",1,"block_eigen_ridge_fixed","sbayesc","vld",250,500,1.00164710643268,1912.76198288067,1950.90424656441,2.43877777246258e-05,0.00106629298890543,0.0228715540460042,4,500,TRUE,TRUE,TRUE,TRUE,TRUE,TRUE,TRUE,"rhat"
"sparse_homogeneous",1,"block_eigen_ridge_fixed","sbayesc","vld",250,1000,1.0006733391762,3957.26037371432,4055.82678485195,1.7082298683434e-05,0.00107725007473091,0.0158573195622205,4,1000,TRUE,TRUE,TRUE,TRUE,TRUE,TRUE,TRUE,"rhat"
"sparse_homogeneous",1,"block_eigen_ridge_fixed","sbayesc","vld",250,2000,1.00037812594289,7919.63729477151,7992.74834134996,1.20435300306776e-05,0.00107178622992127,0.0112368769951096,4,2000,TRUE,TRUE,TRUE,TRUE,TRUE,TRUE,TRUE,"rhat"
"sparse_homogeneous",1,"block_eigen_ridge_fixed","sbayesc","vld",500,250,1.00765781628189,979.769306210523,991.878346118465,3.47371418515333e-05,0.00108478002193555,0.0320222912932638,4,250,TRUE,TRUE,TRUE,TRUE,TRUE,TRUE,TRUE,"rhat"
"sparse_homogeneous",1,"block_eigen_ridge_fixed","sbayesc","vld",500,500,1.00123853566632,2045.54434015436,1970.706424535,2.38419985636035e-05,0.00107802901559178,0.0221162864995017,4,500,TRUE,TRUE,TRUE,TRUE,TRUE,TRUE,TRUE,"rhat"
"sparse_homogeneous",1,"block_eigen_ridge_fixed","sbayesc","vld",500,1000,0.99995708173277,4065.85420632791,4040.83656314791,1.7073098152199e-05,0.0010880426231047,0.0156915710741932,4,1000,TRUE,TRUE,TRUE,TRUE,TRUE,TRUE,TRUE,"rhat"
"sparse_homogeneous",1,"block_eigen_ridge_fixed","sbayesc","vld",500,2000,1.00000807829725,8062.59210589233,8017.90662308915,1.19354395345879e-05,0.00107186513108632,0.0111352064624879,4,2000,TRUE,TRUE,TRUE,TRUE,TRUE,TRUE,TRUE,"rhat"
"sparse_homogeneous",1,"block_eigen_ridge_fixed","sbayesc","vld",1000,250,1.00195648422124,997.776218654658,1037.12290318406,3.46373024038551e-05,0.00110392820785517,0.0313764084995637,4,250,TRUE,TRUE,TRUE,TRUE,TRUE,TRUE,TRUE,"rhat"
"sparse_homogeneous",1,"block_eigen_ridge_fixed","sbayesc","vld",1000,500,0.99983019347343,2034.17249598053,2009.43955655644,2.43550747052321e-05,0.00109775825667461,0.0221861913195806,4,500,TRUE,TRUE,TRUE,TRUE,TRUE,TRUE,TRUE,"rhat"
"sparse_homogeneous",1,"block_eigen_ridge_fixed","sbayesc","vld",1000,1000,1.00009897637758,3978.96940985804,3955.24901979992,1.70671901967177e-05,0.00107651864291467,0.0158540591090075,4,1000,TRUE,TRUE,TRUE,TRUE,TRUE,TRUE,TRUE,"rhat"
"sparse_homogeneous",1,"block_eigen_ridge_fixed","sbayesc","vld",1000,2000,1.00010344394279,8036.77925361613,7684.74208063642,1.19492780470342e-05,0.00107097180977911,0.0111574160383352,4,2000,TRUE,TRUE,TRUE,TRUE,TRUE,TRUE,TRUE,"rhat"
"sparse_homogeneous",1,"block_eigen_ridge_fixed","sbayesc","vle",250,250,1.00033614371217,1484.65665504963,992.209503059592,0.000826278337715877,0.0319399689700183,0.0258697288808106,4,250,TRUE,TRUE,TRUE,TRUE,TRUE,TRUE,TRUE,"rhat"
"sparse_homogeneous",1,"block_eigen_ridge_fixed","sbayesc","vle",250,500,1.00110564692602,2908.72488543511,2092.76741385415,0.000572864815807089,0.0309057847524516,0.0185358443539165,4,500,TRUE,TRUE,TRUE,TRUE,TRUE,TRUE,TRUE,"rhat"
"sparse_homogeneous",1,"block_eigen_ridge_fixed","sbayesc","vle",250,1000,1.00070671618341,5609.80392088572,4143.92435563614,0.000410141714876034,0.0307576891025479,0.0133346076003499,4,1000,TRUE,TRUE,TRUE,TRUE,TRUE,TRUE,TRUE,"rhat"
"sparse_homogeneous",1,"block_eigen_ridge_fixed","sbayesc","vle",250,2000,1.0001023360329,10920.1239521785,8368.17780879238,0.000297235031179565,0.0310459246143343,0.00957404344924319,4,2000,TRUE,TRUE,TRUE,TRUE,TRUE,TRUE,TRUE,"rhat"
"sparse_homogeneous",1,"block_eigen_ridge_fixed","sbayesc","vle",500,250,1.00129287929691,1429.35764617181,1118.9370071541,0.000791346543040766,0.029851738000175,0.0265092284756126,4,250,TRUE,TRUE,TRUE,TRUE,TRUE,TRUE,TRUE,"rhat"
"sparse_homogeneous",1,"block_eigen_ridge_fixed","sbayesc","vle",500,500,1.00105434625311,2736.14603634087,2054.45138828031,0.000580558991027899,0.0303610255342842,0.0191218504912596,4,500,TRUE,TRUE,TRUE,TRUE,TRUE,TRUE,TRUE,"rhat"
"sparse_homogeneous",1,"block_eigen_ridge_fixed","sbayesc","vle",500,1000,1.0003549844062,5712.19497015755,4235.3119932166,0.000404476463281485,0.0305458469791173,0.0132416188543734,4,1000,TRUE,TRUE,TRUE,TRUE,TRUE,TRUE,TRUE,"rhat"
"sparse_homogeneous",1,"block_eigen_ridge_fixed","sbayesc","vle",500,2000,1.00019806147876,10805.9531455678,8377.1349013588,0.000297083660315915,0.0308578664786851,0.00962748544268684,4,2000,TRUE,TRUE,TRUE,TRUE,TRUE,TRUE,TRUE,"rhat"
"sparse_homogeneous",1,"block_eigen_ridge_fixed","sbayesc","vle",1000,250,1.0006749287158,1431.86582641533,1033.66498053648,0.000800422921128878,0.0303684406310259,0.0263570635994766,4,250,TRUE,TRUE,TRUE,TRUE,TRUE,TRUE,TRUE,"rhat"
"sparse_homogeneous",1,"block_eigen_ridge_fixed","sbayesc","vle",1000,500,1.0004523399194,3024.13213175542,2151.03781400464,0.000559119121111185,0.0307239666958492,0.0181981424028402,4,500,TRUE,TRUE,TRUE,TRUE,TRUE,TRUE,TRUE,"rhat"
"sparse_homogeneous",1,"block_eigen_ridge_fixed","sbayesc","vle",1000,1000,1.00014807747329,5511.868981478,4186.12345237843,0.000416051727840762,0.0308666099620499,0.0134790224243055,4,1000,TRUE,TRUE,TRUE,TRUE,TRUE,TRUE,TRUE,"rhat"
"sparse_homogeneous",1,"block_eigen_ridge_fixed","sbayesc","vle",1000,2000,0.999936408945309,10681.0454288272,8021.20446628333,0.000300966706221725,0.031074960313165,0.00968518392907553,4,2000,TRUE,TRUE,TRUE,TRUE,TRUE,TRUE,TRUE,"rhat"
"sparse_homogeneous",1,"block_eigen_unfiltered","sbayesc","global_nonnull_proportion",250,250,1.00020403388558,915.275240306413,840.795455847798,1.42525066214217e-06,4.31315837021792e-05,0.0330442459980934,4,250,TRUE,TRUE,TRUE,TRUE,TRUE,TRUE,TRUE,"rhat"
"sparse_homogeneous",1,"block_eigen_unfiltered","sbayesc","global_nonnull_proportion",250,500,0.99981605145634,1762.26694558363,1891.48506176485,1.05109469166946e-06,4.42340931695722e-05,0.0237620942660692,4,500,TRUE,TRUE,TRUE,TRUE,TRUE,TRUE,TRUE,"rhat"
"sparse_homogeneous",1,"block_eigen_unfiltered","sbayesc","global_nonnull_proportion",250,1000,1.00051477238152,3526.87482764777,3715.84526016717,7.41393108158751e-07,4.40649787909885e-05,0.016824996369007,4,1000,TRUE,TRUE,TRUE,TRUE,TRUE,TRUE,TRUE,"rhat"
"sparse_homogeneous",1,"block_eigen_unfiltered","sbayesc","global_nonnull_proportion",250,2000,1.00069527282786,6954.68784326593,7158.30179566558,5.37727540471601e-07,4.48382871088429e-05,0.0119925977360886,4,2000,TRUE,TRUE,TRUE,TRUE,TRUE,TRUE,TRUE,"rhat"
"sparse_homogeneous",1,"block_eigen_unfiltered","sbayesc","global_nonnull_proportion",500,250,0.999322064937423,893.233236258828,915.74688846686,1.51342362613174e-06,4.53144908733142e-05,0.0333982264164198,4,250,TRUE,TRUE,TRUE,TRUE,TRUE,TRUE,TRUE,"rhat"
"sparse_homogeneous",1,"block_eigen_unfiltered","sbayesc","global_nonnull_proportion",500,500,1.00024264838058,1701.6522918952,1663.29199867172,1.06824691881758e-06,4.41117423525276e-05,0.0242168380083579,4,500,TRUE,TRUE,TRUE,TRUE,TRUE,TRUE,TRUE,"rhat"
"sparse_homogeneous",1,"block_eigen_unfiltered","sbayesc","global_nonnull_proportion",500,1000,1.00007734614976,3516.51653784654,3775.12193033289,7.50848420073613e-07,4.45145394982009e-05,0.0168674870848425,4,1000,TRUE,TRUE,TRUE,TRUE,TRUE,TRUE,TRUE,"rhat"
"sparse_homogeneous",1,"block_eigen_unfiltered","sbayesc","global_nonnull_proportion",500,2000,1.00036423194037,6891.73352624187,7309.50787034789,5.42320905780779e-07,4.49965231768251e-05,0.0120525068936903,4,2000,TRUE,TRUE,TRUE,TRUE,TRUE,TRUE,TRUE,"rhat"
"sparse_homogeneous",1,"block_eigen_unfiltered","sbayesc","global_nonnull_proportion",1000,250,1.0018793713735,947.920000763841,988.966432389615,1.45631385433703e-06,4.49279239436786e-05,0.0324144479981459,4,250,TRUE,TRUE,TRUE,TRUE,TRUE,TRUE,TRUE,"rhat"
"sparse_homogeneous",1,"block_eigen_unfiltered","sbayesc","global_nonnull_proportion",1000,500,0.99975975790127,1766.05595371843,1934.04616035127,1.06898526853965e-06,4.4924275356583e-05,0.0237952701530444,4,500,TRUE,TRUE,TRUE,TRUE,TRUE,TRUE,TRUE,"rhat"
"sparse_homogeneous",1,"block_eigen_unfiltered","sbayesc","global_nonnull_proportion",1000,1000,1.00045492253795,3496.24569637178,3495.1605978819,7.6273958632165e-07,4.51066090147921e-05,0.0169097079780819,4,1000,TRUE,TRUE,TRUE,TRUE,TRUE,TRUE,TRUE,"rhat"
"sparse_homogeneous",1,"block_eigen_unfiltered","sbayesc","global_nonnull_proportion",1000,2000,1.00020979453862,6742.60086953091,7348.64947088388,5.50943583332228e-07,4.52177615880225e-05,0.012184229470531,4,2000,TRUE,TRUE,TRUE,TRUE,TRUE,TRUE,TRUE,"rhat"
"sparse_homogeneous",1,"block_eigen_unfiltered","sbayesc","heritability",250,250,1.00123264757125,1221.14771039163,925.239787011637,0.000522088949860339,0.0182373677267229,0.0286274290063982,4,250,TRUE,TRUE,TRUE,TRUE,TRUE,TRUE,TRUE,"rhat"
"sparse_homogeneous",1,"block_eigen_unfiltered","sbayesc","heritability",250,500,1.00143991770992,2288.72252694436,1759.65594785296,0.000374381939546242,0.0179164366374442,0.0208960044411849,4,500,TRUE,TRUE,TRUE,TRUE,TRUE,TRUE,TRUE,"rhat"
"sparse_homogeneous",1,"block_eigen_unfiltered","sbayesc","heritability",250,1000,1.00059290902386,4782.24005878553,3708.04862473875,0.00026032867741583,0.0180257065646156,0.0144420789544447,4,1000,TRUE,TRUE,TRUE,TRUE,TRUE,TRUE,TRUE,"rhat"
"sparse_homogeneous",1,"block_eigen_unfiltered","sbayesc","heritability",250,2000,1.00024741394857,9756.44682694271,7955.91351590224,0.00018527125798784,0.0182928781857305,0.0101280539949346,4,2000,TRUE,TRUE,TRUE,TRUE,TRUE,TRUE,TRUE,"rhat"
"sparse_homogeneous",1,"block_eigen_unfiltered","sbayesc","heritability",500,250,1.00190016827411,1148.9536785579,893.71351270437,0.000518143768762704,0.0175695000831319,0.0294910934466578,4,250,TRUE,TRUE,TRUE,TRUE,TRUE,TRUE,TRUE,"rhat"
"sparse_homogeneous",1,"block_eigen_unfiltered","sbayesc","heritability",500,500,1.00127504410258,2386.6197028083,1969.01991168498,0.00036861298405046,0.0179991268476521,0.0204794925426365,4,500,TRUE,TRUE,TRUE,TRUE,TRUE,TRUE,TRUE,"rhat"
"sparse_homogeneous",1,"block_eigen_unfiltered","sbayesc","heritability",500,1000,1.00065921986571,4902.67858817534,3864.14707403993,0.000259699305503874,0.018163477200498,0.0142978848508563,4,1000,TRUE,TRUE,TRUE,TRUE,TRUE,TRUE,TRUE,"rhat"
"sparse_homogeneous",1,"block_eigen_unfiltered","sbayesc","heritability",500,2000,1.00022054041018,9758.06503859726,7986.75368185282,0.000184206089854779,0.0181886972887305,0.0101275031922661,4,2000,TRUE,TRUE,TRUE,TRUE,TRUE,TRUE,TRUE,"rhat"
"sparse_homogeneous",1,"block_eigen_unfiltered","sbayesc","heritability",1000,250,0.999423613995711,1241.06873724155,886.378768649034,0.000506094042125378,0.0178399906186204,0.028368515037062,4,250,TRUE,TRUE,TRUE,TRUE,TRUE,TRUE,TRUE,"rhat"
"sparse_homogeneous",1,"block_eigen_unfiltered","sbayesc","heritability",1000,500,1.00015771015458,2519.90719627351,1930.71135969831,0.000365393314085,0.0183308529845644,0.0199332412077432,4,500,TRUE,TRUE,TRUE,TRUE,TRUE,TRUE,TRUE,"rhat"
"sparse_homogeneous",1,"block_eigen_unfiltered","sbayesc","heritability",1000,1000,1.00001631202026,4923.11264671643,3969.8364926579,0.000263933764067912,0.0185232624130154,0.0142487731471351,4,1000,TRUE,TRUE,TRUE,TRUE,TRUE,TRUE,TRUE,"rhat"
"sparse_homogeneous",1,"block_eigen_unfiltered","sbayesc","heritability",1000,2000,1.00072046595509,9597.4426951304,7800.35487028757,0.000185509071133916,0.0181709393342928,0.010209107395115,4,2000,TRUE,TRUE,TRUE,TRUE,TRUE,TRUE,TRUE,"rhat"
"sparse_homogeneous",1,"block_eigen_unfiltered","sbayesc","vbs",250,250,1.0005486120002,557.597094939649,704.972700461907,0.000106284168221166,0.00254130570065597,0.0418226615529691,4,250,TRUE,TRUE,TRUE,TRUE,TRUE,TRUE,TRUE,"rhat"
"sparse_homogeneous",1,"block_eigen_unfiltered","sbayesc","vbs",250,500,0.999627548666175,1138.57775990671,1418.99588211187,7.41834715143213e-05,0.00254996095352219,0.02909200292336,4,500,TRUE,TRUE,TRUE,TRUE,TRUE,TRUE,TRUE,"rhat"
"sparse_homogeneous",1,"block_eigen_unfiltered","sbayesc","vbs",250,1000,1.00043702817853,2376.07532167269,3225.73694922234,5.23647704518234e-05,0.00258334391111303,0.0202701507246328,4,1000,TRUE,TRUE,TRUE,TRUE,TRUE,TRUE,TRUE,"rhat"
"sparse_homogeneous",1,"block_eigen_unfiltered","sbayesc","vbs",250,2000,1.00019275341615,4707.72304238853,6560.60714049046,3.69200313738026e-05,0.00257918880452861,0.014314590428191,4,2000,TRUE,TRUE,TRUE,TRUE,TRUE,TRUE,TRUE,"rhat"
"sparse_homogeneous",1,"block_eigen_unfiltered","sbayesc","vbs",500,250,0.999396330663936,611.738944409563,733.724025752713,0.00010341205934556,0.00255921209294115,0.0404077722322399,4,250,TRUE,TRUE,TRUE,TRUE,TRUE,TRUE,TRUE,"rhat"
"sparse_homogeneous",1,"block_eigen_unfiltered","sbayesc","vbs",500,500,1.00051496978199,1193.60981197927,1660.2312999084,7.46841558522895e-05,0.00258493268070818,0.0288921086454865,4,500,TRUE,TRUE,TRUE,TRUE,TRUE,TRUE,TRUE,"rhat"
"sparse_homogeneous",1,"block_eigen_unfiltered","sbayesc","vbs",500,1000,1.000088126207,2391.87246898984,3425.33014273092,5.26977044876601e-05,0.0025934482044407,0.020319551552033,4,1000,TRUE,TRUE,TRUE,TRUE,TRUE,TRUE,TRUE,"rhat"
"sparse_homogeneous",1,"block_eigen_unfiltered","sbayesc","vbs",500,2000,1.00045121137171,4827.57920966853,6683.05282745344,3.67746815488082e-05,0.00259322349676987,0.0141810690804764,4,2000,TRUE,TRUE,TRUE,TRUE,TRUE,TRUE,TRUE,"rhat"
"sparse_homogeneous",1,"block_eigen_unfiltered","sbayesc","vbs",1000,250,1.00017539593108,665.318260309541,834.878673050087,0.000100326037628247,0.0026238512751975,0.0382361754176388,4,250,TRUE,TRUE,TRUE,TRUE,TRUE,TRUE,TRUE,"rhat"
"sparse_homogeneous",1,"block_eigen_unfiltered","sbayesc","vbs",1000,500,1.00027718522379,1202.06972490812,1743.42770492912,7.42469035742753e-05,0.00260231395332764,0.0285311091996928,4,500,TRUE,TRUE,TRUE,TRUE,TRUE,TRUE,TRUE,"rhat"
"sparse_homogeneous",1,"block_eigen_unfiltered","sbayesc","vbs",1000,1000,1.00034194693503,2432.28194269437,3425.22031906272,5.21061948093594e-05,0.0026226302690999,0.019867914827065,4,1000,TRUE,TRUE,TRUE,TRUE,TRUE,TRUE,TRUE,"rhat"
"sparse_homogeneous",1,"block_eigen_unfiltered","sbayesc","vbs",1000,2000,1.00042971200716,4879.69224428121,6780.6401105849,3.63908315947109e-05,0.00258466190586427,0.014079532612039,4,2000,TRUE,TRUE,TRUE,TRUE,TRUE,TRUE,TRUE,"rhat"
"sparse_homogeneous",1,"block_eigen_unfiltered","sbayesc","ves",250,250,1.00463350316588,734.644964009529,909.255750498525,0.00106057022606687,0.0287384776005653,0.0369041895958334,4,250,TRUE,TRUE,TRUE,TRUE,TRUE,TRUE,TRUE,"rhat"
"sparse_homogeneous",1,"block_eigen_unfiltered","sbayesc","ves",250,500,1.0016741164655,1403.60514815925,1874.15311104906,0.000787090192530884,0.0295042200417771,0.02667720724074,4,500,TRUE,TRUE,TRUE,TRUE,TRUE,TRUE,TRUE,"rhat"
"sparse_homogeneous",1,"block_eigen_unfiltered","sbayesc","ves",250,1000,1.00117294900328,2940.92766871464,3758.7064707812,0.000550585297267853,0.0298862969856403,0.0184226670012814,4,1000,TRUE,TRUE,TRUE,TRUE,TRUE,TRUE,TRUE,"rhat"
"sparse_homogeneous",1,"block_eigen_unfiltered","sbayesc","ves",250,2000,1.00054790565688,5750.74152744865,7304.78711439534,0.000392898946391873,0.029803657769622,0.0131829102799705,4,2000,TRUE,TRUE,TRUE,TRUE,TRUE,TRUE,TRUE,"rhat"
"sparse_homogeneous",1,"block_eigen_unfiltered","sbayesc","ves",500,250,1.00320831529114,689.780790948896,906.415342843844,0.00114827418854468,0.0302019816452603,0.0380198293619214,4,250,TRUE,TRUE,TRUE,TRUE,TRUE,TRUE,TRUE,"rhat"
"sparse_homogeneous",1,"block_eigen_unfiltered","sbayesc","ves",500,500,1.00174801330172,1429.5824196472,1807.81685395147,0.000810244798708146,0.0306771318050765,0.0264120128262469,4,500,TRUE,TRUE,TRUE,TRUE,TRUE,TRUE,TRUE,"rhat"
"sparse_homogeneous",1,"block_eigen_unfiltered","sbayesc","ves",500,1000,1.00118322108776,2918.31211279655,3683.36950875277,0.000556710671525974,0.0300846619508305,0.0185048006334871,4,1000,TRUE,TRUE,TRUE,TRUE,TRUE,TRUE,TRUE,"rhat"
"sparse_homogeneous",1,"block_eigen_unfiltered","sbayesc","ves",500,2000,1.00071898808985,5919.05393767009,7407.11671518769,0.000387696781627008,0.0298326572111229,0.0129957173738603,4,2000,TRUE,TRUE,TRUE,TRUE,TRUE,TRUE,TRUE,"rhat"
"sparse_homogeneous",1,"block_eigen_unfiltered","sbayesc","ves",1000,250,1.0035259828139,737.826892580917,918.14755385075,0.0010834913217594,0.0294026370824822,0.0368501409829304,4,250,TRUE,TRUE,TRUE,TRUE,TRUE,TRUE,TRUE,"rhat"
"sparse_homogeneous",1,"block_eigen_unfiltered","sbayesc","ves",1000,500,1.00175551469932,1494.19987168309,1873.50183754479,0.000757413092939264,0.0294876294435369,0.0256857912023604,4,500,TRUE,TRUE,TRUE,TRUE,TRUE,TRUE,TRUE,"rhat"
"sparse_homogeneous",1,"block_eigen_unfiltered","sbayesc","ves",1000,1000,1.00140133271809,2924.75117203978,3663.24381406019,0.000551878725186673,0.0298454133808033,0.0184912407861519,4,1000,TRUE,TRUE,TRUE,TRUE,TRUE,TRUE,TRUE,"rhat"
"sparse_homogeneous",1,"block_eigen_unfiltered","sbayesc","ves",1000,2000,1.00007857565865,6007.66164294484,7390.08551997482,0.000379706800407304,0.029426341246981,0.0129036361408424,4,2000,TRUE,TRUE,TRUE,TRUE,TRUE,TRUE,TRUE,"rhat"
"sparse_homogeneous",1,"block_eigen_unfiltered","sbayesc","vgs",250,250,1.0009717862339,1474.21251889097,899.739127364215,0.00081664601886555,0.0312792713727236,0.0261082174560399,4,250,TRUE,TRUE,TRUE,TRUE,TRUE,TRUE,TRUE,"rhat"
"sparse_homogeneous",1,"block_eigen_unfiltered","sbayesc","vgs",250,500,1.00011305890772,2728.21997010708,1772.79006052198,0.000583975668441835,0.0304297117503437,0.0191909694456846,4,500,TRUE,TRUE,TRUE,TRUE,TRUE,TRUE,TRUE,"rhat"
"sparse_homogeneous",1,"block_eigen_unfiltered","sbayesc","vgs",250,1000,1.00084483852917,5514.83023290416,3898.50951623973,0.000413150793479467,0.0306134024982305,0.0134957489126976,4,1000,TRUE,TRUE,TRUE,TRUE,TRUE,TRUE,TRUE,"rhat"
"sparse_homogeneous",1,"block_eigen_unfiltered","sbayesc","vgs",250,2000,1.00028544712997,11459.0813973384,7824.03688841728,0.000292283924794322,0.0312556968967129,0.00935138083019551,4,2000,TRUE,TRUE,TRUE,TRUE,TRUE,TRUE,TRUE,"rhat"
"sparse_homogeneous",1,"block_eigen_unfiltered","sbayesc","vgs",500,250,0.999626689445558,1333.60032661132,936.043467263681,0.000802702518244665,0.0295480002046189,0.0271660522771753,4,250,TRUE,TRUE,TRUE,TRUE,TRUE,TRUE,TRUE,"rhat"
"sparse_homogeneous",1,"block_eigen_unfiltered","sbayesc","vgs",500,500,1.00021994378857,2882.22037376811,1979.72825889151,0.000564927051990996,0.0302848676815398,0.0186537731626065,4,500,TRUE,TRUE,TRUE,TRUE,TRUE,TRUE,TRUE,"rhat"
"sparse_homogeneous",1,"block_eigen_unfiltered","sbayesc","vgs",500,1000,1.00018677168875,5840.68950914009,3939.89373114585,0.000404632075752531,0.0308831084791237,0.0131020514345586,4,1000,TRUE,TRUE,TRUE,TRUE,TRUE,TRUE,TRUE,"rhat"
"sparse_homogeneous",1,"block_eigen_unfiltered","sbayesc","vgs",500,2000,1.00011338051411,11337.9780562766,8129.21012051034,0.000291862839204634,0.0310426638273186,0.00940199078365772,4,2000,TRUE,TRUE,TRUE,TRUE,TRUE,TRUE,TRUE,"rhat"
"sparse_homogeneous",1,"block_eigen_unfiltered","sbayesc","vgs",1000,250,1.00059749668593,1527.80846385957,1075.38275530921,0.000779205001961085,0.0305452592663108,0.0255098506503918,4,250,TRUE,TRUE,TRUE,TRUE,TRUE,TRUE,TRUE,"rhat"
"sparse_homogeneous",1,"block_eigen_unfiltered","sbayesc","vgs",1000,500,1.00035616269013,2964.89202081795,1971.97116610973,0.000578210095569292,0.0314774227172324,0.0183690418610018,4,500,TRUE,TRUE,TRUE,TRUE,TRUE,TRUE,TRUE,"rhat"
"sparse_homogeneous",1,"block_eigen_unfiltered","sbayesc","vgs",1000,1000,1.00008258995241,5740.63244071152,3807.66648723496,0.000419996465637788,0.0318062002218202,0.0132048614015092,4,1000,TRUE,TRUE,TRUE,TRUE,TRUE,TRUE,TRUE,"rhat"
"sparse_homogeneous",1,"block_eigen_unfiltered","sbayesc","vgs",1000,2000,1.0002948007117,10938.606890923,8249.32879762084,0.000298207643259398,0.0311640968083741,0.00956894868774977,4,2000,TRUE,TRUE,TRUE,TRUE,TRUE,TRUE,TRUE,"rhat"
"sparse_homogeneous",1,"block_eigen_unfiltered","sbayesc","vld",250,250,1.00078645942074,886.382026659906,991.689919701955,3.65292857263726e-05,0.00107535645093729,0.0339694672352904,4,250,TRUE,TRUE,TRUE,TRUE,TRUE,TRUE,TRUE,"rhat"
"sparse_homogeneous",1,"block_eigen_unfiltered","sbayesc","vld",250,500,1.00171193229646,1685.98038107772,1970.7260144044,2.61096079577568e-05,0.00107195048621484,0.0243571025840498,4,500,TRUE,TRUE,TRUE,TRUE,TRUE,TRUE,TRUE,"rhat"
"sparse_homogeneous",1,"block_eigen_unfiltered","sbayesc","vld",250,1000,1.00024620644971,3937.21289781754,3794.96661659285,1.71993502131405e-05,0.00107926040251909,0.0159362376058601,4,1000,TRUE,TRUE,TRUE,TRUE,TRUE,TRUE,TRUE,"rhat"
"sparse_homogeneous",1,"block_eigen_unfiltered","sbayesc","vld",250,2000,1.00008569279093,7931.80092037817,7744.59757471525,1.21940345898026e-05,0.00108431322717573,0.0112458598532122,4,2000,TRUE,TRUE,TRUE,TRUE,TRUE,TRUE,TRUE,"rhat"
"sparse_homogeneous",1,"block_eigen_unfiltered","sbayesc","vld",500,250,1.00179962876858,915.442581164787,1027.66329675974,3.51986122155918e-05,0.00106527148083086,0.0330419173412382,4,250,TRUE,TRUE,TRUE,TRUE,TRUE,TRUE,TRUE,"rhat"
"sparse_homogeneous",1,"block_eigen_unfiltered","sbayesc","vld",500,500,0.999063782964621,2057.89990777595,2014.54814977754,2.33962247826399e-05,0.00106098429047374,0.022051433741958,4,500,TRUE,TRUE,TRUE,TRUE,TRUE,TRUE,TRUE,"rhat"
"sparse_homogeneous",1,"block_eigen_unfiltered","sbayesc","vld",500,1000,0.999651660178329,4243.59336971905,3901.0844059713,1.65553768234039e-05,0.00107947232956432,0.0153365458011192,4,1000,TRUE,TRUE,TRUE,TRUE,TRUE,TRUE,TRUE,"rhat"
"sparse_homogeneous",1,"block_eigen_unfiltered","sbayesc","vld",500,2000,1.00040637679517,8076.63816569251,7826.61395720156,1.20800488160853e-05,0.00108455788144728,0.0111382241766249,4,2000,TRUE,TRUE,TRUE,TRUE,TRUE,TRUE,TRUE,"rhat"
"sparse_homogeneous",1,"block_eigen_unfiltered","sbayesc","vld",1000,250,0.998471349407912,1022.33601725343,1011.26752678875,3.5031814463573e-05,0.00111674547378042,0.0313695602857318,4,250,TRUE,TRUE,TRUE,TRUE,TRUE,TRUE,TRUE,"rhat"
"sparse_homogeneous",1,"block_eigen_unfiltered","sbayesc","vld",1000,500,1.00012697931967,2066.36228400621,1825.61858834046,2.40946370748744e-05,0.0010976313238897,0.0219514845745198,4,500,TRUE,TRUE,TRUE,TRUE,TRUE,TRUE,TRUE,"rhat"
"sparse_homogeneous",1,"block_eigen_unfiltered","sbayesc","vld",1000,1000,1.00029917156654,3977.02222596136,3784.6914191749,1.74333769226906e-05,0.00109984895531987,0.0158507009879555,4,1000,TRUE,TRUE,TRUE,TRUE,TRUE,TRUE,TRUE,"rhat"
"sparse_homogeneous",1,"block_eigen_unfiltered","sbayesc","vld",1000,2000,0.999921391376086,8003.75740479896,7887.69788630566,1.21913446036906e-05,0.00109066685391265,0.0111778812750708,4,2000,TRUE,TRUE,TRUE,TRUE,TRUE,TRUE,TRUE,"rhat"
"sparse_homogeneous",1,"block_eigen_unfiltered","sbayesc","vle",250,250,1.00160177544386,1468.63782103328,899.739127364215,0.000820176204956844,0.0312761973598222,0.0262236548619064,4,250,TRUE,TRUE,TRUE,TRUE,TRUE,TRUE,TRUE,"rhat"
"sparse_homogeneous",1,"block_eigen_unfiltered","sbayesc","vle",250,500,1.0000718745805,2714.54985767382,1838.81472896634,0.000586384293415867,0.0304185898691469,0.0192771688608297,4,500,TRUE,TRUE,TRUE,TRUE,TRUE,TRUE,TRUE,"rhat"
"sparse_homogeneous",1,"block_eigen_unfiltered","sbayesc","vle",250,1000,1.00091486426989,5482.82461119669,3937.60647735583,0.000414429574716166,0.0305987684267677,0.0135439952659541,4,1000,TRUE,TRUE,TRUE,TRUE,TRUE,TRUE,TRUE,"rhat"
"sparse_homogeneous",1,"block_eigen_unfiltered","sbayesc","vle",250,2000,1.0002530880452,11412.0375438193,8032.7620505329,0.000292894385020148,0.031244802226119,0.009374179516339,4,2000,TRUE,TRUE,TRUE,TRUE,TRUE,TRUE,TRUE,"rhat"
"sparse_homogeneous",1,"block_eigen_unfiltered","sbayesc","vle",500,250,0.99945101887735,1332.66682893311,956.004319009775,0.000810700293766451,0.0295317840368184,0.0274517886476388,4,250,TRUE,TRUE,TRUE,TRUE,TRUE,TRUE,TRUE,"rhat"
"sparse_homogeneous",1,"block_eigen_unfiltered","sbayesc","vle",500,500,1.00039519883446,2868.7636521364,1979.72825889151,0.000566339621744378,0.0302695783993372,0.0187098615736511,4,500,TRUE,TRUE,TRUE,TRUE,TRUE,TRUE,TRUE,"rhat"
"sparse_homogeneous",1,"block_eigen_unfiltered","sbayesc","vle",500,1000,1.00017689478573,5804.61368646423,4066.59361794935,0.000405740368567459,0.0308715327006798,0.0131428644149736,4,1000,TRUE,TRUE,TRUE,TRUE,TRUE,TRUE,TRUE,"rhat"
"sparse_homogeneous",1,"block_eigen_unfiltered","sbayesc","vle",500,2000,1.00002271889952,11289.4140633481,8353.06343254223,0.000292415142496154,0.031024633937365,0.00942525681645447,4,2000,TRUE,TRUE,TRUE,TRUE,TRUE,TRUE,TRUE,"rhat"
"sparse_homogeneous",1,"block_eigen_unfiltered","sbayesc","vle",1000,250,1.00067021017926,1513.52719886564,1033.32995225404,0.000780561588005647,0.0305232967296918,0.0255726501274795,4,250,TRUE,TRUE,TRUE,TRUE,TRUE,TRUE,TRUE,"rhat"
"sparse_homogeneous",1,"block_eigen_unfiltered","sbayesc","vle",1000,500,1.00038740015359,2943.77030906192,1981.39123328169,0.000579893572810906,0.0314693290118855,0.0184272620681518,4,500,TRUE,TRUE,TRUE,TRUE,TRUE,TRUE,TRUE,"rhat"
"sparse_homogeneous",1,"block_eigen_unfiltered","sbayesc","vle",1000,1000,0.999872500379754,5717.52633353029,3694.54387002351,0.00042054847931559,0.031780317080576,0.0132329856322493,4,1000,TRUE,TRUE,TRUE,TRUE,TRUE,TRUE,TRUE,"rhat"
"sparse_homogeneous",1,"block_eigen_unfiltered","sbayesc","vle",1000,2000,1.00031530589027,10896.2293190945,7968.83752018476,0.000298609706249345,0.0311343909188645,0.00959099238612103,4,2000,TRUE,TRUE,TRUE,TRUE,TRUE,TRUE,TRUE,"rhat"
"sparse_mixture",1,"block_csr","sbayesr","global_nonnull_proportion",250,250,1.0015743574812,896.060253102968,826.790496708367,4.50266571380825e-06,0.000135696330534915,0.0331819268513653,4,250,TRUE,TRUE,TRUE,TRUE,TRUE,TRUE,TRUE,"rhat"
"sparse_mixture",1,"block_csr","sbayesr","global_nonnull_proportion",250,500,1.00125208578743,1807.7016656087,1840.66094648047,3.25232341838073e-06,0.000138324078164979,0.0235123447886036,4,500,TRUE,TRUE,TRUE,TRUE,TRUE,TRUE,TRUE,"rhat"
"sparse_mixture",1,"block_csr","sbayesr","global_nonnull_proportion",250,1000,1.00065413798534,3493.74340850869,3744.3757049199,2.35265705685864e-06,0.000139020911464477,0.0169230443972438,4,1000,TRUE,TRUE,TRUE,TRUE,TRUE,TRUE,TRUE,"rhat"
"sparse_mixture",1,"block_csr","sbayesr","global_nonnull_proportion",250,2000,1.00034394956478,6895.26593714193,7433.47134237503,1.69519468090668e-06,0.00014058104449684,0.0120584868818838,4,2000,TRUE,TRUE,TRUE,TRUE,TRUE,TRUE,TRUE,"rhat"
"sparse_mixture",1,"block_csr","sbayesr","global_nonnull_proportion",500,250,1.00301915863176,934.361976476529,953.391283333743,4.61811267981804e-06,0.000140966886548654,0.0327602658531024,4,250,TRUE,TRUE,TRUE,TRUE,TRUE,TRUE,TRUE,"rhat"
"sparse_mixture",1,"block_csr","sbayesr","global_nonnull_proportion",500,500,1.00118897823214,1758.16859266327,1917.69383346094,3.3847265147562e-06,0.000141572684350602,0.023908047871537,4,500,TRUE,TRUE,TRUE,TRUE,TRUE,TRUE,TRUE,"rhat"
"sparse_mixture",1,"block_csr","sbayesr","global_nonnull_proportion",500,1000,1.0018657210183,3258.25569793988,3739.61707988156,2.44404475140905e-06,0.000139160931032353,0.0175627220461815,4,1000,TRUE,TRUE,TRUE,TRUE,TRUE,TRUE,TRUE,"rhat"
"sparse_mixture",1,"block_csr","sbayesr","global_nonnull_proportion",500,2000,1.00105441174599,6587.68313065143,7523.10536807553,1.74520118722331e-06,0.000141610596014502,0.0123239449330797,4,2000,TRUE,TRUE,TRUE,TRUE,TRUE,TRUE,TRUE,"rhat"
"sparse_mixture",1,"block_csr","sbayesr","global_nonnull_proportion",1000,250,1.00282959252116,892.24364006959,949.451398335551,4.58918093006489e-06,0.000137253164119332,0.033435884407553,4,250,TRUE,TRUE,TRUE,TRUE,TRUE,TRUE,TRUE,"rhat"
"sparse_mixture",1,"block_csr","sbayesr","global_nonnull_proportion",1000,500,1.00380650497883,1671.4461106993,1739.39853189918,3.33935862951563e-06,0.000136703364055443,0.0244277721516881,4,500,TRUE,TRUE,TRUE,TRUE,TRUE,TRUE,TRUE,"rhat"
"sparse_mixture",1,"block_csr","sbayesr","global_nonnull_proportion",1000,1000,1.00108300965443,3453.60430426724,3739.23150951679,2.39795880320854e-06,0.000140974784234299,0.0170098419815501,4,1000,TRUE,TRUE,TRUE,TRUE,TRUE,TRUE,TRUE,"rhat"
"sparse_mixture",1,"block_csr","sbayesr","global_nonnull_proportion",1000,2000,1.0002093386262,6707.55718312033,7482.06251311251,1.7252201673871e-06,0.000141411178024234,0.0122000268401091,4,2000,TRUE,TRUE,TRUE,TRUE,TRUE,TRUE,TRUE,"rhat"
"sparse_mixture",1,"block_csr","sbayesr","heritability",250,250,1.00095893459434,863.997722297036,871.215589511644,0.000779983579009709,0.0230360143768053,0.0338593111747258,4,250,TRUE,TRUE,TRUE,TRUE,TRUE,TRUE,TRUE,"rhat"
"sparse_mixture",1,"block_csr","sbayesr","heritability",250,500,1.00242107676074,1351.91884317875,1640.7729064542,0.000632890046088421,0.0231997860179231,0.0272799949792415,4,500,TRUE,TRUE,TRUE,TRUE,TRUE,TRUE,TRUE,"rhat"
"sparse_mixture",1,"block_csr","sbayesr","heritability",250,1000,1.00053623884464,3021.4783000782,3087.53125494345,0.000424660074282198,0.0233577767766287,0.0181806718311952,4,1000,TRUE,TRUE,TRUE,TRUE,TRUE,TRUE,TRUE,"rhat"
"sparse_mixture",1,"block_csr","sbayesr","heritability",250,2000,1.00033561600525,6457.40583269688,7090.23166455241,0.000293573536253768,0.0235959788838915,0.0124416765118477,4,2000,TRUE,TRUE,TRUE,TRUE,TRUE,TRUE,TRUE,"rhat"
"sparse_mixture",1,"block_csr","sbayesr","heritability",500,250,1.00337956440628,675.247465231014,783.724533603242,0.0008986363171969,0.0233321499335664,0.038514938389972,4,250,TRUE,TRUE,TRUE,TRUE,TRUE,TRUE,TRUE,"rhat"
"sparse_mixture",1,"block_csr","sbayesr","heritability",500,500,1.00180183647932,1549.18441276921,1636.78147228244,0.000593885965045392,0.0233987254590983,0.0253811245438784,4,500,TRUE,TRUE,TRUE,TRUE,TRUE,TRUE,TRUE,"rhat"
"sparse_mixture",1,"block_csr","sbayesr","heritability",500,1000,1.00074425350093,3308.71986276143,3209.07015014858,0.000408629922503507,0.0235367888492859,0.0173613284768837,4,1000,TRUE,TRUE,TRUE,TRUE,TRUE,TRUE,TRUE,"rhat"
"sparse_mixture",1,"block_csr","sbayesr","heritability",500,2000,1.00001970800621,6567.08120327858,7055.9444637724,0.000292379462499402,0.0237149241619716,0.0123289225174184,4,2000,TRUE,TRUE,TRUE,TRUE,TRUE,TRUE,TRUE,"rhat"
"sparse_mixture",1,"block_csr","sbayesr","heritability",1000,250,1.00526254233323,917.416555041621,837.8065579322,0.00076285780732344,0.023574318473055,0.0323596971931711,4,250,TRUE,TRUE,TRUE,TRUE,TRUE,TRUE,TRUE,"rhat"
"sparse_mixture",1,"block_csr","sbayesr","heritability",1000,500,1.00070006757941,1862.37786710033,1415.92941267149,0.00054524347248648,0.0236786603635615,0.0230267871625686,4,500,TRUE,TRUE,TRUE,TRUE,TRUE,TRUE,TRUE,"rhat"
"sparse_mixture",1,"block_csr","sbayesr","heritability",1000,1000,1.0004882704154,3298.74613861431,3087.11543396507,0.000414506377402285,0.0239038184093058,0.01734059263272,4,1000,TRUE,TRUE,TRUE,TRUE,TRUE,TRUE,TRUE,"rhat"
"sparse_mixture",1,"block_csr","sbayesr","heritability",1000,2000,1.0004353545611,6529.53250521704,7238.95541307344,0.000292611526598991,0.0236755424414196,0.0123592322044151,4,2000,TRUE,TRUE,TRUE,TRUE,TRUE,TRUE,TRUE,"rhat"
"sparse_mixture",1,"block_csr","sbayesr","vbs",250,250,1.00740071569017,166.011508058872,331.091321099071,5.02493880519029e-05,0.000644596935984179,0.0779547423308512,4,250,TRUE,FALSE,FALSE,FALSE,TRUE,TRUE,FALSE,"ess_bulk"
"sparse_mixture",1,"block_csr","sbayesr","vbs",250,500,1.01040275549302,276.21963809491,541.388552917971,4.09711300317345e-05,0.000672414793073827,0.0609313335366137,4,500,FALSE,FALSE,TRUE,FALSE,TRUE,TRUE,FALSE,"rhat"
"sparse_mixture",1,"block_csr","sbayesr","vbs",250,1000,1.00795555460381,473.714233608822,827.693759252583,3.32769584723954e-05,0.000711500755240207,0.0467700957831884,4,1000,TRUE,TRUE,TRUE,TRUE,TRUE,TRUE,TRUE,"rhat"
"sparse_mixture",1,"block_csr","sbayesr","vbs",250,2000,1.0037138983167,921.722679366423,1771.051040705,2.44497864347765e-05,0.00073067498196049,0.03346191814201,4,2000,TRUE,TRUE,TRUE,TRUE,TRUE,TRUE,TRUE,"rhat"
"sparse_mixture",1,"block_csr","sbayesr","vbs",500,250,1.02325003467334,116.996600441939,244.301949835389,6.46501633579764e-05,0.000695107581637079,0.0930074208163806,4,250,FALSE,FALSE,FALSE,FALSE,TRUE,TRUE,FALSE,"rhat"
"sparse_mixture",1,"block_csr","sbayesr","vbs",500,500,1.01070904944371,218.916822110188,357.387501275501,4.81542006155476e-05,0.000701471154701046,0.0686474422972817,4,500,FALSE,FALSE,FALSE,FALSE,TRUE,TRUE,FALSE,"rhat"
"sparse_mixture",1,"block_csr","sbayesr","vbs",500,1000,1.01578507416562,447.64206674041,909.787216032806,3.49008194443798e-05,0.000732886825785281,0.0476210217136649,4,1000,FALSE,TRUE,TRUE,TRUE,TRUE,TRUE,FALSE,"rhat"
"sparse_mixture",1,"block_csr","sbayesr","vbs",500,2000,1.0043032185866,900.850985429493,1689.3527023283,2.4631504933968e-05,0.000731837389755124,0.0336570736597783,4,2000,TRUE,TRUE,TRUE,TRUE,TRUE,TRUE,TRUE,"rhat"
"sparse_mixture",1,"block_csr","sbayesr","vbs",1000,250,1.04757956424981,104.03685195092,282.015976801585,7.6341521639573e-05,0.000786112475579562,0.0971127211577328,4,250,FALSE,FALSE,FALSE,FALSE,TRUE,TRUE,FALSE,"rhat"
"sparse_mixture",1,"block_csr","sbayesr","vbs",1000,500,1.03148188238861,213.214292749495,595.790631002544,5.24658269351155e-05,0.000762990248973289,0.0687634304707244,4,500,FALSE,FALSE,TRUE,FALSE,TRUE,TRUE,FALSE,"rhat"
"sparse_mixture",1,"block_csr","sbayesr","vbs",1000,1000,1.01638959433551,470.515409253833,1072.2141086562,3.43136221015342e-05,0.000751587211679928,0.0456548775288995,4,1000,FALSE,TRUE,TRUE,TRUE,TRUE,TRUE,FALSE,"rhat"
"sparse_mixture",1,"block_csr","sbayesr","vbs",1000,2000,1.00536331795407,897.20376350236,1880.96069496838,2.47518689670956e-05,0.000741691082754895,0.0333722078404377,4,2000,TRUE,TRUE,TRUE,TRUE,TRUE,TRUE,TRUE,"rhat"
"sparse_mixture",1,"block_csr","sbayesr","ves",250,250,1.00352147811068,638.724555535586,820.116728173779,0.0013955480637174,0.0352319780038152,0.0396102672284332,4,250,TRUE,TRUE,TRUE,TRUE,TRUE,TRUE,TRUE,"rhat"
"sparse_mixture",1,"block_csr","sbayesr","ves",250,500,1.00261921472957,1221.42153548004,1659.24116477165,0.000996511036977346,0.0348521210979835,0.028592550627715,4,500,TRUE,TRUE,TRUE,TRUE,TRUE,TRUE,TRUE,"rhat"
"sparse_mixture",1,"block_csr","sbayesr","ves",250,1000,1.00007027091373,2532.43223577448,3367.13604160296,0.000687451166116422,0.0346229111683318,0.0198553831240281,4,1000,TRUE,TRUE,TRUE,TRUE,TRUE,TRUE,TRUE,"rhat"
"sparse_mixture",1,"block_csr","sbayesr","ves",250,2000,0.99989405538642,5187.61331411695,6696.73905016168,0.000482008843683787,0.0347181356275784,0.0138834887003812,4,2000,TRUE,TRUE,TRUE,TRUE,TRUE,TRUE,TRUE,"rhat"
"sparse_mixture",1,"block_csr","sbayesr","ves",500,250,1.00526444463943,536.26576520007,850.673219637652,0.00148553669788055,0.0344629141377991,0.0431053709486281,4,250,TRUE,TRUE,TRUE,TRUE,TRUE,TRUE,TRUE,"rhat"
"sparse_mixture",1,"block_csr","sbayesr","ves",500,500,1.00296262218414,1225.05820489742,1756.19678948018,0.000975529939703173,0.0341760948990217,0.0285442190684898,4,500,TRUE,TRUE,TRUE,TRUE,TRUE,TRUE,TRUE,"rhat"
"sparse_mixture",1,"block_csr","sbayesr","ves",500,1000,1.00139837493882,2524.5197250028,3359.88404333876,0.000684449802951946,0.0343790061083687,0.0199089467797423,4,1000,TRUE,TRUE,TRUE,TRUE,TRUE,TRUE,TRUE,"rhat"
"sparse_mixture",1,"block_csr","sbayesr","ves",500,2000,1.00030232020125,5168.67202605339,6589.38208610204,0.000484061804897029,0.0348077659337392,0.0139067185701748,4,2000,TRUE,TRUE,TRUE,TRUE,TRUE,TRUE,TRUE,"rhat"
"sparse_mixture",1,"block_csr","sbayesr","ves",1000,250,1.00121561622484,633.315806780408,767.024874976401,0.00138509182929694,0.0348544787575639,0.0397392782411459,4,250,TRUE,TRUE,TRUE,TRUE,TRUE,TRUE,TRUE,"rhat"
"sparse_mixture",1,"block_csr","sbayesr","ves",1000,500,1.00089275600185,1319.78477640752,1580.32193391063,0.000950511646308296,0.0345632427243323,0.0275006501528036,4,500,TRUE,TRUE,TRUE,TRUE,TRUE,TRUE,TRUE,"rhat"
"sparse_mixture",1,"block_csr","sbayesr","ves",1000,1000,1.00085505953123,2568.76221363561,3123.98452040795,0.000691877491580446,0.0351141681234321,0.0197036560612338,4,1000,TRUE,TRUE,TRUE,TRUE,TRUE,TRUE,TRUE,"rhat"
"sparse_mixture",1,"block_csr","sbayesr","ves",1000,2000,1.00098514755894,5198.39624358317,6590.22061952577,0.000482722220259137,0.034816794731558,0.0138646369943295,4,2000,TRUE,TRUE,TRUE,TRUE,TRUE,TRUE,TRUE,"rhat"
"sparse_mixture",1,"block_csr","sbayesr","vgs",250,250,0.999259429854583,889.627061190232,989.947501173923,0.00124915944652345,0.0371813382292907,0.0335964090055097,4,250,TRUE,TRUE,TRUE,TRUE,TRUE,TRUE,TRUE,"rhat"
"sparse_mixture",1,"block_csr","sbayesr","vgs",250,500,1.00149568277022,1563.45684991025,1891.90458165504,0.00095597570685146,0.0377224158803729,0.0253423775901071,4,500,TRUE,TRUE,TRUE,TRUE,TRUE,TRUE,TRUE,"rhat"
"sparse_mixture",1,"block_csr","sbayesr","vgs",250,1000,1.0005260248037,3060.5362228666,3841.04104682387,0.000689913317951843,0.0380715269731578,0.0181215037273988,4,1000,TRUE,TRUE,TRUE,TRUE,TRUE,TRUE,TRUE,"rhat"
"sparse_mixture",1,"block_csr","sbayesr","vgs",250,2000,1.00016545924585,6063.71660175717,7228.3673068207,0.00049322220817069,0.0384947674463049,0.0128127078273345,4,2000,TRUE,TRUE,TRUE,TRUE,TRUE,TRUE,TRUE,"rhat"
"sparse_mixture",1,"block_csr","sbayesr","vgs",500,250,1.00183923948461,834.786309545432,917.340305118324,0.00132016678157481,0.0381979281774411,0.0345612143004779,4,250,TRUE,TRUE,TRUE,TRUE,TRUE,TRUE,TRUE,"rhat"
"sparse_mixture",1,"block_csr","sbayesr","vgs",500,500,1.00061927492043,1718.23812611986,1783.92474354004,0.000926594287722541,0.0384087865634856,0.02412453947721,4,500,TRUE,TRUE,TRUE,TRUE,TRUE,TRUE,TRUE,"rhat"
"sparse_mixture",1,"block_csr","sbayesr","vgs",500,1000,1.00065472933561,3527.49033652101,3334.94061778537,0.000643847953941162,0.0384760989689341,0.0167337118677496,4,1000,TRUE,TRUE,TRUE,TRUE,TRUE,TRUE,TRUE,"rhat"
"sparse_mixture",1,"block_csr","sbayesr","vgs",500,2000,0.999907684439618,6497.20157007768,7172.28098738155,0.000478749312097207,0.038704464665282,0.0123693562548262,4,2000,TRUE,TRUE,TRUE,TRUE,TRUE,TRUE,TRUE,"rhat"
"sparse_mixture",1,"block_csr","sbayesr","vgs",1000,250,1.00523932251811,761.457811592239,933.868943040335,0.00137276967106116,0.0382316588738391,0.035906620625361,4,250,TRUE,TRUE,TRUE,TRUE,TRUE,TRUE,TRUE,"rhat"
"sparse_mixture",1,"block_csr","sbayesr","vgs",1000,500,1.00134838036626,1935.27077668329,1713.99540534106,0.000864614820361641,0.038552033277297,0.0224272171105125,4,500,TRUE,TRUE,TRUE,TRUE,TRUE,TRUE,TRUE,"rhat"
"sparse_mixture",1,"block_csr","sbayesr","vgs",1000,1000,1.00069300597096,2873.98454189402,3295.04265735304,0.000718853389212121,0.0388558406305308,0.0185005234103026,4,1000,TRUE,TRUE,TRUE,TRUE,TRUE,TRUE,TRUE,"rhat"
"sparse_mixture",1,"block_csr","sbayesr","vgs",1000,2000,1.00029236643831,6211.65408206403,6687.87346148369,0.000488617907321053,0.038639258471106,0.01264563365486,4,2000,TRUE,TRUE,TRUE,TRUE,TRUE,TRUE,TRUE,"rhat"
"sparse_mixture",1,"block_csr","sbayesr","vld",250,250,1.00107141469291,1004.41055293355,897.989030366586,4.81939026665705e-05,0.00152499436779294,0.0316026758422193,4,250,TRUE,TRUE,TRUE,TRUE,TRUE,TRUE,TRUE,"rhat"
"sparse_mixture",1,"block_csr","sbayesr","vld",250,500,0.999708468466364,1922.08228201019,1873.36225686883,3.54826121102055e-05,0.00155240946989878,0.0228564774939946,4,500,TRUE,TRUE,TRUE,TRUE,TRUE,TRUE,TRUE,"rhat"
"sparse_mixture",1,"block_csr","sbayesr","vld",250,1000,0.999460873791358,3956.85511783788,3888.85778172314,2.45944417199835e-05,0.0015460691121807,0.0159077246458235,4,1000,TRUE,TRUE,TRUE,TRUE,TRUE,TRUE,TRUE,"rhat"
"sparse_mixture",1,"block_csr","sbayesr","vld",250,2000,0.999641800521192,7926.80038821071,7691.40705320331,1.73265669258881e-05,0.00154176554237592,0.0112381334578195,4,2000,TRUE,TRUE,TRUE,TRUE,TRUE,TRUE,TRUE,"rhat"
"sparse_mixture",1,"block_csr","sbayesr","vld",500,250,1.00146934832972,937.87514858142,889.875735011701,5.16865063766125e-05,0.00157967420385216,0.0327197255298408,4,250,TRUE,TRUE,TRUE,TRUE,TRUE,TRUE,TRUE,"rhat"
"sparse_mixture",1,"block_csr","sbayesr","vld",500,500,0.999127653271729,1889.03096110039,1895.04624675402,3.56913086435568e-05,0.00155030846812641,0.0230220690768017,4,500,TRUE,TRUE,TRUE,TRUE,TRUE,TRUE,TRUE,"rhat"
"sparse_mixture",1,"block_csr","sbayesr","vld",500,1000,1.00007204665397,3978.18253688641,3728.61198302705,2.4714419001494e-05,0.00155782482623634,0.0158646970989693,4,1000,TRUE,TRUE,TRUE,TRUE,TRUE,TRUE,TRUE,"rhat"
"sparse_mixture",1,"block_csr","sbayesr","vld",500,2000,1.00006269554271,7921.06107207586,7672.4758546683,1.73011041529083e-05,0.00153928079781868,0.0112397323330647,4,2000,TRUE,TRUE,TRUE,TRUE,TRUE,TRUE,TRUE,"rhat"
"sparse_mixture",1,"block_csr","sbayesr","vld",1000,250,0.999372659513378,1101.68824917091,988.156790919099,4.73621154434e-05,0.00155773018082978,0.0304045694345929,4,250,TRUE,TRUE,TRUE,TRUE,TRUE,TRUE,TRUE,"rhat"
"sparse_mixture",1,"block_csr","sbayesr","vld",1000,500,0.99948513761865,2108.65901517495,1921.06805784105,3.41097449168766e-05,0.0015654679931162,0.0217888484893123,4,500,TRUE,TRUE,TRUE,TRUE,TRUE,TRUE,TRUE,"rhat"
"sparse_mixture",1,"block_csr","sbayesr","vld",1000,1000,1.00038936100326,4015.70633316884,3917.31589815514,2.43795325749155e-05,0.00154428721227784,0.0157869160484437,4,1000,TRUE,TRUE,TRUE,TRUE,TRUE,TRUE,TRUE,"rhat"
"sparse_mixture",1,"block_csr","sbayesr","vld",1000,2000,1.00006521618764,8023.01740494976,7539.57975624035,1.70704382144559e-05,0.00152882057359921,0.0111657564721725,4,2000,TRUE,TRUE,TRUE,TRUE,TRUE,TRUE,TRUE,"rhat"
"sparse_mixture",1,"block_csr","sbayesr","vle",250,250,0.99910495811002,899.212667530247,990.464893353746,0.00124432503208889,0.0373095609006992,0.0333513716604895,4,250,TRUE,TRUE,TRUE,TRUE,TRUE,TRUE,TRUE,"rhat"
"sparse_mixture",1,"block_csr","sbayesr","vle",250,500,1.00146201868765,1571.37462444268,1892.86631592264,0.000958297888636458,0.0378317710232153,0.0253305056231283,4,500,TRUE,TRUE,TRUE,TRUE,TRUE,TRUE,TRUE,"rhat"
"sparse_mixture",1,"block_csr","sbayesr","vle",250,1000,1.00053716796506,3053.88073767643,3750.06125592244,0.000693804187251503,0.0382467197572252,0.0181402272313938,4,1000,TRUE,TRUE,TRUE,TRUE,TRUE,TRUE,TRUE,"rhat"
"sparse_mixture",1,"block_csr","sbayesr","vle",250,2000,1.00005313174651,6005.50063587722,7051.23846578443,0.000497703301022667,0.0386522407061146,0.0128764411048473,4,2000,TRUE,TRUE,TRUE,TRUE,TRUE,TRUE,TRUE,"rhat"
"sparse_mixture",1,"block_csr","sbayesr","vle",500,250,1.00170808124326,839.254530530154,954.074127415025,0.001323557541563,0.038286833863084,0.0345695218961202,4,250,TRUE,TRUE,TRUE,TRUE,TRUE,TRUE,TRUE,"rhat"
"sparse_mixture",1,"block_csr","sbayesr","vle",500,500,1.00053566697311,1721.76136956387,1816.46538142508,0.000930541710664954,0.0385545664303745,0.0241357067870395,4,500,TRUE,TRUE,TRUE,TRUE,TRUE,TRUE,TRUE,"rhat"
"sparse_mixture",1,"block_csr","sbayesr","vle",500,1000,1.00066024829024,3525.79140849983,3275.94470952371,0.000647627202048964,0.038647446356405,0.0167573090360635,4,1000,TRUE,TRUE,TRUE,TRUE,TRUE,TRUE,TRUE,"rhat"
"sparse_mixture",1,"block_csr","sbayesr","vle",500,2000,0.999913079103836,6422.530349053,7032.75702393838,0.00048402520092657,0.0388641955041523,0.0124542704318904,4,2000,TRUE,TRUE,TRUE,TRUE,TRUE,TRUE,TRUE,"rhat"
"sparse_mixture",1,"block_csr","sbayesr","vle",1000,250,1.00522384119779,770.103761076408,935.454386843298,0.00137546418302892,0.0385074243693864,0.0357194542495142,4,250,TRUE,TRUE,TRUE,TRUE,TRUE,TRUE,TRUE,"rhat"
"sparse_mixture",1,"block_csr","sbayesr","vle",1000,500,1.00135960942253,1925.45189433461,1654.33050173673,0.00087074307038748,0.0387486979062065,0.022471544011496,4,500,TRUE,TRUE,TRUE,TRUE,TRUE,TRUE,TRUE,"rhat"
"sparse_mixture",1,"block_csr","sbayesr","vle",1000,1000,1.00069128962372,2841.94109656282,3353.29657759596,0.000726244971137485,0.0390225619952152,0.0186108992850478,4,1000,TRUE,TRUE,TRUE,TRUE,TRUE,TRUE,TRUE,"rhat"
"sparse_mixture",1,"block_csr","sbayesr","vle",1000,2000,1.00029327490244,6110.26471615508,6927.85906167123,0.000494500215301857,0.0388042682841716,0.0127434490371144,4,2000,TRUE,TRUE,TRUE,TRUE,TRUE,TRUE,TRUE,"rhat"
"sparse_mixture",1,"block_eigen_hard","sbayesr","global_nonnull_proportion",250,250,1.00023983923342,825.375758132794,928.789250938509,4.98121491472364e-06,0.000142940150626296,0.0348482556713304,4,250,TRUE,TRUE,TRUE,TRUE,TRUE,TRUE,TRUE,"rhat"
"sparse_mixture",1,"block_eigen_hard","sbayesr","global_nonnull_proportion",250,500,1.00054987853376,1554.49267161302,1654.34868805125,3.59823163743919e-06,0.000141698085080068,0.0253936504181123,4,500,TRUE,TRUE,TRUE,TRUE,TRUE,TRUE,TRUE,"rhat"
"sparse_mixture",1,"block_eigen_hard","sbayesr","global_nonnull_proportion",250,1000,1.00059188747974,3506.42252506661,3412.77608623687,2.40067331067333e-06,0.000142139454944693,0.0168895632223118,4,1000,TRUE,TRUE,TRUE,TRUE,TRUE,TRUE,TRUE,"rhat"
"sparse_mixture",1,"block_eigen_hard","sbayesr","global_nonnull_proportion",250,2000,1.0004122784586,6517.10872162668,7371.80203320606,1.74404685356904e-06,0.000140830555787814,0.0123840088808337,4,2000,TRUE,TRUE,TRUE,TRUE,TRUE,TRUE,TRUE,"rhat"
"sparse_mixture",1,"block_eigen_hard","sbayesr","global_nonnull_proportion",500,250,1.00143592251527,788.157040121919,734.217695718605,5.03222303490231e-06,0.000140515813348055,0.0358125033403721,4,250,TRUE,TRUE,TRUE,TRUE,TRUE,TRUE,TRUE,"rhat"
"sparse_mixture",1,"block_eigen_hard","sbayesr","global_nonnull_proportion",500,500,1.00022037095722,1707.08415989581,1595.33166568448,3.48805196048318e-06,0.000144041712779043,0.0242155684848998,4,500,TRUE,TRUE,TRUE,TRUE,TRUE,TRUE,TRUE,"rhat"
"sparse_mixture",1,"block_eigen_hard","sbayesr","global_nonnull_proportion",500,1000,0.999991731961241,3468.31071749389,3711.01474398597,2.38540704777022e-06,0.000140451912463646,0.0169837989809334,4,1000,TRUE,TRUE,TRUE,TRUE,TRUE,TRUE,TRUE,"rhat"
"sparse_mixture",1,"block_eigen_hard","sbayesr","global_nonnull_proportion",500,2000,0.999915909302958,6809.40345506913,7448.98847633239,1.70517110520612e-06,0.000140506065888686,0.0121359251959771,4,2000,TRUE,TRUE,TRUE,TRUE,TRUE,TRUE,TRUE,"rhat"
"sparse_mixture",1,"block_eigen_hard","sbayesr","global_nonnull_proportion",1000,250,1.00003155976024,937.82279532126,1029.38605211471,4.48408861743995e-06,0.000137522632986716,0.0326061864876677,4,250,TRUE,TRUE,TRUE,TRUE,TRUE,TRUE,TRUE,"rhat"
"sparse_mixture",1,"block_eigen_hard","sbayesr","global_nonnull_proportion",1000,500,0.999473449344024,1778.9926674869,1855.33857495029,3.24019646928638e-06,0.000136803126432683,0.0236851054049616,4,500,TRUE,TRUE,TRUE,TRUE,TRUE,TRUE,TRUE,"rhat"
"sparse_mixture",1,"block_eigen_hard","sbayesr","global_nonnull_proportion",1000,1000,1.00055138330465,3440.17569642704,3850.2539354719,2.3869895203322e-06,0.0001398328426331,0.017070306770458,4,1000,TRUE,TRUE,TRUE,TRUE,TRUE,TRUE,TRUE,"rhat"
"sparse_mixture",1,"block_eigen_hard","sbayesr","global_nonnull_proportion",1000,2000,1.00008668668628,6729.96692979302,7532.16406653754,1.70347031635067e-06,0.000139757588802755,0.0121887500417229,4,2000,TRUE,TRUE,TRUE,TRUE,TRUE,TRUE,TRUE,"rhat"
"sparse_mixture",1,"block_eigen_hard","sbayesr","heritability",250,250,1.00376986665611,675.109669516925,821.966094061495,0.000909151128792893,0.0236553145769455,0.0384332715523874,4,250,TRUE,TRUE,TRUE,TRUE,TRUE,TRUE,TRUE,"rhat"
"sparse_mixture",1,"block_eigen_hard","sbayesr","heritability",250,500,0.999032054474158,1459.16386539438,1742.39882626407,0.000603674683844451,0.0230669795074103,0.0261705128601913,4,500,TRUE,TRUE,TRUE,TRUE,TRUE,TRUE,TRUE,"rhat"
"sparse_mixture",1,"block_eigen_hard","sbayesr","heritability",250,1000,1.00007991523875,2602.69045594077,3039.21373349556,0.000450130168025696,0.0229345300451265,0.0196267447878814,4,1000,TRUE,TRUE,TRUE,TRUE,TRUE,TRUE,TRUE,"rhat"
"sparse_mixture",1,"block_eigen_hard","sbayesr","heritability",250,2000,0.999996587842803,5003.26924110868,6943.14466213116,0.000328990538046006,0.0232843013016873,0.0141292853834599,4,2000,TRUE,TRUE,TRUE,TRUE,TRUE,TRUE,TRUE,"rhat"
"sparse_mixture",1,"block_eigen_hard","sbayesr","heritability",500,250,1.00186211182552,955.877191653551,904.09432695235,0.000729194361190988,0.02247485370476,0.0324448991201464,4,250,TRUE,TRUE,TRUE,TRUE,TRUE,TRUE,TRUE,"rhat"
"sparse_mixture",1,"block_eigen_hard","sbayesr","heritability",500,500,1.0009308859798,1580.21265170496,1662.39599233245,0.000566009394328634,0.022420421656245,0.0252452609057411,4,500,TRUE,TRUE,TRUE,TRUE,TRUE,TRUE,TRUE,"rhat"
"sparse_mixture",1,"block_eigen_hard","sbayesr","heritability",500,1000,1.00031398039101,2702.56053068359,3267.69447401888,0.000443610332326633,0.0230214660009411,0.0192694215176609,4,1000,TRUE,TRUE,TRUE,TRUE,TRUE,TRUE,TRUE,"rhat"
"sparse_mixture",1,"block_eigen_hard","sbayesr","heritability",500,2000,1.00017990528613,5166.79804863894,7052.09981610762,0.000322745666304115,0.0232228141655175,0.0138977844805452,4,2000,TRUE,TRUE,TRUE,TRUE,TRUE,TRUE,TRUE,"rhat"
"sparse_mixture",1,"block_eigen_hard","sbayesr","heritability",1000,250,1.00045455526589,637.17849402866,659.657315492374,0.000926927477495044,0.0232336849770935,0.0398958442627125,4,250,TRUE,TRUE,TRUE,TRUE,TRUE,TRUE,TRUE,"rhat"
"sparse_mixture",1,"block_eigen_hard","sbayesr","heritability",1000,500,0.999540040000644,1349.92557781887,1700.27945561551,0.000644710618481992,0.0236116587863921,0.0273047575485697,4,500,TRUE,TRUE,TRUE,TRUE,TRUE,TRUE,TRUE,"rhat"
"sparse_mixture",1,"block_eigen_hard","sbayesr","heritability",1000,1000,0.999961240182795,2402.20843557078,3470.15146609564,0.000483268243608624,0.0236514345990965,0.0204329357521123,4,1000,TRUE,TRUE,TRUE,TRUE,TRUE,TRUE,TRUE,"rhat"
"sparse_mixture",1,"block_eigen_hard","sbayesr","heritability",1000,2000,1.00032973108122,5200.39248973753,6842.13241726615,0.000325260322408202,0.0234972803179508,0.0138424667879422,4,2000,TRUE,TRUE,TRUE,TRUE,TRUE,TRUE,TRUE,"rhat"
"sparse_mixture",1,"block_eigen_hard","sbayesr","vbs",250,250,1.02940357890362,109.432022026009,230.665404396515,7.17752270253491e-05,0.00075369034184038,0.0952317192364261,4,250,FALSE,FALSE,FALSE,FALSE,TRUE,TRUE,FALSE,"rhat"
"sparse_mixture",1,"block_eigen_hard","sbayesr","vbs",250,500,1.014681098654,235.387902651871,497.266522823309,5.08141465586847e-05,0.00077365098921051,0.0656809688959865,4,500,FALSE,FALSE,TRUE,FALSE,TRUE,TRUE,FALSE,"rhat"
"sparse_mixture",1,"block_eigen_hard","sbayesr","vbs",250,1000,1.00561746490128,482.857814457359,916.476838779188,3.54239077095565e-05,0.000769308688709974,0.04604641573587,4,1000,TRUE,TRUE,TRUE,TRUE,TRUE,TRUE,TRUE,"rhat"
"sparse_mixture",1,"block_eigen_hard","sbayesr","vbs",250,2000,1.00200039102675,934.162422208269,1678.01646942725,2.4950127428368e-05,0.000755966180137537,0.0330042905144628,4,2000,TRUE,TRUE,TRUE,TRUE,TRUE,TRUE,TRUE,"rhat"
"sparse_mixture",1,"block_eigen_hard","sbayesr","vbs",500,250,1.02264384342235,133.645925077982,279.663702742079,7.04790698322174e-05,0.000792749958406414,0.0889045393000012,4,250,FALSE,FALSE,FALSE,FALSE,TRUE,TRUE,FALSE,"rhat"
"sparse_mixture",1,"block_eigen_hard","sbayesr","vbs",500,500,1.01042008649523,253.452191883981,537.137273599431,4.97959370137773e-05,0.000768737587694008,0.0647762485026274,4,500,FALSE,FALSE,TRUE,FALSE,TRUE,TRUE,FALSE,"rhat"
"sparse_mixture",1,"block_eigen_hard","sbayesr","vbs",500,1000,1.00412252066084,494.559703181189,883.809249104702,3.48826475585899e-05,0.000763250320099797,0.0457027617807339,4,1000,TRUE,TRUE,TRUE,TRUE,TRUE,TRUE,TRUE,"rhat"
"sparse_mixture",1,"block_eigen_hard","sbayesr","vbs",500,2000,1.00329873860778,973.153602292901,1625.67952280543,2.4196980570944e-05,0.000745887465854821,0.0324405244472277,4,2000,TRUE,TRUE,TRUE,TRUE,TRUE,TRUE,TRUE,"rhat"
"sparse_mixture",1,"block_eigen_hard","sbayesr","vbs",1000,250,1.0102479127293,123.25971468473,270.805095017087,7.07676822966983e-05,0.000782506348160044,0.0904371989608758,4,250,FALSE,FALSE,FALSE,FALSE,TRUE,TRUE,FALSE,"rhat"
"sparse_mixture",1,"block_eigen_hard","sbayesr","vbs",1000,500,1.01030716663793,234.225215347197,390.428577696281,4.97173732212962e-05,0.00075787673691861,0.0656008699032484,4,500,FALSE,FALSE,FALSE,FALSE,TRUE,TRUE,FALSE,"rhat"
"sparse_mixture",1,"block_eigen_hard","sbayesr","vbs",1000,1000,1.00266957482842,469.384608682219,807.012448409346,3.56778282921376e-05,0.000766339011380247,0.0465561947941011,4,1000,TRUE,TRUE,TRUE,TRUE,TRUE,TRUE,TRUE,"rhat"
"sparse_mixture",1,"block_eigen_hard","sbayesr","vbs",1000,2000,1.00276387034587,969.522151498522,1693.01316198244,2.3957688340945e-05,0.000743281855528908,0.032232306173944,4,2000,TRUE,TRUE,TRUE,TRUE,TRUE,TRUE,TRUE,"rhat"
"sparse_mixture",1,"block_eigen_hard","sbayesr","ves",250,250,1.00348703164367,663.49770617953,880.118896248285,0.00137909423947065,0.0355198451530412,0.0388260205957732,4,250,TRUE,TRUE,TRUE,TRUE,TRUE,TRUE,TRUE,"rhat"
"sparse_mixture",1,"block_eigen_hard","sbayesr","ves",250,500,1.00126356275301,1260.15190857469,1661.29375676917,0.000969226102417516,0.0344226800121862,0.0281566136650137,4,500,TRUE,TRUE,TRUE,TRUE,TRUE,TRUE,TRUE,"rhat"
"sparse_mixture",1,"block_eigen_hard","sbayesr","ves",250,1000,0.999907415747963,2361.64624104789,3028.38989666572,0.000697388644188652,0.0339625580570104,0.0205340434904226,4,1000,TRUE,TRUE,TRUE,TRUE,TRUE,TRUE,TRUE,"rhat"
"sparse_mixture",1,"block_eigen_hard","sbayesr","ves",250,2000,1.00000400397413,4813.41972709859,6195.06082333498,0.000495911382818249,0.034437970370422,0.0144001338488919,4,2000,TRUE,TRUE,TRUE,TRUE,TRUE,TRUE,TRUE,"rhat"
"sparse_mixture",1,"block_eigen_hard","sbayesr","ves",500,250,1.00993534322652,614.231178156939,785.050819133581,0.00134799545246079,0.0333060583486241,0.0404729805716107,4,250,TRUE,TRUE,TRUE,TRUE,TRUE,TRUE,TRUE,"rhat"
"sparse_mixture",1,"block_eigen_hard","sbayesr","ves",500,500,1.00128051959121,1185.66392660499,1533.0616848053,0.000963377324610735,0.0333188238910633,0.0289139054775919,4,500,TRUE,TRUE,TRUE,TRUE,TRUE,TRUE,TRUE,"rhat"
"sparse_mixture",1,"block_eigen_hard","sbayesr","ves",500,1000,1.00078971145006,2156.00898375318,3122.54941641009,0.00073334143632156,0.0341065245694986,0.0215014999498772,4,1000,TRUE,TRUE,TRUE,TRUE,TRUE,TRUE,TRUE,"rhat"
"sparse_mixture",1,"block_eigen_hard","sbayesr","ves",500,2000,1.00021346222409,4886.16870133788,6061.33765333597,0.00048936845246121,0.0342302937589353,0.0142963556172657,4,2000,TRUE,TRUE,TRUE,TRUE,TRUE,TRUE,TRUE,"rhat"
"sparse_mixture",1,"block_eigen_hard","sbayesr","ves",1000,250,1.0056051633652,627.186576295462,642.875622561187,0.00135541727518715,0.0336737388375551,0.0402514636621075,4,250,TRUE,TRUE,TRUE,TRUE,TRUE,TRUE,TRUE,"rhat"
"sparse_mixture",1,"block_eigen_hard","sbayesr","ves",1000,500,0.999568404899507,1286.00818132574,1660.45881589279,0.000973448301133231,0.0348798534781786,0.0279086121087703,4,500,TRUE,TRUE,TRUE,TRUE,TRUE,TRUE,TRUE,"rhat"
"sparse_mixture",1,"block_eigen_hard","sbayesr","ves",1000,1000,0.999542502603135,2531.55800898925,3040.63323073157,0.00069282541392295,0.0348254845679816,0.0198942074322185,4,1000,TRUE,TRUE,TRUE,TRUE,TRUE,TRUE,TRUE,"rhat"
"sparse_mixture",1,"block_eigen_hard","sbayesr","ves",1000,2000,1.00033550992126,5168.65094527454,5503.11263130882,0.000478879140697498,0.0344625882167595,0.0138956232098846,4,2000,TRUE,TRUE,TRUE,TRUE,TRUE,TRUE,TRUE,"rhat"
"sparse_mixture",1,"block_eigen_hard","sbayesr","vgs",250,250,1.0031625659777,682.395846177298,813.486050880957,0.00147069128082547,0.0383877697164048,0.0383114541868522,4,250,TRUE,TRUE,TRUE,TRUE,TRUE,TRUE,TRUE,"rhat"
"sparse_mixture",1,"block_eigen_hard","sbayesr","vgs",250,500,0.999332827357465,1424.11018211252,1797.7439414017,0.00100982158640619,0.0379449675553557,0.0266127935129478,4,500,TRUE,TRUE,TRUE,TRUE,TRUE,TRUE,TRUE,"rhat"
"sparse_mixture",1,"block_eigen_hard","sbayesr","vgs",250,1000,1.00004631167008,2717.85568369612,3465.50974352203,0.000726087629811826,0.0376693017167911,0.0192753142936061,4,1000,TRUE,TRUE,TRUE,TRUE,TRUE,TRUE,TRUE,"rhat"
"sparse_mixture",1,"block_eigen_hard","sbayesr","vgs",250,2000,1.00002740980255,5089.14729845535,6951.5128853485,0.000534889558236952,0.03809943052805,0.0140393058589983,4,2000,TRUE,TRUE,TRUE,TRUE,TRUE,TRUE,TRUE,"rhat"
"sparse_mixture",1,"block_eigen_hard","sbayesr","vgs",500,250,0.998926654711585,935.02610014614,974.030547223678,0.00125273826023189,0.0375160015348636,0.0333921049413468,4,250,TRUE,TRUE,TRUE,TRUE,TRUE,TRUE,TRUE,"rhat"
"sparse_mixture",1,"block_eigen_hard","sbayesr","vgs",500,500,1.0002286918418,1697.76747635738,1512.22550211787,0.000907372785954465,0.037174361092609,0.0244085643783901,4,500,TRUE,TRUE,TRUE,TRUE,TRUE,TRUE,TRUE,"rhat"
"sparse_mixture",1,"block_eigen_hard","sbayesr","vgs",500,1000,1.0005079182947,2912.07359324702,3573.60619189227,0.000701032450676689,0.0377273289221665,0.0185815553526982,4,1000,TRUE,TRUE,TRUE,TRUE,TRUE,TRUE,TRUE,"rhat"
"sparse_mixture",1,"block_eigen_hard","sbayesr","vgs",500,2000,1.00003227990673,5209.12145960654,6718.49414323096,0.000526564494768879,0.038010261727962,0.0138532193894765,4,2000,TRUE,TRUE,TRUE,TRUE,TRUE,TRUE,TRUE,"rhat"
"sparse_mixture",1,"block_eigen_hard","sbayesr","vgs",1000,250,0.998929136952307,647.138931289357,916.645414539252,0.00149586439836663,0.0379522213150853,0.0394144096586002,4,250,TRUE,TRUE,TRUE,TRUE,TRUE,TRUE,TRUE,"rhat"
"sparse_mixture",1,"block_eigen_hard","sbayesr","vgs",1000,500,1.00074661875345,1373.50050378537,1928.67668213986,0.00103679704136303,0.0382812953763417,0.0270836457118373,4,500,TRUE,TRUE,TRUE,TRUE,TRUE,TRUE,TRUE,"rhat"
"sparse_mixture",1,"block_eigen_hard","sbayesr","vgs",1000,1000,1.00040937127236,2432.7928815412,3747.84710523131,0.000783631799334685,0.0386062652965645,0.0202980473069593,4,1000,TRUE,TRUE,TRUE,TRUE,TRUE,TRUE,TRUE,"rhat"
"sparse_mixture",1,"block_eigen_hard","sbayesr","vgs",1000,2000,1.00045150527998,5208.72298289914,6314.73682708004,0.000530215617141663,0.038359357450589,0.0138223279111137,4,2000,TRUE,TRUE,TRUE,TRUE,TRUE,TRUE,TRUE,"rhat"
"sparse_mixture",1,"block_eigen_hard","sbayesr","vld",250,250,0.999183599868647,1089.79882892417,984.47795235759,4.66823775541399e-05,0.00154532908391321,0.0302086966718616,4,250,TRUE,TRUE,TRUE,TRUE,TRUE,TRUE,TRUE,"rhat"
"sparse_mixture",1,"block_eigen_hard","sbayesr","vld",250,500,1.00021400155057,1828.60328115979,1928.7895897293,3.63235851751076e-05,0.00155192158369864,0.0234055544794594,4,500,TRUE,TRUE,TRUE,TRUE,TRUE,TRUE,TRUE,"rhat"
"sparse_mixture",1,"block_eigen_hard","sbayesr","vld",250,1000,1.00044061799831,3958.78006187347,3970.10410186638,2.46481929100544e-05,0.00154981398597092,0.0159039685621451,4,1000,TRUE,TRUE,TRUE,TRUE,TRUE,TRUE,TRUE,"rhat"
"sparse_mixture",1,"block_eigen_hard","sbayesr","vld",250,2000,1.00006776174532,7845.19391633166,7374.23139980352,1.75663086896989e-05,0.00155615702107928,0.0112882623358379,4,2000,TRUE,TRUE,TRUE,TRUE,TRUE,TRUE,TRUE,"rhat"
"sparse_mixture",1,"block_eigen_hard","sbayesr","vld",500,250,1.00007484816249,859.820199201499,931.828077264306,5.30027435243677e-05,0.00155798281538508,0.0340201079247895,4,250,TRUE,TRUE,TRUE,TRUE,TRUE,TRUE,TRUE,"rhat"
"sparse_mixture",1,"block_eigen_hard","sbayesr","vld",500,500,1.00174428049032,1940.48210444599,1932.38457388817,3.48678074130962e-05,0.00153422466483574,0.022726663318784,4,500,TRUE,TRUE,TRUE,TRUE,TRUE,TRUE,TRUE,"rhat"
"sparse_mixture",1,"block_eigen_hard","sbayesr","vld",500,1000,0.999789082750835,3858.17152251612,3684.20497536925,2.50728542056583e-05,0.00155520890288901,0.0161218561436229,4,1000,TRUE,TRUE,TRUE,TRUE,TRUE,TRUE,TRUE,"rhat"
"sparse_mixture",1,"block_eigen_hard","sbayesr","vld",500,2000,0.999714882972254,7808.29379337524,7447.92263301107,1.76358268927788e-05,0.0015585752016619,0.0113153519149887,4,2000,TRUE,TRUE,TRUE,TRUE,TRUE,TRUE,TRUE,"rhat"
"sparse_mixture",1,"block_eigen_hard","sbayesr","vld",1000,250,1.00042297169146,1039.86700603731,932.107665827346,4.93768025238315e-05,0.00158270393088488,0.0311977506091271,4,250,TRUE,TRUE,TRUE,TRUE,TRUE,TRUE,TRUE,"rhat"
"sparse_mixture",1,"block_eigen_hard","sbayesr","vld",1000,500,1.00080014009554,1962.63260473468,1676.23717047043,3.56985101156956e-05,0.00157621543732423,0.0226482429180475,4,500,TRUE,TRUE,TRUE,TRUE,TRUE,TRUE,TRUE,"rhat"
"sparse_mixture",1,"block_eigen_hard","sbayesr","vld",1000,1000,0.999888577276137,3830.03904443985,3486.45816785805,2.56605778119832e-05,0.00158743475586996,0.0161648078556277,4,1000,TRUE,TRUE,TRUE,TRUE,TRUE,TRUE,TRUE,"rhat"
"sparse_mixture",1,"block_eigen_hard","sbayesr","vld",1000,2000,1.00050059980022,7781.32121832077,7090.47810984179,1.77399563151502e-05,0.0015648592210618,0.0113364551113506,4,2000,TRUE,TRUE,TRUE,TRUE,TRUE,TRUE,TRUE,"rhat"
"sparse_mixture",1,"block_eigen_hard","sbayesr","vle",250,250,1.00309693612401,685.633896127197,839.693910290483,0.00147351430403998,0.0385971512472687,0.0381767632175769,4,250,TRUE,TRUE,TRUE,TRUE,TRUE,TRUE,TRUE,"rhat"
"sparse_mixture",1,"block_eigen_hard","sbayesr","vle",250,500,0.999369786245495,1411.51829922041,1797.60113559088,0.00101889976501212,0.0381254068875796,0.0267249545169853,4,500,TRUE,TRUE,TRUE,TRUE,TRUE,TRUE,TRUE,"rhat"
"sparse_mixture",1,"block_eigen_hard","sbayesr","vle",250,1000,1.00009969578237,2686.67215780072,3689.59768749822,0.000733155267321545,0.0378531466899733,0.0193684100644596,4,1000,TRUE,TRUE,TRUE,TRUE,TRUE,TRUE,TRUE,"rhat"
"sparse_mixture",1,"block_eigen_hard","sbayesr","vle",250,2000,1.00000960999273,5061.08368338437,7147.48376874577,0.000539244380748879,0.0383052849512715,0.0140775452117079,4,2000,TRUE,TRUE,TRUE,TRUE,TRUE,TRUE,TRUE,"rhat"
"sparse_mixture",1,"block_eigen_hard","sbayesr","vle",500,250,0.998959036753881,912.393748901049,974.030547223678,0.00127214390161488,0.0376666930034191,0.0337737082865068,4,250,TRUE,TRUE,TRUE,TRUE,TRUE,TRUE,TRUE,"rhat"
"sparse_mixture",1,"block_eigen_hard","sbayesr","vle",500,500,1.00039139649353,1682.63703723515,1737.13781336653,0.000916314408046524,0.0373557828829838,0.0245293857424126,4,500,TRUE,TRUE,TRUE,TRUE,TRUE,TRUE,TRUE,"rhat"
"sparse_mixture",1,"block_eigen_hard","sbayesr","vle",500,1000,1.00059939910391,2895.96630798164,3612.61057518771,0.000706977799694085,0.0379071019136586,0.0186502730096428,4,1000,TRUE,TRUE,TRUE,TRUE,TRUE,TRUE,TRUE,"rhat"
"sparse_mixture",1,"block_eigen_hard","sbayesr","vle",500,2000,1.00001122201204,5171.26891370781,6909.41776789204,0.000531567969958725,0.0382226850409628,0.0139071331432904,4,2000,TRUE,TRUE,TRUE,TRUE,TRUE,TRUE,TRUE,"rhat"
"sparse_mixture",1,"block_eigen_hard","sbayesr","vle",1000,250,0.999161157008513,648.212489848763,953.135603898208,0.00150574796385343,0.0381165507975478,0.0395037833263314,4,250,TRUE,TRUE,TRUE,TRUE,TRUE,TRUE,TRUE,"rhat"
"sparse_mixture",1,"block_eigen_hard","sbayesr","vle",1000,500,1.00123508811323,1374.14538724616,1826.41428493143,0.0010419831544766,0.0384596122106421,0.0270929188981337,4,500,TRUE,TRUE,TRUE,TRUE,TRUE,TRUE,TRUE,"rhat"
"sparse_mixture",1,"block_eigen_hard","sbayesr","vle",1000,1000,1.00051118416902,2404.36904911075,3674.3240842966,0.000792940726000702,0.0388001945634828,0.0204365141701373,4,1000,TRUE,TRUE,TRUE,TRUE,TRUE,TRUE,TRUE,"rhat"
"sparse_mixture",1,"block_eigen_hard","sbayesr","vle",1000,2000,1.00060309292687,5166.15906052744,6433.50610868447,0.000535278300985522,0.038564940675376,0.0138799202491008,4,2000,TRUE,TRUE,TRUE,TRUE,TRUE,TRUE,TRUE,"rhat"
"sparse_mixture",1,"block_eigen_ridge_fixed","sbayesr","global_nonnull_proportion",250,250,1.00034328291205,909.221422689233,861.333357099813,4.72110722205922e-06,0.000142721523327863,0.0330791538092946,4,250,TRUE,TRUE,TRUE,TRUE,TRUE,TRUE,TRUE,"rhat"
"sparse_mixture",1,"block_eigen_ridge_fixed","sbayesr","global_nonnull_proportion",250,500,1.00141896945834,1480.76868374419,1911.98965812812,3.62504355453616e-06,0.00013966830450981,0.0259546614191306,4,500,TRUE,TRUE,TRUE,TRUE,TRUE,TRUE,TRUE,"rhat"
"sparse_mixture",1,"block_eigen_ridge_fixed","sbayesr","global_nonnull_proportion",250,1000,1.00062265993828,3225.09257910161,3789.72208263009,2.47117585658931e-06,0.000140513573667357,0.0175867412100658,4,1000,TRUE,TRUE,TRUE,TRUE,TRUE,TRUE,TRUE,"rhat"
"sparse_mixture",1,"block_eigen_ridge_fixed","sbayesr","global_nonnull_proportion",250,2000,1.00025662563442,6760.78894745183,7330.33028774651,1.7146715542527e-06,0.000141140619605524,0.012148675264747,4,2000,TRUE,TRUE,TRUE,TRUE,TRUE,TRUE,TRUE,"rhat"
"sparse_mixture",1,"block_eigen_ridge_fixed","sbayesr","global_nonnull_proportion",500,250,1.00143961345015,637.925171498929,767.954177291811,5.38417642503798e-06,0.000136528211147084,0.039436365420752,4,250,TRUE,TRUE,TRUE,TRUE,TRUE,TRUE,TRUE,"rhat"
"sparse_mixture",1,"block_eigen_ridge_fixed","sbayesr","global_nonnull_proportion",500,500,1.00139332188096,1572.66075422163,1877.62782534662,3.56509261004614e-06,0.000141205353739756,0.0252475739455082,4,500,TRUE,TRUE,TRUE,TRUE,TRUE,TRUE,TRUE,"rhat"
"sparse_mixture",1,"block_eigen_ridge_fixed","sbayesr","global_nonnull_proportion",500,1000,0.999943028395499,3068.78069647221,3812.54288197683,2.5217362019439e-06,0.000140153835063906,0.0179926307460232,4,1000,TRUE,TRUE,TRUE,TRUE,TRUE,TRUE,TRUE,"rhat"
"sparse_mixture",1,"block_eigen_ridge_fixed","sbayesr","global_nonnull_proportion",500,2000,0.999941436940217,6647.69609341717,7435.80269211014,1.73504505923816e-06,0.000141514851917219,0.0122605156683702,4,2000,TRUE,TRUE,TRUE,TRUE,TRUE,TRUE,TRUE,"rhat"
"sparse_mixture",1,"block_eigen_ridge_fixed","sbayesr","global_nonnull_proportion",1000,250,1.00068601046691,886.653848357437,953.476556687692,4.59155666998159e-06,0.000136916753142219,0.0335353896773482,4,250,TRUE,TRUE,TRUE,TRUE,TRUE,TRUE,TRUE,"rhat"
"sparse_mixture",1,"block_eigen_ridge_fixed","sbayesr","global_nonnull_proportion",1000,500,0.999930348493125,1707.01657816697,1788.51283892987,3.38819865271904e-06,0.000139121233477091,0.0243542884722696,4,500,TRUE,TRUE,TRUE,TRUE,TRUE,TRUE,TRUE,"rhat"
"sparse_mixture",1,"block_eigen_ridge_fixed","sbayesr","global_nonnull_proportion",1000,1000,1.00061825143727,3323.49883618348,3889.38040661388,2.45574538604893e-06,0.000141591451647934,0.0173438816924847,4,1000,TRUE,TRUE,TRUE,TRUE,TRUE,TRUE,TRUE,"rhat"
"sparse_mixture",1,"block_eigen_ridge_fixed","sbayesr","global_nonnull_proportion",1000,2000,1.00024924638353,6708.00315246918,7097.77790925174,1.72942456027985e-06,0.00014169349701743,0.0122053911907271,4,2000,TRUE,TRUE,TRUE,TRUE,TRUE,TRUE,TRUE,"rhat"
"sparse_mixture",1,"block_eigen_ridge_fixed","sbayesr","heritability",250,250,0.999401882706475,856.743958953208,988.175010353194,0.000813194748053248,0.023948444528249,0.0339560570246649,4,250,TRUE,TRUE,TRUE,TRUE,TRUE,TRUE,TRUE,"rhat"
"sparse_mixture",1,"block_eigen_ridge_fixed","sbayesr","heritability",250,500,1.00020528595359,1646.33533148551,1880.6054916811,0.000590280107532925,0.0238932457170738,0.0247048941999169,4,500,TRUE,TRUE,TRUE,TRUE,TRUE,TRUE,TRUE,"rhat"
"sparse_mixture",1,"block_eigen_ridge_fixed","sbayesr","heritability",250,1000,0.999732950214491,3157.43750437119,3109.5587098289,0.000427781143727183,0.0240275784637076,0.017803755978711,4,1000,TRUE,TRUE,TRUE,TRUE,TRUE,TRUE,TRUE,"rhat"
"sparse_mixture",1,"block_eigen_ridge_fixed","sbayesr","heritability",250,2000,0.999976317175269,5887.22154768181,6959.9343709459,0.000313471718359668,0.0240504138910882,0.0130339427745077,4,2000,TRUE,TRUE,TRUE,TRUE,TRUE,TRUE,TRUE,"rhat"
"sparse_mixture",1,"block_eigen_ridge_fixed","sbayesr","heritability",500,250,1.0019712708752,813.965609866223,757.84313201837,0.000841796069719661,0.0237933323856387,0.035379494392629,4,250,TRUE,TRUE,TRUE,TRUE,TRUE,TRUE,TRUE,"rhat"
"sparse_mixture",1,"block_eigen_ridge_fixed","sbayesr","heritability",500,500,0.999453763666611,1609.57457075176,1779.00587784721,0.000593384292551726,0.0237162011177283,0.0250202083211447,4,500,TRUE,TRUE,TRUE,TRUE,TRUE,TRUE,TRUE,"rhat"
"sparse_mixture",1,"block_eigen_ridge_fixed","sbayesr","heritability",500,1000,1.00065689912108,3055.81287201505,3461.33676776399,0.000436462798068139,0.0241015872867555,0.018109296822454,4,1000,TRUE,TRUE,TRUE,TRUE,TRUE,TRUE,TRUE,"rhat"
"sparse_mixture",1,"block_eigen_ridge_fixed","sbayesr","heritability",500,2000,0.999807177116541,6093.50328882429,7355.97472902365,0.000307748321719849,0.0240303432733332,0.0128066552449694,4,2000,TRUE,TRUE,TRUE,TRUE,TRUE,TRUE,TRUE,"rhat"
"sparse_mixture",1,"block_eigen_ridge_fixed","sbayesr","heritability",1000,250,1.00528757007236,830.221886686953,837.000381112565,0.000855483685303011,0.0246357802923331,0.0347252522612099,4,250,TRUE,TRUE,TRUE,TRUE,TRUE,TRUE,TRUE,"rhat"
"sparse_mixture",1,"block_eigen_ridge_fixed","sbayesr","heritability",1000,500,1.00185251004624,1518.39024263771,1848.77796473725,0.000626829755808346,0.0244690224502761,0.0256172782170656,4,500,TRUE,TRUE,TRUE,TRUE,TRUE,TRUE,TRUE,"rhat"
"sparse_mixture",1,"block_eigen_ridge_fixed","sbayesr","heritability",1000,1000,1.00012821242824,3007.85905399775,3673.92110519427,0.000435576463240983,0.0239431074612843,0.0181921441878547,4,1000,TRUE,TRUE,TRUE,TRUE,TRUE,TRUE,TRUE,"rhat"
"sparse_mixture",1,"block_eigen_ridge_fixed","sbayesr","heritability",1000,2000,1.00010079900323,6240.88659635383,7528.64118128571,0.000302151559012517,0.0239082111603598,0.0126379826991611,4,2000,TRUE,TRUE,TRUE,TRUE,TRUE,TRUE,TRUE,"rhat"
"sparse_mixture",1,"block_eigen_ridge_fixed","sbayesr","vbs",250,250,1.0085400496812,117.220762596302,190.702993280254,6.44883514768316e-05,0.000702121517482863,0.0918478495118983,4,250,TRUE,FALSE,FALSE,FALSE,TRUE,TRUE,FALSE,"ess_bulk"
"sparse_mixture",1,"block_eigen_ridge_fixed","sbayesr","vbs",250,500,1.01083906988204,206.515424308172,437.527154452836,5.01201499108598e-05,0.000716280222118466,0.0699728239914607,4,500,FALSE,FALSE,TRUE,FALSE,TRUE,TRUE,FALSE,"rhat"
"sparse_mixture",1,"block_eigen_ridge_fixed","sbayesr","vbs",250,1000,1.00156423926485,501.135307768794,910.073947698795,3.29219468691432e-05,0.000732322307559994,0.0449555428385556,4,1000,TRUE,TRUE,TRUE,TRUE,TRUE,TRUE,TRUE,"rhat"
"sparse_mixture",1,"block_eigen_ridge_fixed","sbayesr","vbs",250,2000,1.00124479753641,1054.15997779623,2073.674532093,2.2556751954657e-05,0.000731413954074553,0.0308399256385499,4,2000,TRUE,TRUE,TRUE,TRUE,TRUE,TRUE,TRUE,"rhat"
"sparse_mixture",1,"block_eigen_ridge_fixed","sbayesr","vbs",500,250,1.02456009105576,104.869112256074,254.933169678619,7.14788151386727e-05,0.000721891746872152,0.0990159749690721,4,250,FALSE,FALSE,FALSE,FALSE,TRUE,TRUE,FALSE,"rhat"
"sparse_mixture",1,"block_eigen_ridge_fixed","sbayesr","vbs",500,500,1.00534757267472,253.628936957369,433.346655493978,4.79461889123455e-05,0.000754364560752972,0.0635583793391458,4,500,TRUE,FALSE,TRUE,FALSE,TRUE,TRUE,FALSE,"ess_bulk"
"sparse_mixture",1,"block_eigen_ridge_fixed","sbayesr","vbs",500,1000,1.00790411428727,567.881723510821,1079.42582562657,3.13534149723512e-05,0.000738698126590617,0.0424441511948318,4,1000,TRUE,TRUE,TRUE,TRUE,TRUE,TRUE,TRUE,"rhat"
"sparse_mixture",1,"block_eigen_ridge_fixed","sbayesr","vbs",500,2000,1.00115892327118,1082.90929142261,2032.56931880959,2.24880141734217e-05,0.000737428855726926,0.0304951643792864,4,2000,TRUE,TRUE,TRUE,TRUE,TRUE,TRUE,TRUE,"rhat"
"sparse_mixture",1,"block_eigen_ridge_fixed","sbayesr","vbs",1000,250,1.02234374369467,174.912207646117,362.842506703744,5.26664995533682e-05,0.000703280732789614,0.0748868795885573,4,250,FALSE,FALSE,FALSE,FALSE,TRUE,TRUE,FALSE,"rhat"
"sparse_mixture",1,"block_eigen_ridge_fixed","sbayesr","vbs",1000,500,1.01505205888637,335.924913907787,644.241318554908,3.92986596551144e-05,0.000718461866401099,0.0546983235894875,4,500,FALSE,FALSE,TRUE,FALSE,TRUE,TRUE,FALSE,"rhat"
"sparse_mixture",1,"block_eigen_ridge_fixed","sbayesr","vbs",1000,1000,1.00459034048328,622.577288411043,1141.07807962362,2.89571565728275e-05,0.000719692789129449,0.0402354407466754,4,1000,TRUE,TRUE,TRUE,TRUE,TRUE,TRUE,TRUE,"rhat"
"sparse_mixture",1,"block_eigen_ridge_fixed","sbayesr","vbs",1000,2000,1.00359910790966,1171.30884894031,2291.6905572609,2.10924805949733e-05,0.000723620454768707,0.0291485411391738,4,2000,TRUE,TRUE,TRUE,TRUE,TRUE,TRUE,TRUE,"rhat"
"sparse_mixture",1,"block_eigen_ridge_fixed","sbayesr","ves",250,250,1.00492470009258,670.361588935249,789.861053932409,0.00136838748594413,0.0354173742659134,0.0386360512123312,4,250,TRUE,TRUE,TRUE,TRUE,TRUE,TRUE,TRUE,"rhat"
"sparse_mixture",1,"block_eigen_ridge_fixed","sbayesr","ves",250,500,1.00024690821052,1216.52571764017,1715.10136571321,0.00101868365738435,0.0355031173335481,0.0286927947147267,4,500,TRUE,TRUE,TRUE,TRUE,TRUE,TRUE,TRUE,"rhat"
"sparse_mixture",1,"block_eigen_ridge_fixed","sbayesr","ves",250,1000,1.00048541463179,2493.53715671884,3183.99651509747,0.000726485959939539,0.0362674724300482,0.0200313369325852,4,1000,TRUE,TRUE,TRUE,TRUE,TRUE,TRUE,TRUE,"rhat"
"sparse_mixture",1,"block_eigen_ridge_fixed","sbayesr","ves",250,2000,1.00044870377608,4974.81823435037,6362.30387115147,0.00050926226240963,0.0359178735277213,0.0141785192827906,4,2000,TRUE,TRUE,TRUE,TRUE,TRUE,TRUE,TRUE,"rhat"
"sparse_mixture",1,"block_eigen_ridge_fixed","sbayesr","ves",500,250,1.00297362816941,547.50990193778,916.686446258789,0.00152511249933875,0.0355990950228086,0.0428413278023387,4,250,TRUE,TRUE,TRUE,TRUE,TRUE,TRUE,TRUE,"rhat"
"sparse_mixture",1,"block_eigen_ridge_fixed","sbayesr","ves",500,500,0.999622762973745,1132.11853121408,1549.84947356122,0.00107852467125753,0.0363696234024327,0.029654546029349,4,500,TRUE,TRUE,TRUE,TRUE,TRUE,TRUE,TRUE,"rhat"
"sparse_mixture",1,"block_eigen_ridge_fixed","sbayesr","ves",500,1000,1.00068885900716,2438.35805730463,3221.25205611304,0.000735739877157955,0.0363276212412766,0.0202529054206826,4,1000,TRUE,TRUE,TRUE,TRUE,TRUE,TRUE,TRUE,"rhat"
"sparse_mixture",1,"block_eigen_ridge_fixed","sbayesr","ves",500,2000,1.00042375132823,4973.44612618687,6461.75503095154,0.00050889970247056,0.0358820460833577,0.014182572010758,4,2000,TRUE,TRUE,TRUE,TRUE,TRUE,TRUE,TRUE,"rhat"
"sparse_mixture",1,"block_eigen_ridge_fixed","sbayesr","ves",1000,250,1.00428996400265,640.673881904239,782.85778832087,0.00145366724102736,0.0368340127742637,0.0394653509498443,4,250,TRUE,TRUE,TRUE,TRUE,TRUE,TRUE,TRUE,"rhat"
"sparse_mixture",1,"block_eigen_ridge_fixed","sbayesr","ves",1000,500,1.00288108219618,1271.64749226814,1544.76367178828,0.00101674491782532,0.0362834465556309,0.0280222805258155,4,500,TRUE,TRUE,TRUE,TRUE,TRUE,TRUE,TRUE,"rhat"
"sparse_mixture",1,"block_eigen_ridge_fixed","sbayesr","ves",1000,1000,1.00193009993489,2519.04497932159,3219.07932937669,0.000706962956651626,0.035502717024455,0.0199129254294722,4,1000,TRUE,TRUE,TRUE,TRUE,TRUE,TRUE,TRUE,"rhat"
"sparse_mixture",1,"block_eigen_ridge_fixed","sbayesr","ves",1000,2000,1.00020748596863,5028.3622099086,6579.69644727686,0.000500138693357435,0.0354653958313759,0.014102160193993,4,2000,TRUE,TRUE,TRUE,TRUE,TRUE,TRUE,TRUE,"rhat"
"sparse_mixture",1,"block_eigen_ridge_fixed","sbayesr","vgs",250,250,1.00167812619027,761.249236250916,927.167775143342,0.00139938118973687,0.0389238128085628,0.0359518014491381,4,250,TRUE,TRUE,TRUE,TRUE,TRUE,TRUE,TRUE,"rhat"
"sparse_mixture",1,"block_eigen_ridge_fixed","sbayesr","vgs",250,500,1.00065426062991,1430.29385474319,1862.30125974725,0.00101499163891372,0.0387154093744561,0.0262167352822412,4,500,TRUE,TRUE,TRUE,TRUE,TRUE,TRUE,TRUE,"rhat"
"sparse_mixture",1,"block_eigen_ridge_fixed","sbayesr","vgs",250,1000,0.999849929944558,3139.7035249307,3194.95252297079,0.000686468664708224,0.038595256839957,0.0177863478809017,4,1000,TRUE,TRUE,TRUE,TRUE,TRUE,TRUE,TRUE,"rhat"
"sparse_mixture",1,"block_eigen_ridge_fixed","sbayesr","vgs",250,2000,0.999773546576169,6093.22826033846,7231.52226402304,0.000497018045746773,0.0388335174304637,0.012798687284425,4,2000,TRUE,TRUE,TRUE,TRUE,TRUE,TRUE,TRUE,"rhat"
"sparse_mixture",1,"block_eigen_ridge_fixed","sbayesr","vgs",500,250,1.00038723387408,1016.05528947044,897.737046518468,0.00121741115078471,0.0383910904154953,0.0317107729321839,4,250,TRUE,TRUE,TRUE,TRUE,TRUE,TRUE,TRUE,"rhat"
"sparse_mixture",1,"block_eigen_ridge_fixed","sbayesr","vgs",500,500,0.999308537288534,1851.62842775305,1570.90462638782,0.000879820739808094,0.037835323303986,0.0232539506201445,4,500,TRUE,TRUE,TRUE,TRUE,TRUE,TRUE,TRUE,"rhat"
"sparse_mixture",1,"block_eigen_ridge_fixed","sbayesr","vgs",500,1000,1.00052653345077,3244.99422725834,3365.71056427465,0.000678479070261752,0.038638466151522,0.0175596791964017,4,1000,TRUE,TRUE,TRUE,TRUE,TRUE,TRUE,TRUE,"rhat"
"sparse_mixture",1,"block_eigen_ridge_fixed","sbayesr","vgs",500,2000,0.9997026332282,6475.39505087609,7365.04769366526,0.000481243433092708,0.0387519259647974,0.0124185681385197,4,2000,TRUE,TRUE,TRUE,TRUE,TRUE,TRUE,TRUE,"rhat"
"sparse_mixture",1,"block_eigen_ridge_fixed","sbayesr","vgs",1000,250,1.00354098887525,917.406090166536,857.779479343783,0.0013045633295198,0.0396031120037106,0.0329409297278853,4,250,TRUE,TRUE,TRUE,TRUE,TRUE,TRUE,TRUE,"rhat"
"sparse_mixture",1,"block_eigen_ridge_fixed","sbayesr","vgs",1000,500,1.00151089755914,1590.5421656716,1867.43108610791,0.000986034460561749,0.0394064941975379,0.0250221310126937,4,500,TRUE,TRUE,TRUE,TRUE,TRUE,TRUE,TRUE,"rhat"
"sparse_mixture",1,"block_eigen_ridge_fixed","sbayesr","vgs",1000,1000,1.00010332513746,3239.20494406694,4011.28306424768,0.000681208814653704,0.0388138639216876,0.0175506570546065,4,1000,TRUE,TRUE,TRUE,TRUE,TRUE,TRUE,TRUE,"rhat"
"sparse_mixture",1,"block_eigen_ridge_fixed","sbayesr","vgs",1000,2000,0.999931553222914,6752.28915803408,7515.76270654212,0.000471295971885175,0.038744361072435,0.0121642468436648,4,2000,TRUE,TRUE,TRUE,TRUE,TRUE,TRUE,TRUE,"rhat"
"sparse_mixture",1,"block_eigen_ridge_fixed","sbayesr","vld",250,250,1.00022385775101,980.317672296428,1078.42202973544,4.94375317941421e-05,0.00155717975910092,0.0317481212462499,4,250,TRUE,TRUE,TRUE,TRUE,TRUE,TRUE,TRUE,"rhat"
"sparse_mixture",1,"block_eigen_ridge_fixed","sbayesr","vld",250,500,1.00005917066345,1898.91038114795,2049.77317886678,3.51982423472306e-05,0.0015352832969446,0.0229262198170717,4,500,TRUE,TRUE,TRUE,TRUE,TRUE,TRUE,TRUE,"rhat"
"sparse_mixture",1,"block_eigen_ridge_fixed","sbayesr","vld",250,1000,0.999911137052169,3700.17306847896,4142.55025893335,2.53584680789488e-05,0.0015414570966027,0.0164509723526121,4,1000,TRUE,TRUE,TRUE,TRUE,TRUE,TRUE,TRUE,"rhat"
"sparse_mixture",1,"block_eigen_ridge_fixed","sbayesr","vld",250,2000,0.999862543369143,7444.36675440078,8000.741462435,1.7998148063382e-05,0.00155302872522355,0.0115890632098844,4,2000,TRUE,TRUE,TRUE,TRUE,TRUE,TRUE,TRUE,"rhat"
"sparse_mixture",1,"block_eigen_ridge_fixed","sbayesr","vld",500,250,1.00185131992556,1020.35442715382,900.23923977221,4.75004392246934e-05,0.00151275313028711,0.0313999940067406,4,250,TRUE,TRUE,TRUE,TRUE,TRUE,TRUE,TRUE,"rhat"
"sparse_mixture",1,"block_eigen_ridge_fixed","sbayesr","vld",500,500,1.00038706561289,1956.16769196206,2008.07808038348,3.42325576576941e-05,0.00151650272606341,0.0225733571521867,4,500,TRUE,TRUE,TRUE,TRUE,TRUE,TRUE,TRUE,"rhat"
"sparse_mixture",1,"block_eigen_ridge_fixed","sbayesr","vld",500,1000,0.999778368029426,3956.2968441157,4141.89793574144,2.4533499411618e-05,0.00154372439157577,0.0158924089983285,4,1000,TRUE,TRUE,TRUE,TRUE,TRUE,TRUE,TRUE,"rhat"
"sparse_mixture",1,"block_eigen_ridge_fixed","sbayesr","vld",500,2000,0.999939481659395,7892.06991595359,7916.56669470349,1.7476269277845e-05,0.00155350660205651,0.0112495622836171,4,2000,TRUE,TRUE,TRUE,TRUE,TRUE,TRUE,TRUE,"rhat"
"sparse_mixture",1,"block_eigen_ridge_fixed","sbayesr","vld",1000,250,1.00160539419533,1047.48727216527,1074.20723727858,4.87638024158038e-05,0.00157581510219952,0.0309451295064626,4,250,TRUE,TRUE,TRUE,TRUE,TRUE,TRUE,TRUE,"rhat"
"sparse_mixture",1,"block_eigen_ridge_fixed","sbayesr","vld",1000,500,0.999532435724946,2013.83385702416,2085.10476470988,3.5049313202882e-05,0.00157082294863563,0.0223127076373087,4,500,TRUE,TRUE,TRUE,TRUE,TRUE,TRUE,TRUE,"rhat"
"sparse_mixture",1,"block_eigen_ridge_fixed","sbayesr","vld",1000,1000,0.999892618896616,3766.64756085529,3995.69339217347,2.54147388268779e-05,0.00156129096701586,0.0162780284801454,4,1000,TRUE,TRUE,TRUE,TRUE,TRUE,TRUE,TRUE,"rhat"
"sparse_mixture",1,"block_eigen_ridge_fixed","sbayesr","vld",1000,2000,0.999946219625635,7883.07342318117,7671.56834444436,1.75400939382248e-05,0.0015547371307162,0.0112817103236898,4,2000,TRUE,TRUE,TRUE,TRUE,TRUE,TRUE,TRUE,"rhat"
"sparse_mixture",1,"block_eigen_ridge_fixed","sbayesr","vle",250,250,1.00139044210989,757.765862631123,924.407256180175,0.00140812867890156,0.0391143949462135,0.0360002674421498,4,250,TRUE,TRUE,TRUE,TRUE,TRUE,TRUE,TRUE,"rhat"
"sparse_mixture",1,"block_eigen_ridge_fixed","sbayesr","vle",250,500,1.00055508505764,1383.63728542497,1827.65941939399,0.00103508679760235,0.0388822207261452,0.0266210822908665,4,500,TRUE,TRUE,TRUE,TRUE,TRUE,TRUE,TRUE,"rhat"
"sparse_mixture",1,"block_eigen_ridge_fixed","sbayesr","vle",250,1000,0.999973912424825,3103.01003140366,3398.97363879721,0.000694318460112091,0.0387947582056515,0.0178972235483851,4,1000,TRUE,TRUE,TRUE,TRUE,TRUE,TRUE,TRUE,"rhat"
"sparse_mixture",1,"block_eigen_ridge_fixed","sbayesr","vle",250,2000,0.999777822446136,6087.90597854545,7465.44173746588,0.000499496194051561,0.0390109103619658,0.0128040127599419,4,2000,TRUE,TRUE,TRUE,TRUE,TRUE,TRUE,TRUE,"rhat"
"sparse_mixture",1,"block_eigen_ridge_fixed","sbayesr","vle",500,250,1.00065092426307,1013.04464598447,933.634588913973,0.00122567607407835,0.0385392181679649,0.0318033455877726,4,250,TRUE,TRUE,TRUE,TRUE,TRUE,TRUE,TRUE,"rhat"
"sparse_mixture",1,"block_eigen_ridge_fixed","sbayesr","vle",500,500,0.999446558737212,1805.97202885553,1794.03279606306,0.000895369069330261,0.0380538548956087,0.0235289978317961,4,500,TRUE,TRUE,TRUE,TRUE,TRUE,TRUE,TRUE,"rhat"
"sparse_mixture",1,"block_eigen_ridge_fixed","sbayesr","vle",500,1000,1.00057248875582,3226.04493365374,3458.59939498291,0.000683854313094222,0.0388362240343539,0.0176086715456501,4,1000,TRUE,TRUE,TRUE,TRUE,TRUE,TRUE,TRUE,"rhat"
"sparse_mixture",1,"block_eigen_ridge_fixed","sbayesr","vle",500,2000,0.999697881650513,6467.89372922951,7546.50112912163,0.000483738570504924,0.0389244714738879,0.0124276207791141,4,2000,TRUE,TRUE,TRUE,TRUE,TRUE,TRUE,TRUE,"rhat"
"sparse_mixture",1,"block_eigen_ridge_fixed","sbayesr","vle",1000,250,1.00357674973039,913.299011310318,861.061611807443,0.001313203542534,0.0397798550761085,0.033011772919271,4,250,TRUE,TRUE,TRUE,TRUE,TRUE,TRUE,TRUE,"rhat"
"sparse_mixture",1,"block_eigen_ridge_fixed","sbayesr","vle",1000,500,1.00155999276796,1578.27849336491,1840.574061293,0.000993399128326841,0.0395849339761811,0.0250953842420095,4,500,TRUE,TRUE,TRUE,TRUE,TRUE,TRUE,TRUE,"rhat"
"sparse_mixture",1,"block_eigen_ridge_fixed","sbayesr","vle",1000,1000,1.00011996169213,3234.84577567972,4011.161966418,0.000684341033220449,0.0389703772459263,0.0175605442282955,4,1000,TRUE,TRUE,TRUE,TRUE,TRUE,TRUE,TRUE,"rhat"
"sparse_mixture",1,"block_eigen_ridge_fixed","sbayesr","vle",1000,2000,0.999936821037953,6765.66584987078,7660.54255019249,0.000472842026688652,0.0388917103001644,0.0121579129084136,4,2000,TRUE,TRUE,TRUE,TRUE,TRUE,TRUE,TRUE,"rhat"
"sparse_mixture",1,"block_eigen_unfiltered","sbayesr","global_nonnull_proportion",250,250,1.00022407258846,803.550083109098,935.164336741184,4.88386845783073e-06,0.000138245375860111,0.0353275357489906,4,250,TRUE,TRUE,TRUE,TRUE,TRUE,TRUE,TRUE,"rhat"
"sparse_mixture",1,"block_eigen_unfiltered","sbayesr","global_nonnull_proportion",250,500,1.00073828693648,1606.24166190936,1893.28447876153,3.52112515532457e-06,0.000141175651835707,0.0249414478314027,4,500,TRUE,TRUE,TRUE,TRUE,TRUE,TRUE,TRUE,"rhat"
"sparse_mixture",1,"block_eigen_unfiltered","sbayesr","global_nonnull_proportion",250,1000,0.999531644568296,3415.81425393757,3629.73661872786,2.41795507418746e-06,0.000141299653054184,0.0171122506101289,4,1000,TRUE,TRUE,TRUE,TRUE,TRUE,TRUE,TRUE,"rhat"
"sparse_mixture",1,"block_eigen_unfiltered","sbayesr","global_nonnull_proportion",250,2000,1.00050267008968,7192.75673426263,7463.9766912472,1.66230656866064e-06,0.000140997849891309,0.0117895880677759,4,2000,TRUE,TRUE,TRUE,TRUE,TRUE,TRUE,TRUE,"rhat"
"sparse_mixture",1,"block_eigen_unfiltered","sbayesr","global_nonnull_proportion",500,250,0.999416837041946,829.26182006684,850.471836481149,5.00177369839972e-06,0.000144111089372818,0.0347077641295185,4,250,TRUE,TRUE,TRUE,TRUE,TRUE,TRUE,TRUE,"rhat"
"sparse_mixture",1,"block_eigen_unfiltered","sbayesr","global_nonnull_proportion",500,500,1.00032853056934,1742.24200959136,1711.33894555557,3.41708428981307e-06,0.000142751153044578,0.0239373498352479,4,500,TRUE,TRUE,TRUE,TRUE,TRUE,TRUE,TRUE,"rhat"
"sparse_mixture",1,"block_eigen_unfiltered","sbayesr","global_nonnull_proportion",500,1000,1.00003273701718,3578.41366956069,3461.02521328168,2.37358530144921e-06,0.000141899304764241,0.0167272510981841,4,1000,TRUE,TRUE,TRUE,TRUE,TRUE,TRUE,TRUE,"rhat"
"sparse_mixture",1,"block_eigen_unfiltered","sbayesr","global_nonnull_proportion",500,2000,1.00049767928482,7149.93261273153,7356.37917550983,1.67539718704041e-06,0.000141687495349913,0.0118245945621582,4,2000,TRUE,TRUE,TRUE,TRUE,TRUE,TRUE,TRUE,"rhat"
"sparse_mixture",1,"block_eigen_unfiltered","sbayesr","global_nonnull_proportion",1000,250,1.0004554054924,870.560888351942,917.494950105768,4.78043891486493e-06,0.00014122471939483,0.0338498737002266,4,250,TRUE,TRUE,TRUE,TRUE,TRUE,TRUE,TRUE,"rhat"
"sparse_mixture",1,"block_eigen_unfiltered","sbayesr","global_nonnull_proportion",1000,500,1.00025338880656,1816.23416437547,1678.11786400741,3.30700844130577e-06,0.000140946133955629,0.0234629240866361,4,500,TRUE,TRUE,TRUE,TRUE,TRUE,TRUE,TRUE,"rhat"
"sparse_mixture",1,"block_eigen_unfiltered","sbayesr","global_nonnull_proportion",1000,1000,1.00063616913772,3650.06192995777,3810.23475483365,2.32742675395593e-06,0.000140684577661566,0.0165435813409117,4,1000,TRUE,TRUE,TRUE,TRUE,TRUE,TRUE,TRUE,"rhat"
"sparse_mixture",1,"block_eigen_unfiltered","sbayesr","global_nonnull_proportion",1000,2000,1.00019476079163,7225.92121633447,7689.99094751388,1.65855474695091e-06,0.000140985643322481,0.0117639974387835,4,2000,TRUE,TRUE,TRUE,TRUE,TRUE,TRUE,TRUE,"rhat"
"sparse_mixture",1,"block_eigen_unfiltered","sbayesr","heritability",250,250,1.00123115764311,938.222187790432,910.260948453732,0.000779265634234632,0.0238363308258161,0.0326923484964659,4,250,TRUE,TRUE,TRUE,TRUE,TRUE,TRUE,TRUE,"rhat"
"sparse_mixture",1,"block_eigen_unfiltered","sbayesr","heritability",250,500,1.00083478121002,1837.38314151609,1758.41426545492,0.000554643029660126,0.023770589218727,0.0233331628659489,4,500,TRUE,TRUE,TRUE,TRUE,TRUE,TRUE,TRUE,"rhat"
"sparse_mixture",1,"block_eigen_unfiltered","sbayesr","heritability",250,1000,0.999462556261649,3649.80060956459,3214.79769493309,0.000397086262295041,0.0239180790843414,0.0166019294816616,4,1000,TRUE,TRUE,TRUE,TRUE,TRUE,TRUE,TRUE,"rhat"
"sparse_mixture",1,"block_eigen_unfiltered","sbayesr","heritability",250,2000,0.999683997373287,7267.80507623203,7243.96327847269,0.000278169535368216,0.0237033427073456,0.0117354559988711,4,2000,TRUE,TRUE,TRUE,TRUE,TRUE,TRUE,TRUE,"rhat"
"sparse_mixture",1,"block_eigen_unfiltered","sbayesr","heritability",500,250,1.00111495276628,918.511509446026,832.003439246059,0.000781818075484835,0.0237165925247454,0.0329650254212996,4,250,TRUE,TRUE,TRUE,TRUE,TRUE,TRUE,TRUE,"rhat"
"sparse_mixture",1,"block_eigen_unfiltered","sbayesr","heritability",500,500,1.00106908759915,1905.97678997918,1529.22324790102,0.000546690646443662,0.0238201348122701,0.0229507788579792,4,500,TRUE,TRUE,TRUE,TRUE,TRUE,TRUE,TRUE,"rhat"
"sparse_mixture",1,"block_eigen_unfiltered","sbayesr","heritability",500,1000,1.00019448656805,3817.58086939967,3185.77379229459,0.000388333897918014,0.0239673718853991,0.0162026066009593,4,1000,TRUE,TRUE,TRUE,TRUE,TRUE,TRUE,TRUE,"rhat"
"sparse_mixture",1,"block_eigen_unfiltered","sbayesr","heritability",500,2000,1.00016462869798,6795.08633847079,6749.53032329234,0.000286309451615166,0.0236074415362258,0.0121279322528797,4,2000,TRUE,TRUE,TRUE,TRUE,TRUE,TRUE,TRUE,"rhat"
"sparse_mixture",1,"block_eigen_unfiltered","sbayesr","heritability",1000,250,1.00167203351016,843.726753940879,761.690323738546,0.000832346119818095,0.0241995936087894,0.0343950453579428,4,250,TRUE,TRUE,TRUE,TRUE,TRUE,TRUE,TRUE,"rhat"
"sparse_mixture",1,"block_eigen_unfiltered","sbayesr","heritability",1000,500,0.999872698777372,1905.656413823,1651.42112060934,0.000551981148736261,0.024117511882563,0.0228871515197778,4,500,TRUE,TRUE,TRUE,TRUE,TRUE,TRUE,TRUE,"rhat"
"sparse_mixture",1,"block_eigen_unfiltered","sbayesr","heritability",1000,1000,1.00018502656466,3577.00266715739,3568.27953480325,0.00039366859718867,0.0235960286584029,0.0166836802450008,4,1000,TRUE,TRUE,TRUE,TRUE,TRUE,TRUE,TRUE,"rhat"
"sparse_mixture",1,"block_eigen_unfiltered","sbayesr","heritability",1000,2000,1.00002403480944,6142.96912677556,7183.97808539942,0.000301304217174412,0.0236396695503806,0.0127457034258569,4,2000,TRUE,TRUE,TRUE,TRUE,TRUE,TRUE,TRUE,"rhat"
"sparse_mixture",1,"block_eigen_unfiltered","sbayesr","vbs",250,250,1.00292695200021,196.030416290414,322.315582536696,5.09846299515872e-05,0.000712377185854184,0.0715697118942032,4,250,TRUE,FALSE,FALSE,FALSE,TRUE,TRUE,FALSE,"ess_bulk"
"sparse_mixture",1,"block_eigen_unfiltered","sbayesr","vbs",250,500,1.00880206169316,287.685287181123,503.766041060191,4.35726232843359e-05,0.000742182169930918,0.058708798256891,4,500,TRUE,FALSE,TRUE,FALSE,TRUE,TRUE,FALSE,"ess_bulk"
"sparse_mixture",1,"block_eigen_unfiltered","sbayesr","vbs",250,1000,1.01046749483729,510.445132109286,1095.66255354544,3.26063865209536e-05,0.000739216636145839,0.0441093786673393,4,1000,FALSE,TRUE,TRUE,TRUE,TRUE,TRUE,FALSE,"rhat"
"sparse_mixture",1,"block_eigen_unfiltered","sbayesr","vbs",250,2000,1.00294055211066,1054.80070447138,2238.74639191939,2.23674000903104e-05,0.000725667089664754,0.030823225152244,4,2000,TRUE,TRUE,TRUE,TRUE,TRUE,TRUE,TRUE,"rhat"
"sparse_mixture",1,"block_eigen_unfiltered","sbayesr","vbs",500,250,1.0135824287397,131.299945802954,249.20209693058,6.75351570910714e-05,0.000769624573928167,0.0877507805479387,4,250,FALSE,FALSE,FALSE,FALSE,TRUE,TRUE,FALSE,"rhat"
"sparse_mixture",1,"block_eigen_unfiltered","sbayesr","vbs",500,500,1.03128780560165,222.613069543075,483.305985537486,5.0607717818219e-05,0.000759538625108101,0.0666295513424564,4,500,FALSE,FALSE,TRUE,FALSE,TRUE,TRUE,FALSE,"rhat"
"sparse_mixture",1,"block_eigen_unfiltered","sbayesr","vbs",500,1000,1.01346176208912,483.072893084613,1127.9978489078,3.35953042284384e-05,0.000741138693384414,0.0453293081690625,4,1000,FALSE,TRUE,TRUE,TRUE,TRUE,TRUE,FALSE,"rhat"
"sparse_mixture",1,"block_eigen_unfiltered","sbayesr","vbs",500,2000,1.00467811422004,1021.35244957657,2188.97719997973,2.28216212026872e-05,0.000728609861578787,0.0313221415274783,4,2000,TRUE,TRUE,TRUE,TRUE,TRUE,TRUE,TRUE,"rhat"
"sparse_mixture",1,"block_eigen_unfiltered","sbayesr","vbs",1000,250,1.03087120664616,135.859053784503,255.401437897796,6.05479453470891e-05,0.000700759803029422,0.0864032798190437,4,250,FALSE,FALSE,FALSE,FALSE,TRUE,TRUE,FALSE,"rhat"
"sparse_mixture",1,"block_eigen_unfiltered","sbayesr","vbs",1000,500,1.03115076535781,257.315250438519,617.901164933365,4.45978939898518e-05,0.000719343200111001,0.0619980754429456,4,500,FALSE,FALSE,TRUE,FALSE,TRUE,TRUE,FALSE,"rhat"
"sparse_mixture",1,"block_eigen_unfiltered","sbayesr","vbs",1000,1000,1.00929935809106,565.57814304163,1155.28128956954,2.98142080763247e-05,0.00070873234178217,0.0420669501286682,4,1000,TRUE,TRUE,TRUE,TRUE,TRUE,TRUE,TRUE,"rhat"
"sparse_mixture",1,"block_eigen_unfiltered","sbayesr","vbs",1000,2000,1.00324778668746,1071.00325302041,2233.64507883574,2.18384144683406e-05,0.000714118722770291,0.0305809297137912,4,2000,TRUE,TRUE,TRUE,TRUE,TRUE,TRUE,TRUE,"rhat"
"sparse_mixture",1,"block_eigen_unfiltered","sbayesr","ves",250,250,1.00147721422035,676.213520920147,792.77129819211,0.0013422679121248,0.0349426055224523,0.0384135038602753,4,250,TRUE,TRUE,TRUE,TRUE,TRUE,TRUE,TRUE,"rhat"
"sparse_mixture",1,"block_eigen_unfiltered","sbayesr","ves",250,500,1.00289072410381,1320.80623003533,1526.4712573131,0.000970402856236843,0.035246087892474,0.0275322146161944,4,500,TRUE,TRUE,TRUE,TRUE,TRUE,TRUE,TRUE,"rhat"
"sparse_mixture",1,"block_eigen_unfiltered","sbayesr","ves",250,1000,1.00215640260667,2654.97664843018,3130.69225778224,0.000689974134065848,0.0352779988602252,0.0195581993411699,4,1000,TRUE,TRUE,TRUE,TRUE,TRUE,TRUE,TRUE,"rhat"
"sparse_mixture",1,"block_eigen_unfiltered","sbayesr","ves",250,2000,0.999967428970655,5234.23016491349,6862.94867794233,0.000481247005109682,0.0348175910056209,0.0138219500893095,4,2000,TRUE,TRUE,TRUE,TRUE,TRUE,TRUE,TRUE,"rhat"
"sparse_mixture",1,"block_eigen_unfiltered","sbayesr","ves",500,250,1.00509744654303,650.150656071613,733.389019990392,0.00139973329666977,0.0355545273000348,0.0393686374974924,4,250,TRUE,TRUE,TRUE,TRUE,TRUE,TRUE,TRUE,"rhat"
"sparse_mixture",1,"block_eigen_unfiltered","sbayesr","ves",500,500,1.00302913109754,1300.64088357035,1556.81877847548,0.000976235289061939,0.0351752940473569,0.0277534364815152,4,500,TRUE,TRUE,TRUE,TRUE,TRUE,TRUE,TRUE,"rhat"
"sparse_mixture",1,"block_eigen_unfiltered","sbayesr","ves",500,1000,1.0007148286996,2651.90747675577,3317.81918223063,0.000681100365191921,0.0350514966396715,0.0194314203525634,4,1000,TRUE,TRUE,TRUE,TRUE,TRUE,TRUE,TRUE,"rhat"
"sparse_mixture",1,"block_eigen_unfiltered","sbayesr","ves",500,2000,1.00022172158919,5210.75574410884,7047.26235563054,0.00048121467910049,0.0347319041551414,0.0138551194011992,4,2000,TRUE,TRUE,TRUE,TRUE,TRUE,TRUE,TRUE,"rhat"
"sparse_mixture",1,"block_eigen_unfiltered","sbayesr","ves",1000,250,1.00279949287062,642.081391519997,913.826636700102,0.00141554096180643,0.0358054833908105,0.0395341949822616,4,250,TRUE,TRUE,TRUE,TRUE,TRUE,TRUE,TRUE,"rhat"
"sparse_mixture",1,"block_eigen_unfiltered","sbayesr","ves",1000,500,1.00086545883087,1363.05989720525,1717.56729258971,0.000947312897210993,0.0349352681265431,0.0271162337663939,4,500,TRUE,TRUE,TRUE,TRUE,TRUE,TRUE,TRUE,"rhat"
"sparse_mixture",1,"block_eigen_unfiltered","sbayesr","ves",1000,1000,1.0001555410997,2643.40356729015,3557.05416937332,0.000671937093822488,0.0345147256059186,0.019468127937464,4,1000,TRUE,TRUE,TRUE,TRUE,TRUE,TRUE,TRUE,"rhat"
"sparse_mixture",1,"block_eigen_unfiltered","sbayesr","ves",1000,2000,0.999985476492711,4888.64365909061,7044.94669649613,0.000497233490778618,0.0347538392288771,0.0143072967422104,4,2000,TRUE,TRUE,TRUE,TRUE,TRUE,TRUE,TRUE,"rhat"
"sparse_mixture",1,"block_eigen_unfiltered","sbayesr","vgs",250,250,1.00523194395406,1099.60538996602,1036.80713636793,0.00118201465104661,0.039277880261927,0.030093646682669,4,250,TRUE,TRUE,TRUE,TRUE,TRUE,TRUE,TRUE,"rhat"
"sparse_mixture",1,"block_eigen_unfiltered","sbayesr","vgs",250,500,1.00211681391566,2157.32572233847,1911.97530557196,0.000836933793869161,0.0388954298748426,0.021517535519269,4,500,TRUE,TRUE,TRUE,TRUE,TRUE,TRUE,TRUE,"rhat"
"sparse_mixture",1,"block_eigen_unfiltered","sbayesr","vgs",250,1000,0.99965407138419,3731.41132746842,3519.88650907758,0.000638835267528438,0.0391733220811663,0.0163079165510851,4,1000,TRUE,TRUE,TRUE,TRUE,TRUE,TRUE,TRUE,"rhat"
"sparse_mixture",1,"block_eigen_unfiltered","sbayesr","vgs",250,2000,0.999912180441717,7443.26156950816,7825.88802707605,0.000449031641254319,0.0388194483185486,0.0115671824485915,4,2000,TRUE,TRUE,TRUE,TRUE,TRUE,TRUE,TRUE,"rhat"
"sparse_mixture",1,"block_eigen_unfiltered","sbayesr","vgs",500,250,1.00366231450463,1087.81738380444,823.675064479245,0.00116918134372768,0.0385248565567732,0.0303487526813937,4,250,TRUE,TRUE,TRUE,TRUE,TRUE,TRUE,TRUE,"rhat"
"sparse_mixture",1,"block_eigen_unfiltered","sbayesr","vgs",500,500,1.00200186762869,1902.34567448496,1806.84152396099,0.000894877248758376,0.0389973873743288,0.0229471077169507,4,500,TRUE,TRUE,TRUE,TRUE,TRUE,TRUE,TRUE,"rhat"
"sparse_mixture",1,"block_eigen_unfiltered","sbayesr","vgs",500,1000,1.00055957390906,3891.45886654781,3535.58369062959,0.000630792037316083,0.0392775377300869,0.0160598671345147,4,1000,TRUE,TRUE,TRUE,TRUE,TRUE,TRUE,TRUE,"rhat"
"sparse_mixture",1,"block_eigen_unfiltered","sbayesr","vgs",500,2000,1.00018581194644,7113.54831035018,7737.27283841681,0.00045809119886102,0.0386375129829195,0.0118561253946011,4,2000,TRUE,TRUE,TRUE,TRUE,TRUE,TRUE,TRUE,"rhat"
"sparse_mixture",1,"block_eigen_unfiltered","sbayesr","vgs",1000,250,1.00036713877954,1024.67795200511,720.34060121565,0.00123396732696273,0.0393877909550986,0.0313286756388402,4,250,TRUE,TRUE,TRUE,TRUE,TRUE,TRUE,TRUE,"rhat"
"sparse_mixture",1,"block_eigen_unfiltered","sbayesr","vgs",1000,500,0.999834463230509,2256.65307929926,1763.18066058576,0.0008315197417881,0.0395563446877539,0.0210211471345968,4,500,TRUE,TRUE,TRUE,TRUE,TRUE,TRUE,TRUE,"rhat"
"sparse_mixture",1,"block_eigen_unfiltered","sbayesr","vgs",1000,1000,1.00001555027963,3875.64658633881,4025.44312597143,0.00061927754747935,0.0386573374672058,0.0160196637444238,4,1000,TRUE,TRUE,TRUE,TRUE,TRUE,TRUE,TRUE,"rhat"
"sparse_mixture",1,"block_eigen_unfiltered","sbayesr","vgs",1000,2000,1.00037326669917,6588.56210288778,7740.26601620875,0.000475324104393628,0.0386369502247009,0.0123023194540275,4,2000,TRUE,TRUE,TRUE,TRUE,TRUE,TRUE,TRUE,"rhat"
"sparse_mixture",1,"block_eigen_unfiltered","sbayesr","vld",250,250,1.00166738433181,967.487709964598,1031.4794743271,4.87851151465577e-05,0.00151070199072738,0.0322930104322351,4,250,TRUE,TRUE,TRUE,TRUE,TRUE,TRUE,TRUE,"rhat"
"sparse_mixture",1,"block_eigen_unfiltered","sbayesr","vld",250,500,1.0010515438853,1963.43533590149,1989.72248437711,3.39828919234375e-05,0.0015035311900707,0.0226020531851019,4,500,TRUE,TRUE,TRUE,TRUE,TRUE,TRUE,TRUE,"rhat"
"sparse_mixture",1,"block_eigen_unfiltered","sbayesr","vld",250,1000,1.00201345502955,4013.78290714865,3811.19583544407,2.41773121345023e-05,0.00153023623914621,0.0157997252424187,4,1000,TRUE,TRUE,TRUE,TRUE,TRUE,TRUE,TRUE,"rhat"
"sparse_mixture",1,"block_eigen_unfiltered","sbayesr","vld",250,2000,1.00008756798828,8081.7209030441,7886.35603501146,1.71406855854718e-05,0.00153956062814257,0.0111334917717086,4,2000,TRUE,TRUE,TRUE,TRUE,TRUE,TRUE,TRUE,"rhat"
"sparse_mixture",1,"block_eigen_unfiltered","sbayesr","vld",500,250,0.99936964725759,1046.98590217928,942.039233309524,4.62277815189327e-05,0.00149697391630898,0.0308808196424119,4,250,TRUE,TRUE,TRUE,TRUE,TRUE,TRUE,TRUE,"rhat"
"sparse_mixture",1,"block_eigen_unfiltered","sbayesr","vld",500,500,1.0007051626573,2084.2433368304,2003.90508550842,3.24041366174375e-05,0.00148053935866198,0.021886710696244,4,500,TRUE,TRUE,TRUE,TRUE,TRUE,TRUE,TRUE,"rhat"
"sparse_mixture",1,"block_eigen_unfiltered","sbayesr","vld",500,1000,1.00097222712593,4162.22021382679,3885.73203713358,2.40352993049521e-05,0.00154917196274865,0.0155149330628906,4,1000,TRUE,TRUE,TRUE,TRUE,TRUE,TRUE,TRUE,"rhat"
"sparse_mixture",1,"block_eigen_unfiltered","sbayesr","vld",500,2000,1.00006509395709,8039.62203114096,7754.05773845386,1.72923391144349e-05,0.00154923493711678,0.0111618571852097,4,2000,TRUE,TRUE,TRUE,TRUE,TRUE,TRUE,TRUE,"rhat"
"sparse_mixture",1,"block_eigen_unfiltered","sbayesr","vld",1000,250,1.00192086878743,1016.79040808543,880.430887838081,5.159076389201e-05,0.00164216050387113,0.0314163955169992,4,250,TRUE,TRUE,TRUE,TRUE,TRUE,TRUE,TRUE,"rhat"
"sparse_mixture",1,"block_eigen_unfiltered","sbayesr","vld",1000,500,1.00078108389275,2103.24212323201,1877.38143021085,3.53005750540723e-05,0.00161486582130833,0.0218597573793918,4,500,TRUE,TRUE,TRUE,TRUE,TRUE,TRUE,TRUE,"rhat"
"sparse_mixture",1,"block_eigen_unfiltered","sbayesr","vld",1000,1000,1.00055645816451,4079.46093476285,3855.6946293071,2.45490904243654e-05,0.00156623320956912,0.0156739687770501,4,1000,TRUE,TRUE,TRUE,TRUE,TRUE,TRUE,TRUE,"rhat"
"sparse_mixture",1,"block_eigen_unfiltered","sbayesr","vld",1000,2000,1.00008780512747,7868.65955630069,7256.77927688138,1.78415745999907e-05,0.00157602470783482,0.0113206185863049,4,2000,TRUE,TRUE,TRUE,TRUE,TRUE,TRUE,TRUE,"rhat"
"sparse_mixture",1,"block_eigen_unfiltered","sbayesr","vle",250,250,1.004002769748,1094.34783126748,1016.51052374798,0.00118740164074283,0.0393905995885991,0.0301442895803623,4,250,TRUE,TRUE,TRUE,TRUE,TRUE,TRUE,TRUE,"rhat"
"sparse_mixture",1,"block_eigen_unfiltered","sbayesr","vle",250,500,1.00229770159102,2143.46898471436,1912.63808094121,0.000842025765296144,0.0390217653748999,0.0215783616452618,4,500,TRUE,TRUE,TRUE,TRUE,TRUE,TRUE,TRUE,"rhat"
"sparse_mixture",1,"block_eigen_unfiltered","sbayesr","vle",250,1000,0.999676570277974,3727.85040645885,3526.48548194108,0.000639266820226544,0.0393269307183238,0.0162551922702853,4,1000,TRUE,TRUE,TRUE,TRUE,TRUE,TRUE,TRUE,"rhat"
"sparse_mixture",1,"block_eigen_unfiltered","sbayesr","vle",250,2000,0.999941753841557,7411.77939617603,7785.8483001686,0.000451618127214989,0.0389705142521048,0.0115887135667089,4,2000,TRUE,TRUE,TRUE,TRUE,TRUE,TRUE,TRUE,"rhat"
"sparse_mixture",1,"block_eigen_unfiltered","sbayesr","vle",500,250,1.00447980842724,1078.11519587556,849.142065702526,0.00117799953554091,0.0386654107423009,0.0304664948057089,4,250,TRUE,TRUE,TRUE,TRUE,TRUE,TRUE,TRUE,"rhat"
"sparse_mixture",1,"block_eigen_unfiltered","sbayesr","vle",500,500,1.00218798263062,1870.23010544184,1805.83068474668,0.000905597556199223,0.0391784148642396,0.023114706384556,4,500,TRUE,TRUE,TRUE,TRUE,TRUE,TRUE,TRUE,"rhat"
"sparse_mixture",1,"block_eigen_unfiltered","sbayesr","vle",500,1000,1.00061825231892,3838.13567806086,3521.1747826281,0.000637136428283756,0.039441870598353,0.0161538085952333,4,1000,TRUE,TRUE,TRUE,TRUE,TRUE,TRUE,TRUE,"rhat"
"sparse_mixture",1,"block_eigen_unfiltered","sbayesr","vle",500,2000,1.00018585552728,7057.27957393888,7575.69484644612,0.000461420214231296,0.0387966574396151,0.0118932981520243,4,2000,TRUE,TRUE,TRUE,TRUE,TRUE,TRUE,TRUE,"rhat"
"sparse_mixture",1,"block_eigen_unfiltered","sbayesr","vle",1000,250,1.00044500489543,1009.05935166582,671.752436169999,0.00124094821729524,0.039532805120449,0.0313903405921817,4,250,TRUE,TRUE,TRUE,TRUE,TRUE,TRUE,TRUE,"rhat"
"sparse_mixture",1,"block_eigen_unfiltered","sbayesr","vle",1000,500,0.999814011853461,2240.25407096378,1703.37868599014,0.000837378283265987,0.0397050469458371,0.0210899708646178,4,500,TRUE,TRUE,TRUE,TRUE,TRUE,TRUE,TRUE,"rhat"
"sparse_mixture",1,"block_eigen_unfiltered","sbayesr","vle",1000,1000,1.00005750382048,3847.75216766898,3938.32783347723,0.000623318027921244,0.038813294854094,0.0160593948610754,4,1000,TRUE,TRUE,TRUE,TRUE,TRUE,TRUE,TRUE,"rhat"
"sparse_mixture",1,"block_eigen_unfiltered","sbayesr","vle",1000,2000,1.00028670731917,6552.29400754393,7675.35288606915,0.000478472476541715,0.0388134683197852,0.0123274857222129,4,2000,TRUE,TRUE,TRUE,TRUE,TRUE,TRUE,TRUE,"rhat"
