"replicate","method","trait","metric","value","architecture","simulation_seed","causal_selection_seed","mcmc_seed","sblr_version","qgg_version","sblrbench_commit","method_controls","runtime","convergence_status","status","reason"
1,"st_bed_bayesc","D1","number_of_credible_sets",7,"separated",3002,2002,10101,"0.1.2","1.1.6","f178b332fb3ac6cee95914d519a84301a305ff24","{""nit"":500,""nburn"":250,""nthin"":1,""nchains"":1,""ncores"":1,""convergence_control"":{""warn"":false},""seed"":10101,""convergence"":""core"",""verbose"":false}",70.03,"reported","ok",""
1,"st_bed_bayesc","D1","mean_set_size",1,"separated",3002,2002,10101,"0.1.2","1.1.6","f178b332fb3ac6cee95914d519a84301a305ff24","{""nit"":500,""nburn"":250,""nthin"":1,""nchains"":1,""ncores"":1,""convergence_control"":{""warn"":false},""seed"":10101,""convergence"":""core"",""verbose"":false}",70.03,"reported","ok",""
1,"st_bed_bayesc","D1","median_set_size",1,"separated",3002,2002,10101,"0.1.2","1.1.6","f178b332fb3ac6cee95914d519a84301a305ff24","{""nit"":500,""nburn"":250,""nthin"":1,""nchains"":1,""ncores"":1,""convergence_control"":{""warn"":false},""seed"":10101,""convergence"":""core"",""verbose"":false}",70.03,"reported","ok",""
1,"st_bed_bayesc","D1","exact_coverage_fraction",1,"separated",3002,2002,10101,"0.1.2","1.1.6","f178b332fb3ac6cee95914d519a84301a305ff24","{""nit"":500,""nburn"":250,""nthin"":1,""nchains"":1,""ncores"":1,""convergence_control"":{""warn"":false},""seed"":10101,""convergence"":""core"",""verbose"":false}",70.03,"reported","ok",""
1,"st_bed_bayesc","D1","ld_proxy_coverage_fraction",1,"separated",3002,2002,10101,"0.1.2","1.1.6","f178b332fb3ac6cee95914d519a84301a305ff24","{""nit"":500,""nburn"":250,""nthin"":1,""nchains"":1,""ncores"":1,""convergence_control"":{""warn"":false},""seed"":10101,""convergence"":""core"",""verbose"":false}",70.03,"reported","ok",""
1,"st_bed_bayesc","D1","causal_loci_detected",7,"separated",3002,2002,10101,"0.1.2","1.1.6","f178b332fb3ac6cee95914d519a84301a305ff24","{""nit"":500,""nburn"":250,""nthin"":1,""nchains"":1,""ncores"":1,""convergence_control"":{""warn"":false},""seed"":10101,""convergence"":""core"",""verbose"":false}",70.03,"reported","ok",""
1,"st_bed_bayesc","D1","sets_without_exact_causal",0,"separated",3002,2002,10101,"0.1.2","1.1.6","f178b332fb3ac6cee95914d519a84301a305ff24","{""nit"":500,""nburn"":250,""nthin"":1,""nchains"":1,""ncores"":1,""convergence_control"":{""warn"":false},""seed"":10101,""convergence"":""core"",""verbose"":false}",70.03,"reported","ok",""
1,"st_bed_bayesc","D1","sets_without_causal_or_proxy",0,"separated",3002,2002,10101,"0.1.2","1.1.6","f178b332fb3ac6cee95914d519a84301a305ff24","{""nit"":500,""nburn"":250,""nthin"":1,""nchains"":1,""ncores"":1,""convergence_control"":{""warn"":false},""seed"":10101,""convergence"":""core"",""verbose"":false}",70.03,"reported","ok",""
1,"st_bed_bayesr","D1","number_of_credible_sets",7,"separated",3002,2002,10102,"0.1.2","1.1.6","f178b332fb3ac6cee95914d519a84301a305ff24","{""nit"":500,""nburn"":250,""nthin"":1,""nchains"":1,""ncores"":1,""convergence_control"":{""warn"":false},""seed"":10102,""convergence"":""core"",""verbose"":false}",87.98,"reported","ok",""
1,"st_bed_bayesr","D1","mean_set_size",1,"separated",3002,2002,10102,"0.1.2","1.1.6","f178b332fb3ac6cee95914d519a84301a305ff24","{""nit"":500,""nburn"":250,""nthin"":1,""nchains"":1,""ncores"":1,""convergence_control"":{""warn"":false},""seed"":10102,""convergence"":""core"",""verbose"":false}",87.98,"reported","ok",""
1,"st_bed_bayesr","D1","median_set_size",1,"separated",3002,2002,10102,"0.1.2","1.1.6","f178b332fb3ac6cee95914d519a84301a305ff24","{""nit"":500,""nburn"":250,""nthin"":1,""nchains"":1,""ncores"":1,""convergence_control"":{""warn"":false},""seed"":10102,""convergence"":""core"",""verbose"":false}",87.98,"reported","ok",""
1,"st_bed_bayesr","D1","exact_coverage_fraction",1,"separated",3002,2002,10102,"0.1.2","1.1.6","f178b332fb3ac6cee95914d519a84301a305ff24","{""nit"":500,""nburn"":250,""nthin"":1,""nchains"":1,""ncores"":1,""convergence_control"":{""warn"":false},""seed"":10102,""convergence"":""core"",""verbose"":false}",87.98,"reported","ok",""
1,"st_bed_bayesr","D1","ld_proxy_coverage_fraction",1,"separated",3002,2002,10102,"0.1.2","1.1.6","f178b332fb3ac6cee95914d519a84301a305ff24","{""nit"":500,""nburn"":250,""nthin"":1,""nchains"":1,""ncores"":1,""convergence_control"":{""warn"":false},""seed"":10102,""convergence"":""core"",""verbose"":false}",87.98,"reported","ok",""
1,"st_bed_bayesr","D1","causal_loci_detected",7,"separated",3002,2002,10102,"0.1.2","1.1.6","f178b332fb3ac6cee95914d519a84301a305ff24","{""nit"":500,""nburn"":250,""nthin"":1,""nchains"":1,""ncores"":1,""convergence_control"":{""warn"":false},""seed"":10102,""convergence"":""core"",""verbose"":false}",87.98,"reported","ok",""
1,"st_bed_bayesr","D1","sets_without_exact_causal",0,"separated",3002,2002,10102,"0.1.2","1.1.6","f178b332fb3ac6cee95914d519a84301a305ff24","{""nit"":500,""nburn"":250,""nthin"":1,""nchains"":1,""ncores"":1,""convergence_control"":{""warn"":false},""seed"":10102,""convergence"":""core"",""verbose"":false}",87.98,"reported","ok",""
1,"st_bed_bayesr","D1","sets_without_causal_or_proxy",0,"separated",3002,2002,10102,"0.1.2","1.1.6","f178b332fb3ac6cee95914d519a84301a305ff24","{""nit"":500,""nburn"":250,""nthin"":1,""nchains"":1,""ncores"":1,""convergence_control"":{""warn"":false},""seed"":10102,""convergence"":""core"",""verbose"":false}",87.98,"reported","ok",""
1,"st_csr_sbayesc","D1","number_of_credible_sets",8,"separated",3002,2002,10103,"0.1.2","1.1.6","f178b332fb3ac6cee95914d519a84301a305ff24","{""nit"":500,""nburn"":250,""nthin"":1,""nchains"":1,""ncores"":1,""convergence_control"":{""warn"":false},""seed"":10103,""convergence"":""core"",""verbose"":false}",17.62,"reported","ok",""
1,"st_csr_sbayesc","D1","mean_set_size",1,"separated",3002,2002,10103,"0.1.2","1.1.6","f178b332fb3ac6cee95914d519a84301a305ff24","{""nit"":500,""nburn"":250,""nthin"":1,""nchains"":1,""ncores"":1,""convergence_control"":{""warn"":false},""seed"":10103,""convergence"":""core"",""verbose"":false}",17.62,"reported","ok",""
1,"st_csr_sbayesc","D1","median_set_size",1,"separated",3002,2002,10103,"0.1.2","1.1.6","f178b332fb3ac6cee95914d519a84301a305ff24","{""nit"":500,""nburn"":250,""nthin"":1,""nchains"":1,""ncores"":1,""convergence_control"":{""warn"":false},""seed"":10103,""convergence"":""core"",""verbose"":false}",17.62,"reported","ok",""
1,"st_csr_sbayesc","D1","exact_coverage_fraction",1,"separated",3002,2002,10103,"0.1.2","1.1.6","f178b332fb3ac6cee95914d519a84301a305ff24","{""nit"":500,""nburn"":250,""nthin"":1,""nchains"":1,""ncores"":1,""convergence_control"":{""warn"":false},""seed"":10103,""convergence"":""core"",""verbose"":false}",17.62,"reported","ok",""
1,"st_csr_sbayesc","D1","ld_proxy_coverage_fraction",1,"separated",3002,2002,10103,"0.1.2","1.1.6","f178b332fb3ac6cee95914d519a84301a305ff24","{""nit"":500,""nburn"":250,""nthin"":1,""nchains"":1,""ncores"":1,""convergence_control"":{""warn"":false},""seed"":10103,""convergence"":""core"",""verbose"":false}",17.62,"reported","ok",""
1,"st_csr_sbayesc","D1","causal_loci_detected",8,"separated",3002,2002,10103,"0.1.2","1.1.6","f178b332fb3ac6cee95914d519a84301a305ff24","{""nit"":500,""nburn"":250,""nthin"":1,""nchains"":1,""ncores"":1,""convergence_control"":{""warn"":false},""seed"":10103,""convergence"":""core"",""verbose"":false}",17.62,"reported","ok",""
1,"st_csr_sbayesc","D1","sets_without_exact_causal",0,"separated",3002,2002,10103,"0.1.2","1.1.6","f178b332fb3ac6cee95914d519a84301a305ff24","{""nit"":500,""nburn"":250,""nthin"":1,""nchains"":1,""ncores"":1,""convergence_control"":{""warn"":false},""seed"":10103,""convergence"":""core"",""verbose"":false}",17.62,"reported","ok",""
1,"st_csr_sbayesc","D1","sets_without_causal_or_proxy",0,"separated",3002,2002,10103,"0.1.2","1.1.6","f178b332fb3ac6cee95914d519a84301a305ff24","{""nit"":500,""nburn"":250,""nthin"":1,""nchains"":1,""ncores"":1,""convergence_control"":{""warn"":false},""seed"":10103,""convergence"":""core"",""verbose"":false}",17.62,"reported","ok",""
1,"st_csr_sbayesr","D1","number_of_credible_sets",8,"separated",3002,2002,10104,"0.1.2","1.1.6","f178b332fb3ac6cee95914d519a84301a305ff24","{""nit"":500,""nburn"":250,""nthin"":1,""nchains"":1,""ncores"":1,""convergence_control"":{""warn"":false},""seed"":10104,""convergence"":""core"",""verbose"":false}",60.36,"reported","ok",""
1,"st_csr_sbayesr","D1","mean_set_size",1,"separated",3002,2002,10104,"0.1.2","1.1.6","f178b332fb3ac6cee95914d519a84301a305ff24","{""nit"":500,""nburn"":250,""nthin"":1,""nchains"":1,""ncores"":1,""convergence_control"":{""warn"":false},""seed"":10104,""convergence"":""core"",""verbose"":false}",60.36,"reported","ok",""
1,"st_csr_sbayesr","D1","median_set_size",1,"separated",3002,2002,10104,"0.1.2","1.1.6","f178b332fb3ac6cee95914d519a84301a305ff24","{""nit"":500,""nburn"":250,""nthin"":1,""nchains"":1,""ncores"":1,""convergence_control"":{""warn"":false},""seed"":10104,""convergence"":""core"",""verbose"":false}",60.36,"reported","ok",""
1,"st_csr_sbayesr","D1","exact_coverage_fraction",1,"separated",3002,2002,10104,"0.1.2","1.1.6","f178b332fb3ac6cee95914d519a84301a305ff24","{""nit"":500,""nburn"":250,""nthin"":1,""nchains"":1,""ncores"":1,""convergence_control"":{""warn"":false},""seed"":10104,""convergence"":""core"",""verbose"":false}",60.36,"reported","ok",""
1,"st_csr_sbayesr","D1","ld_proxy_coverage_fraction",1,"separated",3002,2002,10104,"0.1.2","1.1.6","f178b332fb3ac6cee95914d519a84301a305ff24","{""nit"":500,""nburn"":250,""nthin"":1,""nchains"":1,""ncores"":1,""convergence_control"":{""warn"":false},""seed"":10104,""convergence"":""core"",""verbose"":false}",60.36,"reported","ok",""
1,"st_csr_sbayesr","D1","causal_loci_detected",8,"separated",3002,2002,10104,"0.1.2","1.1.6","f178b332fb3ac6cee95914d519a84301a305ff24","{""nit"":500,""nburn"":250,""nthin"":1,""nchains"":1,""ncores"":1,""convergence_control"":{""warn"":false},""seed"":10104,""convergence"":""core"",""verbose"":false}",60.36,"reported","ok",""
1,"st_csr_sbayesr","D1","sets_without_exact_causal",0,"separated",3002,2002,10104,"0.1.2","1.1.6","f178b332fb3ac6cee95914d519a84301a305ff24","{""nit"":500,""nburn"":250,""nthin"":1,""nchains"":1,""ncores"":1,""convergence_control"":{""warn"":false},""seed"":10104,""convergence"":""core"",""verbose"":false}",60.36,"reported","ok",""
1,"st_csr_sbayesr","D1","sets_without_causal_or_proxy",0,"separated",3002,2002,10104,"0.1.2","1.1.6","f178b332fb3ac6cee95914d519a84301a305ff24","{""nit"":500,""nburn"":250,""nthin"":1,""nchains"":1,""ncores"":1,""convergence_control"":{""warn"":false},""seed"":10104,""convergence"":""core"",""verbose"":false}",60.36,"reported","ok",""
10,"st_bed_bayesc","D1","number_of_credible_sets",7,"separated",3011,2011,11001,"0.1.2","1.1.6","f178b332fb3ac6cee95914d519a84301a305ff24","{""nit"":500,""nburn"":250,""nthin"":1,""nchains"":1,""ncores"":1,""convergence_control"":{""warn"":false},""seed"":11001,""convergence"":""core"",""verbose"":false}",18.5799999999999,"reported","ok",""
10,"st_bed_bayesc","D1","mean_set_size",1,"separated",3011,2011,11001,"0.1.2","1.1.6","f178b332fb3ac6cee95914d519a84301a305ff24","{""nit"":500,""nburn"":250,""nthin"":1,""nchains"":1,""ncores"":1,""convergence_control"":{""warn"":false},""seed"":11001,""convergence"":""core"",""verbose"":false}",18.5799999999999,"reported","ok",""
10,"st_bed_bayesc","D1","median_set_size",1,"separated",3011,2011,11001,"0.1.2","1.1.6","f178b332fb3ac6cee95914d519a84301a305ff24","{""nit"":500,""nburn"":250,""nthin"":1,""nchains"":1,""ncores"":1,""convergence_control"":{""warn"":false},""seed"":11001,""convergence"":""core"",""verbose"":false}",18.5799999999999,"reported","ok",""
10,"st_bed_bayesc","D1","exact_coverage_fraction",1,"separated",3011,2011,11001,"0.1.2","1.1.6","f178b332fb3ac6cee95914d519a84301a305ff24","{""nit"":500,""nburn"":250,""nthin"":1,""nchains"":1,""ncores"":1,""convergence_control"":{""warn"":false},""seed"":11001,""convergence"":""core"",""verbose"":false}",18.5799999999999,"reported","ok",""
10,"st_bed_bayesc","D1","ld_proxy_coverage_fraction",1,"separated",3011,2011,11001,"0.1.2","1.1.6","f178b332fb3ac6cee95914d519a84301a305ff24","{""nit"":500,""nburn"":250,""nthin"":1,""nchains"":1,""ncores"":1,""convergence_control"":{""warn"":false},""seed"":11001,""convergence"":""core"",""verbose"":false}",18.5799999999999,"reported","ok",""
10,"st_bed_bayesc","D1","causal_loci_detected",7,"separated",3011,2011,11001,"0.1.2","1.1.6","f178b332fb3ac6cee95914d519a84301a305ff24","{""nit"":500,""nburn"":250,""nthin"":1,""nchains"":1,""ncores"":1,""convergence_control"":{""warn"":false},""seed"":11001,""convergence"":""core"",""verbose"":false}",18.5799999999999,"reported","ok",""
10,"st_bed_bayesc","D1","sets_without_exact_causal",0,"separated",3011,2011,11001,"0.1.2","1.1.6","f178b332fb3ac6cee95914d519a84301a305ff24","{""nit"":500,""nburn"":250,""nthin"":1,""nchains"":1,""ncores"":1,""convergence_control"":{""warn"":false},""seed"":11001,""convergence"":""core"",""verbose"":false}",18.5799999999999,"reported","ok",""
10,"st_bed_bayesc","D1","sets_without_causal_or_proxy",0,"separated",3011,2011,11001,"0.1.2","1.1.6","f178b332fb3ac6cee95914d519a84301a305ff24","{""nit"":500,""nburn"":250,""nthin"":1,""nchains"":1,""ncores"":1,""convergence_control"":{""warn"":false},""seed"":11001,""convergence"":""core"",""verbose"":false}",18.5799999999999,"reported","ok",""
10,"st_bed_bayesr","D1","number_of_credible_sets",7,"separated",3011,2011,11002,"0.1.2","1.1.6","f178b332fb3ac6cee95914d519a84301a305ff24","{""nit"":500,""nburn"":250,""nthin"":1,""nchains"":1,""ncores"":1,""convergence_control"":{""warn"":false},""seed"":11002,""convergence"":""core"",""verbose"":false}",24.9400000000001,"reported","ok",""
10,"st_bed_bayesr","D1","mean_set_size",1,"separated",3011,2011,11002,"0.1.2","1.1.6","f178b332fb3ac6cee95914d519a84301a305ff24","{""nit"":500,""nburn"":250,""nthin"":1,""nchains"":1,""ncores"":1,""convergence_control"":{""warn"":false},""seed"":11002,""convergence"":""core"",""verbose"":false}",24.9400000000001,"reported","ok",""
10,"st_bed_bayesr","D1","median_set_size",1,"separated",3011,2011,11002,"0.1.2","1.1.6","f178b332fb3ac6cee95914d519a84301a305ff24","{""nit"":500,""nburn"":250,""nthin"":1,""nchains"":1,""ncores"":1,""convergence_control"":{""warn"":false},""seed"":11002,""convergence"":""core"",""verbose"":false}",24.9400000000001,"reported","ok",""
10,"st_bed_bayesr","D1","exact_coverage_fraction",1,"separated",3011,2011,11002,"0.1.2","1.1.6","f178b332fb3ac6cee95914d519a84301a305ff24","{""nit"":500,""nburn"":250,""nthin"":1,""nchains"":1,""ncores"":1,""convergence_control"":{""warn"":false},""seed"":11002,""convergence"":""core"",""verbose"":false}",24.9400000000001,"reported","ok",""
10,"st_bed_bayesr","D1","ld_proxy_coverage_fraction",1,"separated",3011,2011,11002,"0.1.2","1.1.6","f178b332fb3ac6cee95914d519a84301a305ff24","{""nit"":500,""nburn"":250,""nthin"":1,""nchains"":1,""ncores"":1,""convergence_control"":{""warn"":false},""seed"":11002,""convergence"":""core"",""verbose"":false}",24.9400000000001,"reported","ok",""
10,"st_bed_bayesr","D1","causal_loci_detected",7,"separated",3011,2011,11002,"0.1.2","1.1.6","f178b332fb3ac6cee95914d519a84301a305ff24","{""nit"":500,""nburn"":250,""nthin"":1,""nchains"":1,""ncores"":1,""convergence_control"":{""warn"":false},""seed"":11002,""convergence"":""core"",""verbose"":false}",24.9400000000001,"reported","ok",""
10,"st_bed_bayesr","D1","sets_without_exact_causal",0,"separated",3011,2011,11002,"0.1.2","1.1.6","f178b332fb3ac6cee95914d519a84301a305ff24","{""nit"":500,""nburn"":250,""nthin"":1,""nchains"":1,""ncores"":1,""convergence_control"":{""warn"":false},""seed"":11002,""convergence"":""core"",""verbose"":false}",24.9400000000001,"reported","ok",""
10,"st_bed_bayesr","D1","sets_without_causal_or_proxy",0,"separated",3011,2011,11002,"0.1.2","1.1.6","f178b332fb3ac6cee95914d519a84301a305ff24","{""nit"":500,""nburn"":250,""nthin"":1,""nchains"":1,""ncores"":1,""convergence_control"":{""warn"":false},""seed"":11002,""convergence"":""core"",""verbose"":false}",24.9400000000001,"reported","ok",""
10,"st_csr_sbayesc","D1","number_of_credible_sets",7,"separated",3011,2011,11003,"0.1.2","1.1.6","f178b332fb3ac6cee95914d519a84301a305ff24","{""nit"":500,""nburn"":250,""nthin"":1,""nchains"":1,""ncores"":1,""convergence_control"":{""warn"":false},""seed"":11003,""convergence"":""core"",""verbose"":false}",5.20000000000005,"reported","ok",""
10,"st_csr_sbayesc","D1","mean_set_size",1,"separated",3011,2011,11003,"0.1.2","1.1.6","f178b332fb3ac6cee95914d519a84301a305ff24","{""nit"":500,""nburn"":250,""nthin"":1,""nchains"":1,""ncores"":1,""convergence_control"":{""warn"":false},""seed"":11003,""convergence"":""core"",""verbose"":false}",5.20000000000005,"reported","ok",""
10,"st_csr_sbayesc","D1","median_set_size",1,"separated",3011,2011,11003,"0.1.2","1.1.6","f178b332fb3ac6cee95914d519a84301a305ff24","{""nit"":500,""nburn"":250,""nthin"":1,""nchains"":1,""ncores"":1,""convergence_control"":{""warn"":false},""seed"":11003,""convergence"":""core"",""verbose"":false}",5.20000000000005,"reported","ok",""
10,"st_csr_sbayesc","D1","exact_coverage_fraction",1,"separated",3011,2011,11003,"0.1.2","1.1.6","f178b332fb3ac6cee95914d519a84301a305ff24","{""nit"":500,""nburn"":250,""nthin"":1,""nchains"":1,""ncores"":1,""convergence_control"":{""warn"":false},""seed"":11003,""convergence"":""core"",""verbose"":false}",5.20000000000005,"reported","ok",""
10,"st_csr_sbayesc","D1","ld_proxy_coverage_fraction",1,"separated",3011,2011,11003,"0.1.2","1.1.6","f178b332fb3ac6cee95914d519a84301a305ff24","{""nit"":500,""nburn"":250,""nthin"":1,""nchains"":1,""ncores"":1,""convergence_control"":{""warn"":false},""seed"":11003,""convergence"":""core"",""verbose"":false}",5.20000000000005,"reported","ok",""
10,"st_csr_sbayesc","D1","causal_loci_detected",7,"separated",3011,2011,11003,"0.1.2","1.1.6","f178b332fb3ac6cee95914d519a84301a305ff24","{""nit"":500,""nburn"":250,""nthin"":1,""nchains"":1,""ncores"":1,""convergence_control"":{""warn"":false},""seed"":11003,""convergence"":""core"",""verbose"":false}",5.20000000000005,"reported","ok",""
10,"st_csr_sbayesc","D1","sets_without_exact_causal",0,"separated",3011,2011,11003,"0.1.2","1.1.6","f178b332fb3ac6cee95914d519a84301a305ff24","{""nit"":500,""nburn"":250,""nthin"":1,""nchains"":1,""ncores"":1,""convergence_control"":{""warn"":false},""seed"":11003,""convergence"":""core"",""verbose"":false}",5.20000000000005,"reported","ok",""
10,"st_csr_sbayesc","D1","sets_without_causal_or_proxy",0,"separated",3011,2011,11003,"0.1.2","1.1.6","f178b332fb3ac6cee95914d519a84301a305ff24","{""nit"":500,""nburn"":250,""nthin"":1,""nchains"":1,""ncores"":1,""convergence_control"":{""warn"":false},""seed"":11003,""convergence"":""core"",""verbose"":false}",5.20000000000005,"reported","ok",""
10,"st_csr_sbayesr","D1","number_of_credible_sets",7,"separated",3011,2011,11004,"0.1.2","1.1.6","f178b332fb3ac6cee95914d519a84301a305ff24","{""nit"":500,""nburn"":250,""nthin"":1,""nchains"":1,""ncores"":1,""convergence_control"":{""warn"":false},""seed"":11004,""convergence"":""core"",""verbose"":false}",12.22,"reported","ok",""
10,"st_csr_sbayesr","D1","mean_set_size",1,"separated",3011,2011,11004,"0.1.2","1.1.6","f178b332fb3ac6cee95914d519a84301a305ff24","{""nit"":500,""nburn"":250,""nthin"":1,""nchains"":1,""ncores"":1,""convergence_control"":{""warn"":false},""seed"":11004,""convergence"":""core"",""verbose"":false}",12.22,"reported","ok",""
10,"st_csr_sbayesr","D1","median_set_size",1,"separated",3011,2011,11004,"0.1.2","1.1.6","f178b332fb3ac6cee95914d519a84301a305ff24","{""nit"":500,""nburn"":250,""nthin"":1,""nchains"":1,""ncores"":1,""convergence_control"":{""warn"":false},""seed"":11004,""convergence"":""core"",""verbose"":false}",12.22,"reported","ok",""
10,"st_csr_sbayesr","D1","exact_coverage_fraction",1,"separated",3011,2011,11004,"0.1.2","1.1.6","f178b332fb3ac6cee95914d519a84301a305ff24","{""nit"":500,""nburn"":250,""nthin"":1,""nchains"":1,""ncores"":1,""convergence_control"":{""warn"":false},""seed"":11004,""convergence"":""core"",""verbose"":false}",12.22,"reported","ok",""
10,"st_csr_sbayesr","D1","ld_proxy_coverage_fraction",1,"separated",3011,2011,11004,"0.1.2","1.1.6","f178b332fb3ac6cee95914d519a84301a305ff24","{""nit"":500,""nburn"":250,""nthin"":1,""nchains"":1,""ncores"":1,""convergence_control"":{""warn"":false},""seed"":11004,""convergence"":""core"",""verbose"":false}",12.22,"reported","ok",""
10,"st_csr_sbayesr","D1","causal_loci_detected",7,"separated",3011,2011,11004,"0.1.2","1.1.6","f178b332fb3ac6cee95914d519a84301a305ff24","{""nit"":500,""nburn"":250,""nthin"":1,""nchains"":1,""ncores"":1,""convergence_control"":{""warn"":false},""seed"":11004,""convergence"":""core"",""verbose"":false}",12.22,"reported","ok",""
10,"st_csr_sbayesr","D1","sets_without_exact_causal",0,"separated",3011,2011,11004,"0.1.2","1.1.6","f178b332fb3ac6cee95914d519a84301a305ff24","{""nit"":500,""nburn"":250,""nthin"":1,""nchains"":1,""ncores"":1,""convergence_control"":{""warn"":false},""seed"":11004,""convergence"":""core"",""verbose"":false}",12.22,"reported","ok",""
10,"st_csr_sbayesr","D1","sets_without_causal_or_proxy",0,"separated",3011,2011,11004,"0.1.2","1.1.6","f178b332fb3ac6cee95914d519a84301a305ff24","{""nit"":500,""nburn"":250,""nthin"":1,""nchains"":1,""ncores"":1,""convergence_control"":{""warn"":false},""seed"":11004,""convergence"":""core"",""verbose"":false}",12.22,"reported","ok",""
2,"st_bed_bayesc","D1","number_of_credible_sets",6,"separated",3003,2003,10201,"0.1.2","1.1.6","f178b332fb3ac6cee95914d519a84301a305ff24","{""nit"":500,""nburn"":250,""nthin"":1,""nchains"":1,""ncores"":1,""convergence_control"":{""warn"":false},""seed"":10201,""convergence"":""core"",""verbose"":false}",42.13,"reported","ok",""
2,"st_bed_bayesc","D1","mean_set_size",1,"separated",3003,2003,10201,"0.1.2","1.1.6","f178b332fb3ac6cee95914d519a84301a305ff24","{""nit"":500,""nburn"":250,""nthin"":1,""nchains"":1,""ncores"":1,""convergence_control"":{""warn"":false},""seed"":10201,""convergence"":""core"",""verbose"":false}",42.13,"reported","ok",""
2,"st_bed_bayesc","D1","median_set_size",1,"separated",3003,2003,10201,"0.1.2","1.1.6","f178b332fb3ac6cee95914d519a84301a305ff24","{""nit"":500,""nburn"":250,""nthin"":1,""nchains"":1,""ncores"":1,""convergence_control"":{""warn"":false},""seed"":10201,""convergence"":""core"",""verbose"":false}",42.13,"reported","ok",""
2,"st_bed_bayesc","D1","exact_coverage_fraction",1,"separated",3003,2003,10201,"0.1.2","1.1.6","f178b332fb3ac6cee95914d519a84301a305ff24","{""nit"":500,""nburn"":250,""nthin"":1,""nchains"":1,""ncores"":1,""convergence_control"":{""warn"":false},""seed"":10201,""convergence"":""core"",""verbose"":false}",42.13,"reported","ok",""
2,"st_bed_bayesc","D1","ld_proxy_coverage_fraction",1,"separated",3003,2003,10201,"0.1.2","1.1.6","f178b332fb3ac6cee95914d519a84301a305ff24","{""nit"":500,""nburn"":250,""nthin"":1,""nchains"":1,""ncores"":1,""convergence_control"":{""warn"":false},""seed"":10201,""convergence"":""core"",""verbose"":false}",42.13,"reported","ok",""
2,"st_bed_bayesc","D1","causal_loci_detected",6,"separated",3003,2003,10201,"0.1.2","1.1.6","f178b332fb3ac6cee95914d519a84301a305ff24","{""nit"":500,""nburn"":250,""nthin"":1,""nchains"":1,""ncores"":1,""convergence_control"":{""warn"":false},""seed"":10201,""convergence"":""core"",""verbose"":false}",42.13,"reported","ok",""
2,"st_bed_bayesc","D1","sets_without_exact_causal",0,"separated",3003,2003,10201,"0.1.2","1.1.6","f178b332fb3ac6cee95914d519a84301a305ff24","{""nit"":500,""nburn"":250,""nthin"":1,""nchains"":1,""ncores"":1,""convergence_control"":{""warn"":false},""seed"":10201,""convergence"":""core"",""verbose"":false}",42.13,"reported","ok",""
2,"st_bed_bayesc","D1","sets_without_causal_or_proxy",0,"separated",3003,2003,10201,"0.1.2","1.1.6","f178b332fb3ac6cee95914d519a84301a305ff24","{""nit"":500,""nburn"":250,""nthin"":1,""nchains"":1,""ncores"":1,""convergence_control"":{""warn"":false},""seed"":10201,""convergence"":""core"",""verbose"":false}",42.13,"reported","ok",""
2,"st_bed_bayesr","D1","number_of_credible_sets",6,"separated",3003,2003,10202,"0.1.2","1.1.6","f178b332fb3ac6cee95914d519a84301a305ff24","{""nit"":500,""nburn"":250,""nthin"":1,""nchains"":1,""ncores"":1,""convergence_control"":{""warn"":false},""seed"":10202,""convergence"":""core"",""verbose"":false}",93.96,"reported","ok",""
2,"st_bed_bayesr","D1","mean_set_size",1,"separated",3003,2003,10202,"0.1.2","1.1.6","f178b332fb3ac6cee95914d519a84301a305ff24","{""nit"":500,""nburn"":250,""nthin"":1,""nchains"":1,""ncores"":1,""convergence_control"":{""warn"":false},""seed"":10202,""convergence"":""core"",""verbose"":false}",93.96,"reported","ok",""
2,"st_bed_bayesr","D1","median_set_size",1,"separated",3003,2003,10202,"0.1.2","1.1.6","f178b332fb3ac6cee95914d519a84301a305ff24","{""nit"":500,""nburn"":250,""nthin"":1,""nchains"":1,""ncores"":1,""convergence_control"":{""warn"":false},""seed"":10202,""convergence"":""core"",""verbose"":false}",93.96,"reported","ok",""
2,"st_bed_bayesr","D1","exact_coverage_fraction",1,"separated",3003,2003,10202,"0.1.2","1.1.6","f178b332fb3ac6cee95914d519a84301a305ff24","{""nit"":500,""nburn"":250,""nthin"":1,""nchains"":1,""ncores"":1,""convergence_control"":{""warn"":false},""seed"":10202,""convergence"":""core"",""verbose"":false}",93.96,"reported","ok",""
2,"st_bed_bayesr","D1","ld_proxy_coverage_fraction",1,"separated",3003,2003,10202,"0.1.2","1.1.6","f178b332fb3ac6cee95914d519a84301a305ff24","{""nit"":500,""nburn"":250,""nthin"":1,""nchains"":1,""ncores"":1,""convergence_control"":{""warn"":false},""seed"":10202,""convergence"":""core"",""verbose"":false}",93.96,"reported","ok",""
2,"st_bed_bayesr","D1","causal_loci_detected",6,"separated",3003,2003,10202,"0.1.2","1.1.6","f178b332fb3ac6cee95914d519a84301a305ff24","{""nit"":500,""nburn"":250,""nthin"":1,""nchains"":1,""ncores"":1,""convergence_control"":{""warn"":false},""seed"":10202,""convergence"":""core"",""verbose"":false}",93.96,"reported","ok",""
2,"st_bed_bayesr","D1","sets_without_exact_causal",0,"separated",3003,2003,10202,"0.1.2","1.1.6","f178b332fb3ac6cee95914d519a84301a305ff24","{""nit"":500,""nburn"":250,""nthin"":1,""nchains"":1,""ncores"":1,""convergence_control"":{""warn"":false},""seed"":10202,""convergence"":""core"",""verbose"":false}",93.96,"reported","ok",""
2,"st_bed_bayesr","D1","sets_without_causal_or_proxy",0,"separated",3003,2003,10202,"0.1.2","1.1.6","f178b332fb3ac6cee95914d519a84301a305ff24","{""nit"":500,""nburn"":250,""nthin"":1,""nchains"":1,""ncores"":1,""convergence_control"":{""warn"":false},""seed"":10202,""convergence"":""core"",""verbose"":false}",93.96,"reported","ok",""
2,"st_csr_sbayesc","D1","number_of_credible_sets",6,"separated",3003,2003,10203,"0.1.2","1.1.6","f178b332fb3ac6cee95914d519a84301a305ff24","{""nit"":500,""nburn"":250,""nthin"":1,""nchains"":1,""ncores"":1,""convergence_control"":{""warn"":false},""seed"":10203,""convergence"":""core"",""verbose"":false}",21.99,"reported","ok",""
2,"st_csr_sbayesc","D1","mean_set_size",1,"separated",3003,2003,10203,"0.1.2","1.1.6","f178b332fb3ac6cee95914d519a84301a305ff24","{""nit"":500,""nburn"":250,""nthin"":1,""nchains"":1,""ncores"":1,""convergence_control"":{""warn"":false},""seed"":10203,""convergence"":""core"",""verbose"":false}",21.99,"reported","ok",""
2,"st_csr_sbayesc","D1","median_set_size",1,"separated",3003,2003,10203,"0.1.2","1.1.6","f178b332fb3ac6cee95914d519a84301a305ff24","{""nit"":500,""nburn"":250,""nthin"":1,""nchains"":1,""ncores"":1,""convergence_control"":{""warn"":false},""seed"":10203,""convergence"":""core"",""verbose"":false}",21.99,"reported","ok",""
2,"st_csr_sbayesc","D1","exact_coverage_fraction",1,"separated",3003,2003,10203,"0.1.2","1.1.6","f178b332fb3ac6cee95914d519a84301a305ff24","{""nit"":500,""nburn"":250,""nthin"":1,""nchains"":1,""ncores"":1,""convergence_control"":{""warn"":false},""seed"":10203,""convergence"":""core"",""verbose"":false}",21.99,"reported","ok",""
2,"st_csr_sbayesc","D1","ld_proxy_coverage_fraction",1,"separated",3003,2003,10203,"0.1.2","1.1.6","f178b332fb3ac6cee95914d519a84301a305ff24","{""nit"":500,""nburn"":250,""nthin"":1,""nchains"":1,""ncores"":1,""convergence_control"":{""warn"":false},""seed"":10203,""convergence"":""core"",""verbose"":false}",21.99,"reported","ok",""
2,"st_csr_sbayesc","D1","causal_loci_detected",6,"separated",3003,2003,10203,"0.1.2","1.1.6","f178b332fb3ac6cee95914d519a84301a305ff24","{""nit"":500,""nburn"":250,""nthin"":1,""nchains"":1,""ncores"":1,""convergence_control"":{""warn"":false},""seed"":10203,""convergence"":""core"",""verbose"":false}",21.99,"reported","ok",""
2,"st_csr_sbayesc","D1","sets_without_exact_causal",0,"separated",3003,2003,10203,"0.1.2","1.1.6","f178b332fb3ac6cee95914d519a84301a305ff24","{""nit"":500,""nburn"":250,""nthin"":1,""nchains"":1,""ncores"":1,""convergence_control"":{""warn"":false},""seed"":10203,""convergence"":""core"",""verbose"":false}",21.99,"reported","ok",""
2,"st_csr_sbayesc","D1","sets_without_causal_or_proxy",0,"separated",3003,2003,10203,"0.1.2","1.1.6","f178b332fb3ac6cee95914d519a84301a305ff24","{""nit"":500,""nburn"":250,""nthin"":1,""nchains"":1,""ncores"":1,""convergence_control"":{""warn"":false},""seed"":10203,""convergence"":""core"",""verbose"":false}",21.99,"reported","ok",""
2,"st_csr_sbayesr","D1","number_of_credible_sets",6,"separated",3003,2003,10204,"0.1.2","1.1.6","f178b332fb3ac6cee95914d519a84301a305ff24","{""nit"":500,""nburn"":250,""nthin"":1,""nchains"":1,""ncores"":1,""convergence_control"":{""warn"":false},""seed"":10204,""convergence"":""core"",""verbose"":false}",56.4899999999999,"reported","ok",""
2,"st_csr_sbayesr","D1","mean_set_size",1,"separated",3003,2003,10204,"0.1.2","1.1.6","f178b332fb3ac6cee95914d519a84301a305ff24","{""nit"":500,""nburn"":250,""nthin"":1,""nchains"":1,""ncores"":1,""convergence_control"":{""warn"":false},""seed"":10204,""convergence"":""core"",""verbose"":false}",56.4899999999999,"reported","ok",""
2,"st_csr_sbayesr","D1","median_set_size",1,"separated",3003,2003,10204,"0.1.2","1.1.6","f178b332fb3ac6cee95914d519a84301a305ff24","{""nit"":500,""nburn"":250,""nthin"":1,""nchains"":1,""ncores"":1,""convergence_control"":{""warn"":false},""seed"":10204,""convergence"":""core"",""verbose"":false}",56.4899999999999,"reported","ok",""
2,"st_csr_sbayesr","D1","exact_coverage_fraction",1,"separated",3003,2003,10204,"0.1.2","1.1.6","f178b332fb3ac6cee95914d519a84301a305ff24","{""nit"":500,""nburn"":250,""nthin"":1,""nchains"":1,""ncores"":1,""convergence_control"":{""warn"":false},""seed"":10204,""convergence"":""core"",""verbose"":false}",56.4899999999999,"reported","ok",""
2,"st_csr_sbayesr","D1","ld_proxy_coverage_fraction",1,"separated",3003,2003,10204,"0.1.2","1.1.6","f178b332fb3ac6cee95914d519a84301a305ff24","{""nit"":500,""nburn"":250,""nthin"":1,""nchains"":1,""ncores"":1,""convergence_control"":{""warn"":false},""seed"":10204,""convergence"":""core"",""verbose"":false}",56.4899999999999,"reported","ok",""
2,"st_csr_sbayesr","D1","causal_loci_detected",6,"separated",3003,2003,10204,"0.1.2","1.1.6","f178b332fb3ac6cee95914d519a84301a305ff24","{""nit"":500,""nburn"":250,""nthin"":1,""nchains"":1,""ncores"":1,""convergence_control"":{""warn"":false},""seed"":10204,""convergence"":""core"",""verbose"":false}",56.4899999999999,"reported","ok",""
2,"st_csr_sbayesr","D1","sets_without_exact_causal",0,"separated",3003,2003,10204,"0.1.2","1.1.6","f178b332fb3ac6cee95914d519a84301a305ff24","{""nit"":500,""nburn"":250,""nthin"":1,""nchains"":1,""ncores"":1,""convergence_control"":{""warn"":false},""seed"":10204,""convergence"":""core"",""verbose"":false}",56.4899999999999,"reported","ok",""
2,"st_csr_sbayesr","D1","sets_without_causal_or_proxy",0,"separated",3003,2003,10204,"0.1.2","1.1.6","f178b332fb3ac6cee95914d519a84301a305ff24","{""nit"":500,""nburn"":250,""nthin"":1,""nchains"":1,""ncores"":1,""convergence_control"":{""warn"":false},""seed"":10204,""convergence"":""core"",""verbose"":false}",56.4899999999999,"reported","ok",""
3,"st_bed_bayesc","D1","number_of_credible_sets",8,"separated",3004,2004,10301,"0.1.2","1.1.6","f178b332fb3ac6cee95914d519a84301a305ff24","{""nit"":500,""nburn"":250,""nthin"":1,""nchains"":1,""ncores"":1,""convergence_control"":{""warn"":false},""seed"":10301,""convergence"":""core"",""verbose"":false}",57.27,"reported","ok",""
3,"st_bed_bayesc","D1","mean_set_size",1,"separated",3004,2004,10301,"0.1.2","1.1.6","f178b332fb3ac6cee95914d519a84301a305ff24","{""nit"":500,""nburn"":250,""nthin"":1,""nchains"":1,""ncores"":1,""convergence_control"":{""warn"":false},""seed"":10301,""convergence"":""core"",""verbose"":false}",57.27,"reported","ok",""
3,"st_bed_bayesc","D1","median_set_size",1,"separated",3004,2004,10301,"0.1.2","1.1.6","f178b332fb3ac6cee95914d519a84301a305ff24","{""nit"":500,""nburn"":250,""nthin"":1,""nchains"":1,""ncores"":1,""convergence_control"":{""warn"":false},""seed"":10301,""convergence"":""core"",""verbose"":false}",57.27,"reported","ok",""
3,"st_bed_bayesc","D1","exact_coverage_fraction",1,"separated",3004,2004,10301,"0.1.2","1.1.6","f178b332fb3ac6cee95914d519a84301a305ff24","{""nit"":500,""nburn"":250,""nthin"":1,""nchains"":1,""ncores"":1,""convergence_control"":{""warn"":false},""seed"":10301,""convergence"":""core"",""verbose"":false}",57.27,"reported","ok",""
3,"st_bed_bayesc","D1","ld_proxy_coverage_fraction",1,"separated",3004,2004,10301,"0.1.2","1.1.6","f178b332fb3ac6cee95914d519a84301a305ff24","{""nit"":500,""nburn"":250,""nthin"":1,""nchains"":1,""ncores"":1,""convergence_control"":{""warn"":false},""seed"":10301,""convergence"":""core"",""verbose"":false}",57.27,"reported","ok",""
3,"st_bed_bayesc","D1","causal_loci_detected",8,"separated",3004,2004,10301,"0.1.2","1.1.6","f178b332fb3ac6cee95914d519a84301a305ff24","{""nit"":500,""nburn"":250,""nthin"":1,""nchains"":1,""ncores"":1,""convergence_control"":{""warn"":false},""seed"":10301,""convergence"":""core"",""verbose"":false}",57.27,"reported","ok",""
3,"st_bed_bayesc","D1","sets_without_exact_causal",0,"separated",3004,2004,10301,"0.1.2","1.1.6","f178b332fb3ac6cee95914d519a84301a305ff24","{""nit"":500,""nburn"":250,""nthin"":1,""nchains"":1,""ncores"":1,""convergence_control"":{""warn"":false},""seed"":10301,""convergence"":""core"",""verbose"":false}",57.27,"reported","ok",""
3,"st_bed_bayesc","D1","sets_without_causal_or_proxy",0,"separated",3004,2004,10301,"0.1.2","1.1.6","f178b332fb3ac6cee95914d519a84301a305ff24","{""nit"":500,""nburn"":250,""nthin"":1,""nchains"":1,""ncores"":1,""convergence_control"":{""warn"":false},""seed"":10301,""convergence"":""core"",""verbose"":false}",57.27,"reported","ok",""
3,"st_bed_bayesr","D1","number_of_credible_sets",8,"separated",3004,2004,10302,"0.1.2","1.1.6","f178b332fb3ac6cee95914d519a84301a305ff24","{""nit"":500,""nburn"":250,""nthin"":1,""nchains"":1,""ncores"":1,""convergence_control"":{""warn"":false},""seed"":10302,""convergence"":""core"",""verbose"":false}",93.23,"reported","ok",""
3,"st_bed_bayesr","D1","mean_set_size",1,"separated",3004,2004,10302,"0.1.2","1.1.6","f178b332fb3ac6cee95914d519a84301a305ff24","{""nit"":500,""nburn"":250,""nthin"":1,""nchains"":1,""ncores"":1,""convergence_control"":{""warn"":false},""seed"":10302,""convergence"":""core"",""verbose"":false}",93.23,"reported","ok",""
3,"st_bed_bayesr","D1","median_set_size",1,"separated",3004,2004,10302,"0.1.2","1.1.6","f178b332fb3ac6cee95914d519a84301a305ff24","{""nit"":500,""nburn"":250,""nthin"":1,""nchains"":1,""ncores"":1,""convergence_control"":{""warn"":false},""seed"":10302,""convergence"":""core"",""verbose"":false}",93.23,"reported","ok",""
3,"st_bed_bayesr","D1","exact_coverage_fraction",1,"separated",3004,2004,10302,"0.1.2","1.1.6","f178b332fb3ac6cee95914d519a84301a305ff24","{""nit"":500,""nburn"":250,""nthin"":1,""nchains"":1,""ncores"":1,""convergence_control"":{""warn"":false},""seed"":10302,""convergence"":""core"",""verbose"":false}",93.23,"reported","ok",""
3,"st_bed_bayesr","D1","ld_proxy_coverage_fraction",1,"separated",3004,2004,10302,"0.1.2","1.1.6","f178b332fb3ac6cee95914d519a84301a305ff24","{""nit"":500,""nburn"":250,""nthin"":1,""nchains"":1,""ncores"":1,""convergence_control"":{""warn"":false},""seed"":10302,""convergence"":""core"",""verbose"":false}",93.23,"reported","ok",""
3,"st_bed_bayesr","D1","causal_loci_detected",8,"separated",3004,2004,10302,"0.1.2","1.1.6","f178b332fb3ac6cee95914d519a84301a305ff24","{""nit"":500,""nburn"":250,""nthin"":1,""nchains"":1,""ncores"":1,""convergence_control"":{""warn"":false},""seed"":10302,""convergence"":""core"",""verbose"":false}",93.23,"reported","ok",""
3,"st_bed_bayesr","D1","sets_without_exact_causal",0,"separated",3004,2004,10302,"0.1.2","1.1.6","f178b332fb3ac6cee95914d519a84301a305ff24","{""nit"":500,""nburn"":250,""nthin"":1,""nchains"":1,""ncores"":1,""convergence_control"":{""warn"":false},""seed"":10302,""convergence"":""core"",""verbose"":false}",93.23,"reported","ok",""
3,"st_bed_bayesr","D1","sets_without_causal_or_proxy",0,"separated",3004,2004,10302,"0.1.2","1.1.6","f178b332fb3ac6cee95914d519a84301a305ff24","{""nit"":500,""nburn"":250,""nthin"":1,""nchains"":1,""ncores"":1,""convergence_control"":{""warn"":false},""seed"":10302,""convergence"":""core"",""verbose"":false}",93.23,"reported","ok",""
3,"st_csr_sbayesc","D1","number_of_credible_sets",8,"separated",3004,2004,10303,"0.1.2","1.1.6","f178b332fb3ac6cee95914d519a84301a305ff24","{""nit"":500,""nburn"":250,""nthin"":1,""nchains"":1,""ncores"":1,""convergence_control"":{""warn"":false},""seed"":10303,""convergence"":""core"",""verbose"":false}",21.8,"reported","ok",""
3,"st_csr_sbayesc","D1","mean_set_size",1,"separated",3004,2004,10303,"0.1.2","1.1.6","f178b332fb3ac6cee95914d519a84301a305ff24","{""nit"":500,""nburn"":250,""nthin"":1,""nchains"":1,""ncores"":1,""convergence_control"":{""warn"":false},""seed"":10303,""convergence"":""core"",""verbose"":false}",21.8,"reported","ok",""
3,"st_csr_sbayesc","D1","median_set_size",1,"separated",3004,2004,10303,"0.1.2","1.1.6","f178b332fb3ac6cee95914d519a84301a305ff24","{""nit"":500,""nburn"":250,""nthin"":1,""nchains"":1,""ncores"":1,""convergence_control"":{""warn"":false},""seed"":10303,""convergence"":""core"",""verbose"":false}",21.8,"reported","ok",""
3,"st_csr_sbayesc","D1","exact_coverage_fraction",1,"separated",3004,2004,10303,"0.1.2","1.1.6","f178b332fb3ac6cee95914d519a84301a305ff24","{""nit"":500,""nburn"":250,""nthin"":1,""nchains"":1,""ncores"":1,""convergence_control"":{""warn"":false},""seed"":10303,""convergence"":""core"",""verbose"":false}",21.8,"reported","ok",""
3,"st_csr_sbayesc","D1","ld_proxy_coverage_fraction",1,"separated",3004,2004,10303,"0.1.2","1.1.6","f178b332fb3ac6cee95914d519a84301a305ff24","{""nit"":500,""nburn"":250,""nthin"":1,""nchains"":1,""ncores"":1,""convergence_control"":{""warn"":false},""seed"":10303,""convergence"":""core"",""verbose"":false}",21.8,"reported","ok",""
3,"st_csr_sbayesc","D1","causal_loci_detected",8,"separated",3004,2004,10303,"0.1.2","1.1.6","f178b332fb3ac6cee95914d519a84301a305ff24","{""nit"":500,""nburn"":250,""nthin"":1,""nchains"":1,""ncores"":1,""convergence_control"":{""warn"":false},""seed"":10303,""convergence"":""core"",""verbose"":false}",21.8,"reported","ok",""
3,"st_csr_sbayesc","D1","sets_without_exact_causal",0,"separated",3004,2004,10303,"0.1.2","1.1.6","f178b332fb3ac6cee95914d519a84301a305ff24","{""nit"":500,""nburn"":250,""nthin"":1,""nchains"":1,""ncores"":1,""convergence_control"":{""warn"":false},""seed"":10303,""convergence"":""core"",""verbose"":false}",21.8,"reported","ok",""
3,"st_csr_sbayesc","D1","sets_without_causal_or_proxy",0,"separated",3004,2004,10303,"0.1.2","1.1.6","f178b332fb3ac6cee95914d519a84301a305ff24","{""nit"":500,""nburn"":250,""nthin"":1,""nchains"":1,""ncores"":1,""convergence_control"":{""warn"":false},""seed"":10303,""convergence"":""core"",""verbose"":false}",21.8,"reported","ok",""
3,"st_csr_sbayesr","D1","number_of_credible_sets",8,"separated",3004,2004,10304,"0.1.2","1.1.6","f178b332fb3ac6cee95914d519a84301a305ff24","{""nit"":500,""nburn"":250,""nthin"":1,""nchains"":1,""ncores"":1,""convergence_control"":{""warn"":false},""seed"":10304,""convergence"":""core"",""verbose"":false}",57.77,"reported","ok",""
3,"st_csr_sbayesr","D1","mean_set_size",1,"separated",3004,2004,10304,"0.1.2","1.1.6","f178b332fb3ac6cee95914d519a84301a305ff24","{""nit"":500,""nburn"":250,""nthin"":1,""nchains"":1,""ncores"":1,""convergence_control"":{""warn"":false},""seed"":10304,""convergence"":""core"",""verbose"":false}",57.77,"reported","ok",""
3,"st_csr_sbayesr","D1","median_set_size",1,"separated",3004,2004,10304,"0.1.2","1.1.6","f178b332fb3ac6cee95914d519a84301a305ff24","{""nit"":500,""nburn"":250,""nthin"":1,""nchains"":1,""ncores"":1,""convergence_control"":{""warn"":false},""seed"":10304,""convergence"":""core"",""verbose"":false}",57.77,"reported","ok",""
3,"st_csr_sbayesr","D1","exact_coverage_fraction",1,"separated",3004,2004,10304,"0.1.2","1.1.6","f178b332fb3ac6cee95914d519a84301a305ff24","{""nit"":500,""nburn"":250,""nthin"":1,""nchains"":1,""ncores"":1,""convergence_control"":{""warn"":false},""seed"":10304,""convergence"":""core"",""verbose"":false}",57.77,"reported","ok",""
3,"st_csr_sbayesr","D1","ld_proxy_coverage_fraction",1,"separated",3004,2004,10304,"0.1.2","1.1.6","f178b332fb3ac6cee95914d519a84301a305ff24","{""nit"":500,""nburn"":250,""nthin"":1,""nchains"":1,""ncores"":1,""convergence_control"":{""warn"":false},""seed"":10304,""convergence"":""core"",""verbose"":false}",57.77,"reported","ok",""
3,"st_csr_sbayesr","D1","causal_loci_detected",8,"separated",3004,2004,10304,"0.1.2","1.1.6","f178b332fb3ac6cee95914d519a84301a305ff24","{""nit"":500,""nburn"":250,""nthin"":1,""nchains"":1,""ncores"":1,""convergence_control"":{""warn"":false},""seed"":10304,""convergence"":""core"",""verbose"":false}",57.77,"reported","ok",""
3,"st_csr_sbayesr","D1","sets_without_exact_causal",0,"separated",3004,2004,10304,"0.1.2","1.1.6","f178b332fb3ac6cee95914d519a84301a305ff24","{""nit"":500,""nburn"":250,""nthin"":1,""nchains"":1,""ncores"":1,""convergence_control"":{""warn"":false},""seed"":10304,""convergence"":""core"",""verbose"":false}",57.77,"reported","ok",""
3,"st_csr_sbayesr","D1","sets_without_causal_or_proxy",0,"separated",3004,2004,10304,"0.1.2","1.1.6","f178b332fb3ac6cee95914d519a84301a305ff24","{""nit"":500,""nburn"":250,""nthin"":1,""nchains"":1,""ncores"":1,""convergence_control"":{""warn"":false},""seed"":10304,""convergence"":""core"",""verbose"":false}",57.77,"reported","ok",""
4,"st_bed_bayesc","D1","number_of_credible_sets",4,"separated",3005,2005,10401,"0.1.2","1.1.6","f178b332fb3ac6cee95914d519a84301a305ff24","{""nit"":500,""nburn"":250,""nthin"":1,""nchains"":1,""ncores"":1,""convergence_control"":{""warn"":false},""seed"":10401,""convergence"":""core"",""verbose"":false}",52.83,"reported","ok",""
4,"st_bed_bayesc","D1","mean_set_size",1,"separated",3005,2005,10401,"0.1.2","1.1.6","f178b332fb3ac6cee95914d519a84301a305ff24","{""nit"":500,""nburn"":250,""nthin"":1,""nchains"":1,""ncores"":1,""convergence_control"":{""warn"":false},""seed"":10401,""convergence"":""core"",""verbose"":false}",52.83,"reported","ok",""
4,"st_bed_bayesc","D1","median_set_size",1,"separated",3005,2005,10401,"0.1.2","1.1.6","f178b332fb3ac6cee95914d519a84301a305ff24","{""nit"":500,""nburn"":250,""nthin"":1,""nchains"":1,""ncores"":1,""convergence_control"":{""warn"":false},""seed"":10401,""convergence"":""core"",""verbose"":false}",52.83,"reported","ok",""
4,"st_bed_bayesc","D1","exact_coverage_fraction",1,"separated",3005,2005,10401,"0.1.2","1.1.6","f178b332fb3ac6cee95914d519a84301a305ff24","{""nit"":500,""nburn"":250,""nthin"":1,""nchains"":1,""ncores"":1,""convergence_control"":{""warn"":false},""seed"":10401,""convergence"":""core"",""verbose"":false}",52.83,"reported","ok",""
4,"st_bed_bayesc","D1","ld_proxy_coverage_fraction",1,"separated",3005,2005,10401,"0.1.2","1.1.6","f178b332fb3ac6cee95914d519a84301a305ff24","{""nit"":500,""nburn"":250,""nthin"":1,""nchains"":1,""ncores"":1,""convergence_control"":{""warn"":false},""seed"":10401,""convergence"":""core"",""verbose"":false}",52.83,"reported","ok",""
4,"st_bed_bayesc","D1","causal_loci_detected",4,"separated",3005,2005,10401,"0.1.2","1.1.6","f178b332fb3ac6cee95914d519a84301a305ff24","{""nit"":500,""nburn"":250,""nthin"":1,""nchains"":1,""ncores"":1,""convergence_control"":{""warn"":false},""seed"":10401,""convergence"":""core"",""verbose"":false}",52.83,"reported","ok",""
4,"st_bed_bayesc","D1","sets_without_exact_causal",0,"separated",3005,2005,10401,"0.1.2","1.1.6","f178b332fb3ac6cee95914d519a84301a305ff24","{""nit"":500,""nburn"":250,""nthin"":1,""nchains"":1,""ncores"":1,""convergence_control"":{""warn"":false},""seed"":10401,""convergence"":""core"",""verbose"":false}",52.83,"reported","ok",""
4,"st_bed_bayesc","D1","sets_without_causal_or_proxy",0,"separated",3005,2005,10401,"0.1.2","1.1.6","f178b332fb3ac6cee95914d519a84301a305ff24","{""nit"":500,""nburn"":250,""nthin"":1,""nchains"":1,""ncores"":1,""convergence_control"":{""warn"":false},""seed"":10401,""convergence"":""core"",""verbose"":false}",52.83,"reported","ok",""
4,"st_bed_bayesr","D1","number_of_credible_sets",4,"separated",3005,2005,10402,"0.1.2","1.1.6","f178b332fb3ac6cee95914d519a84301a305ff24","{""nit"":500,""nburn"":250,""nthin"":1,""nchains"":1,""ncores"":1,""convergence_control"":{""warn"":false},""seed"":10402,""convergence"":""core"",""verbose"":false}",69.6800000000001,"reported","ok",""
4,"st_bed_bayesr","D1","mean_set_size",1,"separated",3005,2005,10402,"0.1.2","1.1.6","f178b332fb3ac6cee95914d519a84301a305ff24","{""nit"":500,""nburn"":250,""nthin"":1,""nchains"":1,""ncores"":1,""convergence_control"":{""warn"":false},""seed"":10402,""convergence"":""core"",""verbose"":false}",69.6800000000001,"reported","ok",""
4,"st_bed_bayesr","D1","median_set_size",1,"separated",3005,2005,10402,"0.1.2","1.1.6","f178b332fb3ac6cee95914d519a84301a305ff24","{""nit"":500,""nburn"":250,""nthin"":1,""nchains"":1,""ncores"":1,""convergence_control"":{""warn"":false},""seed"":10402,""convergence"":""core"",""verbose"":false}",69.6800000000001,"reported","ok",""
4,"st_bed_bayesr","D1","exact_coverage_fraction",1,"separated",3005,2005,10402,"0.1.2","1.1.6","f178b332fb3ac6cee95914d519a84301a305ff24","{""nit"":500,""nburn"":250,""nthin"":1,""nchains"":1,""ncores"":1,""convergence_control"":{""warn"":false},""seed"":10402,""convergence"":""core"",""verbose"":false}",69.6800000000001,"reported","ok",""
4,"st_bed_bayesr","D1","ld_proxy_coverage_fraction",1,"separated",3005,2005,10402,"0.1.2","1.1.6","f178b332fb3ac6cee95914d519a84301a305ff24","{""nit"":500,""nburn"":250,""nthin"":1,""nchains"":1,""ncores"":1,""convergence_control"":{""warn"":false},""seed"":10402,""convergence"":""core"",""verbose"":false}",69.6800000000001,"reported","ok",""
4,"st_bed_bayesr","D1","causal_loci_detected",4,"separated",3005,2005,10402,"0.1.2","1.1.6","f178b332fb3ac6cee95914d519a84301a305ff24","{""nit"":500,""nburn"":250,""nthin"":1,""nchains"":1,""ncores"":1,""convergence_control"":{""warn"":false},""seed"":10402,""convergence"":""core"",""verbose"":false}",69.6800000000001,"reported","ok",""
4,"st_bed_bayesr","D1","sets_without_exact_causal",0,"separated",3005,2005,10402,"0.1.2","1.1.6","f178b332fb3ac6cee95914d519a84301a305ff24","{""nit"":500,""nburn"":250,""nthin"":1,""nchains"":1,""ncores"":1,""convergence_control"":{""warn"":false},""seed"":10402,""convergence"":""core"",""verbose"":false}",69.6800000000001,"reported","ok",""
4,"st_bed_bayesr","D1","sets_without_causal_or_proxy",0,"separated",3005,2005,10402,"0.1.2","1.1.6","f178b332fb3ac6cee95914d519a84301a305ff24","{""nit"":500,""nburn"":250,""nthin"":1,""nchains"":1,""ncores"":1,""convergence_control"":{""warn"":false},""seed"":10402,""convergence"":""core"",""verbose"":false}",69.6800000000001,"reported","ok",""
4,"st_csr_sbayesc","D1","number_of_credible_sets",4,"separated",3005,2005,10403,"0.1.2","1.1.6","f178b332fb3ac6cee95914d519a84301a305ff24","{""nit"":500,""nburn"":250,""nthin"":1,""nchains"":1,""ncores"":1,""convergence_control"":{""warn"":false},""seed"":10403,""convergence"":""core"",""verbose"":false}",23.1700000000001,"reported","ok",""
4,"st_csr_sbayesc","D1","mean_set_size",1,"separated",3005,2005,10403,"0.1.2","1.1.6","f178b332fb3ac6cee95914d519a84301a305ff24","{""nit"":500,""nburn"":250,""nthin"":1,""nchains"":1,""ncores"":1,""convergence_control"":{""warn"":false},""seed"":10403,""convergence"":""core"",""verbose"":false}",23.1700000000001,"reported","ok",""
4,"st_csr_sbayesc","D1","median_set_size",1,"separated",3005,2005,10403,"0.1.2","1.1.6","f178b332fb3ac6cee95914d519a84301a305ff24","{""nit"":500,""nburn"":250,""nthin"":1,""nchains"":1,""ncores"":1,""convergence_control"":{""warn"":false},""seed"":10403,""convergence"":""core"",""verbose"":false}",23.1700000000001,"reported","ok",""
4,"st_csr_sbayesc","D1","exact_coverage_fraction",1,"separated",3005,2005,10403,"0.1.2","1.1.6","f178b332fb3ac6cee95914d519a84301a305ff24","{""nit"":500,""nburn"":250,""nthin"":1,""nchains"":1,""ncores"":1,""convergence_control"":{""warn"":false},""seed"":10403,""convergence"":""core"",""verbose"":false}",23.1700000000001,"reported","ok",""
4,"st_csr_sbayesc","D1","ld_proxy_coverage_fraction",1,"separated",3005,2005,10403,"0.1.2","1.1.6","f178b332fb3ac6cee95914d519a84301a305ff24","{""nit"":500,""nburn"":250,""nthin"":1,""nchains"":1,""ncores"":1,""convergence_control"":{""warn"":false},""seed"":10403,""convergence"":""core"",""verbose"":false}",23.1700000000001,"reported","ok",""
4,"st_csr_sbayesc","D1","causal_loci_detected",4,"separated",3005,2005,10403,"0.1.2","1.1.6","f178b332fb3ac6cee95914d519a84301a305ff24","{""nit"":500,""nburn"":250,""nthin"":1,""nchains"":1,""ncores"":1,""convergence_control"":{""warn"":false},""seed"":10403,""convergence"":""core"",""verbose"":false}",23.1700000000001,"reported","ok",""
4,"st_csr_sbayesc","D1","sets_without_exact_causal",0,"separated",3005,2005,10403,"0.1.2","1.1.6","f178b332fb3ac6cee95914d519a84301a305ff24","{""nit"":500,""nburn"":250,""nthin"":1,""nchains"":1,""ncores"":1,""convergence_control"":{""warn"":false},""seed"":10403,""convergence"":""core"",""verbose"":false}",23.1700000000001,"reported","ok",""
4,"st_csr_sbayesc","D1","sets_without_causal_or_proxy",0,"separated",3005,2005,10403,"0.1.2","1.1.6","f178b332fb3ac6cee95914d519a84301a305ff24","{""nit"":500,""nburn"":250,""nthin"":1,""nchains"":1,""ncores"":1,""convergence_control"":{""warn"":false},""seed"":10403,""convergence"":""core"",""verbose"":false}",23.1700000000001,"reported","ok",""
4,"st_csr_sbayesr","D1","number_of_credible_sets",4,"separated",3005,2005,10404,"0.1.2","1.1.6","f178b332fb3ac6cee95914d519a84301a305ff24","{""nit"":500,""nburn"":250,""nthin"":1,""nchains"":1,""ncores"":1,""convergence_control"":{""warn"":false},""seed"":10404,""convergence"":""core"",""verbose"":false}",59.3500000000001,"reported","ok",""
4,"st_csr_sbayesr","D1","mean_set_size",1,"separated",3005,2005,10404,"0.1.2","1.1.6","f178b332fb3ac6cee95914d519a84301a305ff24","{""nit"":500,""nburn"":250,""nthin"":1,""nchains"":1,""ncores"":1,""convergence_control"":{""warn"":false},""seed"":10404,""convergence"":""core"",""verbose"":false}",59.3500000000001,"reported","ok",""
4,"st_csr_sbayesr","D1","median_set_size",1,"separated",3005,2005,10404,"0.1.2","1.1.6","f178b332fb3ac6cee95914d519a84301a305ff24","{""nit"":500,""nburn"":250,""nthin"":1,""nchains"":1,""ncores"":1,""convergence_control"":{""warn"":false},""seed"":10404,""convergence"":""core"",""verbose"":false}",59.3500000000001,"reported","ok",""
4,"st_csr_sbayesr","D1","exact_coverage_fraction",1,"separated",3005,2005,10404,"0.1.2","1.1.6","f178b332fb3ac6cee95914d519a84301a305ff24","{""nit"":500,""nburn"":250,""nthin"":1,""nchains"":1,""ncores"":1,""convergence_control"":{""warn"":false},""seed"":10404,""convergence"":""core"",""verbose"":false}",59.3500000000001,"reported","ok",""
4,"st_csr_sbayesr","D1","ld_proxy_coverage_fraction",1,"separated",3005,2005,10404,"0.1.2","1.1.6","f178b332fb3ac6cee95914d519a84301a305ff24","{""nit"":500,""nburn"":250,""nthin"":1,""nchains"":1,""ncores"":1,""convergence_control"":{""warn"":false},""seed"":10404,""convergence"":""core"",""verbose"":false}",59.3500000000001,"reported","ok",""
4,"st_csr_sbayesr","D1","causal_loci_detected",4,"separated",3005,2005,10404,"0.1.2","1.1.6","f178b332fb3ac6cee95914d519a84301a305ff24","{""nit"":500,""nburn"":250,""nthin"":1,""nchains"":1,""ncores"":1,""convergence_control"":{""warn"":false},""seed"":10404,""convergence"":""core"",""verbose"":false}",59.3500000000001,"reported","ok",""
4,"st_csr_sbayesr","D1","sets_without_exact_causal",0,"separated",3005,2005,10404,"0.1.2","1.1.6","f178b332fb3ac6cee95914d519a84301a305ff24","{""nit"":500,""nburn"":250,""nthin"":1,""nchains"":1,""ncores"":1,""convergence_control"":{""warn"":false},""seed"":10404,""convergence"":""core"",""verbose"":false}",59.3500000000001,"reported","ok",""
4,"st_csr_sbayesr","D1","sets_without_causal_or_proxy",0,"separated",3005,2005,10404,"0.1.2","1.1.6","f178b332fb3ac6cee95914d519a84301a305ff24","{""nit"":500,""nburn"":250,""nthin"":1,""nchains"":1,""ncores"":1,""convergence_control"":{""warn"":false},""seed"":10404,""convergence"":""core"",""verbose"":false}",59.3500000000001,"reported","ok",""
5,"st_bed_bayesc","D1","number_of_credible_sets",7,"separated",3006,2006,10501,"0.1.2","1.1.6","f178b332fb3ac6cee95914d519a84301a305ff24","{""nit"":500,""nburn"":250,""nthin"":1,""nchains"":1,""ncores"":1,""convergence_control"":{""warn"":false},""seed"":10501,""convergence"":""core"",""verbose"":false}",62,"reported","ok",""
5,"st_bed_bayesc","D1","mean_set_size",1,"separated",3006,2006,10501,"0.1.2","1.1.6","f178b332fb3ac6cee95914d519a84301a305ff24","{""nit"":500,""nburn"":250,""nthin"":1,""nchains"":1,""ncores"":1,""convergence_control"":{""warn"":false},""seed"":10501,""convergence"":""core"",""verbose"":false}",62,"reported","ok",""
5,"st_bed_bayesc","D1","median_set_size",1,"separated",3006,2006,10501,"0.1.2","1.1.6","f178b332fb3ac6cee95914d519a84301a305ff24","{""nit"":500,""nburn"":250,""nthin"":1,""nchains"":1,""ncores"":1,""convergence_control"":{""warn"":false},""seed"":10501,""convergence"":""core"",""verbose"":false}",62,"reported","ok",""
5,"st_bed_bayesc","D1","exact_coverage_fraction",1,"separated",3006,2006,10501,"0.1.2","1.1.6","f178b332fb3ac6cee95914d519a84301a305ff24","{""nit"":500,""nburn"":250,""nthin"":1,""nchains"":1,""ncores"":1,""convergence_control"":{""warn"":false},""seed"":10501,""convergence"":""core"",""verbose"":false}",62,"reported","ok",""
5,"st_bed_bayesc","D1","ld_proxy_coverage_fraction",1,"separated",3006,2006,10501,"0.1.2","1.1.6","f178b332fb3ac6cee95914d519a84301a305ff24","{""nit"":500,""nburn"":250,""nthin"":1,""nchains"":1,""ncores"":1,""convergence_control"":{""warn"":false},""seed"":10501,""convergence"":""core"",""verbose"":false}",62,"reported","ok",""
5,"st_bed_bayesc","D1","causal_loci_detected",7,"separated",3006,2006,10501,"0.1.2","1.1.6","f178b332fb3ac6cee95914d519a84301a305ff24","{""nit"":500,""nburn"":250,""nthin"":1,""nchains"":1,""ncores"":1,""convergence_control"":{""warn"":false},""seed"":10501,""convergence"":""core"",""verbose"":false}",62,"reported","ok",""
5,"st_bed_bayesc","D1","sets_without_exact_causal",0,"separated",3006,2006,10501,"0.1.2","1.1.6","f178b332fb3ac6cee95914d519a84301a305ff24","{""nit"":500,""nburn"":250,""nthin"":1,""nchains"":1,""ncores"":1,""convergence_control"":{""warn"":false},""seed"":10501,""convergence"":""core"",""verbose"":false}",62,"reported","ok",""
5,"st_bed_bayesc","D1","sets_without_causal_or_proxy",0,"separated",3006,2006,10501,"0.1.2","1.1.6","f178b332fb3ac6cee95914d519a84301a305ff24","{""nit"":500,""nburn"":250,""nthin"":1,""nchains"":1,""ncores"":1,""convergence_control"":{""warn"":false},""seed"":10501,""convergence"":""core"",""verbose"":false}",62,"reported","ok",""
5,"st_bed_bayesr","D1","number_of_credible_sets",6,"separated",3006,2006,10502,"0.1.2","1.1.6","f178b332fb3ac6cee95914d519a84301a305ff24","{""nit"":500,""nburn"":250,""nthin"":1,""nchains"":1,""ncores"":1,""convergence_control"":{""warn"":false},""seed"":10502,""convergence"":""core"",""verbose"":false}",26.25,"reported","ok",""
5,"st_bed_bayesr","D1","mean_set_size",1,"separated",3006,2006,10502,"0.1.2","1.1.6","f178b332fb3ac6cee95914d519a84301a305ff24","{""nit"":500,""nburn"":250,""nthin"":1,""nchains"":1,""ncores"":1,""convergence_control"":{""warn"":false},""seed"":10502,""convergence"":""core"",""verbose"":false}",26.25,"reported","ok",""
5,"st_bed_bayesr","D1","median_set_size",1,"separated",3006,2006,10502,"0.1.2","1.1.6","f178b332fb3ac6cee95914d519a84301a305ff24","{""nit"":500,""nburn"":250,""nthin"":1,""nchains"":1,""ncores"":1,""convergence_control"":{""warn"":false},""seed"":10502,""convergence"":""core"",""verbose"":false}",26.25,"reported","ok",""
5,"st_bed_bayesr","D1","exact_coverage_fraction",1,"separated",3006,2006,10502,"0.1.2","1.1.6","f178b332fb3ac6cee95914d519a84301a305ff24","{""nit"":500,""nburn"":250,""nthin"":1,""nchains"":1,""ncores"":1,""convergence_control"":{""warn"":false},""seed"":10502,""convergence"":""core"",""verbose"":false}",26.25,"reported","ok",""
5,"st_bed_bayesr","D1","ld_proxy_coverage_fraction",1,"separated",3006,2006,10502,"0.1.2","1.1.6","f178b332fb3ac6cee95914d519a84301a305ff24","{""nit"":500,""nburn"":250,""nthin"":1,""nchains"":1,""ncores"":1,""convergence_control"":{""warn"":false},""seed"":10502,""convergence"":""core"",""verbose"":false}",26.25,"reported","ok",""
5,"st_bed_bayesr","D1","causal_loci_detected",6,"separated",3006,2006,10502,"0.1.2","1.1.6","f178b332fb3ac6cee95914d519a84301a305ff24","{""nit"":500,""nburn"":250,""nthin"":1,""nchains"":1,""ncores"":1,""convergence_control"":{""warn"":false},""seed"":10502,""convergence"":""core"",""verbose"":false}",26.25,"reported","ok",""
5,"st_bed_bayesr","D1","sets_without_exact_causal",0,"separated",3006,2006,10502,"0.1.2","1.1.6","f178b332fb3ac6cee95914d519a84301a305ff24","{""nit"":500,""nburn"":250,""nthin"":1,""nchains"":1,""ncores"":1,""convergence_control"":{""warn"":false},""seed"":10502,""convergence"":""core"",""verbose"":false}",26.25,"reported","ok",""
5,"st_bed_bayesr","D1","sets_without_causal_or_proxy",0,"separated",3006,2006,10502,"0.1.2","1.1.6","f178b332fb3ac6cee95914d519a84301a305ff24","{""nit"":500,""nburn"":250,""nthin"":1,""nchains"":1,""ncores"":1,""convergence_control"":{""warn"":false},""seed"":10502,""convergence"":""core"",""verbose"":false}",26.25,"reported","ok",""
5,"st_csr_sbayesc","D1","number_of_credible_sets",7,"separated",3006,2006,10503,"0.1.2","1.1.6","f178b332fb3ac6cee95914d519a84301a305ff24","{""nit"":500,""nburn"":250,""nthin"":1,""nchains"":1,""ncores"":1,""convergence_control"":{""warn"":false},""seed"":10503,""convergence"":""core"",""verbose"":false}",5,"reported","ok",""
5,"st_csr_sbayesc","D1","mean_set_size",1,"separated",3006,2006,10503,"0.1.2","1.1.6","f178b332fb3ac6cee95914d519a84301a305ff24","{""nit"":500,""nburn"":250,""nthin"":1,""nchains"":1,""ncores"":1,""convergence_control"":{""warn"":false},""seed"":10503,""convergence"":""core"",""verbose"":false}",5,"reported","ok",""
5,"st_csr_sbayesc","D1","median_set_size",1,"separated",3006,2006,10503,"0.1.2","1.1.6","f178b332fb3ac6cee95914d519a84301a305ff24","{""nit"":500,""nburn"":250,""nthin"":1,""nchains"":1,""ncores"":1,""convergence_control"":{""warn"":false},""seed"":10503,""convergence"":""core"",""verbose"":false}",5,"reported","ok",""
5,"st_csr_sbayesc","D1","exact_coverage_fraction",1,"separated",3006,2006,10503,"0.1.2","1.1.6","f178b332fb3ac6cee95914d519a84301a305ff24","{""nit"":500,""nburn"":250,""nthin"":1,""nchains"":1,""ncores"":1,""convergence_control"":{""warn"":false},""seed"":10503,""convergence"":""core"",""verbose"":false}",5,"reported","ok",""
5,"st_csr_sbayesc","D1","ld_proxy_coverage_fraction",1,"separated",3006,2006,10503,"0.1.2","1.1.6","f178b332fb3ac6cee95914d519a84301a305ff24","{""nit"":500,""nburn"":250,""nthin"":1,""nchains"":1,""ncores"":1,""convergence_control"":{""warn"":false},""seed"":10503,""convergence"":""core"",""verbose"":false}",5,"reported","ok",""
5,"st_csr_sbayesc","D1","causal_loci_detected",7,"separated",3006,2006,10503,"0.1.2","1.1.6","f178b332fb3ac6cee95914d519a84301a305ff24","{""nit"":500,""nburn"":250,""nthin"":1,""nchains"":1,""ncores"":1,""convergence_control"":{""warn"":false},""seed"":10503,""convergence"":""core"",""verbose"":false}",5,"reported","ok",""
5,"st_csr_sbayesc","D1","sets_without_exact_causal",0,"separated",3006,2006,10503,"0.1.2","1.1.6","f178b332fb3ac6cee95914d519a84301a305ff24","{""nit"":500,""nburn"":250,""nthin"":1,""nchains"":1,""ncores"":1,""convergence_control"":{""warn"":false},""seed"":10503,""convergence"":""core"",""verbose"":false}",5,"reported","ok",""
5,"st_csr_sbayesc","D1","sets_without_causal_or_proxy",0,"separated",3006,2006,10503,"0.1.2","1.1.6","f178b332fb3ac6cee95914d519a84301a305ff24","{""nit"":500,""nburn"":250,""nthin"":1,""nchains"":1,""ncores"":1,""convergence_control"":{""warn"":false},""seed"":10503,""convergence"":""core"",""verbose"":false}",5,"reported","ok",""
5,"st_csr_sbayesr","D1","number_of_credible_sets",6,"separated",3006,2006,10504,"0.1.2","1.1.6","f178b332fb3ac6cee95914d519a84301a305ff24","{""nit"":500,""nburn"":250,""nthin"":1,""nchains"":1,""ncores"":1,""convergence_control"":{""warn"":false},""seed"":10504,""convergence"":""core"",""verbose"":false}",12.22,"reported","ok",""
5,"st_csr_sbayesr","D1","mean_set_size",1,"separated",3006,2006,10504,"0.1.2","1.1.6","f178b332fb3ac6cee95914d519a84301a305ff24","{""nit"":500,""nburn"":250,""nthin"":1,""nchains"":1,""ncores"":1,""convergence_control"":{""warn"":false},""seed"":10504,""convergence"":""core"",""verbose"":false}",12.22,"reported","ok",""
5,"st_csr_sbayesr","D1","median_set_size",1,"separated",3006,2006,10504,"0.1.2","1.1.6","f178b332fb3ac6cee95914d519a84301a305ff24","{""nit"":500,""nburn"":250,""nthin"":1,""nchains"":1,""ncores"":1,""convergence_control"":{""warn"":false},""seed"":10504,""convergence"":""core"",""verbose"":false}",12.22,"reported","ok",""
5,"st_csr_sbayesr","D1","exact_coverage_fraction",1,"separated",3006,2006,10504,"0.1.2","1.1.6","f178b332fb3ac6cee95914d519a84301a305ff24","{""nit"":500,""nburn"":250,""nthin"":1,""nchains"":1,""ncores"":1,""convergence_control"":{""warn"":false},""seed"":10504,""convergence"":""core"",""verbose"":false}",12.22,"reported","ok",""
5,"st_csr_sbayesr","D1","ld_proxy_coverage_fraction",1,"separated",3006,2006,10504,"0.1.2","1.1.6","f178b332fb3ac6cee95914d519a84301a305ff24","{""nit"":500,""nburn"":250,""nthin"":1,""nchains"":1,""ncores"":1,""convergence_control"":{""warn"":false},""seed"":10504,""convergence"":""core"",""verbose"":false}",12.22,"reported","ok",""
5,"st_csr_sbayesr","D1","causal_loci_detected",6,"separated",3006,2006,10504,"0.1.2","1.1.6","f178b332fb3ac6cee95914d519a84301a305ff24","{""nit"":500,""nburn"":250,""nthin"":1,""nchains"":1,""ncores"":1,""convergence_control"":{""warn"":false},""seed"":10504,""convergence"":""core"",""verbose"":false}",12.22,"reported","ok",""
5,"st_csr_sbayesr","D1","sets_without_exact_causal",0,"separated",3006,2006,10504,"0.1.2","1.1.6","f178b332fb3ac6cee95914d519a84301a305ff24","{""nit"":500,""nburn"":250,""nthin"":1,""nchains"":1,""ncores"":1,""convergence_control"":{""warn"":false},""seed"":10504,""convergence"":""core"",""verbose"":false}",12.22,"reported","ok",""
5,"st_csr_sbayesr","D1","sets_without_causal_or_proxy",0,"separated",3006,2006,10504,"0.1.2","1.1.6","f178b332fb3ac6cee95914d519a84301a305ff24","{""nit"":500,""nburn"":250,""nthin"":1,""nchains"":1,""ncores"":1,""convergence_control"":{""warn"":false},""seed"":10504,""convergence"":""core"",""verbose"":false}",12.22,"reported","ok",""
6,"st_bed_bayesc","D1","number_of_credible_sets",6,"separated",3007,2007,10601,"0.1.2","1.1.6","f178b332fb3ac6cee95914d519a84301a305ff24","{""nit"":500,""nburn"":250,""nthin"":1,""nchains"":1,""ncores"":1,""convergence_control"":{""warn"":false},""seed"":10601,""convergence"":""core"",""verbose"":false}",18.62,"reported","ok",""
6,"st_bed_bayesc","D1","mean_set_size",1,"separated",3007,2007,10601,"0.1.2","1.1.6","f178b332fb3ac6cee95914d519a84301a305ff24","{""nit"":500,""nburn"":250,""nthin"":1,""nchains"":1,""ncores"":1,""convergence_control"":{""warn"":false},""seed"":10601,""convergence"":""core"",""verbose"":false}",18.62,"reported","ok",""
6,"st_bed_bayesc","D1","median_set_size",1,"separated",3007,2007,10601,"0.1.2","1.1.6","f178b332fb3ac6cee95914d519a84301a305ff24","{""nit"":500,""nburn"":250,""nthin"":1,""nchains"":1,""ncores"":1,""convergence_control"":{""warn"":false},""seed"":10601,""convergence"":""core"",""verbose"":false}",18.62,"reported","ok",""
6,"st_bed_bayesc","D1","exact_coverage_fraction",1,"separated",3007,2007,10601,"0.1.2","1.1.6","f178b332fb3ac6cee95914d519a84301a305ff24","{""nit"":500,""nburn"":250,""nthin"":1,""nchains"":1,""ncores"":1,""convergence_control"":{""warn"":false},""seed"":10601,""convergence"":""core"",""verbose"":false}",18.62,"reported","ok",""
6,"st_bed_bayesc","D1","ld_proxy_coverage_fraction",1,"separated",3007,2007,10601,"0.1.2","1.1.6","f178b332fb3ac6cee95914d519a84301a305ff24","{""nit"":500,""nburn"":250,""nthin"":1,""nchains"":1,""ncores"":1,""convergence_control"":{""warn"":false},""seed"":10601,""convergence"":""core"",""verbose"":false}",18.62,"reported","ok",""
6,"st_bed_bayesc","D1","causal_loci_detected",6,"separated",3007,2007,10601,"0.1.2","1.1.6","f178b332fb3ac6cee95914d519a84301a305ff24","{""nit"":500,""nburn"":250,""nthin"":1,""nchains"":1,""ncores"":1,""convergence_control"":{""warn"":false},""seed"":10601,""convergence"":""core"",""verbose"":false}",18.62,"reported","ok",""
6,"st_bed_bayesc","D1","sets_without_exact_causal",0,"separated",3007,2007,10601,"0.1.2","1.1.6","f178b332fb3ac6cee95914d519a84301a305ff24","{""nit"":500,""nburn"":250,""nthin"":1,""nchains"":1,""ncores"":1,""convergence_control"":{""warn"":false},""seed"":10601,""convergence"":""core"",""verbose"":false}",18.62,"reported","ok",""
6,"st_bed_bayesc","D1","sets_without_causal_or_proxy",0,"separated",3007,2007,10601,"0.1.2","1.1.6","f178b332fb3ac6cee95914d519a84301a305ff24","{""nit"":500,""nburn"":250,""nthin"":1,""nchains"":1,""ncores"":1,""convergence_control"":{""warn"":false},""seed"":10601,""convergence"":""core"",""verbose"":false}",18.62,"reported","ok",""
6,"st_bed_bayesr","D1","number_of_credible_sets",6,"separated",3007,2007,10602,"0.1.2","1.1.6","f178b332fb3ac6cee95914d519a84301a305ff24","{""nit"":500,""nburn"":250,""nthin"":1,""nchains"":1,""ncores"":1,""convergence_control"":{""warn"":false},""seed"":10602,""convergence"":""core"",""verbose"":false}",25.24,"reported","ok",""
6,"st_bed_bayesr","D1","mean_set_size",1,"separated",3007,2007,10602,"0.1.2","1.1.6","f178b332fb3ac6cee95914d519a84301a305ff24","{""nit"":500,""nburn"":250,""nthin"":1,""nchains"":1,""ncores"":1,""convergence_control"":{""warn"":false},""seed"":10602,""convergence"":""core"",""verbose"":false}",25.24,"reported","ok",""
6,"st_bed_bayesr","D1","median_set_size",1,"separated",3007,2007,10602,"0.1.2","1.1.6","f178b332fb3ac6cee95914d519a84301a305ff24","{""nit"":500,""nburn"":250,""nthin"":1,""nchains"":1,""ncores"":1,""convergence_control"":{""warn"":false},""seed"":10602,""convergence"":""core"",""verbose"":false}",25.24,"reported","ok",""
6,"st_bed_bayesr","D1","exact_coverage_fraction",1,"separated",3007,2007,10602,"0.1.2","1.1.6","f178b332fb3ac6cee95914d519a84301a305ff24","{""nit"":500,""nburn"":250,""nthin"":1,""nchains"":1,""ncores"":1,""convergence_control"":{""warn"":false},""seed"":10602,""convergence"":""core"",""verbose"":false}",25.24,"reported","ok",""
6,"st_bed_bayesr","D1","ld_proxy_coverage_fraction",1,"separated",3007,2007,10602,"0.1.2","1.1.6","f178b332fb3ac6cee95914d519a84301a305ff24","{""nit"":500,""nburn"":250,""nthin"":1,""nchains"":1,""ncores"":1,""convergence_control"":{""warn"":false},""seed"":10602,""convergence"":""core"",""verbose"":false}",25.24,"reported","ok",""
6,"st_bed_bayesr","D1","causal_loci_detected",6,"separated",3007,2007,10602,"0.1.2","1.1.6","f178b332fb3ac6cee95914d519a84301a305ff24","{""nit"":500,""nburn"":250,""nthin"":1,""nchains"":1,""ncores"":1,""convergence_control"":{""warn"":false},""seed"":10602,""convergence"":""core"",""verbose"":false}",25.24,"reported","ok",""
6,"st_bed_bayesr","D1","sets_without_exact_causal",0,"separated",3007,2007,10602,"0.1.2","1.1.6","f178b332fb3ac6cee95914d519a84301a305ff24","{""nit"":500,""nburn"":250,""nthin"":1,""nchains"":1,""ncores"":1,""convergence_control"":{""warn"":false},""seed"":10602,""convergence"":""core"",""verbose"":false}",25.24,"reported","ok",""
6,"st_bed_bayesr","D1","sets_without_causal_or_proxy",0,"separated",3007,2007,10602,"0.1.2","1.1.6","f178b332fb3ac6cee95914d519a84301a305ff24","{""nit"":500,""nburn"":250,""nthin"":1,""nchains"":1,""ncores"":1,""convergence_control"":{""warn"":false},""seed"":10602,""convergence"":""core"",""verbose"":false}",25.24,"reported","ok",""
6,"st_csr_sbayesc","D1","number_of_credible_sets",6,"separated",3007,2007,10603,"0.1.2","1.1.6","f178b332fb3ac6cee95914d519a84301a305ff24","{""nit"":500,""nburn"":250,""nthin"":1,""nchains"":1,""ncores"":1,""convergence_control"":{""warn"":false},""seed"":10603,""convergence"":""core"",""verbose"":false}",5.25,"reported","ok",""
6,"st_csr_sbayesc","D1","mean_set_size",1,"separated",3007,2007,10603,"0.1.2","1.1.6","f178b332fb3ac6cee95914d519a84301a305ff24","{""nit"":500,""nburn"":250,""nthin"":1,""nchains"":1,""ncores"":1,""convergence_control"":{""warn"":false},""seed"":10603,""convergence"":""core"",""verbose"":false}",5.25,"reported","ok",""
6,"st_csr_sbayesc","D1","median_set_size",1,"separated",3007,2007,10603,"0.1.2","1.1.6","f178b332fb3ac6cee95914d519a84301a305ff24","{""nit"":500,""nburn"":250,""nthin"":1,""nchains"":1,""ncores"":1,""convergence_control"":{""warn"":false},""seed"":10603,""convergence"":""core"",""verbose"":false}",5.25,"reported","ok",""
6,"st_csr_sbayesc","D1","exact_coverage_fraction",1,"separated",3007,2007,10603,"0.1.2","1.1.6","f178b332fb3ac6cee95914d519a84301a305ff24","{""nit"":500,""nburn"":250,""nthin"":1,""nchains"":1,""ncores"":1,""convergence_control"":{""warn"":false},""seed"":10603,""convergence"":""core"",""verbose"":false}",5.25,"reported","ok",""
6,"st_csr_sbayesc","D1","ld_proxy_coverage_fraction",1,"separated",3007,2007,10603,"0.1.2","1.1.6","f178b332fb3ac6cee95914d519a84301a305ff24","{""nit"":500,""nburn"":250,""nthin"":1,""nchains"":1,""ncores"":1,""convergence_control"":{""warn"":false},""seed"":10603,""convergence"":""core"",""verbose"":false}",5.25,"reported","ok",""
6,"st_csr_sbayesc","D1","causal_loci_detected",6,"separated",3007,2007,10603,"0.1.2","1.1.6","f178b332fb3ac6cee95914d519a84301a305ff24","{""nit"":500,""nburn"":250,""nthin"":1,""nchains"":1,""ncores"":1,""convergence_control"":{""warn"":false},""seed"":10603,""convergence"":""core"",""verbose"":false}",5.25,"reported","ok",""
6,"st_csr_sbayesc","D1","sets_without_exact_causal",0,"separated",3007,2007,10603,"0.1.2","1.1.6","f178b332fb3ac6cee95914d519a84301a305ff24","{""nit"":500,""nburn"":250,""nthin"":1,""nchains"":1,""ncores"":1,""convergence_control"":{""warn"":false},""seed"":10603,""convergence"":""core"",""verbose"":false}",5.25,"reported","ok",""
6,"st_csr_sbayesc","D1","sets_without_causal_or_proxy",0,"separated",3007,2007,10603,"0.1.2","1.1.6","f178b332fb3ac6cee95914d519a84301a305ff24","{""nit"":500,""nburn"":250,""nthin"":1,""nchains"":1,""ncores"":1,""convergence_control"":{""warn"":false},""seed"":10603,""convergence"":""core"",""verbose"":false}",5.25,"reported","ok",""
6,"st_csr_sbayesr","D1","number_of_credible_sets",6,"separated",3007,2007,10604,"0.1.2","1.1.6","f178b332fb3ac6cee95914d519a84301a305ff24","{""nit"":500,""nburn"":250,""nthin"":1,""nchains"":1,""ncores"":1,""convergence_control"":{""warn"":false},""seed"":10604,""convergence"":""core"",""verbose"":false}",11.96,"reported","ok",""
6,"st_csr_sbayesr","D1","mean_set_size",1,"separated",3007,2007,10604,"0.1.2","1.1.6","f178b332fb3ac6cee95914d519a84301a305ff24","{""nit"":500,""nburn"":250,""nthin"":1,""nchains"":1,""ncores"":1,""convergence_control"":{""warn"":false},""seed"":10604,""convergence"":""core"",""verbose"":false}",11.96,"reported","ok",""
6,"st_csr_sbayesr","D1","median_set_size",1,"separated",3007,2007,10604,"0.1.2","1.1.6","f178b332fb3ac6cee95914d519a84301a305ff24","{""nit"":500,""nburn"":250,""nthin"":1,""nchains"":1,""ncores"":1,""convergence_control"":{""warn"":false},""seed"":10604,""convergence"":""core"",""verbose"":false}",11.96,"reported","ok",""
6,"st_csr_sbayesr","D1","exact_coverage_fraction",1,"separated",3007,2007,10604,"0.1.2","1.1.6","f178b332fb3ac6cee95914d519a84301a305ff24","{""nit"":500,""nburn"":250,""nthin"":1,""nchains"":1,""ncores"":1,""convergence_control"":{""warn"":false},""seed"":10604,""convergence"":""core"",""verbose"":false}",11.96,"reported","ok",""
6,"st_csr_sbayesr","D1","ld_proxy_coverage_fraction",1,"separated",3007,2007,10604,"0.1.2","1.1.6","f178b332fb3ac6cee95914d519a84301a305ff24","{""nit"":500,""nburn"":250,""nthin"":1,""nchains"":1,""ncores"":1,""convergence_control"":{""warn"":false},""seed"":10604,""convergence"":""core"",""verbose"":false}",11.96,"reported","ok",""
6,"st_csr_sbayesr","D1","causal_loci_detected",6,"separated",3007,2007,10604,"0.1.2","1.1.6","f178b332fb3ac6cee95914d519a84301a305ff24","{""nit"":500,""nburn"":250,""nthin"":1,""nchains"":1,""ncores"":1,""convergence_control"":{""warn"":false},""seed"":10604,""convergence"":""core"",""verbose"":false}",11.96,"reported","ok",""
6,"st_csr_sbayesr","D1","sets_without_exact_causal",0,"separated",3007,2007,10604,"0.1.2","1.1.6","f178b332fb3ac6cee95914d519a84301a305ff24","{""nit"":500,""nburn"":250,""nthin"":1,""nchains"":1,""ncores"":1,""convergence_control"":{""warn"":false},""seed"":10604,""convergence"":""core"",""verbose"":false}",11.96,"reported","ok",""
6,"st_csr_sbayesr","D1","sets_without_causal_or_proxy",0,"separated",3007,2007,10604,"0.1.2","1.1.6","f178b332fb3ac6cee95914d519a84301a305ff24","{""nit"":500,""nburn"":250,""nthin"":1,""nchains"":1,""ncores"":1,""convergence_control"":{""warn"":false},""seed"":10604,""convergence"":""core"",""verbose"":false}",11.96,"reported","ok",""
7,"st_bed_bayesc","D1","number_of_credible_sets",5,"separated",3008,2008,10701,"0.1.2","1.1.6","f178b332fb3ac6cee95914d519a84301a305ff24","{""nit"":500,""nburn"":250,""nthin"":1,""nchains"":1,""ncores"":1,""convergence_control"":{""warn"":false},""seed"":10701,""convergence"":""core"",""verbose"":false}",17.78,"reported","ok",""
7,"st_bed_bayesc","D1","mean_set_size",1,"separated",3008,2008,10701,"0.1.2","1.1.6","f178b332fb3ac6cee95914d519a84301a305ff24","{""nit"":500,""nburn"":250,""nthin"":1,""nchains"":1,""ncores"":1,""convergence_control"":{""warn"":false},""seed"":10701,""convergence"":""core"",""verbose"":false}",17.78,"reported","ok",""
7,"st_bed_bayesc","D1","median_set_size",1,"separated",3008,2008,10701,"0.1.2","1.1.6","f178b332fb3ac6cee95914d519a84301a305ff24","{""nit"":500,""nburn"":250,""nthin"":1,""nchains"":1,""ncores"":1,""convergence_control"":{""warn"":false},""seed"":10701,""convergence"":""core"",""verbose"":false}",17.78,"reported","ok",""
7,"st_bed_bayesc","D1","exact_coverage_fraction",1,"separated",3008,2008,10701,"0.1.2","1.1.6","f178b332fb3ac6cee95914d519a84301a305ff24","{""nit"":500,""nburn"":250,""nthin"":1,""nchains"":1,""ncores"":1,""convergence_control"":{""warn"":false},""seed"":10701,""convergence"":""core"",""verbose"":false}",17.78,"reported","ok",""
7,"st_bed_bayesc","D1","ld_proxy_coverage_fraction",1,"separated",3008,2008,10701,"0.1.2","1.1.6","f178b332fb3ac6cee95914d519a84301a305ff24","{""nit"":500,""nburn"":250,""nthin"":1,""nchains"":1,""ncores"":1,""convergence_control"":{""warn"":false},""seed"":10701,""convergence"":""core"",""verbose"":false}",17.78,"reported","ok",""
7,"st_bed_bayesc","D1","causal_loci_detected",5,"separated",3008,2008,10701,"0.1.2","1.1.6","f178b332fb3ac6cee95914d519a84301a305ff24","{""nit"":500,""nburn"":250,""nthin"":1,""nchains"":1,""ncores"":1,""convergence_control"":{""warn"":false},""seed"":10701,""convergence"":""core"",""verbose"":false}",17.78,"reported","ok",""
7,"st_bed_bayesc","D1","sets_without_exact_causal",0,"separated",3008,2008,10701,"0.1.2","1.1.6","f178b332fb3ac6cee95914d519a84301a305ff24","{""nit"":500,""nburn"":250,""nthin"":1,""nchains"":1,""ncores"":1,""convergence_control"":{""warn"":false},""seed"":10701,""convergence"":""core"",""verbose"":false}",17.78,"reported","ok",""
7,"st_bed_bayesc","D1","sets_without_causal_or_proxy",0,"separated",3008,2008,10701,"0.1.2","1.1.6","f178b332fb3ac6cee95914d519a84301a305ff24","{""nit"":500,""nburn"":250,""nthin"":1,""nchains"":1,""ncores"":1,""convergence_control"":{""warn"":false},""seed"":10701,""convergence"":""core"",""verbose"":false}",17.78,"reported","ok",""
7,"st_bed_bayesr","D1","number_of_credible_sets",5,"separated",3008,2008,10702,"0.1.2","1.1.6","f178b332fb3ac6cee95914d519a84301a305ff24","{""nit"":500,""nburn"":250,""nthin"":1,""nchains"":1,""ncores"":1,""convergence_control"":{""warn"":false},""seed"":10702,""convergence"":""core"",""verbose"":false}",24.5,"reported","ok",""
7,"st_bed_bayesr","D1","mean_set_size",1,"separated",3008,2008,10702,"0.1.2","1.1.6","f178b332fb3ac6cee95914d519a84301a305ff24","{""nit"":500,""nburn"":250,""nthin"":1,""nchains"":1,""ncores"":1,""convergence_control"":{""warn"":false},""seed"":10702,""convergence"":""core"",""verbose"":false}",24.5,"reported","ok",""
7,"st_bed_bayesr","D1","median_set_size",1,"separated",3008,2008,10702,"0.1.2","1.1.6","f178b332fb3ac6cee95914d519a84301a305ff24","{""nit"":500,""nburn"":250,""nthin"":1,""nchains"":1,""ncores"":1,""convergence_control"":{""warn"":false},""seed"":10702,""convergence"":""core"",""verbose"":false}",24.5,"reported","ok",""
7,"st_bed_bayesr","D1","exact_coverage_fraction",1,"separated",3008,2008,10702,"0.1.2","1.1.6","f178b332fb3ac6cee95914d519a84301a305ff24","{""nit"":500,""nburn"":250,""nthin"":1,""nchains"":1,""ncores"":1,""convergence_control"":{""warn"":false},""seed"":10702,""convergence"":""core"",""verbose"":false}",24.5,"reported","ok",""
7,"st_bed_bayesr","D1","ld_proxy_coverage_fraction",1,"separated",3008,2008,10702,"0.1.2","1.1.6","f178b332fb3ac6cee95914d519a84301a305ff24","{""nit"":500,""nburn"":250,""nthin"":1,""nchains"":1,""ncores"":1,""convergence_control"":{""warn"":false},""seed"":10702,""convergence"":""core"",""verbose"":false}",24.5,"reported","ok",""
7,"st_bed_bayesr","D1","causal_loci_detected",5,"separated",3008,2008,10702,"0.1.2","1.1.6","f178b332fb3ac6cee95914d519a84301a305ff24","{""nit"":500,""nburn"":250,""nthin"":1,""nchains"":1,""ncores"":1,""convergence_control"":{""warn"":false},""seed"":10702,""convergence"":""core"",""verbose"":false}",24.5,"reported","ok",""
7,"st_bed_bayesr","D1","sets_without_exact_causal",0,"separated",3008,2008,10702,"0.1.2","1.1.6","f178b332fb3ac6cee95914d519a84301a305ff24","{""nit"":500,""nburn"":250,""nthin"":1,""nchains"":1,""ncores"":1,""convergence_control"":{""warn"":false},""seed"":10702,""convergence"":""core"",""verbose"":false}",24.5,"reported","ok",""
7,"st_bed_bayesr","D1","sets_without_causal_or_proxy",0,"separated",3008,2008,10702,"0.1.2","1.1.6","f178b332fb3ac6cee95914d519a84301a305ff24","{""nit"":500,""nburn"":250,""nthin"":1,""nchains"":1,""ncores"":1,""convergence_control"":{""warn"":false},""seed"":10702,""convergence"":""core"",""verbose"":false}",24.5,"reported","ok",""
7,"st_csr_sbayesc","D1","number_of_credible_sets",5,"separated",3008,2008,10703,"0.1.2","1.1.6","f178b332fb3ac6cee95914d519a84301a305ff24","{""nit"":500,""nburn"":250,""nthin"":1,""nchains"":1,""ncores"":1,""convergence_control"":{""warn"":false},""seed"":10703,""convergence"":""core"",""verbose"":false}",4.88,"reported","ok",""
7,"st_csr_sbayesc","D1","mean_set_size",1,"separated",3008,2008,10703,"0.1.2","1.1.6","f178b332fb3ac6cee95914d519a84301a305ff24","{""nit"":500,""nburn"":250,""nthin"":1,""nchains"":1,""ncores"":1,""convergence_control"":{""warn"":false},""seed"":10703,""convergence"":""core"",""verbose"":false}",4.88,"reported","ok",""
7,"st_csr_sbayesc","D1","median_set_size",1,"separated",3008,2008,10703,"0.1.2","1.1.6","f178b332fb3ac6cee95914d519a84301a305ff24","{""nit"":500,""nburn"":250,""nthin"":1,""nchains"":1,""ncores"":1,""convergence_control"":{""warn"":false},""seed"":10703,""convergence"":""core"",""verbose"":false}",4.88,"reported","ok",""
7,"st_csr_sbayesc","D1","exact_coverage_fraction",1,"separated",3008,2008,10703,"0.1.2","1.1.6","f178b332fb3ac6cee95914d519a84301a305ff24","{""nit"":500,""nburn"":250,""nthin"":1,""nchains"":1,""ncores"":1,""convergence_control"":{""warn"":false},""seed"":10703,""convergence"":""core"",""verbose"":false}",4.88,"reported","ok",""
7,"st_csr_sbayesc","D1","ld_proxy_coverage_fraction",1,"separated",3008,2008,10703,"0.1.2","1.1.6","f178b332fb3ac6cee95914d519a84301a305ff24","{""nit"":500,""nburn"":250,""nthin"":1,""nchains"":1,""ncores"":1,""convergence_control"":{""warn"":false},""seed"":10703,""convergence"":""core"",""verbose"":false}",4.88,"reported","ok",""
7,"st_csr_sbayesc","D1","causal_loci_detected",5,"separated",3008,2008,10703,"0.1.2","1.1.6","f178b332fb3ac6cee95914d519a84301a305ff24","{""nit"":500,""nburn"":250,""nthin"":1,""nchains"":1,""ncores"":1,""convergence_control"":{""warn"":false},""seed"":10703,""convergence"":""core"",""verbose"":false}",4.88,"reported","ok",""
7,"st_csr_sbayesc","D1","sets_without_exact_causal",0,"separated",3008,2008,10703,"0.1.2","1.1.6","f178b332fb3ac6cee95914d519a84301a305ff24","{""nit"":500,""nburn"":250,""nthin"":1,""nchains"":1,""ncores"":1,""convergence_control"":{""warn"":false},""seed"":10703,""convergence"":""core"",""verbose"":false}",4.88,"reported","ok",""
7,"st_csr_sbayesc","D1","sets_without_causal_or_proxy",0,"separated",3008,2008,10703,"0.1.2","1.1.6","f178b332fb3ac6cee95914d519a84301a305ff24","{""nit"":500,""nburn"":250,""nthin"":1,""nchains"":1,""ncores"":1,""convergence_control"":{""warn"":false},""seed"":10703,""convergence"":""core"",""verbose"":false}",4.88,"reported","ok",""
7,"st_csr_sbayesr","D1","number_of_credible_sets",5,"separated",3008,2008,10704,"0.1.2","1.1.6","f178b332fb3ac6cee95914d519a84301a305ff24","{""nit"":500,""nburn"":250,""nthin"":1,""nchains"":1,""ncores"":1,""convergence_control"":{""warn"":false},""seed"":10704,""convergence"":""core"",""verbose"":false}",12.2,"reported","ok",""
7,"st_csr_sbayesr","D1","mean_set_size",1,"separated",3008,2008,10704,"0.1.2","1.1.6","f178b332fb3ac6cee95914d519a84301a305ff24","{""nit"":500,""nburn"":250,""nthin"":1,""nchains"":1,""ncores"":1,""convergence_control"":{""warn"":false},""seed"":10704,""convergence"":""core"",""verbose"":false}",12.2,"reported","ok",""
7,"st_csr_sbayesr","D1","median_set_size",1,"separated",3008,2008,10704,"0.1.2","1.1.6","f178b332fb3ac6cee95914d519a84301a305ff24","{""nit"":500,""nburn"":250,""nthin"":1,""nchains"":1,""ncores"":1,""convergence_control"":{""warn"":false},""seed"":10704,""convergence"":""core"",""verbose"":false}",12.2,"reported","ok",""
7,"st_csr_sbayesr","D1","exact_coverage_fraction",1,"separated",3008,2008,10704,"0.1.2","1.1.6","f178b332fb3ac6cee95914d519a84301a305ff24","{""nit"":500,""nburn"":250,""nthin"":1,""nchains"":1,""ncores"":1,""convergence_control"":{""warn"":false},""seed"":10704,""convergence"":""core"",""verbose"":false}",12.2,"reported","ok",""
7,"st_csr_sbayesr","D1","ld_proxy_coverage_fraction",1,"separated",3008,2008,10704,"0.1.2","1.1.6","f178b332fb3ac6cee95914d519a84301a305ff24","{""nit"":500,""nburn"":250,""nthin"":1,""nchains"":1,""ncores"":1,""convergence_control"":{""warn"":false},""seed"":10704,""convergence"":""core"",""verbose"":false}",12.2,"reported","ok",""
7,"st_csr_sbayesr","D1","causal_loci_detected",5,"separated",3008,2008,10704,"0.1.2","1.1.6","f178b332fb3ac6cee95914d519a84301a305ff24","{""nit"":500,""nburn"":250,""nthin"":1,""nchains"":1,""ncores"":1,""convergence_control"":{""warn"":false},""seed"":10704,""convergence"":""core"",""verbose"":false}",12.2,"reported","ok",""
7,"st_csr_sbayesr","D1","sets_without_exact_causal",0,"separated",3008,2008,10704,"0.1.2","1.1.6","f178b332fb3ac6cee95914d519a84301a305ff24","{""nit"":500,""nburn"":250,""nthin"":1,""nchains"":1,""ncores"":1,""convergence_control"":{""warn"":false},""seed"":10704,""convergence"":""core"",""verbose"":false}",12.2,"reported","ok",""
7,"st_csr_sbayesr","D1","sets_without_causal_or_proxy",0,"separated",3008,2008,10704,"0.1.2","1.1.6","f178b332fb3ac6cee95914d519a84301a305ff24","{""nit"":500,""nburn"":250,""nthin"":1,""nchains"":1,""ncores"":1,""convergence_control"":{""warn"":false},""seed"":10704,""convergence"":""core"",""verbose"":false}",12.2,"reported","ok",""
8,"st_bed_bayesc","D1","number_of_credible_sets",7,"separated",3009,2009,10801,"0.1.2","1.1.6","f178b332fb3ac6cee95914d519a84301a305ff24","{""nit"":500,""nburn"":250,""nthin"":1,""nchains"":1,""ncores"":1,""convergence_control"":{""warn"":false},""seed"":10801,""convergence"":""core"",""verbose"":false}",18.48,"reported","ok",""
8,"st_bed_bayesc","D1","mean_set_size",1,"separated",3009,2009,10801,"0.1.2","1.1.6","f178b332fb3ac6cee95914d519a84301a305ff24","{""nit"":500,""nburn"":250,""nthin"":1,""nchains"":1,""ncores"":1,""convergence_control"":{""warn"":false},""seed"":10801,""convergence"":""core"",""verbose"":false}",18.48,"reported","ok",""
8,"st_bed_bayesc","D1","median_set_size",1,"separated",3009,2009,10801,"0.1.2","1.1.6","f178b332fb3ac6cee95914d519a84301a305ff24","{""nit"":500,""nburn"":250,""nthin"":1,""nchains"":1,""ncores"":1,""convergence_control"":{""warn"":false},""seed"":10801,""convergence"":""core"",""verbose"":false}",18.48,"reported","ok",""
8,"st_bed_bayesc","D1","exact_coverage_fraction",1,"separated",3009,2009,10801,"0.1.2","1.1.6","f178b332fb3ac6cee95914d519a84301a305ff24","{""nit"":500,""nburn"":250,""nthin"":1,""nchains"":1,""ncores"":1,""convergence_control"":{""warn"":false},""seed"":10801,""convergence"":""core"",""verbose"":false}",18.48,"reported","ok",""
8,"st_bed_bayesc","D1","ld_proxy_coverage_fraction",1,"separated",3009,2009,10801,"0.1.2","1.1.6","f178b332fb3ac6cee95914d519a84301a305ff24","{""nit"":500,""nburn"":250,""nthin"":1,""nchains"":1,""ncores"":1,""convergence_control"":{""warn"":false},""seed"":10801,""convergence"":""core"",""verbose"":false}",18.48,"reported","ok",""
8,"st_bed_bayesc","D1","causal_loci_detected",7,"separated",3009,2009,10801,"0.1.2","1.1.6","f178b332fb3ac6cee95914d519a84301a305ff24","{""nit"":500,""nburn"":250,""nthin"":1,""nchains"":1,""ncores"":1,""convergence_control"":{""warn"":false},""seed"":10801,""convergence"":""core"",""verbose"":false}",18.48,"reported","ok",""
8,"st_bed_bayesc","D1","sets_without_exact_causal",0,"separated",3009,2009,10801,"0.1.2","1.1.6","f178b332fb3ac6cee95914d519a84301a305ff24","{""nit"":500,""nburn"":250,""nthin"":1,""nchains"":1,""ncores"":1,""convergence_control"":{""warn"":false},""seed"":10801,""convergence"":""core"",""verbose"":false}",18.48,"reported","ok",""
8,"st_bed_bayesc","D1","sets_without_causal_or_proxy",0,"separated",3009,2009,10801,"0.1.2","1.1.6","f178b332fb3ac6cee95914d519a84301a305ff24","{""nit"":500,""nburn"":250,""nthin"":1,""nchains"":1,""ncores"":1,""convergence_control"":{""warn"":false},""seed"":10801,""convergence"":""core"",""verbose"":false}",18.48,"reported","ok",""
8,"st_bed_bayesr","D1","number_of_credible_sets",6,"separated",3009,2009,10802,"0.1.2","1.1.6","f178b332fb3ac6cee95914d519a84301a305ff24","{""nit"":500,""nburn"":250,""nthin"":1,""nchains"":1,""ncores"":1,""convergence_control"":{""warn"":false},""seed"":10802,""convergence"":""core"",""verbose"":false}",91.5100000000001,"reported","ok",""
8,"st_bed_bayesr","D1","mean_set_size",1,"separated",3009,2009,10802,"0.1.2","1.1.6","f178b332fb3ac6cee95914d519a84301a305ff24","{""nit"":500,""nburn"":250,""nthin"":1,""nchains"":1,""ncores"":1,""convergence_control"":{""warn"":false},""seed"":10802,""convergence"":""core"",""verbose"":false}",91.5100000000001,"reported","ok",""
8,"st_bed_bayesr","D1","median_set_size",1,"separated",3009,2009,10802,"0.1.2","1.1.6","f178b332fb3ac6cee95914d519a84301a305ff24","{""nit"":500,""nburn"":250,""nthin"":1,""nchains"":1,""ncores"":1,""convergence_control"":{""warn"":false},""seed"":10802,""convergence"":""core"",""verbose"":false}",91.5100000000001,"reported","ok",""
8,"st_bed_bayesr","D1","exact_coverage_fraction",1,"separated",3009,2009,10802,"0.1.2","1.1.6","f178b332fb3ac6cee95914d519a84301a305ff24","{""nit"":500,""nburn"":250,""nthin"":1,""nchains"":1,""ncores"":1,""convergence_control"":{""warn"":false},""seed"":10802,""convergence"":""core"",""verbose"":false}",91.5100000000001,"reported","ok",""
8,"st_bed_bayesr","D1","ld_proxy_coverage_fraction",1,"separated",3009,2009,10802,"0.1.2","1.1.6","f178b332fb3ac6cee95914d519a84301a305ff24","{""nit"":500,""nburn"":250,""nthin"":1,""nchains"":1,""ncores"":1,""convergence_control"":{""warn"":false},""seed"":10802,""convergence"":""core"",""verbose"":false}",91.5100000000001,"reported","ok",""
8,"st_bed_bayesr","D1","causal_loci_detected",6,"separated",3009,2009,10802,"0.1.2","1.1.6","f178b332fb3ac6cee95914d519a84301a305ff24","{""nit"":500,""nburn"":250,""nthin"":1,""nchains"":1,""ncores"":1,""convergence_control"":{""warn"":false},""seed"":10802,""convergence"":""core"",""verbose"":false}",91.5100000000001,"reported","ok",""
8,"st_bed_bayesr","D1","sets_without_exact_causal",0,"separated",3009,2009,10802,"0.1.2","1.1.6","f178b332fb3ac6cee95914d519a84301a305ff24","{""nit"":500,""nburn"":250,""nthin"":1,""nchains"":1,""ncores"":1,""convergence_control"":{""warn"":false},""seed"":10802,""convergence"":""core"",""verbose"":false}",91.5100000000001,"reported","ok",""
8,"st_bed_bayesr","D1","sets_without_causal_or_proxy",0,"separated",3009,2009,10802,"0.1.2","1.1.6","f178b332fb3ac6cee95914d519a84301a305ff24","{""nit"":500,""nburn"":250,""nthin"":1,""nchains"":1,""ncores"":1,""convergence_control"":{""warn"":false},""seed"":10802,""convergence"":""core"",""verbose"":false}",91.5100000000001,"reported","ok",""
8,"st_csr_sbayesc","D1","number_of_credible_sets",8,"separated",3009,2009,10803,"0.1.2","1.1.6","f178b332fb3ac6cee95914d519a84301a305ff24","{""nit"":500,""nburn"":250,""nthin"":1,""nchains"":1,""ncores"":1,""convergence_control"":{""warn"":false},""seed"":10803,""convergence"":""core"",""verbose"":false}",4.95999999999992,"reported","ok",""
8,"st_csr_sbayesc","D1","mean_set_size",1,"separated",3009,2009,10803,"0.1.2","1.1.6","f178b332fb3ac6cee95914d519a84301a305ff24","{""nit"":500,""nburn"":250,""nthin"":1,""nchains"":1,""ncores"":1,""convergence_control"":{""warn"":false},""seed"":10803,""convergence"":""core"",""verbose"":false}",4.95999999999992,"reported","ok",""
8,"st_csr_sbayesc","D1","median_set_size",1,"separated",3009,2009,10803,"0.1.2","1.1.6","f178b332fb3ac6cee95914d519a84301a305ff24","{""nit"":500,""nburn"":250,""nthin"":1,""nchains"":1,""ncores"":1,""convergence_control"":{""warn"":false},""seed"":10803,""convergence"":""core"",""verbose"":false}",4.95999999999992,"reported","ok",""
8,"st_csr_sbayesc","D1","exact_coverage_fraction",1,"separated",3009,2009,10803,"0.1.2","1.1.6","f178b332fb3ac6cee95914d519a84301a305ff24","{""nit"":500,""nburn"":250,""nthin"":1,""nchains"":1,""ncores"":1,""convergence_control"":{""warn"":false},""seed"":10803,""convergence"":""core"",""verbose"":false}",4.95999999999992,"reported","ok",""
8,"st_csr_sbayesc","D1","ld_proxy_coverage_fraction",1,"separated",3009,2009,10803,"0.1.2","1.1.6","f178b332fb3ac6cee95914d519a84301a305ff24","{""nit"":500,""nburn"":250,""nthin"":1,""nchains"":1,""ncores"":1,""convergence_control"":{""warn"":false},""seed"":10803,""convergence"":""core"",""verbose"":false}",4.95999999999992,"reported","ok",""
8,"st_csr_sbayesc","D1","causal_loci_detected",8,"separated",3009,2009,10803,"0.1.2","1.1.6","f178b332fb3ac6cee95914d519a84301a305ff24","{""nit"":500,""nburn"":250,""nthin"":1,""nchains"":1,""ncores"":1,""convergence_control"":{""warn"":false},""seed"":10803,""convergence"":""core"",""verbose"":false}",4.95999999999992,"reported","ok",""
8,"st_csr_sbayesc","D1","sets_without_exact_causal",0,"separated",3009,2009,10803,"0.1.2","1.1.6","f178b332fb3ac6cee95914d519a84301a305ff24","{""nit"":500,""nburn"":250,""nthin"":1,""nchains"":1,""ncores"":1,""convergence_control"":{""warn"":false},""seed"":10803,""convergence"":""core"",""verbose"":false}",4.95999999999992,"reported","ok",""
8,"st_csr_sbayesc","D1","sets_without_causal_or_proxy",0,"separated",3009,2009,10803,"0.1.2","1.1.6","f178b332fb3ac6cee95914d519a84301a305ff24","{""nit"":500,""nburn"":250,""nthin"":1,""nchains"":1,""ncores"":1,""convergence_control"":{""warn"":false},""seed"":10803,""convergence"":""core"",""verbose"":false}",4.95999999999992,"reported","ok",""
8,"st_csr_sbayesr","D1","number_of_credible_sets",8,"separated",3009,2009,10804,"0.1.2","1.1.6","f178b332fb3ac6cee95914d519a84301a305ff24","{""nit"":500,""nburn"":250,""nthin"":1,""nchains"":1,""ncores"":1,""convergence_control"":{""warn"":false},""seed"":10804,""convergence"":""core"",""verbose"":false}",12.3000000000001,"reported","ok",""
8,"st_csr_sbayesr","D1","mean_set_size",1,"separated",3009,2009,10804,"0.1.2","1.1.6","f178b332fb3ac6cee95914d519a84301a305ff24","{""nit"":500,""nburn"":250,""nthin"":1,""nchains"":1,""ncores"":1,""convergence_control"":{""warn"":false},""seed"":10804,""convergence"":""core"",""verbose"":false}",12.3000000000001,"reported","ok",""
8,"st_csr_sbayesr","D1","median_set_size",1,"separated",3009,2009,10804,"0.1.2","1.1.6","f178b332fb3ac6cee95914d519a84301a305ff24","{""nit"":500,""nburn"":250,""nthin"":1,""nchains"":1,""ncores"":1,""convergence_control"":{""warn"":false},""seed"":10804,""convergence"":""core"",""verbose"":false}",12.3000000000001,"reported","ok",""
8,"st_csr_sbayesr","D1","exact_coverage_fraction",1,"separated",3009,2009,10804,"0.1.2","1.1.6","f178b332fb3ac6cee95914d519a84301a305ff24","{""nit"":500,""nburn"":250,""nthin"":1,""nchains"":1,""ncores"":1,""convergence_control"":{""warn"":false},""seed"":10804,""convergence"":""core"",""verbose"":false}",12.3000000000001,"reported","ok",""
8,"st_csr_sbayesr","D1","ld_proxy_coverage_fraction",1,"separated",3009,2009,10804,"0.1.2","1.1.6","f178b332fb3ac6cee95914d519a84301a305ff24","{""nit"":500,""nburn"":250,""nthin"":1,""nchains"":1,""ncores"":1,""convergence_control"":{""warn"":false},""seed"":10804,""convergence"":""core"",""verbose"":false}",12.3000000000001,"reported","ok",""
8,"st_csr_sbayesr","D1","causal_loci_detected",8,"separated",3009,2009,10804,"0.1.2","1.1.6","f178b332fb3ac6cee95914d519a84301a305ff24","{""nit"":500,""nburn"":250,""nthin"":1,""nchains"":1,""ncores"":1,""convergence_control"":{""warn"":false},""seed"":10804,""convergence"":""core"",""verbose"":false}",12.3000000000001,"reported","ok",""
8,"st_csr_sbayesr","D1","sets_without_exact_causal",0,"separated",3009,2009,10804,"0.1.2","1.1.6","f178b332fb3ac6cee95914d519a84301a305ff24","{""nit"":500,""nburn"":250,""nthin"":1,""nchains"":1,""ncores"":1,""convergence_control"":{""warn"":false},""seed"":10804,""convergence"":""core"",""verbose"":false}",12.3000000000001,"reported","ok",""
8,"st_csr_sbayesr","D1","sets_without_causal_or_proxy",0,"separated",3009,2009,10804,"0.1.2","1.1.6","f178b332fb3ac6cee95914d519a84301a305ff24","{""nit"":500,""nburn"":250,""nthin"":1,""nchains"":1,""ncores"":1,""convergence_control"":{""warn"":false},""seed"":10804,""convergence"":""core"",""verbose"":false}",12.3000000000001,"reported","ok",""
9,"st_bed_bayesc","D1","number_of_credible_sets",6,"separated",3010,2010,10901,"0.1.2","1.1.6","f178b332fb3ac6cee95914d519a84301a305ff24","{""nit"":500,""nburn"":250,""nthin"":1,""nchains"":1,""ncores"":1,""convergence_control"":{""warn"":false},""seed"":10901,""convergence"":""core"",""verbose"":false}",18.1900000000001,"reported","ok",""
9,"st_bed_bayesc","D1","mean_set_size",1,"separated",3010,2010,10901,"0.1.2","1.1.6","f178b332fb3ac6cee95914d519a84301a305ff24","{""nit"":500,""nburn"":250,""nthin"":1,""nchains"":1,""ncores"":1,""convergence_control"":{""warn"":false},""seed"":10901,""convergence"":""core"",""verbose"":false}",18.1900000000001,"reported","ok",""
9,"st_bed_bayesc","D1","median_set_size",1,"separated",3010,2010,10901,"0.1.2","1.1.6","f178b332fb3ac6cee95914d519a84301a305ff24","{""nit"":500,""nburn"":250,""nthin"":1,""nchains"":1,""ncores"":1,""convergence_control"":{""warn"":false},""seed"":10901,""convergence"":""core"",""verbose"":false}",18.1900000000001,"reported","ok",""
9,"st_bed_bayesc","D1","exact_coverage_fraction",1,"separated",3010,2010,10901,"0.1.2","1.1.6","f178b332fb3ac6cee95914d519a84301a305ff24","{""nit"":500,""nburn"":250,""nthin"":1,""nchains"":1,""ncores"":1,""convergence_control"":{""warn"":false},""seed"":10901,""convergence"":""core"",""verbose"":false}",18.1900000000001,"reported","ok",""
9,"st_bed_bayesc","D1","ld_proxy_coverage_fraction",1,"separated",3010,2010,10901,"0.1.2","1.1.6","f178b332fb3ac6cee95914d519a84301a305ff24","{""nit"":500,""nburn"":250,""nthin"":1,""nchains"":1,""ncores"":1,""convergence_control"":{""warn"":false},""seed"":10901,""convergence"":""core"",""verbose"":false}",18.1900000000001,"reported","ok",""
9,"st_bed_bayesc","D1","causal_loci_detected",6,"separated",3010,2010,10901,"0.1.2","1.1.6","f178b332fb3ac6cee95914d519a84301a305ff24","{""nit"":500,""nburn"":250,""nthin"":1,""nchains"":1,""ncores"":1,""convergence_control"":{""warn"":false},""seed"":10901,""convergence"":""core"",""verbose"":false}",18.1900000000001,"reported","ok",""
9,"st_bed_bayesc","D1","sets_without_exact_causal",0,"separated",3010,2010,10901,"0.1.2","1.1.6","f178b332fb3ac6cee95914d519a84301a305ff24","{""nit"":500,""nburn"":250,""nthin"":1,""nchains"":1,""ncores"":1,""convergence_control"":{""warn"":false},""seed"":10901,""convergence"":""core"",""verbose"":false}",18.1900000000001,"reported","ok",""
9,"st_bed_bayesc","D1","sets_without_causal_or_proxy",0,"separated",3010,2010,10901,"0.1.2","1.1.6","f178b332fb3ac6cee95914d519a84301a305ff24","{""nit"":500,""nburn"":250,""nthin"":1,""nchains"":1,""ncores"":1,""convergence_control"":{""warn"":false},""seed"":10901,""convergence"":""core"",""verbose"":false}",18.1900000000001,"reported","ok",""
9,"st_bed_bayesr","D1","number_of_credible_sets",6,"separated",3010,2010,10902,"0.1.2","1.1.6","f178b332fb3ac6cee95914d519a84301a305ff24","{""nit"":500,""nburn"":250,""nthin"":1,""nchains"":1,""ncores"":1,""convergence_control"":{""warn"":false},""seed"":10902,""convergence"":""core"",""verbose"":false}",24.25,"reported","ok",""
9,"st_bed_bayesr","D1","mean_set_size",1,"separated",3010,2010,10902,"0.1.2","1.1.6","f178b332fb3ac6cee95914d519a84301a305ff24","{""nit"":500,""nburn"":250,""nthin"":1,""nchains"":1,""ncores"":1,""convergence_control"":{""warn"":false},""seed"":10902,""convergence"":""core"",""verbose"":false}",24.25,"reported","ok",""
9,"st_bed_bayesr","D1","median_set_size",1,"separated",3010,2010,10902,"0.1.2","1.1.6","f178b332fb3ac6cee95914d519a84301a305ff24","{""nit"":500,""nburn"":250,""nthin"":1,""nchains"":1,""ncores"":1,""convergence_control"":{""warn"":false},""seed"":10902,""convergence"":""core"",""verbose"":false}",24.25,"reported","ok",""
9,"st_bed_bayesr","D1","exact_coverage_fraction",1,"separated",3010,2010,10902,"0.1.2","1.1.6","f178b332fb3ac6cee95914d519a84301a305ff24","{""nit"":500,""nburn"":250,""nthin"":1,""nchains"":1,""ncores"":1,""convergence_control"":{""warn"":false},""seed"":10902,""convergence"":""core"",""verbose"":false}",24.25,"reported","ok",""
9,"st_bed_bayesr","D1","ld_proxy_coverage_fraction",1,"separated",3010,2010,10902,"0.1.2","1.1.6","f178b332fb3ac6cee95914d519a84301a305ff24","{""nit"":500,""nburn"":250,""nthin"":1,""nchains"":1,""ncores"":1,""convergence_control"":{""warn"":false},""seed"":10902,""convergence"":""core"",""verbose"":false}",24.25,"reported","ok",""
9,"st_bed_bayesr","D1","causal_loci_detected",6,"separated",3010,2010,10902,"0.1.2","1.1.6","f178b332fb3ac6cee95914d519a84301a305ff24","{""nit"":500,""nburn"":250,""nthin"":1,""nchains"":1,""ncores"":1,""convergence_control"":{""warn"":false},""seed"":10902,""convergence"":""core"",""verbose"":false}",24.25,"reported","ok",""
9,"st_bed_bayesr","D1","sets_without_exact_causal",0,"separated",3010,2010,10902,"0.1.2","1.1.6","f178b332fb3ac6cee95914d519a84301a305ff24","{""nit"":500,""nburn"":250,""nthin"":1,""nchains"":1,""ncores"":1,""convergence_control"":{""warn"":false},""seed"":10902,""convergence"":""core"",""verbose"":false}",24.25,"reported","ok",""
9,"st_bed_bayesr","D1","sets_without_causal_or_proxy",0,"separated",3010,2010,10902,"0.1.2","1.1.6","f178b332fb3ac6cee95914d519a84301a305ff24","{""nit"":500,""nburn"":250,""nthin"":1,""nchains"":1,""ncores"":1,""convergence_control"":{""warn"":false},""seed"":10902,""convergence"":""core"",""verbose"":false}",24.25,"reported","ok",""
9,"st_csr_sbayesc","D1","number_of_credible_sets",6,"separated",3010,2010,10903,"0.1.2","1.1.6","f178b332fb3ac6cee95914d519a84301a305ff24","{""nit"":500,""nburn"":250,""nthin"":1,""nchains"":1,""ncores"":1,""convergence_control"":{""warn"":false},""seed"":10903,""convergence"":""core"",""verbose"":false}",5.03999999999996,"reported","ok",""
9,"st_csr_sbayesc","D1","mean_set_size",1,"separated",3010,2010,10903,"0.1.2","1.1.6","f178b332fb3ac6cee95914d519a84301a305ff24","{""nit"":500,""nburn"":250,""nthin"":1,""nchains"":1,""ncores"":1,""convergence_control"":{""warn"":false},""seed"":10903,""convergence"":""core"",""verbose"":false}",5.03999999999996,"reported","ok",""
9,"st_csr_sbayesc","D1","median_set_size",1,"separated",3010,2010,10903,"0.1.2","1.1.6","f178b332fb3ac6cee95914d519a84301a305ff24","{""nit"":500,""nburn"":250,""nthin"":1,""nchains"":1,""ncores"":1,""convergence_control"":{""warn"":false},""seed"":10903,""convergence"":""core"",""verbose"":false}",5.03999999999996,"reported","ok",""
9,"st_csr_sbayesc","D1","exact_coverage_fraction",1,"separated",3010,2010,10903,"0.1.2","1.1.6","f178b332fb3ac6cee95914d519a84301a305ff24","{""nit"":500,""nburn"":250,""nthin"":1,""nchains"":1,""ncores"":1,""convergence_control"":{""warn"":false},""seed"":10903,""convergence"":""core"",""verbose"":false}",5.03999999999996,"reported","ok",""
9,"st_csr_sbayesc","D1","ld_proxy_coverage_fraction",1,"separated",3010,2010,10903,"0.1.2","1.1.6","f178b332fb3ac6cee95914d519a84301a305ff24","{""nit"":500,""nburn"":250,""nthin"":1,""nchains"":1,""ncores"":1,""convergence_control"":{""warn"":false},""seed"":10903,""convergence"":""core"",""verbose"":false}",5.03999999999996,"reported","ok",""
9,"st_csr_sbayesc","D1","causal_loci_detected",6,"separated",3010,2010,10903,"0.1.2","1.1.6","f178b332fb3ac6cee95914d519a84301a305ff24","{""nit"":500,""nburn"":250,""nthin"":1,""nchains"":1,""ncores"":1,""convergence_control"":{""warn"":false},""seed"":10903,""convergence"":""core"",""verbose"":false}",5.03999999999996,"reported","ok",""
9,"st_csr_sbayesc","D1","sets_without_exact_causal",0,"separated",3010,2010,10903,"0.1.2","1.1.6","f178b332fb3ac6cee95914d519a84301a305ff24","{""nit"":500,""nburn"":250,""nthin"":1,""nchains"":1,""ncores"":1,""convergence_control"":{""warn"":false},""seed"":10903,""convergence"":""core"",""verbose"":false}",5.03999999999996,"reported","ok",""
9,"st_csr_sbayesc","D1","sets_without_causal_or_proxy",0,"separated",3010,2010,10903,"0.1.2","1.1.6","f178b332fb3ac6cee95914d519a84301a305ff24","{""nit"":500,""nburn"":250,""nthin"":1,""nchains"":1,""ncores"":1,""convergence_control"":{""warn"":false},""seed"":10903,""convergence"":""core"",""verbose"":false}",5.03999999999996,"reported","ok",""
9,"st_csr_sbayesr","D1","number_of_credible_sets",6,"separated",3010,2010,10904,"0.1.2","1.1.6","f178b332fb3ac6cee95914d519a84301a305ff24","{""nit"":500,""nburn"":250,""nthin"":1,""nchains"":1,""ncores"":1,""convergence_control"":{""warn"":false},""seed"":10904,""convergence"":""core"",""verbose"":false}",11.99,"reported","ok",""
9,"st_csr_sbayesr","D1","mean_set_size",1,"separated",3010,2010,10904,"0.1.2","1.1.6","f178b332fb3ac6cee95914d519a84301a305ff24","{""nit"":500,""nburn"":250,""nthin"":1,""nchains"":1,""ncores"":1,""convergence_control"":{""warn"":false},""seed"":10904,""convergence"":""core"",""verbose"":false}",11.99,"reported","ok",""
9,"st_csr_sbayesr","D1","median_set_size",1,"separated",3010,2010,10904,"0.1.2","1.1.6","f178b332fb3ac6cee95914d519a84301a305ff24","{""nit"":500,""nburn"":250,""nthin"":1,""nchains"":1,""ncores"":1,""convergence_control"":{""warn"":false},""seed"":10904,""convergence"":""core"",""verbose"":false}",11.99,"reported","ok",""
9,"st_csr_sbayesr","D1","exact_coverage_fraction",1,"separated",3010,2010,10904,"0.1.2","1.1.6","f178b332fb3ac6cee95914d519a84301a305ff24","{""nit"":500,""nburn"":250,""nthin"":1,""nchains"":1,""ncores"":1,""convergence_control"":{""warn"":false},""seed"":10904,""convergence"":""core"",""verbose"":false}",11.99,"reported","ok",""
9,"st_csr_sbayesr","D1","ld_proxy_coverage_fraction",1,"separated",3010,2010,10904,"0.1.2","1.1.6","f178b332fb3ac6cee95914d519a84301a305ff24","{""nit"":500,""nburn"":250,""nthin"":1,""nchains"":1,""ncores"":1,""convergence_control"":{""warn"":false},""seed"":10904,""convergence"":""core"",""verbose"":false}",11.99,"reported","ok",""
9,"st_csr_sbayesr","D1","causal_loci_detected",6,"separated",3010,2010,10904,"0.1.2","1.1.6","f178b332fb3ac6cee95914d519a84301a305ff24","{""nit"":500,""nburn"":250,""nthin"":1,""nchains"":1,""ncores"":1,""convergence_control"":{""warn"":false},""seed"":10904,""convergence"":""core"",""verbose"":false}",11.99,"reported","ok",""
9,"st_csr_sbayesr","D1","sets_without_exact_causal",0,"separated",3010,2010,10904,"0.1.2","1.1.6","f178b332fb3ac6cee95914d519a84301a305ff24","{""nit"":500,""nburn"":250,""nthin"":1,""nchains"":1,""ncores"":1,""convergence_control"":{""warn"":false},""seed"":10904,""convergence"":""core"",""verbose"":false}",11.99,"reported","ok",""
9,"st_csr_sbayesr","D1","sets_without_causal_or_proxy",0,"separated",3010,2010,10904,"0.1.2","1.1.6","f178b332fb3ac6cee95914d519a84301a305ff24","{""nit"":500,""nburn"":250,""nthin"":1,""nchains"":1,""ncores"":1,""convergence_control"":{""warn"":false},""seed"":10904,""convergence"":""core"",""verbose"":false}",11.99,"reported","ok",""
