"replicate","method","trait","study","scenario","metric","value","status.x","reason.x","architecture","simulation_seed","causal_selection_seed","mcmc_seed","sblr_version","qgg_version","sblrbench_commit","method_controls","runtime","convergence_status","status.y","reason.y"
1,"st_bed_bayesc","D1","01_finemapping","separated","pip_brier",6.12604037798426e-05,"ok","","separated",3002,2002,10101,"0.1.2","1.1.6","f178b332fb3ac6cee95914d519a84301a305ff24","{""nit"":500,""nburn"":250,""nthin"":1,""nchains"":1,""ncores"":1,""convergence_control"":{""warn"":false},""seed"":10101,""convergence"":""core"",""verbose"":false}",70.03,"reported","ok",""
1,"st_bed_bayesc","D1","01_finemapping","separated","effect_rmse",0.000488917506790191,"ok","","separated",3002,2002,10101,"0.1.2","1.1.6","f178b332fb3ac6cee95914d519a84301a305ff24","{""nit"":500,""nburn"":250,""nthin"":1,""nchains"":1,""ncores"":1,""convergence_control"":{""warn"":false},""seed"":10101,""convergence"":""core"",""verbose"":false}",70.03,"reported","ok",""
1,"st_bed_bayesc","D1","01_finemapping","separated","average_precision",0.800425783543674,"ok","","separated",3002,2002,10101,"0.1.2","1.1.6","f178b332fb3ac6cee95914d519a84301a305ff24","{""nit"":500,""nburn"":250,""nthin"":1,""nchains"":1,""ncores"":1,""convergence_control"":{""warn"":false},""seed"":10101,""convergence"":""core"",""verbose"":false}",70.03,"reported","ok",""
1,"st_bed_bayesc","D1","01_finemapping","separated","causal_rank_mean",3434.8,"ok","","separated",3002,2002,10101,"0.1.2","1.1.6","f178b332fb3ac6cee95914d519a84301a305ff24","{""nit"":500,""nburn"":250,""nthin"":1,""nchains"":1,""ncores"":1,""convergence_control"":{""warn"":false},""seed"":10101,""convergence"":""core"",""verbose"":false}",70.03,"reported","ok",""
1,"st_bed_bayesc","D1","01_finemapping","separated","causal_rank_median",5.5,"ok","","separated",3002,2002,10101,"0.1.2","1.1.6","f178b332fb3ac6cee95914d519a84301a305ff24","{""nit"":500,""nburn"":250,""nthin"":1,""nchains"":1,""ncores"":1,""convergence_control"":{""warn"":false},""seed"":10101,""convergence"":""core"",""verbose"":false}",70.03,"reported","ok",""
1,"st_bed_bayesc","D1","01_finemapping","separated","causal_rank_best",1,"ok","","separated",3002,2002,10101,"0.1.2","1.1.6","f178b332fb3ac6cee95914d519a84301a305ff24","{""nit"":500,""nburn"":250,""nthin"":1,""nchains"":1,""ncores"":1,""convergence_control"":{""warn"":false},""seed"":10101,""convergence"":""core"",""verbose"":false}",70.03,"reported","ok",""
1,"st_bed_bayesc","D1","01_finemapping","separated","causal_rank_worst",32031,"ok","","separated",3002,2002,10101,"0.1.2","1.1.6","f178b332fb3ac6cee95914d519a84301a305ff24","{""nit"":500,""nburn"":250,""nthin"":1,""nchains"":1,""ncores"":1,""convergence_control"":{""warn"":false},""seed"":10101,""convergence"":""core"",""verbose"":false}",70.03,"reported","ok",""
1,"st_bed_bayesc","D1","01_finemapping","separated","causal_top_10_recall",0.8,"ok","","separated",3002,2002,10101,"0.1.2","1.1.6","f178b332fb3ac6cee95914d519a84301a305ff24","{""nit"":500,""nburn"":250,""nthin"":1,""nchains"":1,""ncores"":1,""convergence_control"":{""warn"":false},""seed"":10101,""convergence"":""core"",""verbose"":false}",70.03,"reported","ok",""
1,"st_bed_bayesc","D1","01_finemapping","separated","causal_top_20_recall",0.8,"ok","","separated",3002,2002,10101,"0.1.2","1.1.6","f178b332fb3ac6cee95914d519a84301a305ff24","{""nit"":500,""nburn"":250,""nthin"":1,""nchains"":1,""ncores"":1,""convergence_control"":{""warn"":false},""seed"":10101,""convergence"":""core"",""verbose"":false}",70.03,"reported","ok",""
1,"st_bed_bayesc","D1","01_finemapping","separated","causal_top_50_recall",0.8,"ok","","separated",3002,2002,10101,"0.1.2","1.1.6","f178b332fb3ac6cee95914d519a84301a305ff24","{""nit"":500,""nburn"":250,""nthin"":1,""nchains"":1,""ncores"":1,""convergence_control"":{""warn"":false},""seed"":10101,""convergence"":""core"",""verbose"":false}",70.03,"reported","ok",""
1,"st_bed_bayesr","D1","01_finemapping","separated","pip_brier",5.88896317548893e-05,"ok","","separated",3002,2002,10102,"0.1.2","1.1.6","f178b332fb3ac6cee95914d519a84301a305ff24","{""nit"":500,""nburn"":250,""nthin"":1,""nchains"":1,""ncores"":1,""convergence_control"":{""warn"":false},""seed"":10102,""convergence"":""core"",""verbose"":false}",87.98,"reported","ok",""
1,"st_bed_bayesr","D1","01_finemapping","separated","effect_rmse",0.000441182017217075,"ok","","separated",3002,2002,10102,"0.1.2","1.1.6","f178b332fb3ac6cee95914d519a84301a305ff24","{""nit"":500,""nburn"":250,""nthin"":1,""nchains"":1,""ncores"":1,""convergence_control"":{""warn"":false},""seed"":10102,""convergence"":""core"",""verbose"":false}",87.98,"reported","ok",""
1,"st_bed_bayesr","D1","01_finemapping","separated","average_precision",0.800321427747213,"ok","","separated",3002,2002,10102,"0.1.2","1.1.6","f178b332fb3ac6cee95914d519a84301a305ff24","{""nit"":500,""nburn"":250,""nthin"":1,""nchains"":1,""ncores"":1,""convergence_control"":{""warn"":false},""seed"":10102,""convergence"":""core"",""verbose"":false}",87.98,"reported","ok",""
1,"st_bed_bayesr","D1","01_finemapping","separated","causal_rank_mean",3528.5,"ok","","separated",3002,2002,10102,"0.1.2","1.1.6","f178b332fb3ac6cee95914d519a84301a305ff24","{""nit"":500,""nburn"":250,""nthin"":1,""nchains"":1,""ncores"":1,""convergence_control"":{""warn"":false},""seed"":10102,""convergence"":""core"",""verbose"":false}",87.98,"reported","ok",""
1,"st_bed_bayesr","D1","01_finemapping","separated","causal_rank_median",5.5,"ok","","separated",3002,2002,10102,"0.1.2","1.1.6","f178b332fb3ac6cee95914d519a84301a305ff24","{""nit"":500,""nburn"":250,""nthin"":1,""nchains"":1,""ncores"":1,""convergence_control"":{""warn"":false},""seed"":10102,""convergence"":""core"",""verbose"":false}",87.98,"reported","ok",""
1,"st_bed_bayesr","D1","01_finemapping","separated","causal_rank_best",1,"ok","","separated",3002,2002,10102,"0.1.2","1.1.6","f178b332fb3ac6cee95914d519a84301a305ff24","{""nit"":500,""nburn"":250,""nthin"":1,""nchains"":1,""ncores"":1,""convergence_control"":{""warn"":false},""seed"":10102,""convergence"":""core"",""verbose"":false}",87.98,"reported","ok",""
1,"st_bed_bayesr","D1","01_finemapping","separated","causal_rank_worst",32149,"ok","","separated",3002,2002,10102,"0.1.2","1.1.6","f178b332fb3ac6cee95914d519a84301a305ff24","{""nit"":500,""nburn"":250,""nthin"":1,""nchains"":1,""ncores"":1,""convergence_control"":{""warn"":false},""seed"":10102,""convergence"":""core"",""verbose"":false}",87.98,"reported","ok",""
1,"st_bed_bayesr","D1","01_finemapping","separated","causal_top_10_recall",0.8,"ok","","separated",3002,2002,10102,"0.1.2","1.1.6","f178b332fb3ac6cee95914d519a84301a305ff24","{""nit"":500,""nburn"":250,""nthin"":1,""nchains"":1,""ncores"":1,""convergence_control"":{""warn"":false},""seed"":10102,""convergence"":""core"",""verbose"":false}",87.98,"reported","ok",""
1,"st_bed_bayesr","D1","01_finemapping","separated","causal_top_20_recall",0.8,"ok","","separated",3002,2002,10102,"0.1.2","1.1.6","f178b332fb3ac6cee95914d519a84301a305ff24","{""nit"":500,""nburn"":250,""nthin"":1,""nchains"":1,""ncores"":1,""convergence_control"":{""warn"":false},""seed"":10102,""convergence"":""core"",""verbose"":false}",87.98,"reported","ok",""
1,"st_bed_bayesr","D1","01_finemapping","separated","causal_top_50_recall",0.8,"ok","","separated",3002,2002,10102,"0.1.2","1.1.6","f178b332fb3ac6cee95914d519a84301a305ff24","{""nit"":500,""nburn"":250,""nthin"":1,""nchains"":1,""ncores"":1,""convergence_control"":{""warn"":false},""seed"":10102,""convergence"":""core"",""verbose"":false}",87.98,"reported","ok",""
1,"st_csr_sbayesc","D1","01_finemapping","separated","pip_brier",9.42788555184123e-05,"ok","","separated",3002,2002,10103,"0.1.2","1.1.6","f178b332fb3ac6cee95914d519a84301a305ff24","{""nit"":500,""nburn"":250,""nthin"":1,""nchains"":1,""ncores"":1,""convergence_control"":{""warn"":false},""seed"":10103,""convergence"":""core"",""verbose"":false}",17.62,"reported","ok",""
1,"st_csr_sbayesc","D1","01_finemapping","separated","effect_rmse",0.00100033347080469,"ok","","separated",3002,2002,10103,"0.1.2","1.1.6","f178b332fb3ac6cee95914d519a84301a305ff24","{""nit"":500,""nburn"":250,""nthin"":1,""nchains"":1,""ncores"":1,""convergence_control"":{""warn"":false},""seed"":10103,""convergence"":""core"",""verbose"":false}",17.62,"reported","ok",""
1,"st_csr_sbayesc","D1","01_finemapping","separated","average_precision",0.800350770556986,"ok","","separated",3002,2002,10103,"0.1.2","1.1.6","f178b332fb3ac6cee95914d519a84301a305ff24","{""nit"":500,""nburn"":250,""nthin"":1,""nchains"":1,""ncores"":1,""convergence_control"":{""warn"":false},""seed"":10103,""convergence"":""core"",""verbose"":false}",17.62,"reported","ok",""
1,"st_csr_sbayesc","D1","01_finemapping","separated","causal_rank_mean",1108.5,"ok","","separated",3002,2002,10103,"0.1.2","1.1.6","f178b332fb3ac6cee95914d519a84301a305ff24","{""nit"":500,""nburn"":250,""nthin"":1,""nchains"":1,""ncores"":1,""convergence_control"":{""warn"":false},""seed"":10103,""convergence"":""core"",""verbose"":false}",17.62,"reported","ok",""
1,"st_csr_sbayesc","D1","01_finemapping","separated","causal_rank_median",5.5,"ok","","separated",3002,2002,10103,"0.1.2","1.1.6","f178b332fb3ac6cee95914d519a84301a305ff24","{""nit"":500,""nburn"":250,""nthin"":1,""nchains"":1,""ncores"":1,""convergence_control"":{""warn"":false},""seed"":10103,""convergence"":""core"",""verbose"":false}",17.62,"reported","ok",""
1,"st_csr_sbayesc","D1","01_finemapping","separated","causal_rank_best",1,"ok","","separated",3002,2002,10103,"0.1.2","1.1.6","f178b332fb3ac6cee95914d519a84301a305ff24","{""nit"":500,""nburn"":250,""nthin"":1,""nchains"":1,""ncores"":1,""convergence_control"":{""warn"":false},""seed"":10103,""convergence"":""core"",""verbose"":false}",17.62,"reported","ok",""
1,"st_csr_sbayesc","D1","01_finemapping","separated","causal_rank_worst",6452,"ok","","separated",3002,2002,10103,"0.1.2","1.1.6","f178b332fb3ac6cee95914d519a84301a305ff24","{""nit"":500,""nburn"":250,""nthin"":1,""nchains"":1,""ncores"":1,""convergence_control"":{""warn"":false},""seed"":10103,""convergence"":""core"",""verbose"":false}",17.62,"reported","ok",""
1,"st_csr_sbayesc","D1","01_finemapping","separated","causal_top_10_recall",0.8,"ok","","separated",3002,2002,10103,"0.1.2","1.1.6","f178b332fb3ac6cee95914d519a84301a305ff24","{""nit"":500,""nburn"":250,""nthin"":1,""nchains"":1,""ncores"":1,""convergence_control"":{""warn"":false},""seed"":10103,""convergence"":""core"",""verbose"":false}",17.62,"reported","ok",""
1,"st_csr_sbayesc","D1","01_finemapping","separated","causal_top_20_recall",0.8,"ok","","separated",3002,2002,10103,"0.1.2","1.1.6","f178b332fb3ac6cee95914d519a84301a305ff24","{""nit"":500,""nburn"":250,""nthin"":1,""nchains"":1,""ncores"":1,""convergence_control"":{""warn"":false},""seed"":10103,""convergence"":""core"",""verbose"":false}",17.62,"reported","ok",""
1,"st_csr_sbayesc","D1","01_finemapping","separated","causal_top_50_recall",0.8,"ok","","separated",3002,2002,10103,"0.1.2","1.1.6","f178b332fb3ac6cee95914d519a84301a305ff24","{""nit"":500,""nburn"":250,""nthin"":1,""nchains"":1,""ncores"":1,""convergence_control"":{""warn"":false},""seed"":10103,""convergence"":""core"",""verbose"":false}",17.62,"reported","ok",""
1,"st_csr_sbayesr","D1","01_finemapping","separated","pip_brier",8.65738727593378e-05,"ok","","separated",3002,2002,10104,"0.1.2","1.1.6","f178b332fb3ac6cee95914d519a84301a305ff24","{""nit"":500,""nburn"":250,""nthin"":1,""nchains"":1,""ncores"":1,""convergence_control"":{""warn"":false},""seed"":10104,""convergence"":""core"",""verbose"":false}",60.36,"reported","ok",""
1,"st_csr_sbayesr","D1","01_finemapping","separated","effect_rmse",0.000906370488055258,"ok","","separated",3002,2002,10104,"0.1.2","1.1.6","f178b332fb3ac6cee95914d519a84301a305ff24","{""nit"":500,""nburn"":250,""nthin"":1,""nchains"":1,""ncores"":1,""convergence_control"":{""warn"":false},""seed"":10104,""convergence"":""core"",""verbose"":false}",60.36,"reported","ok",""
1,"st_csr_sbayesr","D1","01_finemapping","separated","average_precision",0.80139307798114,"ok","","separated",3002,2002,10104,"0.1.2","1.1.6","f178b332fb3ac6cee95914d519a84301a305ff24","{""nit"":500,""nburn"":250,""nthin"":1,""nchains"":1,""ncores"":1,""convergence_control"":{""warn"":false},""seed"":10104,""convergence"":""core"",""verbose"":false}",60.36,"reported","ok",""
1,"st_csr_sbayesr","D1","01_finemapping","separated","causal_rank_mean",932.6,"ok","","separated",3002,2002,10104,"0.1.2","1.1.6","f178b332fb3ac6cee95914d519a84301a305ff24","{""nit"":500,""nburn"":250,""nthin"":1,""nchains"":1,""ncores"":1,""convergence_control"":{""warn"":false},""seed"":10104,""convergence"":""core"",""verbose"":false}",60.36,"reported","ok",""
1,"st_csr_sbayesr","D1","01_finemapping","separated","causal_rank_median",5.5,"ok","","separated",3002,2002,10104,"0.1.2","1.1.6","f178b332fb3ac6cee95914d519a84301a305ff24","{""nit"":500,""nburn"":250,""nthin"":1,""nchains"":1,""ncores"":1,""convergence_control"":{""warn"":false},""seed"":10104,""convergence"":""core"",""verbose"":false}",60.36,"reported","ok",""
1,"st_csr_sbayesr","D1","01_finemapping","separated","causal_rank_best",1,"ok","","separated",3002,2002,10104,"0.1.2","1.1.6","f178b332fb3ac6cee95914d519a84301a305ff24","{""nit"":500,""nburn"":250,""nthin"":1,""nchains"":1,""ncores"":1,""convergence_control"":{""warn"":false},""seed"":10104,""convergence"":""core"",""verbose"":false}",60.36,"reported","ok",""
1,"st_csr_sbayesr","D1","01_finemapping","separated","causal_rank_worst",8585,"ok","","separated",3002,2002,10104,"0.1.2","1.1.6","f178b332fb3ac6cee95914d519a84301a305ff24","{""nit"":500,""nburn"":250,""nthin"":1,""nchains"":1,""ncores"":1,""convergence_control"":{""warn"":false},""seed"":10104,""convergence"":""core"",""verbose"":false}",60.36,"reported","ok",""
1,"st_csr_sbayesr","D1","01_finemapping","separated","causal_top_10_recall",0.8,"ok","","separated",3002,2002,10104,"0.1.2","1.1.6","f178b332fb3ac6cee95914d519a84301a305ff24","{""nit"":500,""nburn"":250,""nthin"":1,""nchains"":1,""ncores"":1,""convergence_control"":{""warn"":false},""seed"":10104,""convergence"":""core"",""verbose"":false}",60.36,"reported","ok",""
1,"st_csr_sbayesr","D1","01_finemapping","separated","causal_top_20_recall",0.8,"ok","","separated",3002,2002,10104,"0.1.2","1.1.6","f178b332fb3ac6cee95914d519a84301a305ff24","{""nit"":500,""nburn"":250,""nthin"":1,""nchains"":1,""ncores"":1,""convergence_control"":{""warn"":false},""seed"":10104,""convergence"":""core"",""verbose"":false}",60.36,"reported","ok",""
1,"st_csr_sbayesr","D1","01_finemapping","separated","causal_top_50_recall",0.8,"ok","","separated",3002,2002,10104,"0.1.2","1.1.6","f178b332fb3ac6cee95914d519a84301a305ff24","{""nit"":500,""nburn"":250,""nthin"":1,""nchains"":1,""ncores"":1,""convergence_control"":{""warn"":false},""seed"":10104,""convergence"":""core"",""verbose"":false}",60.36,"reported","ok",""
10,"st_bed_bayesc","D1","01_finemapping","separated","pip_brier",8.80964438946066e-05,"ok","","separated",3011,2011,11001,"0.1.2","1.1.6","f178b332fb3ac6cee95914d519a84301a305ff24","{""nit"":500,""nburn"":250,""nthin"":1,""nchains"":1,""ncores"":1,""convergence_control"":{""warn"":false},""seed"":11001,""convergence"":""core"",""verbose"":false}",18.5799999999999,"reported","ok",""
10,"st_bed_bayesc","D1","01_finemapping","separated","effect_rmse",0.000720779457692451,"ok","","separated",3011,2011,11001,"0.1.2","1.1.6","f178b332fb3ac6cee95914d519a84301a305ff24","{""nit"":500,""nburn"":250,""nthin"":1,""nchains"":1,""ncores"":1,""convergence_control"":{""warn"":false},""seed"":11001,""convergence"":""core"",""verbose"":false}",18.5799999999999,"reported","ok",""
10,"st_bed_bayesc","D1","01_finemapping","separated","average_precision",0.702412711769566,"ok","","separated",3011,2011,11001,"0.1.2","1.1.6","f178b332fb3ac6cee95914d519a84301a305ff24","{""nit"":500,""nburn"":250,""nthin"":1,""nchains"":1,""ncores"":1,""convergence_control"":{""warn"":false},""seed"":11001,""convergence"":""core"",""verbose"":false}",18.5799999999999,"reported","ok",""
10,"st_bed_bayesc","D1","01_finemapping","separated","causal_rank_mean",3677.4,"ok","","separated",3011,2011,11001,"0.1.2","1.1.6","f178b332fb3ac6cee95914d519a84301a305ff24","{""nit"":500,""nburn"":250,""nthin"":1,""nchains"":1,""ncores"":1,""convergence_control"":{""warn"":false},""seed"":11001,""convergence"":""core"",""verbose"":false}",18.5799999999999,"reported","ok",""
10,"st_bed_bayesc","D1","01_finemapping","separated","causal_rank_median",5.5,"ok","","separated",3011,2011,11001,"0.1.2","1.1.6","f178b332fb3ac6cee95914d519a84301a305ff24","{""nit"":500,""nburn"":250,""nthin"":1,""nchains"":1,""ncores"":1,""convergence_control"":{""warn"":false},""seed"":11001,""convergence"":""core"",""verbose"":false}",18.5799999999999,"reported","ok",""
10,"st_bed_bayesc","D1","01_finemapping","separated","causal_rank_best",1,"ok","","separated",3011,2011,11001,"0.1.2","1.1.6","f178b332fb3ac6cee95914d519a84301a305ff24","{""nit"":500,""nburn"":250,""nthin"":1,""nchains"":1,""ncores"":1,""convergence_control"":{""warn"":false},""seed"":11001,""convergence"":""core"",""verbose"":false}",18.5799999999999,"reported","ok",""
10,"st_bed_bayesc","D1","01_finemapping","separated","causal_rank_worst",32835,"ok","","separated",3011,2011,11001,"0.1.2","1.1.6","f178b332fb3ac6cee95914d519a84301a305ff24","{""nit"":500,""nburn"":250,""nthin"":1,""nchains"":1,""ncores"":1,""convergence_control"":{""warn"":false},""seed"":11001,""convergence"":""core"",""verbose"":false}",18.5799999999999,"reported","ok",""
10,"st_bed_bayesc","D1","01_finemapping","separated","causal_top_10_recall",0.7,"ok","","separated",3011,2011,11001,"0.1.2","1.1.6","f178b332fb3ac6cee95914d519a84301a305ff24","{""nit"":500,""nburn"":250,""nthin"":1,""nchains"":1,""ncores"":1,""convergence_control"":{""warn"":false},""seed"":11001,""convergence"":""core"",""verbose"":false}",18.5799999999999,"reported","ok",""
10,"st_bed_bayesc","D1","01_finemapping","separated","causal_top_20_recall",0.7,"ok","","separated",3011,2011,11001,"0.1.2","1.1.6","f178b332fb3ac6cee95914d519a84301a305ff24","{""nit"":500,""nburn"":250,""nthin"":1,""nchains"":1,""ncores"":1,""convergence_control"":{""warn"":false},""seed"":11001,""convergence"":""core"",""verbose"":false}",18.5799999999999,"reported","ok",""
10,"st_bed_bayesc","D1","01_finemapping","separated","causal_top_50_recall",0.7,"ok","","separated",3011,2011,11001,"0.1.2","1.1.6","f178b332fb3ac6cee95914d519a84301a305ff24","{""nit"":500,""nburn"":250,""nthin"":1,""nchains"":1,""ncores"":1,""convergence_control"":{""warn"":false},""seed"":11001,""convergence"":""core"",""verbose"":false}",18.5799999999999,"reported","ok",""
10,"st_bed_bayesr","D1","01_finemapping","separated","pip_brier",8.68720486430997e-05,"ok","","separated",3011,2011,11002,"0.1.2","1.1.6","f178b332fb3ac6cee95914d519a84301a305ff24","{""nit"":500,""nburn"":250,""nthin"":1,""nchains"":1,""ncores"":1,""convergence_control"":{""warn"":false},""seed"":11002,""convergence"":""core"",""verbose"":false}",24.9400000000001,"reported","ok",""
10,"st_bed_bayesr","D1","01_finemapping","separated","effect_rmse",0.000692650524654829,"ok","","separated",3011,2011,11002,"0.1.2","1.1.6","f178b332fb3ac6cee95914d519a84301a305ff24","{""nit"":500,""nburn"":250,""nthin"":1,""nchains"":1,""ncores"":1,""convergence_control"":{""warn"":false},""seed"":11002,""convergence"":""core"",""verbose"":false}",24.9400000000001,"reported","ok",""
10,"st_bed_bayesr","D1","01_finemapping","separated","average_precision",0.705667661654557,"ok","","separated",3011,2011,11002,"0.1.2","1.1.6","f178b332fb3ac6cee95914d519a84301a305ff24","{""nit"":500,""nburn"":250,""nthin"":1,""nchains"":1,""ncores"":1,""convergence_control"":{""warn"":false},""seed"":11002,""convergence"":""core"",""verbose"":false}",24.9400000000001,"reported","ok",""
10,"st_bed_bayesr","D1","01_finemapping","separated","causal_rank_mean",3779,"ok","","separated",3011,2011,11002,"0.1.2","1.1.6","f178b332fb3ac6cee95914d519a84301a305ff24","{""nit"":500,""nburn"":250,""nthin"":1,""nchains"":1,""ncores"":1,""convergence_control"":{""warn"":false},""seed"":11002,""convergence"":""core"",""verbose"":false}",24.9400000000001,"reported","ok",""
10,"st_bed_bayesr","D1","01_finemapping","separated","causal_rank_median",5.5,"ok","","separated",3011,2011,11002,"0.1.2","1.1.6","f178b332fb3ac6cee95914d519a84301a305ff24","{""nit"":500,""nburn"":250,""nthin"":1,""nchains"":1,""ncores"":1,""convergence_control"":{""warn"":false},""seed"":11002,""convergence"":""core"",""verbose"":false}",24.9400000000001,"reported","ok",""
10,"st_bed_bayesr","D1","01_finemapping","separated","causal_rank_best",1,"ok","","separated",3011,2011,11002,"0.1.2","1.1.6","f178b332fb3ac6cee95914d519a84301a305ff24","{""nit"":500,""nburn"":250,""nthin"":1,""nchains"":1,""ncores"":1,""convergence_control"":{""warn"":false},""seed"":11002,""convergence"":""core"",""verbose"":false}",24.9400000000001,"reported","ok",""
10,"st_bed_bayesr","D1","01_finemapping","separated","causal_rank_worst",33004,"ok","","separated",3011,2011,11002,"0.1.2","1.1.6","f178b332fb3ac6cee95914d519a84301a305ff24","{""nit"":500,""nburn"":250,""nthin"":1,""nchains"":1,""ncores"":1,""convergence_control"":{""warn"":false},""seed"":11002,""convergence"":""core"",""verbose"":false}",24.9400000000001,"reported","ok",""
10,"st_bed_bayesr","D1","01_finemapping","separated","causal_top_10_recall",0.7,"ok","","separated",3011,2011,11002,"0.1.2","1.1.6","f178b332fb3ac6cee95914d519a84301a305ff24","{""nit"":500,""nburn"":250,""nthin"":1,""nchains"":1,""ncores"":1,""convergence_control"":{""warn"":false},""seed"":11002,""convergence"":""core"",""verbose"":false}",24.9400000000001,"reported","ok",""
10,"st_bed_bayesr","D1","01_finemapping","separated","causal_top_20_recall",0.7,"ok","","separated",3011,2011,11002,"0.1.2","1.1.6","f178b332fb3ac6cee95914d519a84301a305ff24","{""nit"":500,""nburn"":250,""nthin"":1,""nchains"":1,""ncores"":1,""convergence_control"":{""warn"":false},""seed"":11002,""convergence"":""core"",""verbose"":false}",24.9400000000001,"reported","ok",""
10,"st_bed_bayesr","D1","01_finemapping","separated","causal_top_50_recall",0.7,"ok","","separated",3011,2011,11002,"0.1.2","1.1.6","f178b332fb3ac6cee95914d519a84301a305ff24","{""nit"":500,""nburn"":250,""nthin"":1,""nchains"":1,""ncores"":1,""convergence_control"":{""warn"":false},""seed"":11002,""convergence"":""core"",""verbose"":false}",24.9400000000001,"reported","ok",""
10,"st_csr_sbayesc","D1","01_finemapping","separated","pip_brier",0.000116610355084099,"ok","","separated",3011,2011,11003,"0.1.2","1.1.6","f178b332fb3ac6cee95914d519a84301a305ff24","{""nit"":500,""nburn"":250,""nthin"":1,""nchains"":1,""ncores"":1,""convergence_control"":{""warn"":false},""seed"":11003,""convergence"":""core"",""verbose"":false}",5.20000000000005,"reported","ok",""
10,"st_csr_sbayesc","D1","01_finemapping","separated","effect_rmse",0.00104331062994083,"ok","","separated",3011,2011,11003,"0.1.2","1.1.6","f178b332fb3ac6cee95914d519a84301a305ff24","{""nit"":500,""nburn"":250,""nthin"":1,""nchains"":1,""ncores"":1,""convergence_control"":{""warn"":false},""seed"":11003,""convergence"":""core"",""verbose"":false}",5.20000000000005,"reported","ok",""
10,"st_csr_sbayesc","D1","01_finemapping","separated","average_precision",0.718926226708542,"ok","","separated",3011,2011,11003,"0.1.2","1.1.6","f178b332fb3ac6cee95914d519a84301a305ff24","{""nit"":500,""nburn"":250,""nthin"":1,""nchains"":1,""ncores"":1,""convergence_control"":{""warn"":false},""seed"":11003,""convergence"":""core"",""verbose"":false}",5.20000000000005,"reported","ok",""
10,"st_csr_sbayesc","D1","01_finemapping","separated","causal_rank_mean",1245.4,"ok","","separated",3011,2011,11003,"0.1.2","1.1.6","f178b332fb3ac6cee95914d519a84301a305ff24","{""nit"":500,""nburn"":250,""nthin"":1,""nchains"":1,""ncores"":1,""convergence_control"":{""warn"":false},""seed"":11003,""convergence"":""core"",""verbose"":false}",5.20000000000005,"reported","ok",""
10,"st_csr_sbayesc","D1","01_finemapping","separated","causal_rank_median",5.5,"ok","","separated",3011,2011,11003,"0.1.2","1.1.6","f178b332fb3ac6cee95914d519a84301a305ff24","{""nit"":500,""nburn"":250,""nthin"":1,""nchains"":1,""ncores"":1,""convergence_control"":{""warn"":false},""seed"":11003,""convergence"":""core"",""verbose"":false}",5.20000000000005,"reported","ok",""
10,"st_csr_sbayesc","D1","01_finemapping","separated","causal_rank_best",1,"ok","","separated",3011,2011,11003,"0.1.2","1.1.6","f178b332fb3ac6cee95914d519a84301a305ff24","{""nit"":500,""nburn"":250,""nthin"":1,""nchains"":1,""ncores"":1,""convergence_control"":{""warn"":false},""seed"":11003,""convergence"":""core"",""verbose"":false}",5.20000000000005,"reported","ok",""
10,"st_csr_sbayesc","D1","01_finemapping","separated","causal_rank_worst",7680,"ok","","separated",3011,2011,11003,"0.1.2","1.1.6","f178b332fb3ac6cee95914d519a84301a305ff24","{""nit"":500,""nburn"":250,""nthin"":1,""nchains"":1,""ncores"":1,""convergence_control"":{""warn"":false},""seed"":11003,""convergence"":""core"",""verbose"":false}",5.20000000000005,"reported","ok",""
10,"st_csr_sbayesc","D1","01_finemapping","separated","causal_top_10_recall",0.7,"ok","","separated",3011,2011,11003,"0.1.2","1.1.6","f178b332fb3ac6cee95914d519a84301a305ff24","{""nit"":500,""nburn"":250,""nthin"":1,""nchains"":1,""ncores"":1,""convergence_control"":{""warn"":false},""seed"":11003,""convergence"":""core"",""verbose"":false}",5.20000000000005,"reported","ok",""
10,"st_csr_sbayesc","D1","01_finemapping","separated","causal_top_20_recall",0.7,"ok","","separated",3011,2011,11003,"0.1.2","1.1.6","f178b332fb3ac6cee95914d519a84301a305ff24","{""nit"":500,""nburn"":250,""nthin"":1,""nchains"":1,""ncores"":1,""convergence_control"":{""warn"":false},""seed"":11003,""convergence"":""core"",""verbose"":false}",5.20000000000005,"reported","ok",""
10,"st_csr_sbayesc","D1","01_finemapping","separated","causal_top_50_recall",0.8,"ok","","separated",3011,2011,11003,"0.1.2","1.1.6","f178b332fb3ac6cee95914d519a84301a305ff24","{""nit"":500,""nburn"":250,""nthin"":1,""nchains"":1,""ncores"":1,""convergence_control"":{""warn"":false},""seed"":11003,""convergence"":""core"",""verbose"":false}",5.20000000000005,"reported","ok",""
10,"st_csr_sbayesr","D1","01_finemapping","separated","pip_brier",0.000108708167723935,"ok","","separated",3011,2011,11004,"0.1.2","1.1.6","f178b332fb3ac6cee95914d519a84301a305ff24","{""nit"":500,""nburn"":250,""nthin"":1,""nchains"":1,""ncores"":1,""convergence_control"":{""warn"":false},""seed"":11004,""convergence"":""core"",""verbose"":false}",12.22,"reported","ok",""
10,"st_csr_sbayesr","D1","01_finemapping","separated","effect_rmse",0.000941153828294654,"ok","","separated",3011,2011,11004,"0.1.2","1.1.6","f178b332fb3ac6cee95914d519a84301a305ff24","{""nit"":500,""nburn"":250,""nthin"":1,""nchains"":1,""ncores"":1,""convergence_control"":{""warn"":false},""seed"":11004,""convergence"":""core"",""verbose"":false}",12.22,"reported","ok",""
10,"st_csr_sbayesr","D1","01_finemapping","separated","average_precision",0.718547573385658,"ok","","separated",3011,2011,11004,"0.1.2","1.1.6","f178b332fb3ac6cee95914d519a84301a305ff24","{""nit"":500,""nburn"":250,""nthin"":1,""nchains"":1,""ncores"":1,""convergence_control"":{""warn"":false},""seed"":11004,""convergence"":""core"",""verbose"":false}",12.22,"reported","ok",""
10,"st_csr_sbayesr","D1","01_finemapping","separated","causal_rank_mean",3686.9,"ok","","separated",3011,2011,11004,"0.1.2","1.1.6","f178b332fb3ac6cee95914d519a84301a305ff24","{""nit"":500,""nburn"":250,""nthin"":1,""nchains"":1,""ncores"":1,""convergence_control"":{""warn"":false},""seed"":11004,""convergence"":""core"",""verbose"":false}",12.22,"reported","ok",""
10,"st_csr_sbayesr","D1","01_finemapping","separated","causal_rank_median",5.5,"ok","","separated",3011,2011,11004,"0.1.2","1.1.6","f178b332fb3ac6cee95914d519a84301a305ff24","{""nit"":500,""nburn"":250,""nthin"":1,""nchains"":1,""ncores"":1,""convergence_control"":{""warn"":false},""seed"":11004,""convergence"":""core"",""verbose"":false}",12.22,"reported","ok",""
10,"st_csr_sbayesr","D1","01_finemapping","separated","causal_rank_best",1,"ok","","separated",3011,2011,11004,"0.1.2","1.1.6","f178b332fb3ac6cee95914d519a84301a305ff24","{""nit"":500,""nburn"":250,""nthin"":1,""nchains"":1,""ncores"":1,""convergence_control"":{""warn"":false},""seed"":11004,""convergence"":""core"",""verbose"":false}",12.22,"reported","ok",""
10,"st_csr_sbayesr","D1","01_finemapping","separated","causal_rank_worst",34122,"ok","","separated",3011,2011,11004,"0.1.2","1.1.6","f178b332fb3ac6cee95914d519a84301a305ff24","{""nit"":500,""nburn"":250,""nthin"":1,""nchains"":1,""ncores"":1,""convergence_control"":{""warn"":false},""seed"":11004,""convergence"":""core"",""verbose"":false}",12.22,"reported","ok",""
10,"st_csr_sbayesr","D1","01_finemapping","separated","causal_top_10_recall",0.7,"ok","","separated",3011,2011,11004,"0.1.2","1.1.6","f178b332fb3ac6cee95914d519a84301a305ff24","{""nit"":500,""nburn"":250,""nthin"":1,""nchains"":1,""ncores"":1,""convergence_control"":{""warn"":false},""seed"":11004,""convergence"":""core"",""verbose"":false}",12.22,"reported","ok",""
10,"st_csr_sbayesr","D1","01_finemapping","separated","causal_top_20_recall",0.7,"ok","","separated",3011,2011,11004,"0.1.2","1.1.6","f178b332fb3ac6cee95914d519a84301a305ff24","{""nit"":500,""nburn"":250,""nthin"":1,""nchains"":1,""ncores"":1,""convergence_control"":{""warn"":false},""seed"":11004,""convergence"":""core"",""verbose"":false}",12.22,"reported","ok",""
10,"st_csr_sbayesr","D1","01_finemapping","separated","causal_top_50_recall",0.8,"ok","","separated",3011,2011,11004,"0.1.2","1.1.6","f178b332fb3ac6cee95914d519a84301a305ff24","{""nit"":500,""nburn"":250,""nthin"":1,""nchains"":1,""ncores"":1,""convergence_control"":{""warn"":false},""seed"":11004,""convergence"":""core"",""verbose"":false}",12.22,"reported","ok",""
2,"st_bed_bayesc","D1","01_finemapping","separated","pip_brier",6.96447053249454e-05,"ok","","separated",3003,2003,10201,"0.1.2","1.1.6","f178b332fb3ac6cee95914d519a84301a305ff24","{""nit"":500,""nburn"":250,""nthin"":1,""nchains"":1,""ncores"":1,""convergence_control"":{""warn"":false},""seed"":10201,""convergence"":""core"",""verbose"":false}",42.13,"reported","ok",""
2,"st_bed_bayesc","D1","01_finemapping","separated","effect_rmse",0.000913517448370731,"ok","","separated",3003,2003,10201,"0.1.2","1.1.6","f178b332fb3ac6cee95914d519a84301a305ff24","{""nit"":500,""nburn"":250,""nthin"":1,""nchains"":1,""ncores"":1,""convergence_control"":{""warn"":false},""seed"":10201,""convergence"":""core"",""verbose"":false}",42.13,"reported","ok",""
2,"st_bed_bayesc","D1","01_finemapping","separated","average_precision",0.800110094450882,"ok","","separated",3003,2003,10201,"0.1.2","1.1.6","f178b332fb3ac6cee95914d519a84301a305ff24","{""nit"":500,""nburn"":250,""nthin"":1,""nchains"":1,""ncores"":1,""convergence_control"":{""warn"":false},""seed"":10201,""convergence"":""core"",""verbose"":false}",42.13,"reported","ok",""
2,"st_bed_bayesc","D1","01_finemapping","separated","causal_rank_mean",3575.3,"ok","","separated",3003,2003,10201,"0.1.2","1.1.6","f178b332fb3ac6cee95914d519a84301a305ff24","{""nit"":500,""nburn"":250,""nthin"":1,""nchains"":1,""ncores"":1,""convergence_control"":{""warn"":false},""seed"":10201,""convergence"":""core"",""verbose"":false}",42.13,"reported","ok",""
2,"st_bed_bayesc","D1","01_finemapping","separated","causal_rank_median",5.5,"ok","","separated",3003,2003,10201,"0.1.2","1.1.6","f178b332fb3ac6cee95914d519a84301a305ff24","{""nit"":500,""nburn"":250,""nthin"":1,""nchains"":1,""ncores"":1,""convergence_control"":{""warn"":false},""seed"":10201,""convergence"":""core"",""verbose"":false}",42.13,"reported","ok",""
2,"st_bed_bayesc","D1","01_finemapping","separated","causal_rank_best",1,"ok","","separated",3003,2003,10201,"0.1.2","1.1.6","f178b332fb3ac6cee95914d519a84301a305ff24","{""nit"":500,""nburn"":250,""nthin"":1,""nchains"":1,""ncores"":1,""convergence_control"":{""warn"":false},""seed"":10201,""convergence"":""core"",""verbose"":false}",42.13,"reported","ok",""
2,"st_bed_bayesc","D1","01_finemapping","separated","causal_rank_worst",21619,"ok","","separated",3003,2003,10201,"0.1.2","1.1.6","f178b332fb3ac6cee95914d519a84301a305ff24","{""nit"":500,""nburn"":250,""nthin"":1,""nchains"":1,""ncores"":1,""convergence_control"":{""warn"":false},""seed"":10201,""convergence"":""core"",""verbose"":false}",42.13,"reported","ok",""
2,"st_bed_bayesc","D1","01_finemapping","separated","causal_top_10_recall",0.8,"ok","","separated",3003,2003,10201,"0.1.2","1.1.6","f178b332fb3ac6cee95914d519a84301a305ff24","{""nit"":500,""nburn"":250,""nthin"":1,""nchains"":1,""ncores"":1,""convergence_control"":{""warn"":false},""seed"":10201,""convergence"":""core"",""verbose"":false}",42.13,"reported","ok",""
2,"st_bed_bayesc","D1","01_finemapping","separated","causal_top_20_recall",0.8,"ok","","separated",3003,2003,10201,"0.1.2","1.1.6","f178b332fb3ac6cee95914d519a84301a305ff24","{""nit"":500,""nburn"":250,""nthin"":1,""nchains"":1,""ncores"":1,""convergence_control"":{""warn"":false},""seed"":10201,""convergence"":""core"",""verbose"":false}",42.13,"reported","ok",""
2,"st_bed_bayesc","D1","01_finemapping","separated","causal_top_50_recall",0.8,"ok","","separated",3003,2003,10201,"0.1.2","1.1.6","f178b332fb3ac6cee95914d519a84301a305ff24","{""nit"":500,""nburn"":250,""nthin"":1,""nchains"":1,""ncores"":1,""convergence_control"":{""warn"":false},""seed"":10201,""convergence"":""core"",""verbose"":false}",42.13,"reported","ok",""
2,"st_bed_bayesr","D1","01_finemapping","separated","pip_brier",7.19952620357453e-05,"ok","","separated",3003,2003,10202,"0.1.2","1.1.6","f178b332fb3ac6cee95914d519a84301a305ff24","{""nit"":500,""nburn"":250,""nthin"":1,""nchains"":1,""ncores"":1,""convergence_control"":{""warn"":false},""seed"":10202,""convergence"":""core"",""verbose"":false}",93.96,"reported","ok",""
2,"st_bed_bayesr","D1","01_finemapping","separated","effect_rmse",0.000938037660840267,"ok","","separated",3003,2003,10202,"0.1.2","1.1.6","f178b332fb3ac6cee95914d519a84301a305ff24","{""nit"":500,""nburn"":250,""nthin"":1,""nchains"":1,""ncores"":1,""convergence_control"":{""warn"":false},""seed"":10202,""convergence"":""core"",""verbose"":false}",93.96,"reported","ok",""
2,"st_bed_bayesr","D1","01_finemapping","separated","average_precision",0.800671808869408,"ok","","separated",3003,2003,10202,"0.1.2","1.1.6","f178b332fb3ac6cee95914d519a84301a305ff24","{""nit"":500,""nburn"":250,""nthin"":1,""nchains"":1,""ncores"":1,""convergence_control"":{""warn"":false},""seed"":10202,""convergence"":""core"",""verbose"":false}",93.96,"reported","ok",""
2,"st_bed_bayesr","D1","01_finemapping","separated","causal_rank_mean",1636.7,"ok","","separated",3003,2003,10202,"0.1.2","1.1.6","f178b332fb3ac6cee95914d519a84301a305ff24","{""nit"":500,""nburn"":250,""nthin"":1,""nchains"":1,""ncores"":1,""convergence_control"":{""warn"":false},""seed"":10202,""convergence"":""core"",""verbose"":false}",93.96,"reported","ok",""
2,"st_bed_bayesr","D1","01_finemapping","separated","causal_rank_median",5.5,"ok","","separated",3003,2003,10202,"0.1.2","1.1.6","f178b332fb3ac6cee95914d519a84301a305ff24","{""nit"":500,""nburn"":250,""nthin"":1,""nchains"":1,""ncores"":1,""convergence_control"":{""warn"":false},""seed"":10202,""convergence"":""core"",""verbose"":false}",93.96,"reported","ok",""
2,"st_bed_bayesr","D1","01_finemapping","separated","causal_rank_best",1,"ok","","separated",3003,2003,10202,"0.1.2","1.1.6","f178b332fb3ac6cee95914d519a84301a305ff24","{""nit"":500,""nburn"":250,""nthin"":1,""nchains"":1,""ncores"":1,""convergence_control"":{""warn"":false},""seed"":10202,""convergence"":""core"",""verbose"":false}",93.96,"reported","ok",""
2,"st_bed_bayesr","D1","01_finemapping","separated","causal_rank_worst",14842,"ok","","separated",3003,2003,10202,"0.1.2","1.1.6","f178b332fb3ac6cee95914d519a84301a305ff24","{""nit"":500,""nburn"":250,""nthin"":1,""nchains"":1,""ncores"":1,""convergence_control"":{""warn"":false},""seed"":10202,""convergence"":""core"",""verbose"":false}",93.96,"reported","ok",""
2,"st_bed_bayesr","D1","01_finemapping","separated","causal_top_10_recall",0.8,"ok","","separated",3003,2003,10202,"0.1.2","1.1.6","f178b332fb3ac6cee95914d519a84301a305ff24","{""nit"":500,""nburn"":250,""nthin"":1,""nchains"":1,""ncores"":1,""convergence_control"":{""warn"":false},""seed"":10202,""convergence"":""core"",""verbose"":false}",93.96,"reported","ok",""
2,"st_bed_bayesr","D1","01_finemapping","separated","causal_top_20_recall",0.8,"ok","","separated",3003,2003,10202,"0.1.2","1.1.6","f178b332fb3ac6cee95914d519a84301a305ff24","{""nit"":500,""nburn"":250,""nthin"":1,""nchains"":1,""ncores"":1,""convergence_control"":{""warn"":false},""seed"":10202,""convergence"":""core"",""verbose"":false}",93.96,"reported","ok",""
2,"st_bed_bayesr","D1","01_finemapping","separated","causal_top_50_recall",0.8,"ok","","separated",3003,2003,10202,"0.1.2","1.1.6","f178b332fb3ac6cee95914d519a84301a305ff24","{""nit"":500,""nburn"":250,""nthin"":1,""nchains"":1,""ncores"":1,""convergence_control"":{""warn"":false},""seed"":10202,""convergence"":""core"",""verbose"":false}",93.96,"reported","ok",""
2,"st_csr_sbayesc","D1","01_finemapping","separated","pip_brier",9.68727330157142e-05,"ok","","separated",3003,2003,10203,"0.1.2","1.1.6","f178b332fb3ac6cee95914d519a84301a305ff24","{""nit"":500,""nburn"":250,""nthin"":1,""nchains"":1,""ncores"":1,""convergence_control"":{""warn"":false},""seed"":10203,""convergence"":""core"",""verbose"":false}",21.99,"reported","ok",""
2,"st_csr_sbayesc","D1","01_finemapping","separated","effect_rmse",0.00114466307708383,"ok","","separated",3003,2003,10203,"0.1.2","1.1.6","f178b332fb3ac6cee95914d519a84301a305ff24","{""nit"":500,""nburn"":250,""nthin"":1,""nchains"":1,""ncores"":1,""convergence_control"":{""warn"":false},""seed"":10203,""convergence"":""core"",""verbose"":false}",21.99,"reported","ok",""
2,"st_csr_sbayesc","D1","01_finemapping","separated","average_precision",0.800094784560829,"ok","","separated",3003,2003,10203,"0.1.2","1.1.6","f178b332fb3ac6cee95914d519a84301a305ff24","{""nit"":500,""nburn"":250,""nthin"":1,""nchains"":1,""ncores"":1,""convergence_control"":{""warn"":false},""seed"":10203,""convergence"":""core"",""verbose"":false}",21.99,"reported","ok",""
2,"st_csr_sbayesc","D1","01_finemapping","separated","causal_rank_mean",4085.4,"ok","","separated",3003,2003,10203,"0.1.2","1.1.6","f178b332fb3ac6cee95914d519a84301a305ff24","{""nit"":500,""nburn"":250,""nthin"":1,""nchains"":1,""ncores"":1,""convergence_control"":{""warn"":false},""seed"":10203,""convergence"":""core"",""verbose"":false}",21.99,"reported","ok",""
2,"st_csr_sbayesc","D1","01_finemapping","separated","causal_rank_median",5.5,"ok","","separated",3003,2003,10203,"0.1.2","1.1.6","f178b332fb3ac6cee95914d519a84301a305ff24","{""nit"":500,""nburn"":250,""nthin"":1,""nchains"":1,""ncores"":1,""convergence_control"":{""warn"":false},""seed"":10203,""convergence"":""core"",""verbose"":false}",21.99,"reported","ok",""
2,"st_csr_sbayesc","D1","01_finemapping","separated","causal_rank_best",1,"ok","","separated",3003,2003,10203,"0.1.2","1.1.6","f178b332fb3ac6cee95914d519a84301a305ff24","{""nit"":500,""nburn"":250,""nthin"":1,""nchains"":1,""ncores"":1,""convergence_control"":{""warn"":false},""seed"":10203,""convergence"":""core"",""verbose"":false}",21.99,"reported","ok",""
2,"st_csr_sbayesc","D1","01_finemapping","separated","causal_rank_worst",23711,"ok","","separated",3003,2003,10203,"0.1.2","1.1.6","f178b332fb3ac6cee95914d519a84301a305ff24","{""nit"":500,""nburn"":250,""nthin"":1,""nchains"":1,""ncores"":1,""convergence_control"":{""warn"":false},""seed"":10203,""convergence"":""core"",""verbose"":false}",21.99,"reported","ok",""
2,"st_csr_sbayesc","D1","01_finemapping","separated","causal_top_10_recall",0.8,"ok","","separated",3003,2003,10203,"0.1.2","1.1.6","f178b332fb3ac6cee95914d519a84301a305ff24","{""nit"":500,""nburn"":250,""nthin"":1,""nchains"":1,""ncores"":1,""convergence_control"":{""warn"":false},""seed"":10203,""convergence"":""core"",""verbose"":false}",21.99,"reported","ok",""
2,"st_csr_sbayesc","D1","01_finemapping","separated","causal_top_20_recall",0.8,"ok","","separated",3003,2003,10203,"0.1.2","1.1.6","f178b332fb3ac6cee95914d519a84301a305ff24","{""nit"":500,""nburn"":250,""nthin"":1,""nchains"":1,""ncores"":1,""convergence_control"":{""warn"":false},""seed"":10203,""convergence"":""core"",""verbose"":false}",21.99,"reported","ok",""
2,"st_csr_sbayesc","D1","01_finemapping","separated","causal_top_50_recall",0.8,"ok","","separated",3003,2003,10203,"0.1.2","1.1.6","f178b332fb3ac6cee95914d519a84301a305ff24","{""nit"":500,""nburn"":250,""nthin"":1,""nchains"":1,""ncores"":1,""convergence_control"":{""warn"":false},""seed"":10203,""convergence"":""core"",""verbose"":false}",21.99,"reported","ok",""
2,"st_csr_sbayesr","D1","01_finemapping","separated","pip_brier",8.10688847358585e-05,"ok","","separated",3003,2003,10204,"0.1.2","1.1.6","f178b332fb3ac6cee95914d519a84301a305ff24","{""nit"":500,""nburn"":250,""nthin"":1,""nchains"":1,""ncores"":1,""convergence_control"":{""warn"":false},""seed"":10204,""convergence"":""core"",""verbose"":false}",56.4899999999999,"reported","ok",""
2,"st_csr_sbayesr","D1","01_finemapping","separated","effect_rmse",0.00100535564845737,"ok","","separated",3003,2003,10204,"0.1.2","1.1.6","f178b332fb3ac6cee95914d519a84301a305ff24","{""nit"":500,""nburn"":250,""nthin"":1,""nchains"":1,""ncores"":1,""convergence_control"":{""warn"":false},""seed"":10204,""convergence"":""core"",""verbose"":false}",56.4899999999999,"reported","ok",""
2,"st_csr_sbayesr","D1","01_finemapping","separated","average_precision",0.800227433246048,"ok","","separated",3003,2003,10204,"0.1.2","1.1.6","f178b332fb3ac6cee95914d519a84301a305ff24","{""nit"":500,""nburn"":250,""nthin"":1,""nchains"":1,""ncores"":1,""convergence_control"":{""warn"":false},""seed"":10204,""convergence"":""core"",""verbose"":false}",56.4899999999999,"reported","ok",""
2,"st_csr_sbayesr","D1","01_finemapping","separated","causal_rank_mean",3043.4,"ok","","separated",3003,2003,10204,"0.1.2","1.1.6","f178b332fb3ac6cee95914d519a84301a305ff24","{""nit"":500,""nburn"":250,""nthin"":1,""nchains"":1,""ncores"":1,""convergence_control"":{""warn"":false},""seed"":10204,""convergence"":""core"",""verbose"":false}",56.4899999999999,"reported","ok",""
2,"st_csr_sbayesr","D1","01_finemapping","separated","causal_rank_median",5.5,"ok","","separated",3003,2003,10204,"0.1.2","1.1.6","f178b332fb3ac6cee95914d519a84301a305ff24","{""nit"":500,""nburn"":250,""nthin"":1,""nchains"":1,""ncores"":1,""convergence_control"":{""warn"":false},""seed"":10204,""convergence"":""core"",""verbose"":false}",56.4899999999999,"reported","ok",""
2,"st_csr_sbayesr","D1","01_finemapping","separated","causal_rank_best",1,"ok","","separated",3003,2003,10204,"0.1.2","1.1.6","f178b332fb3ac6cee95914d519a84301a305ff24","{""nit"":500,""nburn"":250,""nthin"":1,""nchains"":1,""ncores"":1,""convergence_control"":{""warn"":false},""seed"":10204,""convergence"":""core"",""verbose"":false}",56.4899999999999,"reported","ok",""
2,"st_csr_sbayesr","D1","01_finemapping","separated","causal_rank_worst",25621,"ok","","separated",3003,2003,10204,"0.1.2","1.1.6","f178b332fb3ac6cee95914d519a84301a305ff24","{""nit"":500,""nburn"":250,""nthin"":1,""nchains"":1,""ncores"":1,""convergence_control"":{""warn"":false},""seed"":10204,""convergence"":""core"",""verbose"":false}",56.4899999999999,"reported","ok",""
2,"st_csr_sbayesr","D1","01_finemapping","separated","causal_top_10_recall",0.8,"ok","","separated",3003,2003,10204,"0.1.2","1.1.6","f178b332fb3ac6cee95914d519a84301a305ff24","{""nit"":500,""nburn"":250,""nthin"":1,""nchains"":1,""ncores"":1,""convergence_control"":{""warn"":false},""seed"":10204,""convergence"":""core"",""verbose"":false}",56.4899999999999,"reported","ok",""
2,"st_csr_sbayesr","D1","01_finemapping","separated","causal_top_20_recall",0.8,"ok","","separated",3003,2003,10204,"0.1.2","1.1.6","f178b332fb3ac6cee95914d519a84301a305ff24","{""nit"":500,""nburn"":250,""nthin"":1,""nchains"":1,""ncores"":1,""convergence_control"":{""warn"":false},""seed"":10204,""convergence"":""core"",""verbose"":false}",56.4899999999999,"reported","ok",""
2,"st_csr_sbayesr","D1","01_finemapping","separated","causal_top_50_recall",0.8,"ok","","separated",3003,2003,10204,"0.1.2","1.1.6","f178b332fb3ac6cee95914d519a84301a305ff24","{""nit"":500,""nburn"":250,""nthin"":1,""nchains"":1,""ncores"":1,""convergence_control"":{""warn"":false},""seed"":10204,""convergence"":""core"",""verbose"":false}",56.4899999999999,"reported","ok",""
3,"st_bed_bayesc","D1","01_finemapping","separated","pip_brier",1.20274801926772e-05,"ok","","separated",3004,2004,10301,"0.1.2","1.1.6","f178b332fb3ac6cee95914d519a84301a305ff24","{""nit"":500,""nburn"":250,""nthin"":1,""nchains"":1,""ncores"":1,""convergence_control"":{""warn"":false},""seed"":10301,""convergence"":""core"",""verbose"":false}",57.27,"reported","ok",""
3,"st_bed_bayesc","D1","01_finemapping","separated","effect_rmse",0.000888335274812261,"ok","","separated",3004,2004,10301,"0.1.2","1.1.6","f178b332fb3ac6cee95914d519a84301a305ff24","{""nit"":500,""nburn"":250,""nthin"":1,""nchains"":1,""ncores"":1,""convergence_control"":{""warn"":false},""seed"":10301,""convergence"":""core"",""verbose"":false}",57.27,"reported","ok",""
3,"st_bed_bayesc","D1","01_finemapping","separated","average_precision",1,"ok","","separated",3004,2004,10301,"0.1.2","1.1.6","f178b332fb3ac6cee95914d519a84301a305ff24","{""nit"":500,""nburn"":250,""nthin"":1,""nchains"":1,""ncores"":1,""convergence_control"":{""warn"":false},""seed"":10301,""convergence"":""core"",""verbose"":false}",57.27,"reported","ok",""
3,"st_bed_bayesc","D1","01_finemapping","separated","causal_rank_mean",5.5,"ok","","separated",3004,2004,10301,"0.1.2","1.1.6","f178b332fb3ac6cee95914d519a84301a305ff24","{""nit"":500,""nburn"":250,""nthin"":1,""nchains"":1,""ncores"":1,""convergence_control"":{""warn"":false},""seed"":10301,""convergence"":""core"",""verbose"":false}",57.27,"reported","ok",""
3,"st_bed_bayesc","D1","01_finemapping","separated","causal_rank_median",5.5,"ok","","separated",3004,2004,10301,"0.1.2","1.1.6","f178b332fb3ac6cee95914d519a84301a305ff24","{""nit"":500,""nburn"":250,""nthin"":1,""nchains"":1,""ncores"":1,""convergence_control"":{""warn"":false},""seed"":10301,""convergence"":""core"",""verbose"":false}",57.27,"reported","ok",""
3,"st_bed_bayesc","D1","01_finemapping","separated","causal_rank_best",1,"ok","","separated",3004,2004,10301,"0.1.2","1.1.6","f178b332fb3ac6cee95914d519a84301a305ff24","{""nit"":500,""nburn"":250,""nthin"":1,""nchains"":1,""ncores"":1,""convergence_control"":{""warn"":false},""seed"":10301,""convergence"":""core"",""verbose"":false}",57.27,"reported","ok",""
3,"st_bed_bayesc","D1","01_finemapping","separated","causal_rank_worst",10,"ok","","separated",3004,2004,10301,"0.1.2","1.1.6","f178b332fb3ac6cee95914d519a84301a305ff24","{""nit"":500,""nburn"":250,""nthin"":1,""nchains"":1,""ncores"":1,""convergence_control"":{""warn"":false},""seed"":10301,""convergence"":""core"",""verbose"":false}",57.27,"reported","ok",""
3,"st_bed_bayesc","D1","01_finemapping","separated","causal_top_10_recall",1,"ok","","separated",3004,2004,10301,"0.1.2","1.1.6","f178b332fb3ac6cee95914d519a84301a305ff24","{""nit"":500,""nburn"":250,""nthin"":1,""nchains"":1,""ncores"":1,""convergence_control"":{""warn"":false},""seed"":10301,""convergence"":""core"",""verbose"":false}",57.27,"reported","ok",""
3,"st_bed_bayesc","D1","01_finemapping","separated","causal_top_20_recall",1,"ok","","separated",3004,2004,10301,"0.1.2","1.1.6","f178b332fb3ac6cee95914d519a84301a305ff24","{""nit"":500,""nburn"":250,""nthin"":1,""nchains"":1,""ncores"":1,""convergence_control"":{""warn"":false},""seed"":10301,""convergence"":""core"",""verbose"":false}",57.27,"reported","ok",""
3,"st_bed_bayesc","D1","01_finemapping","separated","causal_top_50_recall",1,"ok","","separated",3004,2004,10301,"0.1.2","1.1.6","f178b332fb3ac6cee95914d519a84301a305ff24","{""nit"":500,""nburn"":250,""nthin"":1,""nchains"":1,""ncores"":1,""convergence_control"":{""warn"":false},""seed"":10301,""convergence"":""core"",""verbose"":false}",57.27,"reported","ok",""
3,"st_bed_bayesr","D1","01_finemapping","separated","pip_brier",1.32985180700692e-05,"ok","","separated",3004,2004,10302,"0.1.2","1.1.6","f178b332fb3ac6cee95914d519a84301a305ff24","{""nit"":500,""nburn"":250,""nthin"":1,""nchains"":1,""ncores"":1,""convergence_control"":{""warn"":false},""seed"":10302,""convergence"":""core"",""verbose"":false}",93.23,"reported","ok",""
3,"st_bed_bayesr","D1","01_finemapping","separated","effect_rmse",0.000959891512688313,"ok","","separated",3004,2004,10302,"0.1.2","1.1.6","f178b332fb3ac6cee95914d519a84301a305ff24","{""nit"":500,""nburn"":250,""nthin"":1,""nchains"":1,""ncores"":1,""convergence_control"":{""warn"":false},""seed"":10302,""convergence"":""core"",""verbose"":false}",93.23,"reported","ok",""
3,"st_bed_bayesr","D1","01_finemapping","separated","average_precision",1,"ok","","separated",3004,2004,10302,"0.1.2","1.1.6","f178b332fb3ac6cee95914d519a84301a305ff24","{""nit"":500,""nburn"":250,""nthin"":1,""nchains"":1,""ncores"":1,""convergence_control"":{""warn"":false},""seed"":10302,""convergence"":""core"",""verbose"":false}",93.23,"reported","ok",""
3,"st_bed_bayesr","D1","01_finemapping","separated","causal_rank_mean",5.5,"ok","","separated",3004,2004,10302,"0.1.2","1.1.6","f178b332fb3ac6cee95914d519a84301a305ff24","{""nit"":500,""nburn"":250,""nthin"":1,""nchains"":1,""ncores"":1,""convergence_control"":{""warn"":false},""seed"":10302,""convergence"":""core"",""verbose"":false}",93.23,"reported","ok",""
3,"st_bed_bayesr","D1","01_finemapping","separated","causal_rank_median",5.5,"ok","","separated",3004,2004,10302,"0.1.2","1.1.6","f178b332fb3ac6cee95914d519a84301a305ff24","{""nit"":500,""nburn"":250,""nthin"":1,""nchains"":1,""ncores"":1,""convergence_control"":{""warn"":false},""seed"":10302,""convergence"":""core"",""verbose"":false}",93.23,"reported","ok",""
3,"st_bed_bayesr","D1","01_finemapping","separated","causal_rank_best",1,"ok","","separated",3004,2004,10302,"0.1.2","1.1.6","f178b332fb3ac6cee95914d519a84301a305ff24","{""nit"":500,""nburn"":250,""nthin"":1,""nchains"":1,""ncores"":1,""convergence_control"":{""warn"":false},""seed"":10302,""convergence"":""core"",""verbose"":false}",93.23,"reported","ok",""
3,"st_bed_bayesr","D1","01_finemapping","separated","causal_rank_worst",10,"ok","","separated",3004,2004,10302,"0.1.2","1.1.6","f178b332fb3ac6cee95914d519a84301a305ff24","{""nit"":500,""nburn"":250,""nthin"":1,""nchains"":1,""ncores"":1,""convergence_control"":{""warn"":false},""seed"":10302,""convergence"":""core"",""verbose"":false}",93.23,"reported","ok",""
3,"st_bed_bayesr","D1","01_finemapping","separated","causal_top_10_recall",1,"ok","","separated",3004,2004,10302,"0.1.2","1.1.6","f178b332fb3ac6cee95914d519a84301a305ff24","{""nit"":500,""nburn"":250,""nthin"":1,""nchains"":1,""ncores"":1,""convergence_control"":{""warn"":false},""seed"":10302,""convergence"":""core"",""verbose"":false}",93.23,"reported","ok",""
3,"st_bed_bayesr","D1","01_finemapping","separated","causal_top_20_recall",1,"ok","","separated",3004,2004,10302,"0.1.2","1.1.6","f178b332fb3ac6cee95914d519a84301a305ff24","{""nit"":500,""nburn"":250,""nthin"":1,""nchains"":1,""ncores"":1,""convergence_control"":{""warn"":false},""seed"":10302,""convergence"":""core"",""verbose"":false}",93.23,"reported","ok",""
3,"st_bed_bayesr","D1","01_finemapping","separated","causal_top_50_recall",1,"ok","","separated",3004,2004,10302,"0.1.2","1.1.6","f178b332fb3ac6cee95914d519a84301a305ff24","{""nit"":500,""nburn"":250,""nthin"":1,""nchains"":1,""ncores"":1,""convergence_control"":{""warn"":false},""seed"":10302,""convergence"":""core"",""verbose"":false}",93.23,"reported","ok",""
3,"st_csr_sbayesc","D1","01_finemapping","separated","pip_brier",2.46045642388987e-05,"ok","","separated",3004,2004,10303,"0.1.2","1.1.6","f178b332fb3ac6cee95914d519a84301a305ff24","{""nit"":500,""nburn"":250,""nthin"":1,""nchains"":1,""ncores"":1,""convergence_control"":{""warn"":false},""seed"":10303,""convergence"":""core"",""verbose"":false}",21.8,"reported","ok",""
3,"st_csr_sbayesc","D1","01_finemapping","separated","effect_rmse",0.000997244224626782,"ok","","separated",3004,2004,10303,"0.1.2","1.1.6","f178b332fb3ac6cee95914d519a84301a305ff24","{""nit"":500,""nburn"":250,""nthin"":1,""nchains"":1,""ncores"":1,""convergence_control"":{""warn"":false},""seed"":10303,""convergence"":""core"",""verbose"":false}",21.8,"reported","ok",""
3,"st_csr_sbayesc","D1","01_finemapping","separated","average_precision",1,"ok","","separated",3004,2004,10303,"0.1.2","1.1.6","f178b332fb3ac6cee95914d519a84301a305ff24","{""nit"":500,""nburn"":250,""nthin"":1,""nchains"":1,""ncores"":1,""convergence_control"":{""warn"":false},""seed"":10303,""convergence"":""core"",""verbose"":false}",21.8,"reported","ok",""
3,"st_csr_sbayesc","D1","01_finemapping","separated","causal_rank_mean",5.5,"ok","","separated",3004,2004,10303,"0.1.2","1.1.6","f178b332fb3ac6cee95914d519a84301a305ff24","{""nit"":500,""nburn"":250,""nthin"":1,""nchains"":1,""ncores"":1,""convergence_control"":{""warn"":false},""seed"":10303,""convergence"":""core"",""verbose"":false}",21.8,"reported","ok",""
3,"st_csr_sbayesc","D1","01_finemapping","separated","causal_rank_median",5.5,"ok","","separated",3004,2004,10303,"0.1.2","1.1.6","f178b332fb3ac6cee95914d519a84301a305ff24","{""nit"":500,""nburn"":250,""nthin"":1,""nchains"":1,""ncores"":1,""convergence_control"":{""warn"":false},""seed"":10303,""convergence"":""core"",""verbose"":false}",21.8,"reported","ok",""
3,"st_csr_sbayesc","D1","01_finemapping","separated","causal_rank_best",1,"ok","","separated",3004,2004,10303,"0.1.2","1.1.6","f178b332fb3ac6cee95914d519a84301a305ff24","{""nit"":500,""nburn"":250,""nthin"":1,""nchains"":1,""ncores"":1,""convergence_control"":{""warn"":false},""seed"":10303,""convergence"":""core"",""verbose"":false}",21.8,"reported","ok",""
3,"st_csr_sbayesc","D1","01_finemapping","separated","causal_rank_worst",10,"ok","","separated",3004,2004,10303,"0.1.2","1.1.6","f178b332fb3ac6cee95914d519a84301a305ff24","{""nit"":500,""nburn"":250,""nthin"":1,""nchains"":1,""ncores"":1,""convergence_control"":{""warn"":false},""seed"":10303,""convergence"":""core"",""verbose"":false}",21.8,"reported","ok",""
3,"st_csr_sbayesc","D1","01_finemapping","separated","causal_top_10_recall",1,"ok","","separated",3004,2004,10303,"0.1.2","1.1.6","f178b332fb3ac6cee95914d519a84301a305ff24","{""nit"":500,""nburn"":250,""nthin"":1,""nchains"":1,""ncores"":1,""convergence_control"":{""warn"":false},""seed"":10303,""convergence"":""core"",""verbose"":false}",21.8,"reported","ok",""
3,"st_csr_sbayesc","D1","01_finemapping","separated","causal_top_20_recall",1,"ok","","separated",3004,2004,10303,"0.1.2","1.1.6","f178b332fb3ac6cee95914d519a84301a305ff24","{""nit"":500,""nburn"":250,""nthin"":1,""nchains"":1,""ncores"":1,""convergence_control"":{""warn"":false},""seed"":10303,""convergence"":""core"",""verbose"":false}",21.8,"reported","ok",""
3,"st_csr_sbayesc","D1","01_finemapping","separated","causal_top_50_recall",1,"ok","","separated",3004,2004,10303,"0.1.2","1.1.6","f178b332fb3ac6cee95914d519a84301a305ff24","{""nit"":500,""nburn"":250,""nthin"":1,""nchains"":1,""ncores"":1,""convergence_control"":{""warn"":false},""seed"":10303,""convergence"":""core"",""verbose"":false}",21.8,"reported","ok",""
3,"st_csr_sbayesr","D1","01_finemapping","separated","pip_brier",2.24636361243452e-05,"ok","","separated",3004,2004,10304,"0.1.2","1.1.6","f178b332fb3ac6cee95914d519a84301a305ff24","{""nit"":500,""nburn"":250,""nthin"":1,""nchains"":1,""ncores"":1,""convergence_control"":{""warn"":false},""seed"":10304,""convergence"":""core"",""verbose"":false}",57.77,"reported","ok",""
3,"st_csr_sbayesr","D1","01_finemapping","separated","effect_rmse",0.00101913460430734,"ok","","separated",3004,2004,10304,"0.1.2","1.1.6","f178b332fb3ac6cee95914d519a84301a305ff24","{""nit"":500,""nburn"":250,""nthin"":1,""nchains"":1,""ncores"":1,""convergence_control"":{""warn"":false},""seed"":10304,""convergence"":""core"",""verbose"":false}",57.77,"reported","ok",""
3,"st_csr_sbayesr","D1","01_finemapping","separated","average_precision",1,"ok","","separated",3004,2004,10304,"0.1.2","1.1.6","f178b332fb3ac6cee95914d519a84301a305ff24","{""nit"":500,""nburn"":250,""nthin"":1,""nchains"":1,""ncores"":1,""convergence_control"":{""warn"":false},""seed"":10304,""convergence"":""core"",""verbose"":false}",57.77,"reported","ok",""
3,"st_csr_sbayesr","D1","01_finemapping","separated","causal_rank_mean",5.5,"ok","","separated",3004,2004,10304,"0.1.2","1.1.6","f178b332fb3ac6cee95914d519a84301a305ff24","{""nit"":500,""nburn"":250,""nthin"":1,""nchains"":1,""ncores"":1,""convergence_control"":{""warn"":false},""seed"":10304,""convergence"":""core"",""verbose"":false}",57.77,"reported","ok",""
3,"st_csr_sbayesr","D1","01_finemapping","separated","causal_rank_median",5.5,"ok","","separated",3004,2004,10304,"0.1.2","1.1.6","f178b332fb3ac6cee95914d519a84301a305ff24","{""nit"":500,""nburn"":250,""nthin"":1,""nchains"":1,""ncores"":1,""convergence_control"":{""warn"":false},""seed"":10304,""convergence"":""core"",""verbose"":false}",57.77,"reported","ok",""
3,"st_csr_sbayesr","D1","01_finemapping","separated","causal_rank_best",1,"ok","","separated",3004,2004,10304,"0.1.2","1.1.6","f178b332fb3ac6cee95914d519a84301a305ff24","{""nit"":500,""nburn"":250,""nthin"":1,""nchains"":1,""ncores"":1,""convergence_control"":{""warn"":false},""seed"":10304,""convergence"":""core"",""verbose"":false}",57.77,"reported","ok",""
3,"st_csr_sbayesr","D1","01_finemapping","separated","causal_rank_worst",10,"ok","","separated",3004,2004,10304,"0.1.2","1.1.6","f178b332fb3ac6cee95914d519a84301a305ff24","{""nit"":500,""nburn"":250,""nthin"":1,""nchains"":1,""ncores"":1,""convergence_control"":{""warn"":false},""seed"":10304,""convergence"":""core"",""verbose"":false}",57.77,"reported","ok",""
3,"st_csr_sbayesr","D1","01_finemapping","separated","causal_top_10_recall",1,"ok","","separated",3004,2004,10304,"0.1.2","1.1.6","f178b332fb3ac6cee95914d519a84301a305ff24","{""nit"":500,""nburn"":250,""nthin"":1,""nchains"":1,""ncores"":1,""convergence_control"":{""warn"":false},""seed"":10304,""convergence"":""core"",""verbose"":false}",57.77,"reported","ok",""
3,"st_csr_sbayesr","D1","01_finemapping","separated","causal_top_20_recall",1,"ok","","separated",3004,2004,10304,"0.1.2","1.1.6","f178b332fb3ac6cee95914d519a84301a305ff24","{""nit"":500,""nburn"":250,""nthin"":1,""nchains"":1,""ncores"":1,""convergence_control"":{""warn"":false},""seed"":10304,""convergence"":""core"",""verbose"":false}",57.77,"reported","ok",""
3,"st_csr_sbayesr","D1","01_finemapping","separated","causal_top_50_recall",1,"ok","","separated",3004,2004,10304,"0.1.2","1.1.6","f178b332fb3ac6cee95914d519a84301a305ff24","{""nit"":500,""nburn"":250,""nthin"":1,""nchains"":1,""ncores"":1,""convergence_control"":{""warn"":false},""seed"":10304,""convergence"":""core"",""verbose"":false}",57.77,"reported","ok",""
4,"st_bed_bayesc","D1","01_finemapping","separated","pip_brier",0.000128036640256903,"ok","","separated",3005,2005,10401,"0.1.2","1.1.6","f178b332fb3ac6cee95914d519a84301a305ff24","{""nit"":500,""nburn"":250,""nthin"":1,""nchains"":1,""ncores"":1,""convergence_control"":{""warn"":false},""seed"":10401,""convergence"":""core"",""verbose"":false}",52.83,"reported","ok",""
4,"st_bed_bayesc","D1","01_finemapping","separated","effect_rmse",0.00121033593277304,"ok","","separated",3005,2005,10401,"0.1.2","1.1.6","f178b332fb3ac6cee95914d519a84301a305ff24","{""nit"":500,""nburn"":250,""nthin"":1,""nchains"":1,""ncores"":1,""convergence_control"":{""warn"":false},""seed"":10401,""convergence"":""core"",""verbose"":false}",52.83,"reported","ok",""
4,"st_bed_bayesc","D1","01_finemapping","separated","average_precision",0.616589176757793,"ok","","separated",3005,2005,10401,"0.1.2","1.1.6","f178b332fb3ac6cee95914d519a84301a305ff24","{""nit"":500,""nburn"":250,""nthin"":1,""nchains"":1,""ncores"":1,""convergence_control"":{""warn"":false},""seed"":10401,""convergence"":""core"",""verbose"":false}",52.83,"reported","ok",""
4,"st_bed_bayesc","D1","01_finemapping","separated","causal_rank_mean",4685,"ok","","separated",3005,2005,10401,"0.1.2","1.1.6","f178b332fb3ac6cee95914d519a84301a305ff24","{""nit"":500,""nburn"":250,""nthin"":1,""nchains"":1,""ncores"":1,""convergence_control"":{""warn"":false},""seed"":10401,""convergence"":""core"",""verbose"":false}",52.83,"reported","ok",""
4,"st_bed_bayesc","D1","01_finemapping","separated","causal_rank_median",6.5,"ok","","separated",3005,2005,10401,"0.1.2","1.1.6","f178b332fb3ac6cee95914d519a84301a305ff24","{""nit"":500,""nburn"":250,""nthin"":1,""nchains"":1,""ncores"":1,""convergence_control"":{""warn"":false},""seed"":10401,""convergence"":""core"",""verbose"":false}",52.83,"reported","ok",""
4,"st_bed_bayesc","D1","01_finemapping","separated","causal_rank_best",1,"ok","","separated",3005,2005,10401,"0.1.2","1.1.6","f178b332fb3ac6cee95914d519a84301a305ff24","{""nit"":500,""nburn"":250,""nthin"":1,""nchains"":1,""ncores"":1,""convergence_control"":{""warn"":false},""seed"":10401,""convergence"":""core"",""verbose"":false}",52.83,"reported","ok",""
4,"st_bed_bayesc","D1","01_finemapping","separated","causal_rank_worst",32898,"ok","","separated",3005,2005,10401,"0.1.2","1.1.6","f178b332fb3ac6cee95914d519a84301a305ff24","{""nit"":500,""nburn"":250,""nthin"":1,""nchains"":1,""ncores"":1,""convergence_control"":{""warn"":false},""seed"":10401,""convergence"":""core"",""verbose"":false}",52.83,"reported","ok",""
4,"st_bed_bayesc","D1","01_finemapping","separated","causal_top_10_recall",0.6,"ok","","separated",3005,2005,10401,"0.1.2","1.1.6","f178b332fb3ac6cee95914d519a84301a305ff24","{""nit"":500,""nburn"":250,""nthin"":1,""nchains"":1,""ncores"":1,""convergence_control"":{""warn"":false},""seed"":10401,""convergence"":""core"",""verbose"":false}",52.83,"reported","ok",""
4,"st_bed_bayesc","D1","01_finemapping","separated","causal_top_20_recall",0.7,"ok","","separated",3005,2005,10401,"0.1.2","1.1.6","f178b332fb3ac6cee95914d519a84301a305ff24","{""nit"":500,""nburn"":250,""nthin"":1,""nchains"":1,""ncores"":1,""convergence_control"":{""warn"":false},""seed"":10401,""convergence"":""core"",""verbose"":false}",52.83,"reported","ok",""
4,"st_bed_bayesc","D1","01_finemapping","separated","causal_top_50_recall",0.7,"ok","","separated",3005,2005,10401,"0.1.2","1.1.6","f178b332fb3ac6cee95914d519a84301a305ff24","{""nit"":500,""nburn"":250,""nthin"":1,""nchains"":1,""ncores"":1,""convergence_control"":{""warn"":false},""seed"":10401,""convergence"":""core"",""verbose"":false}",52.83,"reported","ok",""
4,"st_bed_bayesr","D1","01_finemapping","separated","pip_brier",0.000125983943565581,"ok","","separated",3005,2005,10402,"0.1.2","1.1.6","f178b332fb3ac6cee95914d519a84301a305ff24","{""nit"":500,""nburn"":250,""nthin"":1,""nchains"":1,""ncores"":1,""convergence_control"":{""warn"":false},""seed"":10402,""convergence"":""core"",""verbose"":false}",69.6800000000001,"reported","ok",""
4,"st_bed_bayesr","D1","01_finemapping","separated","effect_rmse",0.00120887558075256,"ok","","separated",3005,2005,10402,"0.1.2","1.1.6","f178b332fb3ac6cee95914d519a84301a305ff24","{""nit"":500,""nburn"":250,""nthin"":1,""nchains"":1,""ncores"":1,""convergence_control"":{""warn"":false},""seed"":10402,""convergence"":""core"",""verbose"":false}",69.6800000000001,"reported","ok",""
4,"st_bed_bayesr","D1","01_finemapping","separated","average_precision",0.626549285641334,"ok","","separated",3005,2005,10402,"0.1.2","1.1.6","f178b332fb3ac6cee95914d519a84301a305ff24","{""nit"":500,""nburn"":250,""nthin"":1,""nchains"":1,""ncores"":1,""convergence_control"":{""warn"":false},""seed"":10402,""convergence"":""core"",""verbose"":false}",69.6800000000001,"reported","ok",""
4,"st_bed_bayesr","D1","01_finemapping","separated","causal_rank_mean",4781.6,"ok","","separated",3005,2005,10402,"0.1.2","1.1.6","f178b332fb3ac6cee95914d519a84301a305ff24","{""nit"":500,""nburn"":250,""nthin"":1,""nchains"":1,""ncores"":1,""convergence_control"":{""warn"":false},""seed"":10402,""convergence"":""core"",""verbose"":false}",69.6800000000001,"reported","ok",""
4,"st_bed_bayesr","D1","01_finemapping","separated","causal_rank_median",6.5,"ok","","separated",3005,2005,10402,"0.1.2","1.1.6","f178b332fb3ac6cee95914d519a84301a305ff24","{""nit"":500,""nburn"":250,""nthin"":1,""nchains"":1,""ncores"":1,""convergence_control"":{""warn"":false},""seed"":10402,""convergence"":""core"",""verbose"":false}",69.6800000000001,"reported","ok",""
4,"st_bed_bayesr","D1","01_finemapping","separated","causal_rank_best",1,"ok","","separated",3005,2005,10402,"0.1.2","1.1.6","f178b332fb3ac6cee95914d519a84301a305ff24","{""nit"":500,""nburn"":250,""nthin"":1,""nchains"":1,""ncores"":1,""convergence_control"":{""warn"":false},""seed"":10402,""convergence"":""core"",""verbose"":false}",69.6800000000001,"reported","ok",""
4,"st_bed_bayesr","D1","01_finemapping","separated","causal_rank_worst",33090,"ok","","separated",3005,2005,10402,"0.1.2","1.1.6","f178b332fb3ac6cee95914d519a84301a305ff24","{""nit"":500,""nburn"":250,""nthin"":1,""nchains"":1,""ncores"":1,""convergence_control"":{""warn"":false},""seed"":10402,""convergence"":""core"",""verbose"":false}",69.6800000000001,"reported","ok",""
4,"st_bed_bayesr","D1","01_finemapping","separated","causal_top_10_recall",0.6,"ok","","separated",3005,2005,10402,"0.1.2","1.1.6","f178b332fb3ac6cee95914d519a84301a305ff24","{""nit"":500,""nburn"":250,""nthin"":1,""nchains"":1,""ncores"":1,""convergence_control"":{""warn"":false},""seed"":10402,""convergence"":""core"",""verbose"":false}",69.6800000000001,"reported","ok",""
4,"st_bed_bayesr","D1","01_finemapping","separated","causal_top_20_recall",0.7,"ok","","separated",3005,2005,10402,"0.1.2","1.1.6","f178b332fb3ac6cee95914d519a84301a305ff24","{""nit"":500,""nburn"":250,""nthin"":1,""nchains"":1,""ncores"":1,""convergence_control"":{""warn"":false},""seed"":10402,""convergence"":""core"",""verbose"":false}",69.6800000000001,"reported","ok",""
4,"st_bed_bayesr","D1","01_finemapping","separated","causal_top_50_recall",0.7,"ok","","separated",3005,2005,10402,"0.1.2","1.1.6","f178b332fb3ac6cee95914d519a84301a305ff24","{""nit"":500,""nburn"":250,""nthin"":1,""nchains"":1,""ncores"":1,""convergence_control"":{""warn"":false},""seed"":10402,""convergence"":""core"",""verbose"":false}",69.6800000000001,"reported","ok",""
4,"st_csr_sbayesc","D1","01_finemapping","separated","pip_brier",0.000168520965491827,"ok","","separated",3005,2005,10403,"0.1.2","1.1.6","f178b332fb3ac6cee95914d519a84301a305ff24","{""nit"":500,""nburn"":250,""nthin"":1,""nchains"":1,""ncores"":1,""convergence_control"":{""warn"":false},""seed"":10403,""convergence"":""core"",""verbose"":false}",23.1700000000001,"reported","ok",""
4,"st_csr_sbayesc","D1","01_finemapping","separated","effect_rmse",0.00152602591734244,"ok","","separated",3005,2005,10403,"0.1.2","1.1.6","f178b332fb3ac6cee95914d519a84301a305ff24","{""nit"":500,""nburn"":250,""nthin"":1,""nchains"":1,""ncores"":1,""convergence_control"":{""warn"":false},""seed"":10403,""convergence"":""core"",""verbose"":false}",23.1700000000001,"reported","ok",""
4,"st_csr_sbayesc","D1","01_finemapping","separated","average_precision",0.59233166981189,"ok","","separated",3005,2005,10403,"0.1.2","1.1.6","f178b332fb3ac6cee95914d519a84301a305ff24","{""nit"":500,""nburn"":250,""nthin"":1,""nchains"":1,""ncores"":1,""convergence_control"":{""warn"":false},""seed"":10403,""convergence"":""core"",""verbose"":false}",23.1700000000001,"reported","ok",""
4,"st_csr_sbayesc","D1","01_finemapping","separated","causal_rank_mean",5190.5,"ok","","separated",3005,2005,10403,"0.1.2","1.1.6","f178b332fb3ac6cee95914d519a84301a305ff24","{""nit"":500,""nburn"":250,""nthin"":1,""nchains"":1,""ncores"":1,""convergence_control"":{""warn"":false},""seed"":10403,""convergence"":""core"",""verbose"":false}",23.1700000000001,"reported","ok",""
4,"st_csr_sbayesc","D1","01_finemapping","separated","causal_rank_median",8.5,"ok","","separated",3005,2005,10403,"0.1.2","1.1.6","f178b332fb3ac6cee95914d519a84301a305ff24","{""nit"":500,""nburn"":250,""nthin"":1,""nchains"":1,""ncores"":1,""convergence_control"":{""warn"":false},""seed"":10403,""convergence"":""core"",""verbose"":false}",23.1700000000001,"reported","ok",""
4,"st_csr_sbayesc","D1","01_finemapping","separated","causal_rank_best",1,"ok","","separated",3005,2005,10403,"0.1.2","1.1.6","f178b332fb3ac6cee95914d519a84301a305ff24","{""nit"":500,""nburn"":250,""nthin"":1,""nchains"":1,""ncores"":1,""convergence_control"":{""warn"":false},""seed"":10403,""convergence"":""core"",""verbose"":false}",23.1700000000001,"reported","ok",""
4,"st_csr_sbayesc","D1","01_finemapping","separated","causal_rank_worst",33588,"ok","","separated",3005,2005,10403,"0.1.2","1.1.6","f178b332fb3ac6cee95914d519a84301a305ff24","{""nit"":500,""nburn"":250,""nthin"":1,""nchains"":1,""ncores"":1,""convergence_control"":{""warn"":false},""seed"":10403,""convergence"":""core"",""verbose"":false}",23.1700000000001,"reported","ok",""
4,"st_csr_sbayesc","D1","01_finemapping","separated","causal_top_10_recall",0.5,"ok","","separated",3005,2005,10403,"0.1.2","1.1.6","f178b332fb3ac6cee95914d519a84301a305ff24","{""nit"":500,""nburn"":250,""nthin"":1,""nchains"":1,""ncores"":1,""convergence_control"":{""warn"":false},""seed"":10403,""convergence"":""core"",""verbose"":false}",23.1700000000001,"reported","ok",""
4,"st_csr_sbayesc","D1","01_finemapping","separated","causal_top_20_recall",0.7,"ok","","separated",3005,2005,10403,"0.1.2","1.1.6","f178b332fb3ac6cee95914d519a84301a305ff24","{""nit"":500,""nburn"":250,""nthin"":1,""nchains"":1,""ncores"":1,""convergence_control"":{""warn"":false},""seed"":10403,""convergence"":""core"",""verbose"":false}",23.1700000000001,"reported","ok",""
4,"st_csr_sbayesc","D1","01_finemapping","separated","causal_top_50_recall",0.7,"ok","","separated",3005,2005,10403,"0.1.2","1.1.6","f178b332fb3ac6cee95914d519a84301a305ff24","{""nit"":500,""nburn"":250,""nthin"":1,""nchains"":1,""ncores"":1,""convergence_control"":{""warn"":false},""seed"":10403,""convergence"":""core"",""verbose"":false}",23.1700000000001,"reported","ok",""
4,"st_csr_sbayesr","D1","01_finemapping","separated","pip_brier",0.000153220394303914,"ok","","separated",3005,2005,10404,"0.1.2","1.1.6","f178b332fb3ac6cee95914d519a84301a305ff24","{""nit"":500,""nburn"":250,""nthin"":1,""nchains"":1,""ncores"":1,""convergence_control"":{""warn"":false},""seed"":10404,""convergence"":""core"",""verbose"":false}",59.3500000000001,"reported","ok",""
4,"st_csr_sbayesr","D1","01_finemapping","separated","effect_rmse",0.00141932071335313,"ok","","separated",3005,2005,10404,"0.1.2","1.1.6","f178b332fb3ac6cee95914d519a84301a305ff24","{""nit"":500,""nburn"":250,""nthin"":1,""nchains"":1,""ncores"":1,""convergence_control"":{""warn"":false},""seed"":10404,""convergence"":""core"",""verbose"":false}",59.3500000000001,"reported","ok",""
4,"st_csr_sbayesr","D1","01_finemapping","separated","average_precision",0.608896301504207,"ok","","separated",3005,2005,10404,"0.1.2","1.1.6","f178b332fb3ac6cee95914d519a84301a305ff24","{""nit"":500,""nburn"":250,""nthin"":1,""nchains"":1,""ncores"":1,""convergence_control"":{""warn"":false},""seed"":10404,""convergence"":""core"",""verbose"":false}",59.3500000000001,"reported","ok",""
4,"st_csr_sbayesr","D1","01_finemapping","separated","causal_rank_mean",4177.2,"ok","","separated",3005,2005,10404,"0.1.2","1.1.6","f178b332fb3ac6cee95914d519a84301a305ff24","{""nit"":500,""nburn"":250,""nthin"":1,""nchains"":1,""ncores"":1,""convergence_control"":{""warn"":false},""seed"":10404,""convergence"":""core"",""verbose"":false}",59.3500000000001,"reported","ok",""
4,"st_csr_sbayesr","D1","01_finemapping","separated","causal_rank_median",8,"ok","","separated",3005,2005,10404,"0.1.2","1.1.6","f178b332fb3ac6cee95914d519a84301a305ff24","{""nit"":500,""nburn"":250,""nthin"":1,""nchains"":1,""ncores"":1,""convergence_control"":{""warn"":false},""seed"":10404,""convergence"":""core"",""verbose"":false}",59.3500000000001,"reported","ok",""
4,"st_csr_sbayesr","D1","01_finemapping","separated","causal_rank_best",1,"ok","","separated",3005,2005,10404,"0.1.2","1.1.6","f178b332fb3ac6cee95914d519a84301a305ff24","{""nit"":500,""nburn"":250,""nthin"":1,""nchains"":1,""ncores"":1,""convergence_control"":{""warn"":false},""seed"":10404,""convergence"":""core"",""verbose"":false}",59.3500000000001,"reported","ok",""
4,"st_csr_sbayesr","D1","01_finemapping","separated","causal_rank_worst",34191,"ok","","separated",3005,2005,10404,"0.1.2","1.1.6","f178b332fb3ac6cee95914d519a84301a305ff24","{""nit"":500,""nburn"":250,""nthin"":1,""nchains"":1,""ncores"":1,""convergence_control"":{""warn"":false},""seed"":10404,""convergence"":""core"",""verbose"":false}",59.3500000000001,"reported","ok",""
4,"st_csr_sbayesr","D1","01_finemapping","separated","causal_top_10_recall",0.5,"ok","","separated",3005,2005,10404,"0.1.2","1.1.6","f178b332fb3ac6cee95914d519a84301a305ff24","{""nit"":500,""nburn"":250,""nthin"":1,""nchains"":1,""ncores"":1,""convergence_control"":{""warn"":false},""seed"":10404,""convergence"":""core"",""verbose"":false}",59.3500000000001,"reported","ok",""
4,"st_csr_sbayesr","D1","01_finemapping","separated","causal_top_20_recall",0.7,"ok","","separated",3005,2005,10404,"0.1.2","1.1.6","f178b332fb3ac6cee95914d519a84301a305ff24","{""nit"":500,""nburn"":250,""nthin"":1,""nchains"":1,""ncores"":1,""convergence_control"":{""warn"":false},""seed"":10404,""convergence"":""core"",""verbose"":false}",59.3500000000001,"reported","ok",""
4,"st_csr_sbayesr","D1","01_finemapping","separated","causal_top_50_recall",0.7,"ok","","separated",3005,2005,10404,"0.1.2","1.1.6","f178b332fb3ac6cee95914d519a84301a305ff24","{""nit"":500,""nburn"":250,""nthin"":1,""nchains"":1,""ncores"":1,""convergence_control"":{""warn"":false},""seed"":10404,""convergence"":""core"",""verbose"":false}",59.3500000000001,"reported","ok",""
5,"st_bed_bayesc","D1","01_finemapping","separated","pip_brier",6.92679845226501e-05,"ok","","separated",3006,2006,10501,"0.1.2","1.1.6","f178b332fb3ac6cee95914d519a84301a305ff24","{""nit"":500,""nburn"":250,""nthin"":1,""nchains"":1,""ncores"":1,""convergence_control"":{""warn"":false},""seed"":10501,""convergence"":""core"",""verbose"":false}",62,"reported","ok",""
5,"st_bed_bayesc","D1","01_finemapping","separated","effect_rmse",0.000971646516580823,"ok","","separated",3006,2006,10501,"0.1.2","1.1.6","f178b332fb3ac6cee95914d519a84301a305ff24","{""nit"":500,""nburn"":250,""nthin"":1,""nchains"":1,""ncores"":1,""convergence_control"":{""warn"":false},""seed"":10501,""convergence"":""core"",""verbose"":false}",62,"reported","ok",""
5,"st_bed_bayesc","D1","01_finemapping","separated","average_precision",0.801197325256308,"ok","","separated",3006,2006,10501,"0.1.2","1.1.6","f178b332fb3ac6cee95914d519a84301a305ff24","{""nit"":500,""nburn"":250,""nthin"":1,""nchains"":1,""ncores"":1,""convergence_control"":{""warn"":false},""seed"":10501,""convergence"":""core"",""verbose"":false}",62,"reported","ok",""
5,"st_bed_bayesc","D1","01_finemapping","separated","causal_rank_mean",3590.1,"ok","","separated",3006,2006,10501,"0.1.2","1.1.6","f178b332fb3ac6cee95914d519a84301a305ff24","{""nit"":500,""nburn"":250,""nthin"":1,""nchains"":1,""ncores"":1,""convergence_control"":{""warn"":false},""seed"":10501,""convergence"":""core"",""verbose"":false}",62,"reported","ok",""
5,"st_bed_bayesc","D1","01_finemapping","separated","causal_rank_median",5.5,"ok","","separated",3006,2006,10501,"0.1.2","1.1.6","f178b332fb3ac6cee95914d519a84301a305ff24","{""nit"":500,""nburn"":250,""nthin"":1,""nchains"":1,""ncores"":1,""convergence_control"":{""warn"":false},""seed"":10501,""convergence"":""core"",""verbose"":false}",62,"reported","ok",""
5,"st_bed_bayesc","D1","01_finemapping","separated","causal_rank_best",1,"ok","","separated",3006,2006,10501,"0.1.2","1.1.6","f178b332fb3ac6cee95914d519a84301a305ff24","{""nit"":500,""nburn"":250,""nthin"":1,""nchains"":1,""ncores"":1,""convergence_control"":{""warn"":false},""seed"":10501,""convergence"":""core"",""verbose"":false}",62,"reported","ok",""
5,"st_bed_bayesc","D1","01_finemapping","separated","causal_rank_worst",35095,"ok","","separated",3006,2006,10501,"0.1.2","1.1.6","f178b332fb3ac6cee95914d519a84301a305ff24","{""nit"":500,""nburn"":250,""nthin"":1,""nchains"":1,""ncores"":1,""convergence_control"":{""warn"":false},""seed"":10501,""convergence"":""core"",""verbose"":false}",62,"reported","ok",""
5,"st_bed_bayesc","D1","01_finemapping","separated","causal_top_10_recall",0.8,"ok","","separated",3006,2006,10501,"0.1.2","1.1.6","f178b332fb3ac6cee95914d519a84301a305ff24","{""nit"":500,""nburn"":250,""nthin"":1,""nchains"":1,""ncores"":1,""convergence_control"":{""warn"":false},""seed"":10501,""convergence"":""core"",""verbose"":false}",62,"reported","ok",""
5,"st_bed_bayesc","D1","01_finemapping","separated","causal_top_20_recall",0.8,"ok","","separated",3006,2006,10501,"0.1.2","1.1.6","f178b332fb3ac6cee95914d519a84301a305ff24","{""nit"":500,""nburn"":250,""nthin"":1,""nchains"":1,""ncores"":1,""convergence_control"":{""warn"":false},""seed"":10501,""convergence"":""core"",""verbose"":false}",62,"reported","ok",""
5,"st_bed_bayesc","D1","01_finemapping","separated","causal_top_50_recall",0.8,"ok","","separated",3006,2006,10501,"0.1.2","1.1.6","f178b332fb3ac6cee95914d519a84301a305ff24","{""nit"":500,""nburn"":250,""nthin"":1,""nchains"":1,""ncores"":1,""convergence_control"":{""warn"":false},""seed"":10501,""convergence"":""core"",""verbose"":false}",62,"reported","ok",""
5,"st_bed_bayesr","D1","01_finemapping","separated","pip_brier",7.0603669290095e-05,"ok","","separated",3006,2006,10502,"0.1.2","1.1.6","f178b332fb3ac6cee95914d519a84301a305ff24","{""nit"":500,""nburn"":250,""nthin"":1,""nchains"":1,""ncores"":1,""convergence_control"":{""warn"":false},""seed"":10502,""convergence"":""core"",""verbose"":false}",26.25,"reported","ok",""
5,"st_bed_bayesr","D1","01_finemapping","separated","effect_rmse",0.000970384523962705,"ok","","separated",3006,2006,10502,"0.1.2","1.1.6","f178b332fb3ac6cee95914d519a84301a305ff24","{""nit"":500,""nburn"":250,""nthin"":1,""nchains"":1,""ncores"":1,""convergence_control"":{""warn"":false},""seed"":10502,""convergence"":""core"",""verbose"":false}",26.25,"reported","ok",""
5,"st_bed_bayesr","D1","01_finemapping","separated","average_precision",0.802028414741568,"ok","","separated",3006,2006,10502,"0.1.2","1.1.6","f178b332fb3ac6cee95914d519a84301a305ff24","{""nit"":500,""nburn"":250,""nthin"":1,""nchains"":1,""ncores"":1,""convergence_control"":{""warn"":false},""seed"":10502,""convergence"":""core"",""verbose"":false}",26.25,"reported","ok",""
5,"st_bed_bayesr","D1","01_finemapping","separated","causal_rank_mean",3567.9,"ok","","separated",3006,2006,10502,"0.1.2","1.1.6","f178b332fb3ac6cee95914d519a84301a305ff24","{""nit"":500,""nburn"":250,""nthin"":1,""nchains"":1,""ncores"":1,""convergence_control"":{""warn"":false},""seed"":10502,""convergence"":""core"",""verbose"":false}",26.25,"reported","ok",""
5,"st_bed_bayesr","D1","01_finemapping","separated","causal_rank_median",5.5,"ok","","separated",3006,2006,10502,"0.1.2","1.1.6","f178b332fb3ac6cee95914d519a84301a305ff24","{""nit"":500,""nburn"":250,""nthin"":1,""nchains"":1,""ncores"":1,""convergence_control"":{""warn"":false},""seed"":10502,""convergence"":""core"",""verbose"":false}",26.25,"reported","ok",""
5,"st_bed_bayesr","D1","01_finemapping","separated","causal_rank_best",1,"ok","","separated",3006,2006,10502,"0.1.2","1.1.6","f178b332fb3ac6cee95914d519a84301a305ff24","{""nit"":500,""nburn"":250,""nthin"":1,""nchains"":1,""ncores"":1,""convergence_control"":{""warn"":false},""seed"":10502,""convergence"":""core"",""verbose"":false}",26.25,"reported","ok",""
5,"st_bed_bayesr","D1","01_finemapping","separated","causal_rank_worst",35193,"ok","","separated",3006,2006,10502,"0.1.2","1.1.6","f178b332fb3ac6cee95914d519a84301a305ff24","{""nit"":500,""nburn"":250,""nthin"":1,""nchains"":1,""ncores"":1,""convergence_control"":{""warn"":false},""seed"":10502,""convergence"":""core"",""verbose"":false}",26.25,"reported","ok",""
5,"st_bed_bayesr","D1","01_finemapping","separated","causal_top_10_recall",0.8,"ok","","separated",3006,2006,10502,"0.1.2","1.1.6","f178b332fb3ac6cee95914d519a84301a305ff24","{""nit"":500,""nburn"":250,""nthin"":1,""nchains"":1,""ncores"":1,""convergence_control"":{""warn"":false},""seed"":10502,""convergence"":""core"",""verbose"":false}",26.25,"reported","ok",""
5,"st_bed_bayesr","D1","01_finemapping","separated","causal_top_20_recall",0.8,"ok","","separated",3006,2006,10502,"0.1.2","1.1.6","f178b332fb3ac6cee95914d519a84301a305ff24","{""nit"":500,""nburn"":250,""nthin"":1,""nchains"":1,""ncores"":1,""convergence_control"":{""warn"":false},""seed"":10502,""convergence"":""core"",""verbose"":false}",26.25,"reported","ok",""
5,"st_bed_bayesr","D1","01_finemapping","separated","causal_top_50_recall",0.8,"ok","","separated",3006,2006,10502,"0.1.2","1.1.6","f178b332fb3ac6cee95914d519a84301a305ff24","{""nit"":500,""nburn"":250,""nthin"":1,""nchains"":1,""ncores"":1,""convergence_control"":{""warn"":false},""seed"":10502,""convergence"":""core"",""verbose"":false}",26.25,"reported","ok",""
5,"st_csr_sbayesc","D1","01_finemapping","separated","pip_brier",7.36444947487563e-05,"ok","","separated",3006,2006,10503,"0.1.2","1.1.6","f178b332fb3ac6cee95914d519a84301a305ff24","{""nit"":500,""nburn"":250,""nthin"":1,""nchains"":1,""ncores"":1,""convergence_control"":{""warn"":false},""seed"":10503,""convergence"":""core"",""verbose"":false}",5,"reported","ok",""
5,"st_csr_sbayesc","D1","01_finemapping","separated","effect_rmse",0.00082765834862071,"ok","","separated",3006,2006,10503,"0.1.2","1.1.6","f178b332fb3ac6cee95914d519a84301a305ff24","{""nit"":500,""nburn"":250,""nthin"":1,""nchains"":1,""ncores"":1,""convergence_control"":{""warn"":false},""seed"":10503,""convergence"":""core"",""verbose"":false}",5,"reported","ok",""
5,"st_csr_sbayesc","D1","01_finemapping","separated","average_precision",0.800061330553939,"ok","","separated",3006,2006,10503,"0.1.2","1.1.6","f178b332fb3ac6cee95914d519a84301a305ff24","{""nit"":500,""nburn"":250,""nthin"":1,""nchains"":1,""ncores"":1,""convergence_control"":{""warn"":false},""seed"":10503,""convergence"":""core"",""verbose"":false}",5,"reported","ok",""
5,"st_csr_sbayesc","D1","01_finemapping","separated","causal_rank_mean",6265.6,"ok","","separated",3006,2006,10503,"0.1.2","1.1.6","f178b332fb3ac6cee95914d519a84301a305ff24","{""nit"":500,""nburn"":250,""nthin"":1,""nchains"":1,""ncores"":1,""convergence_control"":{""warn"":false},""seed"":10503,""convergence"":""core"",""verbose"":false}",5,"reported","ok",""
5,"st_csr_sbayesc","D1","01_finemapping","separated","causal_rank_median",5.5,"ok","","separated",3006,2006,10503,"0.1.2","1.1.6","f178b332fb3ac6cee95914d519a84301a305ff24","{""nit"":500,""nburn"":250,""nthin"":1,""nchains"":1,""ncores"":1,""convergence_control"":{""warn"":false},""seed"":10503,""convergence"":""core"",""verbose"":false}",5,"reported","ok",""
5,"st_csr_sbayesc","D1","01_finemapping","separated","causal_rank_best",1,"ok","","separated",3006,2006,10503,"0.1.2","1.1.6","f178b332fb3ac6cee95914d519a84301a305ff24","{""nit"":500,""nburn"":250,""nthin"":1,""nchains"":1,""ncores"":1,""convergence_control"":{""warn"":false},""seed"":10503,""convergence"":""core"",""verbose"":false}",5,"reported","ok",""
5,"st_csr_sbayesc","D1","01_finemapping","separated","causal_rank_worst",35443,"ok","","separated",3006,2006,10503,"0.1.2","1.1.6","f178b332fb3ac6cee95914d519a84301a305ff24","{""nit"":500,""nburn"":250,""nthin"":1,""nchains"":1,""ncores"":1,""convergence_control"":{""warn"":false},""seed"":10503,""convergence"":""core"",""verbose"":false}",5,"reported","ok",""
5,"st_csr_sbayesc","D1","01_finemapping","separated","causal_top_10_recall",0.8,"ok","","separated",3006,2006,10503,"0.1.2","1.1.6","f178b332fb3ac6cee95914d519a84301a305ff24","{""nit"":500,""nburn"":250,""nthin"":1,""nchains"":1,""ncores"":1,""convergence_control"":{""warn"":false},""seed"":10503,""convergence"":""core"",""verbose"":false}",5,"reported","ok",""
5,"st_csr_sbayesc","D1","01_finemapping","separated","causal_top_20_recall",0.8,"ok","","separated",3006,2006,10503,"0.1.2","1.1.6","f178b332fb3ac6cee95914d519a84301a305ff24","{""nit"":500,""nburn"":250,""nthin"":1,""nchains"":1,""ncores"":1,""convergence_control"":{""warn"":false},""seed"":10503,""convergence"":""core"",""verbose"":false}",5,"reported","ok",""
5,"st_csr_sbayesc","D1","01_finemapping","separated","causal_top_50_recall",0.8,"ok","","separated",3006,2006,10503,"0.1.2","1.1.6","f178b332fb3ac6cee95914d519a84301a305ff24","{""nit"":500,""nburn"":250,""nthin"":1,""nchains"":1,""ncores"":1,""convergence_control"":{""warn"":false},""seed"":10503,""convergence"":""core"",""verbose"":false}",5,"reported","ok",""
5,"st_csr_sbayesr","D1","01_finemapping","separated","pip_brier",6.65321786738965e-05,"ok","","separated",3006,2006,10504,"0.1.2","1.1.6","f178b332fb3ac6cee95914d519a84301a305ff24","{""nit"":500,""nburn"":250,""nthin"":1,""nchains"":1,""ncores"":1,""convergence_control"":{""warn"":false},""seed"":10504,""convergence"":""core"",""verbose"":false}",12.22,"reported","ok",""
5,"st_csr_sbayesr","D1","01_finemapping","separated","effect_rmse",0.000748021320655798,"ok","","separated",3006,2006,10504,"0.1.2","1.1.6","f178b332fb3ac6cee95914d519a84301a305ff24","{""nit"":500,""nburn"":250,""nthin"":1,""nchains"":1,""ncores"":1,""convergence_control"":{""warn"":false},""seed"":10504,""convergence"":""core"",""verbose"":false}",12.22,"reported","ok",""
5,"st_csr_sbayesr","D1","01_finemapping","separated","average_precision",0.800151171267641,"ok","","separated",3006,2006,10504,"0.1.2","1.1.6","f178b332fb3ac6cee95914d519a84301a305ff24","{""nit"":500,""nburn"":250,""nthin"":1,""nchains"":1,""ncores"":1,""convergence_control"":{""warn"":false},""seed"":10504,""convergence"":""core"",""verbose"":false}",12.22,"reported","ok",""
5,"st_csr_sbayesr","D1","01_finemapping","separated","causal_rank_mean",4315.8,"ok","","separated",3006,2006,10504,"0.1.2","1.1.6","f178b332fb3ac6cee95914d519a84301a305ff24","{""nit"":500,""nburn"":250,""nthin"":1,""nchains"":1,""ncores"":1,""convergence_control"":{""warn"":false},""seed"":10504,""convergence"":""core"",""verbose"":false}",12.22,"reported","ok",""
5,"st_csr_sbayesr","D1","01_finemapping","separated","causal_rank_median",5.5,"ok","","separated",3006,2006,10504,"0.1.2","1.1.6","f178b332fb3ac6cee95914d519a84301a305ff24","{""nit"":500,""nburn"":250,""nthin"":1,""nchains"":1,""ncores"":1,""convergence_control"":{""warn"":false},""seed"":10504,""convergence"":""core"",""verbose"":false}",12.22,"reported","ok",""
5,"st_csr_sbayesr","D1","01_finemapping","separated","causal_rank_best",1,"ok","","separated",3006,2006,10504,"0.1.2","1.1.6","f178b332fb3ac6cee95914d519a84301a305ff24","{""nit"":500,""nburn"":250,""nthin"":1,""nchains"":1,""ncores"":1,""convergence_control"":{""warn"":false},""seed"":10504,""convergence"":""core"",""verbose"":false}",12.22,"reported","ok",""
5,"st_csr_sbayesr","D1","01_finemapping","separated","causal_rank_worst",35820,"ok","","separated",3006,2006,10504,"0.1.2","1.1.6","f178b332fb3ac6cee95914d519a84301a305ff24","{""nit"":500,""nburn"":250,""nthin"":1,""nchains"":1,""ncores"":1,""convergence_control"":{""warn"":false},""seed"":10504,""convergence"":""core"",""verbose"":false}",12.22,"reported","ok",""
5,"st_csr_sbayesr","D1","01_finemapping","separated","causal_top_10_recall",0.8,"ok","","separated",3006,2006,10504,"0.1.2","1.1.6","f178b332fb3ac6cee95914d519a84301a305ff24","{""nit"":500,""nburn"":250,""nthin"":1,""nchains"":1,""ncores"":1,""convergence_control"":{""warn"":false},""seed"":10504,""convergence"":""core"",""verbose"":false}",12.22,"reported","ok",""
5,"st_csr_sbayesr","D1","01_finemapping","separated","causal_top_20_recall",0.8,"ok","","separated",3006,2006,10504,"0.1.2","1.1.6","f178b332fb3ac6cee95914d519a84301a305ff24","{""nit"":500,""nburn"":250,""nthin"":1,""nchains"":1,""ncores"":1,""convergence_control"":{""warn"":false},""seed"":10504,""convergence"":""core"",""verbose"":false}",12.22,"reported","ok",""
5,"st_csr_sbayesr","D1","01_finemapping","separated","causal_top_50_recall",0.8,"ok","","separated",3006,2006,10504,"0.1.2","1.1.6","f178b332fb3ac6cee95914d519a84301a305ff24","{""nit"":500,""nburn"":250,""nthin"":1,""nchains"":1,""ncores"":1,""convergence_control"":{""warn"":false},""seed"":10504,""convergence"":""core"",""verbose"":false}",12.22,"reported","ok",""
6,"st_bed_bayesc","D1","01_finemapping","separated","pip_brier",0.000106523018609671,"ok","","separated",3007,2007,10601,"0.1.2","1.1.6","f178b332fb3ac6cee95914d519a84301a305ff24","{""nit"":500,""nburn"":250,""nthin"":1,""nchains"":1,""ncores"":1,""convergence_control"":{""warn"":false},""seed"":10601,""convergence"":""core"",""verbose"":false}",18.62,"reported","ok",""
6,"st_bed_bayesc","D1","01_finemapping","separated","effect_rmse",0.000622663138868382,"ok","","separated",3007,2007,10601,"0.1.2","1.1.6","f178b332fb3ac6cee95914d519a84301a305ff24","{""nit"":500,""nburn"":250,""nthin"":1,""nchains"":1,""ncores"":1,""convergence_control"":{""warn"":false},""seed"":10601,""convergence"":""core"",""verbose"":false}",18.62,"reported","ok",""
6,"st_bed_bayesc","D1","01_finemapping","separated","average_precision",0.635144022621381,"ok","","separated",3007,2007,10601,"0.1.2","1.1.6","f178b332fb3ac6cee95914d519a84301a305ff24","{""nit"":500,""nburn"":250,""nthin"":1,""nchains"":1,""ncores"":1,""convergence_control"":{""warn"":false},""seed"":10601,""convergence"":""core"",""verbose"":false}",18.62,"reported","ok",""
6,"st_bed_bayesc","D1","01_finemapping","separated","causal_rank_mean",8360.3,"ok","","separated",3007,2007,10601,"0.1.2","1.1.6","f178b332fb3ac6cee95914d519a84301a305ff24","{""nit"":500,""nburn"":250,""nthin"":1,""nchains"":1,""ncores"":1,""convergence_control"":{""warn"":false},""seed"":10601,""convergence"":""core"",""verbose"":false}",18.62,"reported","ok",""
6,"st_bed_bayesc","D1","01_finemapping","separated","causal_rank_median",5.5,"ok","","separated",3007,2007,10601,"0.1.2","1.1.6","f178b332fb3ac6cee95914d519a84301a305ff24","{""nit"":500,""nburn"":250,""nthin"":1,""nchains"":1,""ncores"":1,""convergence_control"":{""warn"":false},""seed"":10601,""convergence"":""core"",""verbose"":false}",18.62,"reported","ok",""
6,"st_bed_bayesc","D1","01_finemapping","separated","causal_rank_best",1,"ok","","separated",3007,2007,10601,"0.1.2","1.1.6","f178b332fb3ac6cee95914d519a84301a305ff24","{""nit"":500,""nburn"":250,""nthin"":1,""nchains"":1,""ncores"":1,""convergence_control"":{""warn"":false},""seed"":10601,""convergence"":""core"",""verbose"":false}",18.62,"reported","ok",""
6,"st_bed_bayesc","D1","01_finemapping","separated","causal_rank_worst",37811,"ok","","separated",3007,2007,10601,"0.1.2","1.1.6","f178b332fb3ac6cee95914d519a84301a305ff24","{""nit"":500,""nburn"":250,""nthin"":1,""nchains"":1,""ncores"":1,""convergence_control"":{""warn"":false},""seed"":10601,""convergence"":""core"",""verbose"":false}",18.62,"reported","ok",""
6,"st_bed_bayesc","D1","01_finemapping","separated","causal_top_10_recall",0.6,"ok","","separated",3007,2007,10601,"0.1.2","1.1.6","f178b332fb3ac6cee95914d519a84301a305ff24","{""nit"":500,""nburn"":250,""nthin"":1,""nchains"":1,""ncores"":1,""convergence_control"":{""warn"":false},""seed"":10601,""convergence"":""core"",""verbose"":false}",18.62,"reported","ok",""
6,"st_bed_bayesc","D1","01_finemapping","separated","causal_top_20_recall",0.7,"ok","","separated",3007,2007,10601,"0.1.2","1.1.6","f178b332fb3ac6cee95914d519a84301a305ff24","{""nit"":500,""nburn"":250,""nthin"":1,""nchains"":1,""ncores"":1,""convergence_control"":{""warn"":false},""seed"":10601,""convergence"":""core"",""verbose"":false}",18.62,"reported","ok",""
6,"st_bed_bayesc","D1","01_finemapping","separated","causal_top_50_recall",0.7,"ok","","separated",3007,2007,10601,"0.1.2","1.1.6","f178b332fb3ac6cee95914d519a84301a305ff24","{""nit"":500,""nburn"":250,""nthin"":1,""nchains"":1,""ncores"":1,""convergence_control"":{""warn"":false},""seed"":10601,""convergence"":""core"",""verbose"":false}",18.62,"reported","ok",""
6,"st_bed_bayesr","D1","01_finemapping","separated","pip_brier",0.000106786449422232,"ok","","separated",3007,2007,10602,"0.1.2","1.1.6","f178b332fb3ac6cee95914d519a84301a305ff24","{""nit"":500,""nburn"":250,""nthin"":1,""nchains"":1,""ncores"":1,""convergence_control"":{""warn"":false},""seed"":10602,""convergence"":""core"",""verbose"":false}",25.24,"reported","ok",""
6,"st_bed_bayesr","D1","01_finemapping","separated","effect_rmse",0.000628717163839888,"ok","","separated",3007,2007,10602,"0.1.2","1.1.6","f178b332fb3ac6cee95914d519a84301a305ff24","{""nit"":500,""nburn"":250,""nthin"":1,""nchains"":1,""ncores"":1,""convergence_control"":{""warn"":false},""seed"":10602,""convergence"":""core"",""verbose"":false}",25.24,"reported","ok",""
6,"st_bed_bayesr","D1","01_finemapping","separated","average_precision",0.628134075864113,"ok","","separated",3007,2007,10602,"0.1.2","1.1.6","f178b332fb3ac6cee95914d519a84301a305ff24","{""nit"":500,""nburn"":250,""nthin"":1,""nchains"":1,""ncores"":1,""convergence_control"":{""warn"":false},""seed"":10602,""convergence"":""core"",""verbose"":false}",25.24,"reported","ok",""
6,"st_bed_bayesr","D1","01_finemapping","separated","causal_rank_mean",8466.1,"ok","","separated",3007,2007,10602,"0.1.2","1.1.6","f178b332fb3ac6cee95914d519a84301a305ff24","{""nit"":500,""nburn"":250,""nthin"":1,""nchains"":1,""ncores"":1,""convergence_control"":{""warn"":false},""seed"":10602,""convergence"":""core"",""verbose"":false}",25.24,"reported","ok",""
6,"st_bed_bayesr","D1","01_finemapping","separated","causal_rank_median",5.5,"ok","","separated",3007,2007,10602,"0.1.2","1.1.6","f178b332fb3ac6cee95914d519a84301a305ff24","{""nit"":500,""nburn"":250,""nthin"":1,""nchains"":1,""ncores"":1,""convergence_control"":{""warn"":false},""seed"":10602,""convergence"":""core"",""verbose"":false}",25.24,"reported","ok",""
6,"st_bed_bayesr","D1","01_finemapping","separated","causal_rank_best",1,"ok","","separated",3007,2007,10602,"0.1.2","1.1.6","f178b332fb3ac6cee95914d519a84301a305ff24","{""nit"":500,""nburn"":250,""nthin"":1,""nchains"":1,""ncores"":1,""convergence_control"":{""warn"":false},""seed"":10602,""convergence"":""core"",""verbose"":false}",25.24,"reported","ok",""
6,"st_bed_bayesr","D1","01_finemapping","separated","causal_rank_worst",37817,"ok","","separated",3007,2007,10602,"0.1.2","1.1.6","f178b332fb3ac6cee95914d519a84301a305ff24","{""nit"":500,""nburn"":250,""nthin"":1,""nchains"":1,""ncores"":1,""convergence_control"":{""warn"":false},""seed"":10602,""convergence"":""core"",""verbose"":false}",25.24,"reported","ok",""
6,"st_bed_bayesr","D1","01_finemapping","separated","causal_top_10_recall",0.6,"ok","","separated",3007,2007,10602,"0.1.2","1.1.6","f178b332fb3ac6cee95914d519a84301a305ff24","{""nit"":500,""nburn"":250,""nthin"":1,""nchains"":1,""ncores"":1,""convergence_control"":{""warn"":false},""seed"":10602,""convergence"":""core"",""verbose"":false}",25.24,"reported","ok",""
6,"st_bed_bayesr","D1","01_finemapping","separated","causal_top_20_recall",0.6,"ok","","separated",3007,2007,10602,"0.1.2","1.1.6","f178b332fb3ac6cee95914d519a84301a305ff24","{""nit"":500,""nburn"":250,""nthin"":1,""nchains"":1,""ncores"":1,""convergence_control"":{""warn"":false},""seed"":10602,""convergence"":""core"",""verbose"":false}",25.24,"reported","ok",""
6,"st_bed_bayesr","D1","01_finemapping","separated","causal_top_50_recall",0.7,"ok","","separated",3007,2007,10602,"0.1.2","1.1.6","f178b332fb3ac6cee95914d519a84301a305ff24","{""nit"":500,""nburn"":250,""nthin"":1,""nchains"":1,""ncores"":1,""convergence_control"":{""warn"":false},""seed"":10602,""convergence"":""core"",""verbose"":false}",25.24,"reported","ok",""
6,"st_csr_sbayesc","D1","01_finemapping","separated","pip_brier",0.000134333710615672,"ok","","separated",3007,2007,10603,"0.1.2","1.1.6","f178b332fb3ac6cee95914d519a84301a305ff24","{""nit"":500,""nburn"":250,""nthin"":1,""nchains"":1,""ncores"":1,""convergence_control"":{""warn"":false},""seed"":10603,""convergence"":""core"",""verbose"":false}",5.25,"reported","ok",""
6,"st_csr_sbayesc","D1","01_finemapping","separated","effect_rmse",0.000939566915789997,"ok","","separated",3007,2007,10603,"0.1.2","1.1.6","f178b332fb3ac6cee95914d519a84301a305ff24","{""nit"":500,""nburn"":250,""nthin"":1,""nchains"":1,""ncores"":1,""convergence_control"":{""warn"":false},""seed"":10603,""convergence"":""core"",""verbose"":false}",5.25,"reported","ok",""
6,"st_csr_sbayesc","D1","01_finemapping","separated","average_precision",0.600254924249256,"ok","","separated",3007,2007,10603,"0.1.2","1.1.6","f178b332fb3ac6cee95914d519a84301a305ff24","{""nit"":500,""nburn"":250,""nthin"":1,""nchains"":1,""ncores"":1,""convergence_control"":{""warn"":false},""seed"":10603,""convergence"":""core"",""verbose"":false}",5.25,"reported","ok",""
6,"st_csr_sbayesc","D1","01_finemapping","separated","causal_rank_mean",8406.1,"ok","","separated",3007,2007,10603,"0.1.2","1.1.6","f178b332fb3ac6cee95914d519a84301a305ff24","{""nit"":500,""nburn"":250,""nthin"":1,""nchains"":1,""ncores"":1,""convergence_control"":{""warn"":false},""seed"":10603,""convergence"":""core"",""verbose"":false}",5.25,"reported","ok",""
6,"st_csr_sbayesc","D1","01_finemapping","separated","causal_rank_median",5.5,"ok","","separated",3007,2007,10603,"0.1.2","1.1.6","f178b332fb3ac6cee95914d519a84301a305ff24","{""nit"":500,""nburn"":250,""nthin"":1,""nchains"":1,""ncores"":1,""convergence_control"":{""warn"":false},""seed"":10603,""convergence"":""core"",""verbose"":false}",5.25,"reported","ok",""
6,"st_csr_sbayesc","D1","01_finemapping","separated","causal_rank_best",1,"ok","","separated",3007,2007,10603,"0.1.2","1.1.6","f178b332fb3ac6cee95914d519a84301a305ff24","{""nit"":500,""nburn"":250,""nthin"":1,""nchains"":1,""ncores"":1,""convergence_control"":{""warn"":false},""seed"":10603,""convergence"":""core"",""verbose"":false}",5.25,"reported","ok",""
6,"st_csr_sbayesc","D1","01_finemapping","separated","causal_rank_worst",37829,"ok","","separated",3007,2007,10603,"0.1.2","1.1.6","f178b332fb3ac6cee95914d519a84301a305ff24","{""nit"":500,""nburn"":250,""nthin"":1,""nchains"":1,""ncores"":1,""convergence_control"":{""warn"":false},""seed"":10603,""convergence"":""core"",""verbose"":false}",5.25,"reported","ok",""
6,"st_csr_sbayesc","D1","01_finemapping","separated","causal_top_10_recall",0.6,"ok","","separated",3007,2007,10603,"0.1.2","1.1.6","f178b332fb3ac6cee95914d519a84301a305ff24","{""nit"":500,""nburn"":250,""nthin"":1,""nchains"":1,""ncores"":1,""convergence_control"":{""warn"":false},""seed"":10603,""convergence"":""core"",""verbose"":false}",5.25,"reported","ok",""
6,"st_csr_sbayesc","D1","01_finemapping","separated","causal_top_20_recall",0.6,"ok","","separated",3007,2007,10603,"0.1.2","1.1.6","f178b332fb3ac6cee95914d519a84301a305ff24","{""nit"":500,""nburn"":250,""nthin"":1,""nchains"":1,""ncores"":1,""convergence_control"":{""warn"":false},""seed"":10603,""convergence"":""core"",""verbose"":false}",5.25,"reported","ok",""
6,"st_csr_sbayesc","D1","01_finemapping","separated","causal_top_50_recall",0.6,"ok","","separated",3007,2007,10603,"0.1.2","1.1.6","f178b332fb3ac6cee95914d519a84301a305ff24","{""nit"":500,""nburn"":250,""nthin"":1,""nchains"":1,""ncores"":1,""convergence_control"":{""warn"":false},""seed"":10603,""convergence"":""core"",""verbose"":false}",5.25,"reported","ok",""
6,"st_csr_sbayesr","D1","01_finemapping","separated","pip_brier",0.000121724092548235,"ok","","separated",3007,2007,10604,"0.1.2","1.1.6","f178b332fb3ac6cee95914d519a84301a305ff24","{""nit"":500,""nburn"":250,""nthin"":1,""nchains"":1,""ncores"":1,""convergence_control"":{""warn"":false},""seed"":10604,""convergence"":""core"",""verbose"":false}",11.96,"reported","ok",""
6,"st_csr_sbayesr","D1","01_finemapping","separated","effect_rmse",0.000802416568763603,"ok","","separated",3007,2007,10604,"0.1.2","1.1.6","f178b332fb3ac6cee95914d519a84301a305ff24","{""nit"":500,""nburn"":250,""nthin"":1,""nchains"":1,""ncores"":1,""convergence_control"":{""warn"":false},""seed"":10604,""convergence"":""core"",""verbose"":false}",11.96,"reported","ok",""
6,"st_csr_sbayesr","D1","01_finemapping","separated","average_precision",0.604246202927677,"ok","","separated",3007,2007,10604,"0.1.2","1.1.6","f178b332fb3ac6cee95914d519a84301a305ff24","{""nit"":500,""nburn"":250,""nthin"":1,""nchains"":1,""ncores"":1,""convergence_control"":{""warn"":false},""seed"":10604,""convergence"":""core"",""verbose"":false}",11.96,"reported","ok",""
6,"st_csr_sbayesr","D1","01_finemapping","separated","causal_rank_mean",2661.5,"ok","","separated",3007,2007,10604,"0.1.2","1.1.6","f178b332fb3ac6cee95914d519a84301a305ff24","{""nit"":500,""nburn"":250,""nthin"":1,""nchains"":1,""ncores"":1,""convergence_control"":{""warn"":false},""seed"":10604,""convergence"":""core"",""verbose"":false}",11.96,"reported","ok",""
6,"st_csr_sbayesr","D1","01_finemapping","separated","causal_rank_median",5.5,"ok","","separated",3007,2007,10604,"0.1.2","1.1.6","f178b332fb3ac6cee95914d519a84301a305ff24","{""nit"":500,""nburn"":250,""nthin"":1,""nchains"":1,""ncores"":1,""convergence_control"":{""warn"":false},""seed"":10604,""convergence"":""core"",""verbose"":false}",11.96,"reported","ok",""
6,"st_csr_sbayesr","D1","01_finemapping","separated","causal_rank_best",1,"ok","","separated",3007,2007,10604,"0.1.2","1.1.6","f178b332fb3ac6cee95914d519a84301a305ff24","{""nit"":500,""nburn"":250,""nthin"":1,""nchains"":1,""ncores"":1,""convergence_control"":{""warn"":false},""seed"":10604,""convergence"":""core"",""verbose"":false}",11.96,"reported","ok",""
6,"st_csr_sbayesr","D1","01_finemapping","separated","causal_rank_worst",15805,"ok","","separated",3007,2007,10604,"0.1.2","1.1.6","f178b332fb3ac6cee95914d519a84301a305ff24","{""nit"":500,""nburn"":250,""nthin"":1,""nchains"":1,""ncores"":1,""convergence_control"":{""warn"":false},""seed"":10604,""convergence"":""core"",""verbose"":false}",11.96,"reported","ok",""
6,"st_csr_sbayesr","D1","01_finemapping","separated","causal_top_10_recall",0.6,"ok","","separated",3007,2007,10604,"0.1.2","1.1.6","f178b332fb3ac6cee95914d519a84301a305ff24","{""nit"":500,""nburn"":250,""nthin"":1,""nchains"":1,""ncores"":1,""convergence_control"":{""warn"":false},""seed"":10604,""convergence"":""core"",""verbose"":false}",11.96,"reported","ok",""
6,"st_csr_sbayesr","D1","01_finemapping","separated","causal_top_20_recall",0.6,"ok","","separated",3007,2007,10604,"0.1.2","1.1.6","f178b332fb3ac6cee95914d519a84301a305ff24","{""nit"":500,""nburn"":250,""nthin"":1,""nchains"":1,""ncores"":1,""convergence_control"":{""warn"":false},""seed"":10604,""convergence"":""core"",""verbose"":false}",11.96,"reported","ok",""
6,"st_csr_sbayesr","D1","01_finemapping","separated","causal_top_50_recall",0.6,"ok","","separated",3007,2007,10604,"0.1.2","1.1.6","f178b332fb3ac6cee95914d519a84301a305ff24","{""nit"":500,""nburn"":250,""nthin"":1,""nchains"":1,""ncores"":1,""convergence_control"":{""warn"":false},""seed"":10604,""convergence"":""core"",""verbose"":false}",11.96,"reported","ok",""
7,"st_bed_bayesc","D1","01_finemapping","separated","pip_brier",0.000127736885051723,"ok","","separated",3008,2008,10701,"0.1.2","1.1.6","f178b332fb3ac6cee95914d519a84301a305ff24","{""nit"":500,""nburn"":250,""nthin"":1,""nchains"":1,""ncores"":1,""convergence_control"":{""warn"":false},""seed"":10701,""convergence"":""core"",""verbose"":false}",17.78,"reported","ok",""
7,"st_bed_bayesc","D1","01_finemapping","separated","effect_rmse",0.00103150309355913,"ok","","separated",3008,2008,10701,"0.1.2","1.1.6","f178b332fb3ac6cee95914d519a84301a305ff24","{""nit"":500,""nburn"":250,""nthin"":1,""nchains"":1,""ncores"":1,""convergence_control"":{""warn"":false},""seed"":10701,""convergence"":""core"",""verbose"":false}",17.78,"reported","ok",""
7,"st_bed_bayesc","D1","01_finemapping","separated","average_precision",0.641766947887427,"ok","","separated",3008,2008,10701,"0.1.2","1.1.6","f178b332fb3ac6cee95914d519a84301a305ff24","{""nit"":500,""nburn"":250,""nthin"":1,""nchains"":1,""ncores"":1,""convergence_control"":{""warn"":false},""seed"":10701,""convergence"":""core"",""verbose"":false}",17.78,"reported","ok",""
7,"st_bed_bayesc","D1","01_finemapping","separated","causal_rank_mean",3129,"ok","","separated",3008,2008,10701,"0.1.2","1.1.6","f178b332fb3ac6cee95914d519a84301a305ff24","{""nit"":500,""nburn"":250,""nthin"":1,""nchains"":1,""ncores"":1,""convergence_control"":{""warn"":false},""seed"":10701,""convergence"":""core"",""verbose"":false}",17.78,"reported","ok",""
7,"st_bed_bayesc","D1","01_finemapping","separated","causal_rank_median",6,"ok","","separated",3008,2008,10701,"0.1.2","1.1.6","f178b332fb3ac6cee95914d519a84301a305ff24","{""nit"":500,""nburn"":250,""nthin"":1,""nchains"":1,""ncores"":1,""convergence_control"":{""warn"":false},""seed"":10701,""convergence"":""core"",""verbose"":false}",17.78,"reported","ok",""
7,"st_bed_bayesc","D1","01_finemapping","separated","causal_rank_best",1,"ok","","separated",3008,2008,10701,"0.1.2","1.1.6","f178b332fb3ac6cee95914d519a84301a305ff24","{""nit"":500,""nburn"":250,""nthin"":1,""nchains"":1,""ncores"":1,""convergence_control"":{""warn"":false},""seed"":10701,""convergence"":""core"",""verbose"":false}",17.78,"reported","ok",""
7,"st_bed_bayesc","D1","01_finemapping","separated","causal_rank_worst",21911,"ok","","separated",3008,2008,10701,"0.1.2","1.1.6","f178b332fb3ac6cee95914d519a84301a305ff24","{""nit"":500,""nburn"":250,""nthin"":1,""nchains"":1,""ncores"":1,""convergence_control"":{""warn"":false},""seed"":10701,""convergence"":""core"",""verbose"":false}",17.78,"reported","ok",""
7,"st_bed_bayesc","D1","01_finemapping","separated","causal_top_10_recall",0.6,"ok","","separated",3008,2008,10701,"0.1.2","1.1.6","f178b332fb3ac6cee95914d519a84301a305ff24","{""nit"":500,""nburn"":250,""nthin"":1,""nchains"":1,""ncores"":1,""convergence_control"":{""warn"":false},""seed"":10701,""convergence"":""core"",""verbose"":false}",17.78,"reported","ok",""
7,"st_bed_bayesc","D1","01_finemapping","separated","causal_top_20_recall",0.7,"ok","","separated",3008,2008,10701,"0.1.2","1.1.6","f178b332fb3ac6cee95914d519a84301a305ff24","{""nit"":500,""nburn"":250,""nthin"":1,""nchains"":1,""ncores"":1,""convergence_control"":{""warn"":false},""seed"":10701,""convergence"":""core"",""verbose"":false}",17.78,"reported","ok",""
7,"st_bed_bayesc","D1","01_finemapping","separated","causal_top_50_recall",0.8,"ok","","separated",3008,2008,10701,"0.1.2","1.1.6","f178b332fb3ac6cee95914d519a84301a305ff24","{""nit"":500,""nburn"":250,""nthin"":1,""nchains"":1,""ncores"":1,""convergence_control"":{""warn"":false},""seed"":10701,""convergence"":""core"",""verbose"":false}",17.78,"reported","ok",""
7,"st_bed_bayesr","D1","01_finemapping","separated","pip_brier",0.000128562027848701,"ok","","separated",3008,2008,10702,"0.1.2","1.1.6","f178b332fb3ac6cee95914d519a84301a305ff24","{""nit"":500,""nburn"":250,""nthin"":1,""nchains"":1,""ncores"":1,""convergence_control"":{""warn"":false},""seed"":10702,""convergence"":""core"",""verbose"":false}",24.5,"reported","ok",""
7,"st_bed_bayesr","D1","01_finemapping","separated","effect_rmse",0.00105492517979374,"ok","","separated",3008,2008,10702,"0.1.2","1.1.6","f178b332fb3ac6cee95914d519a84301a305ff24","{""nit"":500,""nburn"":250,""nthin"":1,""nchains"":1,""ncores"":1,""convergence_control"":{""warn"":false},""seed"":10702,""convergence"":""core"",""verbose"":false}",24.5,"reported","ok",""
7,"st_bed_bayesr","D1","01_finemapping","separated","average_precision",0.604214900572024,"ok","","separated",3008,2008,10702,"0.1.2","1.1.6","f178b332fb3ac6cee95914d519a84301a305ff24","{""nit"":500,""nburn"":250,""nthin"":1,""nchains"":1,""ncores"":1,""convergence_control"":{""warn"":false},""seed"":10702,""convergence"":""core"",""verbose"":false}",24.5,"reported","ok",""
7,"st_bed_bayesr","D1","01_finemapping","separated","causal_rank_mean",3288.9,"ok","","separated",3008,2008,10702,"0.1.2","1.1.6","f178b332fb3ac6cee95914d519a84301a305ff24","{""nit"":500,""nburn"":250,""nthin"":1,""nchains"":1,""ncores"":1,""convergence_control"":{""warn"":false},""seed"":10702,""convergence"":""core"",""verbose"":false}",24.5,"reported","ok",""
7,"st_bed_bayesr","D1","01_finemapping","separated","causal_rank_median",6,"ok","","separated",3008,2008,10702,"0.1.2","1.1.6","f178b332fb3ac6cee95914d519a84301a305ff24","{""nit"":500,""nburn"":250,""nthin"":1,""nchains"":1,""ncores"":1,""convergence_control"":{""warn"":false},""seed"":10702,""convergence"":""core"",""verbose"":false}",24.5,"reported","ok",""
7,"st_bed_bayesr","D1","01_finemapping","separated","causal_rank_best",1,"ok","","separated",3008,2008,10702,"0.1.2","1.1.6","f178b332fb3ac6cee95914d519a84301a305ff24","{""nit"":500,""nburn"":250,""nthin"":1,""nchains"":1,""ncores"":1,""convergence_control"":{""warn"":false},""seed"":10702,""convergence"":""core"",""verbose"":false}",24.5,"reported","ok",""
7,"st_bed_bayesr","D1","01_finemapping","separated","causal_rank_worst",22440,"ok","","separated",3008,2008,10702,"0.1.2","1.1.6","f178b332fb3ac6cee95914d519a84301a305ff24","{""nit"":500,""nburn"":250,""nthin"":1,""nchains"":1,""ncores"":1,""convergence_control"":{""warn"":false},""seed"":10702,""convergence"":""core"",""verbose"":false}",24.5,"reported","ok",""
7,"st_bed_bayesr","D1","01_finemapping","separated","causal_top_10_recall",0.6,"ok","","separated",3008,2008,10702,"0.1.2","1.1.6","f178b332fb3ac6cee95914d519a84301a305ff24","{""nit"":500,""nburn"":250,""nthin"":1,""nchains"":1,""ncores"":1,""convergence_control"":{""warn"":false},""seed"":10702,""convergence"":""core"",""verbose"":false}",24.5,"reported","ok",""
7,"st_bed_bayesr","D1","01_finemapping","separated","causal_top_20_recall",0.6,"ok","","separated",3008,2008,10702,"0.1.2","1.1.6","f178b332fb3ac6cee95914d519a84301a305ff24","{""nit"":500,""nburn"":250,""nthin"":1,""nchains"":1,""ncores"":1,""convergence_control"":{""warn"":false},""seed"":10702,""convergence"":""core"",""verbose"":false}",24.5,"reported","ok",""
7,"st_bed_bayesr","D1","01_finemapping","separated","causal_top_50_recall",0.6,"ok","","separated",3008,2008,10702,"0.1.2","1.1.6","f178b332fb3ac6cee95914d519a84301a305ff24","{""nit"":500,""nburn"":250,""nthin"":1,""nchains"":1,""ncores"":1,""convergence_control"":{""warn"":false},""seed"":10702,""convergence"":""core"",""verbose"":false}",24.5,"reported","ok",""
7,"st_csr_sbayesc","D1","01_finemapping","separated","pip_brier",0.0001211047879761,"ok","","separated",3008,2008,10703,"0.1.2","1.1.6","f178b332fb3ac6cee95914d519a84301a305ff24","{""nit"":500,""nburn"":250,""nthin"":1,""nchains"":1,""ncores"":1,""convergence_control"":{""warn"":false},""seed"":10703,""convergence"":""core"",""verbose"":false}",4.88,"reported","ok",""
7,"st_csr_sbayesc","D1","01_finemapping","separated","effect_rmse",0.00103264599531941,"ok","","separated",3008,2008,10703,"0.1.2","1.1.6","f178b332fb3ac6cee95914d519a84301a305ff24","{""nit"":500,""nburn"":250,""nthin"":1,""nchains"":1,""ncores"":1,""convergence_control"":{""warn"":false},""seed"":10703,""convergence"":""core"",""verbose"":false}",4.88,"reported","ok",""
7,"st_csr_sbayesc","D1","01_finemapping","separated","average_precision",0.678512430841696,"ok","","separated",3008,2008,10703,"0.1.2","1.1.6","f178b332fb3ac6cee95914d519a84301a305ff24","{""nit"":500,""nburn"":250,""nthin"":1,""nchains"":1,""ncores"":1,""convergence_control"":{""warn"":false},""seed"":10703,""convergence"":""core"",""verbose"":false}",4.88,"reported","ok",""
7,"st_csr_sbayesc","D1","01_finemapping","separated","causal_rank_mean",1793.5,"ok","","separated",3008,2008,10703,"0.1.2","1.1.6","f178b332fb3ac6cee95914d519a84301a305ff24","{""nit"":500,""nburn"":250,""nthin"":1,""nchains"":1,""ncores"":1,""convergence_control"":{""warn"":false},""seed"":10703,""convergence"":""core"",""verbose"":false}",4.88,"reported","ok",""
7,"st_csr_sbayesc","D1","01_finemapping","separated","causal_rank_median",5.5,"ok","","separated",3008,2008,10703,"0.1.2","1.1.6","f178b332fb3ac6cee95914d519a84301a305ff24","{""nit"":500,""nburn"":250,""nthin"":1,""nchains"":1,""ncores"":1,""convergence_control"":{""warn"":false},""seed"":10703,""convergence"":""core"",""verbose"":false}",4.88,"reported","ok",""
7,"st_csr_sbayesc","D1","01_finemapping","separated","causal_rank_best",1,"ok","","separated",3008,2008,10703,"0.1.2","1.1.6","f178b332fb3ac6cee95914d519a84301a305ff24","{""nit"":500,""nburn"":250,""nthin"":1,""nchains"":1,""ncores"":1,""convergence_control"":{""warn"":false},""seed"":10703,""convergence"":""core"",""verbose"":false}",4.88,"reported","ok",""
7,"st_csr_sbayesc","D1","01_finemapping","separated","causal_rank_worst",12546,"ok","","separated",3008,2008,10703,"0.1.2","1.1.6","f178b332fb3ac6cee95914d519a84301a305ff24","{""nit"":500,""nburn"":250,""nthin"":1,""nchains"":1,""ncores"":1,""convergence_control"":{""warn"":false},""seed"":10703,""convergence"":""core"",""verbose"":false}",4.88,"reported","ok",""
7,"st_csr_sbayesc","D1","01_finemapping","separated","causal_top_10_recall",0.7,"ok","","separated",3008,2008,10703,"0.1.2","1.1.6","f178b332fb3ac6cee95914d519a84301a305ff24","{""nit"":500,""nburn"":250,""nthin"":1,""nchains"":1,""ncores"":1,""convergence_control"":{""warn"":false},""seed"":10703,""convergence"":""core"",""verbose"":false}",4.88,"reported","ok",""
7,"st_csr_sbayesc","D1","01_finemapping","separated","causal_top_20_recall",0.7,"ok","","separated",3008,2008,10703,"0.1.2","1.1.6","f178b332fb3ac6cee95914d519a84301a305ff24","{""nit"":500,""nburn"":250,""nthin"":1,""nchains"":1,""ncores"":1,""convergence_control"":{""warn"":false},""seed"":10703,""convergence"":""core"",""verbose"":false}",4.88,"reported","ok",""
7,"st_csr_sbayesc","D1","01_finemapping","separated","causal_top_50_recall",0.7,"ok","","separated",3008,2008,10703,"0.1.2","1.1.6","f178b332fb3ac6cee95914d519a84301a305ff24","{""nit"":500,""nburn"":250,""nthin"":1,""nchains"":1,""ncores"":1,""convergence_control"":{""warn"":false},""seed"":10703,""convergence"":""core"",""verbose"":false}",4.88,"reported","ok",""
7,"st_csr_sbayesr","D1","01_finemapping","separated","pip_brier",0.000122244742175778,"ok","","separated",3008,2008,10704,"0.1.2","1.1.6","f178b332fb3ac6cee95914d519a84301a305ff24","{""nit"":500,""nburn"":250,""nthin"":1,""nchains"":1,""ncores"":1,""convergence_control"":{""warn"":false},""seed"":10704,""convergence"":""core"",""verbose"":false}",12.2,"reported","ok",""
7,"st_csr_sbayesr","D1","01_finemapping","separated","effect_rmse",0.00102255774122668,"ok","","separated",3008,2008,10704,"0.1.2","1.1.6","f178b332fb3ac6cee95914d519a84301a305ff24","{""nit"":500,""nburn"":250,""nthin"":1,""nchains"":1,""ncores"":1,""convergence_control"":{""warn"":false},""seed"":10704,""convergence"":""core"",""verbose"":false}",12.2,"reported","ok",""
7,"st_csr_sbayesr","D1","01_finemapping","separated","average_precision",0.663933743132457,"ok","","separated",3008,2008,10704,"0.1.2","1.1.6","f178b332fb3ac6cee95914d519a84301a305ff24","{""nit"":500,""nburn"":250,""nthin"":1,""nchains"":1,""ncores"":1,""convergence_control"":{""warn"":false},""seed"":10704,""convergence"":""core"",""verbose"":false}",12.2,"reported","ok",""
7,"st_csr_sbayesr","D1","01_finemapping","separated","causal_rank_mean",4773.8,"ok","","separated",3008,2008,10704,"0.1.2","1.1.6","f178b332fb3ac6cee95914d519a84301a305ff24","{""nit"":500,""nburn"":250,""nthin"":1,""nchains"":1,""ncores"":1,""convergence_control"":{""warn"":false},""seed"":10704,""convergence"":""core"",""verbose"":false}",12.2,"reported","ok",""
7,"st_csr_sbayesr","D1","01_finemapping","separated","causal_rank_median",5.5,"ok","","separated",3008,2008,10704,"0.1.2","1.1.6","f178b332fb3ac6cee95914d519a84301a305ff24","{""nit"":500,""nburn"":250,""nthin"":1,""nchains"":1,""ncores"":1,""convergence_control"":{""warn"":false},""seed"":10704,""convergence"":""core"",""verbose"":false}",12.2,"reported","ok",""
7,"st_csr_sbayesr","D1","01_finemapping","separated","causal_rank_best",1,"ok","","separated",3008,2008,10704,"0.1.2","1.1.6","f178b332fb3ac6cee95914d519a84301a305ff24","{""nit"":500,""nburn"":250,""nthin"":1,""nchains"":1,""ncores"":1,""convergence_control"":{""warn"":false},""seed"":10704,""convergence"":""core"",""verbose"":false}",12.2,"reported","ok",""
7,"st_csr_sbayesr","D1","01_finemapping","separated","causal_rank_worst",25964,"ok","","separated",3008,2008,10704,"0.1.2","1.1.6","f178b332fb3ac6cee95914d519a84301a305ff24","{""nit"":500,""nburn"":250,""nthin"":1,""nchains"":1,""ncores"":1,""convergence_control"":{""warn"":false},""seed"":10704,""convergence"":""core"",""verbose"":false}",12.2,"reported","ok",""
7,"st_csr_sbayesr","D1","01_finemapping","separated","causal_top_10_recall",0.6,"ok","","separated",3008,2008,10704,"0.1.2","1.1.6","f178b332fb3ac6cee95914d519a84301a305ff24","{""nit"":500,""nburn"":250,""nthin"":1,""nchains"":1,""ncores"":1,""convergence_control"":{""warn"":false},""seed"":10704,""convergence"":""core"",""verbose"":false}",12.2,"reported","ok",""
7,"st_csr_sbayesr","D1","01_finemapping","separated","causal_top_20_recall",0.7,"ok","","separated",3008,2008,10704,"0.1.2","1.1.6","f178b332fb3ac6cee95914d519a84301a305ff24","{""nit"":500,""nburn"":250,""nthin"":1,""nchains"":1,""ncores"":1,""convergence_control"":{""warn"":false},""seed"":10704,""convergence"":""core"",""verbose"":false}",12.2,"reported","ok",""
7,"st_csr_sbayesr","D1","01_finemapping","separated","causal_top_50_recall",0.7,"ok","","separated",3008,2008,10704,"0.1.2","1.1.6","f178b332fb3ac6cee95914d519a84301a305ff24","{""nit"":500,""nburn"":250,""nthin"":1,""nchains"":1,""ncores"":1,""convergence_control"":{""warn"":false},""seed"":10704,""convergence"":""core"",""verbose"":false}",12.2,"reported","ok",""
8,"st_bed_bayesc","D1","01_finemapping","separated","pip_brier",4.08073491089995e-05,"ok","","separated",3009,2009,10801,"0.1.2","1.1.6","f178b332fb3ac6cee95914d519a84301a305ff24","{""nit"":500,""nburn"":250,""nthin"":1,""nchains"":1,""ncores"":1,""convergence_control"":{""warn"":false},""seed"":10801,""convergence"":""core"",""verbose"":false}",18.48,"reported","ok",""
8,"st_bed_bayesc","D1","01_finemapping","separated","effect_rmse",0.000619108855471753,"ok","","separated",3009,2009,10801,"0.1.2","1.1.6","f178b332fb3ac6cee95914d519a84301a305ff24","{""nit"":500,""nburn"":250,""nthin"":1,""nchains"":1,""ncores"":1,""convergence_control"":{""warn"":false},""seed"":10801,""convergence"":""core"",""verbose"":false}",18.48,"reported","ok",""
8,"st_bed_bayesc","D1","01_finemapping","separated","average_precision",0.900063391442155,"ok","","separated",3009,2009,10801,"0.1.2","1.1.6","f178b332fb3ac6cee95914d519a84301a305ff24","{""nit"":500,""nburn"":250,""nthin"":1,""nchains"":1,""ncores"":1,""convergence_control"":{""warn"":false},""seed"":10801,""convergence"":""core"",""verbose"":false}",18.48,"reported","ok",""
8,"st_bed_bayesc","D1","01_finemapping","separated","causal_rank_mean",1582,"ok","","separated",3009,2009,10801,"0.1.2","1.1.6","f178b332fb3ac6cee95914d519a84301a305ff24","{""nit"":500,""nburn"":250,""nthin"":1,""nchains"":1,""ncores"":1,""convergence_control"":{""warn"":false},""seed"":10801,""convergence"":""core"",""verbose"":false}",18.48,"reported","ok",""
8,"st_bed_bayesc","D1","01_finemapping","separated","causal_rank_median",5.5,"ok","","separated",3009,2009,10801,"0.1.2","1.1.6","f178b332fb3ac6cee95914d519a84301a305ff24","{""nit"":500,""nburn"":250,""nthin"":1,""nchains"":1,""ncores"":1,""convergence_control"":{""warn"":false},""seed"":10801,""convergence"":""core"",""verbose"":false}",18.48,"reported","ok",""
8,"st_bed_bayesc","D1","01_finemapping","separated","causal_rank_best",1,"ok","","separated",3009,2009,10801,"0.1.2","1.1.6","f178b332fb3ac6cee95914d519a84301a305ff24","{""nit"":500,""nburn"":250,""nthin"":1,""nchains"":1,""ncores"":1,""convergence_control"":{""warn"":false},""seed"":10801,""convergence"":""core"",""verbose"":false}",18.48,"reported","ok",""
8,"st_bed_bayesc","D1","01_finemapping","separated","causal_rank_worst",15775,"ok","","separated",3009,2009,10801,"0.1.2","1.1.6","f178b332fb3ac6cee95914d519a84301a305ff24","{""nit"":500,""nburn"":250,""nthin"":1,""nchains"":1,""ncores"":1,""convergence_control"":{""warn"":false},""seed"":10801,""convergence"":""core"",""verbose"":false}",18.48,"reported","ok",""
8,"st_bed_bayesc","D1","01_finemapping","separated","causal_top_10_recall",0.9,"ok","","separated",3009,2009,10801,"0.1.2","1.1.6","f178b332fb3ac6cee95914d519a84301a305ff24","{""nit"":500,""nburn"":250,""nthin"":1,""nchains"":1,""ncores"":1,""convergence_control"":{""warn"":false},""seed"":10801,""convergence"":""core"",""verbose"":false}",18.48,"reported","ok",""
8,"st_bed_bayesc","D1","01_finemapping","separated","causal_top_20_recall",0.9,"ok","","separated",3009,2009,10801,"0.1.2","1.1.6","f178b332fb3ac6cee95914d519a84301a305ff24","{""nit"":500,""nburn"":250,""nthin"":1,""nchains"":1,""ncores"":1,""convergence_control"":{""warn"":false},""seed"":10801,""convergence"":""core"",""verbose"":false}",18.48,"reported","ok",""
8,"st_bed_bayesc","D1","01_finemapping","separated","causal_top_50_recall",0.9,"ok","","separated",3009,2009,10801,"0.1.2","1.1.6","f178b332fb3ac6cee95914d519a84301a305ff24","{""nit"":500,""nburn"":250,""nthin"":1,""nchains"":1,""ncores"":1,""convergence_control"":{""warn"":false},""seed"":10801,""convergence"":""core"",""verbose"":false}",18.48,"reported","ok",""
8,"st_bed_bayesr","D1","01_finemapping","separated","pip_brier",4.17910557763681e-05,"ok","","separated",3009,2009,10802,"0.1.2","1.1.6","f178b332fb3ac6cee95914d519a84301a305ff24","{""nit"":500,""nburn"":250,""nthin"":1,""nchains"":1,""ncores"":1,""convergence_control"":{""warn"":false},""seed"":10802,""convergence"":""core"",""verbose"":false}",91.5100000000001,"reported","ok",""
8,"st_bed_bayesr","D1","01_finemapping","separated","effect_rmse",0.000646829345097806,"ok","","separated",3009,2009,10802,"0.1.2","1.1.6","f178b332fb3ac6cee95914d519a84301a305ff24","{""nit"":500,""nburn"":250,""nthin"":1,""nchains"":1,""ncores"":1,""convergence_control"":{""warn"":false},""seed"":10802,""convergence"":""core"",""verbose"":false}",91.5100000000001,"reported","ok",""
8,"st_bed_bayesr","D1","01_finemapping","separated","average_precision",0.900061061244428,"ok","","separated",3009,2009,10802,"0.1.2","1.1.6","f178b332fb3ac6cee95914d519a84301a305ff24","{""nit"":500,""nburn"":250,""nthin"":1,""nchains"":1,""ncores"":1,""convergence_control"":{""warn"":false},""seed"":10802,""convergence"":""core"",""verbose"":false}",91.5100000000001,"reported","ok",""
8,"st_bed_bayesr","D1","01_finemapping","separated","causal_rank_mean",1642.2,"ok","","separated",3009,2009,10802,"0.1.2","1.1.6","f178b332fb3ac6cee95914d519a84301a305ff24","{""nit"":500,""nburn"":250,""nthin"":1,""nchains"":1,""ncores"":1,""convergence_control"":{""warn"":false},""seed"":10802,""convergence"":""core"",""verbose"":false}",91.5100000000001,"reported","ok",""
8,"st_bed_bayesr","D1","01_finemapping","separated","causal_rank_median",5.5,"ok","","separated",3009,2009,10802,"0.1.2","1.1.6","f178b332fb3ac6cee95914d519a84301a305ff24","{""nit"":500,""nburn"":250,""nthin"":1,""nchains"":1,""ncores"":1,""convergence_control"":{""warn"":false},""seed"":10802,""convergence"":""core"",""verbose"":false}",91.5100000000001,"reported","ok",""
8,"st_bed_bayesr","D1","01_finemapping","separated","causal_rank_best",1,"ok","","separated",3009,2009,10802,"0.1.2","1.1.6","f178b332fb3ac6cee95914d519a84301a305ff24","{""nit"":500,""nburn"":250,""nthin"":1,""nchains"":1,""ncores"":1,""convergence_control"":{""warn"":false},""seed"":10802,""convergence"":""core"",""verbose"":false}",91.5100000000001,"reported","ok",""
8,"st_bed_bayesr","D1","01_finemapping","separated","causal_rank_worst",16377,"ok","","separated",3009,2009,10802,"0.1.2","1.1.6","f178b332fb3ac6cee95914d519a84301a305ff24","{""nit"":500,""nburn"":250,""nthin"":1,""nchains"":1,""ncores"":1,""convergence_control"":{""warn"":false},""seed"":10802,""convergence"":""core"",""verbose"":false}",91.5100000000001,"reported","ok",""
8,"st_bed_bayesr","D1","01_finemapping","separated","causal_top_10_recall",0.9,"ok","","separated",3009,2009,10802,"0.1.2","1.1.6","f178b332fb3ac6cee95914d519a84301a305ff24","{""nit"":500,""nburn"":250,""nthin"":1,""nchains"":1,""ncores"":1,""convergence_control"":{""warn"":false},""seed"":10802,""convergence"":""core"",""verbose"":false}",91.5100000000001,"reported","ok",""
8,"st_bed_bayesr","D1","01_finemapping","separated","causal_top_20_recall",0.9,"ok","","separated",3009,2009,10802,"0.1.2","1.1.6","f178b332fb3ac6cee95914d519a84301a305ff24","{""nit"":500,""nburn"":250,""nthin"":1,""nchains"":1,""ncores"":1,""convergence_control"":{""warn"":false},""seed"":10802,""convergence"":""core"",""verbose"":false}",91.5100000000001,"reported","ok",""
8,"st_bed_bayesr","D1","01_finemapping","separated","causal_top_50_recall",0.9,"ok","","separated",3009,2009,10802,"0.1.2","1.1.6","f178b332fb3ac6cee95914d519a84301a305ff24","{""nit"":500,""nburn"":250,""nthin"":1,""nchains"":1,""ncores"":1,""convergence_control"":{""warn"":false},""seed"":10802,""convergence"":""core"",""verbose"":false}",91.5100000000001,"reported","ok",""
8,"st_csr_sbayesc","D1","01_finemapping","separated","pip_brier",4.67035876918217e-05,"ok","","separated",3009,2009,10803,"0.1.2","1.1.6","f178b332fb3ac6cee95914d519a84301a305ff24","{""nit"":500,""nburn"":250,""nthin"":1,""nchains"":1,""ncores"":1,""convergence_control"":{""warn"":false},""seed"":10803,""convergence"":""core"",""verbose"":false}",4.95999999999992,"reported","ok",""
8,"st_csr_sbayesc","D1","01_finemapping","separated","effect_rmse",0.000667152534818079,"ok","","separated",3009,2009,10803,"0.1.2","1.1.6","f178b332fb3ac6cee95914d519a84301a305ff24","{""nit"":500,""nburn"":250,""nthin"":1,""nchains"":1,""ncores"":1,""convergence_control"":{""warn"":false},""seed"":10803,""convergence"":""core"",""verbose"":false}",4.95999999999992,"reported","ok",""
8,"st_csr_sbayesc","D1","01_finemapping","separated","average_precision",0.900360880548538,"ok","","separated",3009,2009,10803,"0.1.2","1.1.6","f178b332fb3ac6cee95914d519a84301a305ff24","{""nit"":500,""nburn"":250,""nthin"":1,""nchains"":1,""ncores"":1,""convergence_control"":{""warn"":false},""seed"":10803,""convergence"":""core"",""verbose"":false}",4.95999999999992,"reported","ok",""
8,"st_csr_sbayesc","D1","01_finemapping","separated","causal_rank_mean",281.6,"ok","","separated",3009,2009,10803,"0.1.2","1.1.6","f178b332fb3ac6cee95914d519a84301a305ff24","{""nit"":500,""nburn"":250,""nthin"":1,""nchains"":1,""ncores"":1,""convergence_control"":{""warn"":false},""seed"":10803,""convergence"":""core"",""verbose"":false}",4.95999999999992,"reported","ok",""
8,"st_csr_sbayesc","D1","01_finemapping","separated","causal_rank_median",5.5,"ok","","separated",3009,2009,10803,"0.1.2","1.1.6","f178b332fb3ac6cee95914d519a84301a305ff24","{""nit"":500,""nburn"":250,""nthin"":1,""nchains"":1,""ncores"":1,""convergence_control"":{""warn"":false},""seed"":10803,""convergence"":""core"",""verbose"":false}",4.95999999999992,"reported","ok",""
8,"st_csr_sbayesc","D1","01_finemapping","separated","causal_rank_best",1,"ok","","separated",3009,2009,10803,"0.1.2","1.1.6","f178b332fb3ac6cee95914d519a84301a305ff24","{""nit"":500,""nburn"":250,""nthin"":1,""nchains"":1,""ncores"":1,""convergence_control"":{""warn"":false},""seed"":10803,""convergence"":""core"",""verbose"":false}",4.95999999999992,"reported","ok",""
8,"st_csr_sbayesc","D1","01_finemapping","separated","causal_rank_worst",2771,"ok","","separated",3009,2009,10803,"0.1.2","1.1.6","f178b332fb3ac6cee95914d519a84301a305ff24","{""nit"":500,""nburn"":250,""nthin"":1,""nchains"":1,""ncores"":1,""convergence_control"":{""warn"":false},""seed"":10803,""convergence"":""core"",""verbose"":false}",4.95999999999992,"reported","ok",""
8,"st_csr_sbayesc","D1","01_finemapping","separated","causal_top_10_recall",0.9,"ok","","separated",3009,2009,10803,"0.1.2","1.1.6","f178b332fb3ac6cee95914d519a84301a305ff24","{""nit"":500,""nburn"":250,""nthin"":1,""nchains"":1,""ncores"":1,""convergence_control"":{""warn"":false},""seed"":10803,""convergence"":""core"",""verbose"":false}",4.95999999999992,"reported","ok",""
8,"st_csr_sbayesc","D1","01_finemapping","separated","causal_top_20_recall",0.9,"ok","","separated",3009,2009,10803,"0.1.2","1.1.6","f178b332fb3ac6cee95914d519a84301a305ff24","{""nit"":500,""nburn"":250,""nthin"":1,""nchains"":1,""ncores"":1,""convergence_control"":{""warn"":false},""seed"":10803,""convergence"":""core"",""verbose"":false}",4.95999999999992,"reported","ok",""
8,"st_csr_sbayesc","D1","01_finemapping","separated","causal_top_50_recall",0.9,"ok","","separated",3009,2009,10803,"0.1.2","1.1.6","f178b332fb3ac6cee95914d519a84301a305ff24","{""nit"":500,""nburn"":250,""nthin"":1,""nchains"":1,""ncores"":1,""convergence_control"":{""warn"":false},""seed"":10803,""convergence"":""core"",""verbose"":false}",4.95999999999992,"reported","ok",""
8,"st_csr_sbayesr","D1","01_finemapping","separated","pip_brier",4.3493037824748e-05,"ok","","separated",3009,2009,10804,"0.1.2","1.1.6","f178b332fb3ac6cee95914d519a84301a305ff24","{""nit"":500,""nburn"":250,""nthin"":1,""nchains"":1,""ncores"":1,""convergence_control"":{""warn"":false},""seed"":10804,""convergence"":""core"",""verbose"":false}",12.3000000000001,"reported","ok",""
8,"st_csr_sbayesr","D1","01_finemapping","separated","effect_rmse",0.000618501017473201,"ok","","separated",3009,2009,10804,"0.1.2","1.1.6","f178b332fb3ac6cee95914d519a84301a305ff24","{""nit"":500,""nburn"":250,""nthin"":1,""nchains"":1,""ncores"":1,""convergence_control"":{""warn"":false},""seed"":10804,""convergence"":""core"",""verbose"":false}",12.3000000000001,"reported","ok",""
8,"st_csr_sbayesr","D1","01_finemapping","separated","average_precision",0.900193685841565,"ok","","separated",3009,2009,10804,"0.1.2","1.1.6","f178b332fb3ac6cee95914d519a84301a305ff24","{""nit"":500,""nburn"":250,""nthin"":1,""nchains"":1,""ncores"":1,""convergence_control"":{""warn"":false},""seed"":10804,""convergence"":""core"",""verbose"":false}",12.3000000000001,"reported","ok",""
8,"st_csr_sbayesr","D1","01_finemapping","separated","causal_rank_mean",520.8,"ok","","separated",3009,2009,10804,"0.1.2","1.1.6","f178b332fb3ac6cee95914d519a84301a305ff24","{""nit"":500,""nburn"":250,""nthin"":1,""nchains"":1,""ncores"":1,""convergence_control"":{""warn"":false},""seed"":10804,""convergence"":""core"",""verbose"":false}",12.3000000000001,"reported","ok",""
8,"st_csr_sbayesr","D1","01_finemapping","separated","causal_rank_median",5.5,"ok","","separated",3009,2009,10804,"0.1.2","1.1.6","f178b332fb3ac6cee95914d519a84301a305ff24","{""nit"":500,""nburn"":250,""nthin"":1,""nchains"":1,""ncores"":1,""convergence_control"":{""warn"":false},""seed"":10804,""convergence"":""core"",""verbose"":false}",12.3000000000001,"reported","ok",""
8,"st_csr_sbayesr","D1","01_finemapping","separated","causal_rank_best",1,"ok","","separated",3009,2009,10804,"0.1.2","1.1.6","f178b332fb3ac6cee95914d519a84301a305ff24","{""nit"":500,""nburn"":250,""nthin"":1,""nchains"":1,""ncores"":1,""convergence_control"":{""warn"":false},""seed"":10804,""convergence"":""core"",""verbose"":false}",12.3000000000001,"reported","ok",""
8,"st_csr_sbayesr","D1","01_finemapping","separated","causal_rank_worst",5163,"ok","","separated",3009,2009,10804,"0.1.2","1.1.6","f178b332fb3ac6cee95914d519a84301a305ff24","{""nit"":500,""nburn"":250,""nthin"":1,""nchains"":1,""ncores"":1,""convergence_control"":{""warn"":false},""seed"":10804,""convergence"":""core"",""verbose"":false}",12.3000000000001,"reported","ok",""
8,"st_csr_sbayesr","D1","01_finemapping","separated","causal_top_10_recall",0.9,"ok","","separated",3009,2009,10804,"0.1.2","1.1.6","f178b332fb3ac6cee95914d519a84301a305ff24","{""nit"":500,""nburn"":250,""nthin"":1,""nchains"":1,""ncores"":1,""convergence_control"":{""warn"":false},""seed"":10804,""convergence"":""core"",""verbose"":false}",12.3000000000001,"reported","ok",""
8,"st_csr_sbayesr","D1","01_finemapping","separated","causal_top_20_recall",0.9,"ok","","separated",3009,2009,10804,"0.1.2","1.1.6","f178b332fb3ac6cee95914d519a84301a305ff24","{""nit"":500,""nburn"":250,""nthin"":1,""nchains"":1,""ncores"":1,""convergence_control"":{""warn"":false},""seed"":10804,""convergence"":""core"",""verbose"":false}",12.3000000000001,"reported","ok",""
8,"st_csr_sbayesr","D1","01_finemapping","separated","causal_top_50_recall",0.9,"ok","","separated",3009,2009,10804,"0.1.2","1.1.6","f178b332fb3ac6cee95914d519a84301a305ff24","{""nit"":500,""nburn"":250,""nthin"":1,""nchains"":1,""ncores"":1,""convergence_control"":{""warn"":false},""seed"":10804,""convergence"":""core"",""verbose"":false}",12.3000000000001,"reported","ok",""
9,"st_bed_bayesc","D1","01_finemapping","separated","pip_brier",0.000107120317970046,"ok","","separated",3010,2010,10901,"0.1.2","1.1.6","f178b332fb3ac6cee95914d519a84301a305ff24","{""nit"":500,""nburn"":250,""nthin"":1,""nchains"":1,""ncores"":1,""convergence_control"":{""warn"":false},""seed"":10901,""convergence"":""core"",""verbose"":false}",18.1900000000001,"reported","ok",""
9,"st_bed_bayesc","D1","01_finemapping","separated","effect_rmse",0.00071144000257562,"ok","","separated",3010,2010,10901,"0.1.2","1.1.6","f178b332fb3ac6cee95914d519a84301a305ff24","{""nit"":500,""nburn"":250,""nthin"":1,""nchains"":1,""ncores"":1,""convergence_control"":{""warn"":false},""seed"":10901,""convergence"":""core"",""verbose"":false}",18.1900000000001,"reported","ok",""
9,"st_bed_bayesc","D1","01_finemapping","separated","average_precision",0.633883242187092,"ok","","separated",3010,2010,10901,"0.1.2","1.1.6","f178b332fb3ac6cee95914d519a84301a305ff24","{""nit"":500,""nburn"":250,""nthin"":1,""nchains"":1,""ncores"":1,""convergence_control"":{""warn"":false},""seed"":10901,""convergence"":""core"",""verbose"":false}",18.1900000000001,"reported","ok",""
9,"st_bed_bayesc","D1","01_finemapping","separated","causal_rank_mean",2331.7,"ok","","separated",3010,2010,10901,"0.1.2","1.1.6","f178b332fb3ac6cee95914d519a84301a305ff24","{""nit"":500,""nburn"":250,""nthin"":1,""nchains"":1,""ncores"":1,""convergence_control"":{""warn"":false},""seed"":10901,""convergence"":""core"",""verbose"":false}",18.1900000000001,"reported","ok",""
9,"st_bed_bayesc","D1","01_finemapping","separated","causal_rank_median",5.5,"ok","","separated",3010,2010,10901,"0.1.2","1.1.6","f178b332fb3ac6cee95914d519a84301a305ff24","{""nit"":500,""nburn"":250,""nthin"":1,""nchains"":1,""ncores"":1,""convergence_control"":{""warn"":false},""seed"":10901,""convergence"":""core"",""verbose"":false}",18.1900000000001,"reported","ok",""
9,"st_bed_bayesc","D1","01_finemapping","separated","causal_rank_best",1,"ok","","separated",3010,2010,10901,"0.1.2","1.1.6","f178b332fb3ac6cee95914d519a84301a305ff24","{""nit"":500,""nburn"":250,""nthin"":1,""nchains"":1,""ncores"":1,""convergence_control"":{""warn"":false},""seed"":10901,""convergence"":""core"",""verbose"":false}",18.1900000000001,"reported","ok",""
9,"st_bed_bayesc","D1","01_finemapping","separated","causal_rank_worst",16323,"ok","","separated",3010,2010,10901,"0.1.2","1.1.6","f178b332fb3ac6cee95914d519a84301a305ff24","{""nit"":500,""nburn"":250,""nthin"":1,""nchains"":1,""ncores"":1,""convergence_control"":{""warn"":false},""seed"":10901,""convergence"":""core"",""verbose"":false}",18.1900000000001,"reported","ok",""
9,"st_bed_bayesc","D1","01_finemapping","separated","causal_top_10_recall",0.6,"ok","","separated",3010,2010,10901,"0.1.2","1.1.6","f178b332fb3ac6cee95914d519a84301a305ff24","{""nit"":500,""nburn"":250,""nthin"":1,""nchains"":1,""ncores"":1,""convergence_control"":{""warn"":false},""seed"":10901,""convergence"":""core"",""verbose"":false}",18.1900000000001,"reported","ok",""
9,"st_bed_bayesc","D1","01_finemapping","separated","causal_top_20_recall",0.6,"ok","","separated",3010,2010,10901,"0.1.2","1.1.6","f178b332fb3ac6cee95914d519a84301a305ff24","{""nit"":500,""nburn"":250,""nthin"":1,""nchains"":1,""ncores"":1,""convergence_control"":{""warn"":false},""seed"":10901,""convergence"":""core"",""verbose"":false}",18.1900000000001,"reported","ok",""
9,"st_bed_bayesc","D1","01_finemapping","separated","causal_top_50_recall",0.7,"ok","","separated",3010,2010,10901,"0.1.2","1.1.6","f178b332fb3ac6cee95914d519a84301a305ff24","{""nit"":500,""nburn"":250,""nthin"":1,""nchains"":1,""ncores"":1,""convergence_control"":{""warn"":false},""seed"":10901,""convergence"":""core"",""verbose"":false}",18.1900000000001,"reported","ok",""
9,"st_bed_bayesr","D1","01_finemapping","separated","pip_brier",0.000106596299123477,"ok","","separated",3010,2010,10902,"0.1.2","1.1.6","f178b332fb3ac6cee95914d519a84301a305ff24","{""nit"":500,""nburn"":250,""nthin"":1,""nchains"":1,""ncores"":1,""convergence_control"":{""warn"":false},""seed"":10902,""convergence"":""core"",""verbose"":false}",24.25,"reported","ok",""
9,"st_bed_bayesr","D1","01_finemapping","separated","effect_rmse",0.000699894876001823,"ok","","separated",3010,2010,10902,"0.1.2","1.1.6","f178b332fb3ac6cee95914d519a84301a305ff24","{""nit"":500,""nburn"":250,""nthin"":1,""nchains"":1,""ncores"":1,""convergence_control"":{""warn"":false},""seed"":10902,""convergence"":""core"",""verbose"":false}",24.25,"reported","ok",""
9,"st_bed_bayesr","D1","01_finemapping","separated","average_precision",0.654287761615259,"ok","","separated",3010,2010,10902,"0.1.2","1.1.6","f178b332fb3ac6cee95914d519a84301a305ff24","{""nit"":500,""nburn"":250,""nthin"":1,""nchains"":1,""ncores"":1,""convergence_control"":{""warn"":false},""seed"":10902,""convergence"":""core"",""verbose"":false}",24.25,"reported","ok",""
9,"st_bed_bayesr","D1","01_finemapping","separated","causal_rank_mean",2583.1,"ok","","separated",3010,2010,10902,"0.1.2","1.1.6","f178b332fb3ac6cee95914d519a84301a305ff24","{""nit"":500,""nburn"":250,""nthin"":1,""nchains"":1,""ncores"":1,""convergence_control"":{""warn"":false},""seed"":10902,""convergence"":""core"",""verbose"":false}",24.25,"reported","ok",""
9,"st_bed_bayesr","D1","01_finemapping","separated","causal_rank_median",5.5,"ok","","separated",3010,2010,10902,"0.1.2","1.1.6","f178b332fb3ac6cee95914d519a84301a305ff24","{""nit"":500,""nburn"":250,""nthin"":1,""nchains"":1,""ncores"":1,""convergence_control"":{""warn"":false},""seed"":10902,""convergence"":""core"",""verbose"":false}",24.25,"reported","ok",""
9,"st_bed_bayesr","D1","01_finemapping","separated","causal_rank_best",1,"ok","","separated",3010,2010,10902,"0.1.2","1.1.6","f178b332fb3ac6cee95914d519a84301a305ff24","{""nit"":500,""nburn"":250,""nthin"":1,""nchains"":1,""ncores"":1,""convergence_control"":{""warn"":false},""seed"":10902,""convergence"":""core"",""verbose"":false}",24.25,"reported","ok",""
9,"st_bed_bayesr","D1","01_finemapping","separated","causal_rank_worst",16915,"ok","","separated",3010,2010,10902,"0.1.2","1.1.6","f178b332fb3ac6cee95914d519a84301a305ff24","{""nit"":500,""nburn"":250,""nthin"":1,""nchains"":1,""ncores"":1,""convergence_control"":{""warn"":false},""seed"":10902,""convergence"":""core"",""verbose"":false}",24.25,"reported","ok",""
9,"st_bed_bayesr","D1","01_finemapping","separated","causal_top_10_recall",0.6,"ok","","separated",3010,2010,10902,"0.1.2","1.1.6","f178b332fb3ac6cee95914d519a84301a305ff24","{""nit"":500,""nburn"":250,""nthin"":1,""nchains"":1,""ncores"":1,""convergence_control"":{""warn"":false},""seed"":10902,""convergence"":""core"",""verbose"":false}",24.25,"reported","ok",""
9,"st_bed_bayesr","D1","01_finemapping","separated","causal_top_20_recall",0.7,"ok","","separated",3010,2010,10902,"0.1.2","1.1.6","f178b332fb3ac6cee95914d519a84301a305ff24","{""nit"":500,""nburn"":250,""nthin"":1,""nchains"":1,""ncores"":1,""convergence_control"":{""warn"":false},""seed"":10902,""convergence"":""core"",""verbose"":false}",24.25,"reported","ok",""
9,"st_bed_bayesr","D1","01_finemapping","separated","causal_top_50_recall",0.7,"ok","","separated",3010,2010,10902,"0.1.2","1.1.6","f178b332fb3ac6cee95914d519a84301a305ff24","{""nit"":500,""nburn"":250,""nthin"":1,""nchains"":1,""ncores"":1,""convergence_control"":{""warn"":false},""seed"":10902,""convergence"":""core"",""verbose"":false}",24.25,"reported","ok",""
9,"st_csr_sbayesc","D1","01_finemapping","separated","pip_brier",0.000128151298991866,"ok","","separated",3010,2010,10903,"0.1.2","1.1.6","f178b332fb3ac6cee95914d519a84301a305ff24","{""nit"":500,""nburn"":250,""nthin"":1,""nchains"":1,""ncores"":1,""convergence_control"":{""warn"":false},""seed"":10903,""convergence"":""core"",""verbose"":false}",5.03999999999996,"reported","ok",""
9,"st_csr_sbayesc","D1","01_finemapping","separated","effect_rmse",0.00093768250108762,"ok","","separated",3010,2010,10903,"0.1.2","1.1.6","f178b332fb3ac6cee95914d519a84301a305ff24","{""nit"":500,""nburn"":250,""nthin"":1,""nchains"":1,""ncores"":1,""convergence_control"":{""warn"":false},""seed"":10903,""convergence"":""core"",""verbose"":false}",5.03999999999996,"reported","ok",""
9,"st_csr_sbayesc","D1","01_finemapping","separated","average_precision",0.615839850721441,"ok","","separated",3010,2010,10903,"0.1.2","1.1.6","f178b332fb3ac6cee95914d519a84301a305ff24","{""nit"":500,""nburn"":250,""nthin"":1,""nchains"":1,""ncores"":1,""convergence_control"":{""warn"":false},""seed"":10903,""convergence"":""core"",""verbose"":false}",5.03999999999996,"reported","ok",""
9,"st_csr_sbayesc","D1","01_finemapping","separated","causal_rank_mean",3348.7,"ok","","separated",3010,2010,10903,"0.1.2","1.1.6","f178b332fb3ac6cee95914d519a84301a305ff24","{""nit"":500,""nburn"":250,""nthin"":1,""nchains"":1,""ncores"":1,""convergence_control"":{""warn"":false},""seed"":10903,""convergence"":""core"",""verbose"":false}",5.03999999999996,"reported","ok",""
9,"st_csr_sbayesc","D1","01_finemapping","separated","causal_rank_median",5.5,"ok","","separated",3010,2010,10903,"0.1.2","1.1.6","f178b332fb3ac6cee95914d519a84301a305ff24","{""nit"":500,""nburn"":250,""nthin"":1,""nchains"":1,""ncores"":1,""convergence_control"":{""warn"":false},""seed"":10903,""convergence"":""core"",""verbose"":false}",5.03999999999996,"reported","ok",""
9,"st_csr_sbayesc","D1","01_finemapping","separated","causal_rank_best",1,"ok","","separated",3010,2010,10903,"0.1.2","1.1.6","f178b332fb3ac6cee95914d519a84301a305ff24","{""nit"":500,""nburn"":250,""nthin"":1,""nchains"":1,""ncores"":1,""convergence_control"":{""warn"":false},""seed"":10903,""convergence"":""core"",""verbose"":false}",5.03999999999996,"reported","ok",""
9,"st_csr_sbayesc","D1","01_finemapping","separated","causal_rank_worst",18699,"ok","","separated",3010,2010,10903,"0.1.2","1.1.6","f178b332fb3ac6cee95914d519a84301a305ff24","{""nit"":500,""nburn"":250,""nthin"":1,""nchains"":1,""ncores"":1,""convergence_control"":{""warn"":false},""seed"":10903,""convergence"":""core"",""verbose"":false}",5.03999999999996,"reported","ok",""
9,"st_csr_sbayesc","D1","01_finemapping","separated","causal_top_10_recall",0.6,"ok","","separated",3010,2010,10903,"0.1.2","1.1.6","f178b332fb3ac6cee95914d519a84301a305ff24","{""nit"":500,""nburn"":250,""nthin"":1,""nchains"":1,""ncores"":1,""convergence_control"":{""warn"":false},""seed"":10903,""convergence"":""core"",""verbose"":false}",5.03999999999996,"reported","ok",""
9,"st_csr_sbayesc","D1","01_finemapping","separated","causal_top_20_recall",0.6,"ok","","separated",3010,2010,10903,"0.1.2","1.1.6","f178b332fb3ac6cee95914d519a84301a305ff24","{""nit"":500,""nburn"":250,""nthin"":1,""nchains"":1,""ncores"":1,""convergence_control"":{""warn"":false},""seed"":10903,""convergence"":""core"",""verbose"":false}",5.03999999999996,"reported","ok",""
9,"st_csr_sbayesc","D1","01_finemapping","separated","causal_top_50_recall",0.7,"ok","","separated",3010,2010,10903,"0.1.2","1.1.6","f178b332fb3ac6cee95914d519a84301a305ff24","{""nit"":500,""nburn"":250,""nthin"":1,""nchains"":1,""ncores"":1,""convergence_control"":{""warn"":false},""seed"":10903,""convergence"":""core"",""verbose"":false}",5.03999999999996,"reported","ok",""
9,"st_csr_sbayesr","D1","01_finemapping","separated","pip_brier",0.000120518754441842,"ok","","separated",3010,2010,10904,"0.1.2","1.1.6","f178b332fb3ac6cee95914d519a84301a305ff24","{""nit"":500,""nburn"":250,""nthin"":1,""nchains"":1,""ncores"":1,""convergence_control"":{""warn"":false},""seed"":10904,""convergence"":""core"",""verbose"":false}",11.99,"reported","ok",""
9,"st_csr_sbayesr","D1","01_finemapping","separated","effect_rmse",0.00084692597372325,"ok","","separated",3010,2010,10904,"0.1.2","1.1.6","f178b332fb3ac6cee95914d519a84301a305ff24","{""nit"":500,""nburn"":250,""nthin"":1,""nchains"":1,""ncores"":1,""convergence_control"":{""warn"":false},""seed"":10904,""convergence"":""core"",""verbose"":false}",11.99,"reported","ok",""
9,"st_csr_sbayesr","D1","01_finemapping","separated","average_precision",0.62296886188031,"ok","","separated",3010,2010,10904,"0.1.2","1.1.6","f178b332fb3ac6cee95914d519a84301a305ff24","{""nit"":500,""nburn"":250,""nthin"":1,""nchains"":1,""ncores"":1,""convergence_control"":{""warn"":false},""seed"":10904,""convergence"":""core"",""verbose"":false}",11.99,"reported","ok",""
9,"st_csr_sbayesr","D1","01_finemapping","separated","causal_rank_mean",839.7,"ok","","separated",3010,2010,10904,"0.1.2","1.1.6","f178b332fb3ac6cee95914d519a84301a305ff24","{""nit"":500,""nburn"":250,""nthin"":1,""nchains"":1,""ncores"":1,""convergence_control"":{""warn"":false},""seed"":10904,""convergence"":""core"",""verbose"":false}",11.99,"reported","ok",""
9,"st_csr_sbayesr","D1","01_finemapping","separated","causal_rank_median",5.5,"ok","","separated",3010,2010,10904,"0.1.2","1.1.6","f178b332fb3ac6cee95914d519a84301a305ff24","{""nit"":500,""nburn"":250,""nthin"":1,""nchains"":1,""ncores"":1,""convergence_control"":{""warn"":false},""seed"":10904,""convergence"":""core"",""verbose"":false}",11.99,"reported","ok",""
9,"st_csr_sbayesr","D1","01_finemapping","separated","causal_rank_best",1,"ok","","separated",3010,2010,10904,"0.1.2","1.1.6","f178b332fb3ac6cee95914d519a84301a305ff24","{""nit"":500,""nburn"":250,""nthin"":1,""nchains"":1,""ncores"":1,""convergence_control"":{""warn"":false},""seed"":10904,""convergence"":""core"",""verbose"":false}",11.99,"reported","ok",""
9,"st_csr_sbayesr","D1","01_finemapping","separated","causal_rank_worst",5168,"ok","","separated",3010,2010,10904,"0.1.2","1.1.6","f178b332fb3ac6cee95914d519a84301a305ff24","{""nit"":500,""nburn"":250,""nthin"":1,""nchains"":1,""ncores"":1,""convergence_control"":{""warn"":false},""seed"":10904,""convergence"":""core"",""verbose"":false}",11.99,"reported","ok",""
9,"st_csr_sbayesr","D1","01_finemapping","separated","causal_top_10_recall",0.6,"ok","","separated",3010,2010,10904,"0.1.2","1.1.6","f178b332fb3ac6cee95914d519a84301a305ff24","{""nit"":500,""nburn"":250,""nthin"":1,""nchains"":1,""ncores"":1,""convergence_control"":{""warn"":false},""seed"":10904,""convergence"":""core"",""verbose"":false}",11.99,"reported","ok",""
9,"st_csr_sbayesr","D1","01_finemapping","separated","causal_top_20_recall",0.6,"ok","","separated",3010,2010,10904,"0.1.2","1.1.6","f178b332fb3ac6cee95914d519a84301a305ff24","{""nit"":500,""nburn"":250,""nthin"":1,""nchains"":1,""ncores"":1,""convergence_control"":{""warn"":false},""seed"":10904,""convergence"":""core"",""verbose"":false}",11.99,"reported","ok",""
9,"st_csr_sbayesr","D1","01_finemapping","separated","causal_top_50_recall",0.7,"ok","","separated",3010,2010,10904,"0.1.2","1.1.6","f178b332fb3ac6cee95914d519a84301a305ff24","{""nit"":500,""nburn"":250,""nthin"":1,""nchains"":1,""ncores"":1,""convergence_control"":{""warn"":false},""seed"":10904,""convergence"":""core"",""verbose"":false}",11.99,"reported","ok",""
