"scenario","replicate","method","quantity","parameter_name","annotation_name","stick_name","burnin","retained_draws","rhat","ess_bulk","ess_tail","mcse_mean","posterior_sd","relative_mcse","chain_count","draws_per_chain","rhat_pass","ess_bulk_pass","ess_tail_pass","relative_mcse_pass","chain_count_pass","finite_nonconstant_pass","overall_pass"
"informative_annotations",1,"st_bed_bayesrc","alpha:continuous_signal:component_0_stick","alpha","continuous_signal","component_0_stick",250,500,1.98769879771644,5.56301069579091,18.3258883980942,0.041035272627157,0.0957662446552434,0.428494118933902,4,500,FALSE,FALSE,FALSE,FALSE,TRUE,TRUE,FALSE
"informative_annotations",1,"st_bed_bayesrc","alpha:continuous_signal:component_0_stick","alpha","continuous_signal","component_0_stick",250,1000,1.91005376985244,5.70498954371893,14.6715848512838,0.0499812459118332,0.115676165032191,0.432079036315945,4,1000,FALSE,FALSE,FALSE,FALSE,TRUE,TRUE,FALSE
"informative_annotations",1,"st_bed_bayesrc","alpha:continuous_signal:component_0_stick","alpha","continuous_signal","component_0_stick",250,1500,1.68522130662454,6.28338081690979,26.8853625670542,0.0489255866843676,0.120528138099993,0.405926677833336,4,1500,FALSE,FALSE,FALSE,FALSE,TRUE,TRUE,FALSE
"informative_annotations",1,"st_bed_bayesrc","alpha:continuous_signal:component_0_stick","alpha","continuous_signal","component_0_stick",250,2000,1.67951537659064,6.40237378489068,39.9386307267,0.0448474055388409,0.113164806571558,0.396301702777907,4,2000,FALSE,FALSE,FALSE,FALSE,TRUE,TRUE,FALSE
"informative_annotations",1,"st_bed_bayesrc","alpha:continuous_signal:component_0_stick","alpha","continuous_signal","component_0_stick",250,2500,1.34732538530449,9.59878274456025,40.5500943489357,0.0366843399461725,0.111576928081345,0.328780694871147,4,2500,FALSE,FALSE,FALSE,FALSE,TRUE,TRUE,FALSE
"informative_annotations",1,"st_bed_bayesrc","alpha:continuous_signal:component_0_stick","alpha","continuous_signal","component_0_stick",500,500,2.47647045591665,4.94632091136957,12.3211970167891,0.0598068554156644,0.126719849948551,0.471961223438523,4,500,FALSE,FALSE,FALSE,FALSE,TRUE,TRUE,FALSE
"informative_annotations",1,"st_bed_bayesrc","alpha:continuous_signal:component_0_stick","alpha","continuous_signal","component_0_stick",500,1000,2.19284839104034,5.12703698370334,16.748483876456,0.0551570738807239,0.120531300915279,0.457616183197871,4,1000,FALSE,FALSE,FALSE,FALSE,TRUE,TRUE,FALSE
"informative_annotations",1,"st_bed_bayesrc","alpha:continuous_signal:component_0_stick","alpha","continuous_signal","component_0_stick",500,1500,2.18182020685078,5.24083423959899,26.9239630492788,0.0548260339389458,0.123193393527214,0.445040374075209,4,1500,FALSE,FALSE,FALSE,FALSE,TRUE,TRUE,FALSE
"informative_annotations",1,"st_bed_bayesrc","alpha:continuous_signal:component_0_stick","alpha","continuous_signal","component_0_stick",500,2000,1.60942830040877,6.66243134906561,34.7887662328411,0.044309270380948,0.112947995054303,0.392297980673716,4,2000,FALSE,FALSE,FALSE,FALSE,TRUE,TRUE,FALSE
"informative_annotations",1,"st_bed_bayesrc","alpha:continuous_signal:component_0_stick","alpha","continuous_signal","component_0_stick",500,2500,1.43274904989528,8.19206362028181,35.5561883863705,0.0422923990490533,0.117193114440101,0.360877848934286,4,2500,FALSE,FALSE,FALSE,FALSE,TRUE,TRUE,FALSE
"informative_annotations",1,"st_bed_bayesrc","alpha:continuous_signal:component_0_stick","alpha","continuous_signal","component_0_stick",750,500,2.48854061218124,4.87993705241581,14.3119285148579,0.0630060592063075,0.13265501890848,0.474961744566756,4,500,FALSE,FALSE,FALSE,FALSE,TRUE,TRUE,FALSE
"informative_annotations",1,"st_bed_bayesrc","alpha:continuous_signal:component_0_stick","alpha","continuous_signal","component_0_stick",750,1000,2.1432396972502,5.22924244515675,20.0197892538848,0.0594298649804728,0.130872973029794,0.454103422613797,4,1000,FALSE,FALSE,FALSE,FALSE,TRUE,TRUE,FALSE
"informative_annotations",1,"st_bed_bayesrc","alpha:continuous_signal:component_0_stick","alpha","continuous_signal","component_0_stick",750,1500,1.85335461914754,5.85384410974776,28.2903826381972,0.0496453115435247,0.118273698756238,0.419749378480534,4,1500,FALSE,FALSE,FALSE,FALSE,TRUE,TRUE,FALSE
"informative_annotations",1,"st_bed_bayesrc","alpha:continuous_signal:component_0_stick","alpha","continuous_signal","component_0_stick",750,2000,1.42473243483425,8.38186113341995,25.6968400871915,0.0415395824203027,0.115125687166271,0.360819409141149,4,2000,FALSE,FALSE,FALSE,FALSE,TRUE,TRUE,FALSE
"informative_annotations",1,"st_bed_bayesrc","alpha:continuous_signal:component_0_stick","alpha","continuous_signal","component_0_stick",1000,500,2.35016900939048,5.00161688150069,12.6065345398908,0.0523340348795334,0.113630938130791,0.460561496194779,4,500,FALSE,FALSE,FALSE,FALSE,TRUE,TRUE,FALSE
"informative_annotations",1,"st_bed_bayesrc","alpha:continuous_signal:component_0_stick","alpha","continuous_signal","component_0_stick",1000,1000,2.04247239676008,5.4001267719065,19.4616659117374,0.0533960884222111,0.120969616765005,0.441400823199583,4,1000,FALSE,FALSE,FALSE,FALSE,TRUE,TRUE,FALSE
"informative_annotations",1,"st_bed_bayesrc","alpha:continuous_signal:component_0_stick","alpha","continuous_signal","component_0_stick",1000,1500,1.57684115278712,6.98225853962585,22.9845765195086,0.0418242478356682,0.107918945128681,0.387552415248293,4,1500,FALSE,FALSE,FALSE,FALSE,TRUE,TRUE,FALSE
"informative_annotations",1,"st_bed_bayesrc","alpha:continuous_signal:component_0_stick","alpha","continuous_signal","component_0_stick",1000,2000,1.50000117203206,7.62748197251295,38.0628982795191,0.0419904372976745,0.114315204045928,0.367321544392329,4,2000,FALSE,FALSE,FALSE,FALSE,TRUE,TRUE,FALSE
"informative_annotations",1,"st_bed_bayesrc","alpha:continuous_signal:component_1_stick","alpha","continuous_signal","component_1_stick",250,500,1.35479730146267,9.86067309572456,42.8713004949506,0.280384849990615,0.889702254344865,0.315144587553144,4,500,FALSE,FALSE,FALSE,FALSE,TRUE,TRUE,FALSE
"informative_annotations",1,"st_bed_bayesrc","alpha:continuous_signal:component_1_stick","alpha","continuous_signal","component_1_stick",250,1000,1.33684698558896,10.5608568725307,92.9753718888633,0.324832826834794,1.06392677174494,0.305315023046218,4,1000,FALSE,FALSE,FALSE,FALSE,TRUE,TRUE,FALSE
"informative_annotations",1,"st_bed_bayesrc","alpha:continuous_signal:component_1_stick","alpha","continuous_signal","component_1_stick",250,1500,1.18628124061244,15.6232513485993,67.0154501207456,0.293510045332412,1.21222832904094,0.242124390513645,4,1500,FALSE,FALSE,FALSE,FALSE,TRUE,TRUE,FALSE
"informative_annotations",1,"st_bed_bayesrc","alpha:continuous_signal:component_1_stick","alpha","continuous_signal","component_1_stick",250,2000,1.19443310995893,16.376894609005,94.1541196219449,0.33742419380207,1.37974177591735,0.244556046422329,4,2000,FALSE,FALSE,FALSE,FALSE,TRUE,TRUE,FALSE
"informative_annotations",1,"st_bed_bayesrc","alpha:continuous_signal:component_1_stick","alpha","continuous_signal","component_1_stick",250,2500,1.22568378162732,13.3742824879613,24.7105059133342,0.402147679842248,1.58653193574817,0.25347594383759,4,2500,FALSE,FALSE,FALSE,FALSE,TRUE,TRUE,FALSE
"informative_annotations",1,"st_bed_bayesrc","alpha:continuous_signal:component_1_stick","alpha","continuous_signal","component_1_stick",500,500,1.32707328689471,10.1092313076807,33.0754997708745,0.323859235605131,1.03218040815986,0.313762238698656,4,500,FALSE,FALSE,FALSE,FALSE,TRUE,TRUE,FALSE
"informative_annotations",1,"st_bed_bayesrc","alpha:continuous_signal:component_1_stick","alpha","continuous_signal","component_1_stick",500,1000,1.38511687197504,8.95165584293852,34.5999189510368,0.395532093448506,1.21531804270579,0.325455625235261,4,1000,FALSE,FALSE,FALSE,FALSE,TRUE,TRUE,FALSE
"informative_annotations",1,"st_bed_bayesrc","alpha:continuous_signal:component_1_stick","alpha","continuous_signal","component_1_stick",500,1500,1.1478262827965,20.7005100793554,87.312096513739,0.30775811032191,1.42377161889069,0.216156935732217,4,1500,FALSE,FALSE,FALSE,FALSE,TRUE,TRUE,FALSE
"informative_annotations",1,"st_bed_bayesrc","alpha:continuous_signal:component_1_stick","alpha","continuous_signal","component_1_stick",500,2000,1.23870842365022,13.8292254222231,86.7992734392897,0.385950166902334,1.49519967903592,0.258126170245828,4,2000,FALSE,FALSE,FALSE,FALSE,TRUE,TRUE,FALSE
"informative_annotations",1,"st_bed_bayesrc","alpha:continuous_signal:component_1_stick","alpha","continuous_signal","component_1_stick",500,2500,1.18389272866762,15.4007859802923,31.5239556858351,0.397022404916813,1.62971518402567,0.243614595242404,4,2500,FALSE,FALSE,FALSE,FALSE,TRUE,TRUE,FALSE
"informative_annotations",1,"st_bed_bayesrc","alpha:continuous_signal:component_1_stick","alpha","continuous_signal","component_1_stick",750,500,1.3478726195764,9.81701723645072,40.2281348753678,0.372349475691291,1.17733829882703,0.316263792711286,4,500,FALSE,FALSE,FALSE,FALSE,TRUE,TRUE,FALSE
"informative_annotations",1,"st_bed_bayesrc","alpha:continuous_signal:component_1_stick","alpha","continuous_signal","component_1_stick",750,1000,1.21838080845344,13.0887440391199,44.9665516790759,0.359181577667256,1.32166806047094,0.27176383269735,4,1000,FALSE,FALSE,FALSE,FALSE,TRUE,TRUE,FALSE
"informative_annotations",1,"st_bed_bayesrc","alpha:continuous_signal:component_1_stick","alpha","continuous_signal","component_1_stick",750,1500,1.29032297319674,12.1281749080909,92.2060525180499,0.414032611885111,1.47941925251287,0.2798615816185,4,1500,FALSE,FALSE,FALSE,FALSE,TRUE,TRUE,FALSE
"informative_annotations",1,"st_bed_bayesrc","alpha:continuous_signal:component_1_stick","alpha","continuous_signal","component_1_stick",750,2000,1.21358578323779,12.971784545374,21.9142321852765,0.456338483245053,1.71155374723161,0.26662235058827,4,2000,FALSE,FALSE,FALSE,FALSE,TRUE,TRUE,FALSE
"informative_annotations",1,"st_bed_bayesrc","alpha:continuous_signal:component_1_stick","alpha","continuous_signal","component_1_stick",1000,500,1.69662061523549,6.45093962398306,24.1991889436274,0.544861795698434,1.37358059579912,0.396672606882194,4,500,FALSE,FALSE,FALSE,FALSE,TRUE,TRUE,FALSE
"informative_annotations",1,"st_bed_bayesrc","alpha:continuous_signal:component_1_stick","alpha","continuous_signal","component_1_stick",1000,1000,1.30589926167139,12.3689964801688,63.6657629279331,0.438453054099431,1.57721460281321,0.277992007756828,4,1000,FALSE,FALSE,FALSE,FALSE,TRUE,TRUE,FALSE
"informative_annotations",1,"st_bed_bayesrc","alpha:continuous_signal:component_1_stick","alpha","continuous_signal","component_1_stick",1000,1500,1.20992571953264,13.6729206416739,76.5123388939205,0.42302495658606,1.61801680633348,0.261446577643813,4,1500,FALSE,FALSE,FALSE,FALSE,TRUE,TRUE,FALSE
"informative_annotations",1,"st_bed_bayesrc","alpha:continuous_signal:component_1_stick","alpha","continuous_signal","component_1_stick",1000,2000,1.19181682611822,14.9058809219865,22.4052435594705,0.456801369299209,1.74650968507624,0.261551008392644,4,2000,FALSE,FALSE,FALSE,FALSE,TRUE,TRUE,FALSE
"informative_annotations",1,"st_bed_bayesrc","alpha:continuous_signal:component_2_stick","alpha","continuous_signal","component_2_stick",250,500,1.99974056575256,5.4986134009624,14.8890984604242,2.44945455678239,5.50341818128728,0.445078763069654,4,500,FALSE,FALSE,FALSE,FALSE,TRUE,TRUE,FALSE
"informative_annotations",1,"st_bed_bayesrc","alpha:continuous_signal:component_2_stick","alpha","continuous_signal","component_2_stick",250,1000,1.40392807277305,8.98963149688719,13.5370819088811,1.68337735935349,4.4868542171029,0.375179864979082,4,1000,FALSE,FALSE,FALSE,FALSE,TRUE,TRUE,FALSE
"informative_annotations",1,"st_bed_bayesrc","alpha:continuous_signal:component_2_stick","alpha","continuous_signal","component_2_stick",250,1500,1.25851469629188,11.6882424137721,16.3122553923946,1.40256189987604,3.83076860086539,0.366130676637372,4,1500,FALSE,FALSE,FALSE,FALSE,TRUE,TRUE,FALSE
"informative_annotations",1,"st_bed_bayesrc","alpha:continuous_signal:component_2_stick","alpha","continuous_signal","component_2_stick",250,2000,1.17303305989073,17.7218130201092,17.4191217687343,1.02457851719943,3.4320921282105,0.298528850311966,4,2000,FALSE,FALSE,FALSE,FALSE,TRUE,TRUE,FALSE
"informative_annotations",1,"st_bed_bayesrc","alpha:continuous_signal:component_2_stick","alpha","continuous_signal","component_2_stick",250,2500,1.10684678053613,29.4451377875032,16.0195572751415,0.85282510181924,3.2414875389335,0.263096831802053,4,2500,FALSE,FALSE,FALSE,FALSE,TRUE,TRUE,FALSE
"informative_annotations",1,"st_bed_bayesrc","alpha:continuous_signal:component_2_stick","alpha","continuous_signal","component_2_stick",500,500,1.7262435119581,6.27579323013384,16.7568937523772,2.37466331454726,5.12313692250149,0.463517440675346,4,500,FALSE,FALSE,FALSE,FALSE,TRUE,TRUE,FALSE
"informative_annotations",1,"st_bed_bayesrc","alpha:continuous_signal:component_2_stick","alpha","continuous_signal","component_2_stick",500,1000,1.30974817695499,10.3436756596064,10.8031721845933,1.68345073884491,3.99790443110392,0.421083286970936,4,1000,FALSE,FALSE,FALSE,FALSE,TRUE,TRUE,FALSE
"informative_annotations",1,"st_bed_bayesrc","alpha:continuous_signal:component_2_stick","alpha","continuous_signal","component_2_stick",500,1500,1.18984804713479,15.2381546628517,11.3047317000482,1.14666039741559,3.41406193409368,0.335863970704443,4,1500,FALSE,FALSE,FALSE,FALSE,TRUE,TRUE,FALSE
"informative_annotations",1,"st_bed_bayesrc","alpha:continuous_signal:component_2_stick","alpha","continuous_signal","component_2_stick",500,2000,1.11360577182353,24.4074408923621,11.6993046950256,0.909016202776761,3.20663842943987,0.28347948257314,4,2000,FALSE,FALSE,FALSE,FALSE,TRUE,TRUE,FALSE
"informative_annotations",1,"st_bed_bayesrc","alpha:continuous_signal:component_2_stick","alpha","continuous_signal","component_2_stick",500,2500,1.08033185726592,53.1068503563961,14.9213478990613,0.677606404870579,2.9565054459429,0.22919166470687,4,2500,FALSE,FALSE,FALSE,FALSE,TRUE,TRUE,FALSE
"informative_annotations",1,"st_bed_bayesrc","alpha:continuous_signal:component_2_stick","alpha","continuous_signal","component_2_stick",750,500,1.32418047387163,10.2562351127133,11.3822056904446,1.16781969468365,2.99690613336824,0.389675099156722,4,500,FALSE,FALSE,FALSE,FALSE,TRUE,TRUE,FALSE
"informative_annotations",1,"st_bed_bayesrc","alpha:continuous_signal:component_2_stick","alpha","continuous_signal","component_2_stick",750,1000,1.13675744437083,24.9910574912236,13.4873037763796,0.64547681056855,2.43120218038742,0.265496969267152,4,1000,FALSE,FALSE,FALSE,FALSE,TRUE,TRUE,FALSE
"informative_annotations",1,"st_bed_bayesrc","alpha:continuous_signal:component_2_stick","alpha","continuous_signal","component_2_stick",750,1500,1.08618087189937,62.6561985579937,21.3108327403188,0.33584098694102,2.20722505902051,0.152155298150726,4,1500,FALSE,FALSE,FALSE,FALSE,TRUE,TRUE,FALSE
"informative_annotations",1,"st_bed_bayesrc","alpha:continuous_signal:component_2_stick","alpha","continuous_signal","component_2_stick",750,2000,1.05386797776826,73.3319395762243,36.4927489913461,0.30114026312357,2.19294352721819,0.137322397675044,4,2000,FALSE,FALSE,FALSE,FALSE,TRUE,TRUE,FALSE
"informative_annotations",1,"st_bed_bayesrc","alpha:continuous_signal:component_2_stick","alpha","continuous_signal","component_2_stick",1000,500,1.07516388064769,40.6921108186536,19.9021572076141,0.301360754522747,1.7562375118574,0.17159453233864,4,500,FALSE,FALSE,FALSE,FALSE,TRUE,TRUE,FALSE
"informative_annotations",1,"st_bed_bayesrc","alpha:continuous_signal:component_2_stick","alpha","continuous_signal","component_2_stick",1000,1000,1.0587616752277,55.7380582689515,60.858351196303,0.23393080046827,1.67533260696382,0.139632452383422,4,1000,FALSE,FALSE,FALSE,FALSE,TRUE,TRUE,FALSE
"informative_annotations",1,"st_bed_bayesrc","alpha:continuous_signal:component_2_stick","alpha","continuous_signal","component_2_stick",1000,1500,1.04167588796871,58.1297342772892,54.0448931499319,0.275779317229643,1.88520712803192,0.146285950826817,4,1500,FALSE,FALSE,FALSE,FALSE,TRUE,TRUE,FALSE
"informative_annotations",1,"st_bed_bayesrc","alpha:continuous_signal:component_2_stick","alpha","continuous_signal","component_2_stick",1000,2000,1.04923630497724,93.8720123299579,78.1130643838026,0.203207380043605,1.79267859209573,0.113354050714716,4,2000,FALSE,FALSE,FALSE,FALSE,TRUE,TRUE,FALSE
"informative_annotations",1,"st_bed_bayesrc","alpha:enriched_binary:component_0_stick","alpha","enriched_binary","component_0_stick",250,500,1.16535473425761,25.4438081514276,29.493826674447,0.0307812671688228,0.155210883455773,0.198318999824479,4,500,FALSE,FALSE,FALSE,FALSE,TRUE,TRUE,FALSE
"informative_annotations",1,"st_bed_bayesrc","alpha:enriched_binary:component_0_stick","alpha","enriched_binary","component_0_stick",250,1000,1.06608513216512,43.3041590655181,125.9952528706,0.0253714245847373,0.164581427964965,0.154157275814487,4,1000,FALSE,FALSE,FALSE,FALSE,TRUE,TRUE,FALSE
"informative_annotations",1,"st_bed_bayesrc","alpha:enriched_binary:component_0_stick","alpha","enriched_binary","component_0_stick",250,1500,1.13200200719188,26.5609458645314,47.5717480394438,0.0342634728277149,0.184259525441954,0.185952247220504,4,1500,FALSE,FALSE,FALSE,FALSE,TRUE,TRUE,FALSE
"informative_annotations",1,"st_bed_bayesrc","alpha:enriched_binary:component_0_stick","alpha","enriched_binary","component_0_stick",250,2000,1.11819569463078,27.8604324780192,49.282535717268,0.035929481416745,0.188481632729265,0.190625902887599,4,2000,FALSE,FALSE,FALSE,FALSE,TRUE,TRUE,FALSE
"informative_annotations",1,"st_bed_bayesrc","alpha:enriched_binary:component_0_stick","alpha","enriched_binary","component_0_stick",250,2500,1.17531459875782,19.846052024066,131.289930890709,0.0424821988807964,0.189601734790606,0.224060180291669,4,2500,FALSE,FALSE,FALSE,FALSE,TRUE,TRUE,FALSE
"informative_annotations",1,"st_bed_bayesrc","alpha:enriched_binary:component_0_stick","alpha","enriched_binary","component_0_stick",500,500,1.13271402099075,21.4015968026721,55.4670371823559,0.0372872828996302,0.167558607687402,0.22253278070437,4,500,FALSE,FALSE,FALSE,FALSE,TRUE,TRUE,FALSE
"informative_annotations",1,"st_bed_bayesrc","alpha:enriched_binary:component_0_stick","alpha","enriched_binary","component_0_stick",500,1000,1.14131022894575,28.5534744520209,30.9549861162292,0.0347083836389442,0.186646953895106,0.18595740736519,4,1000,FALSE,FALSE,FALSE,FALSE,TRUE,TRUE,FALSE
"informative_annotations",1,"st_bed_bayesrc","alpha:enriched_binary:component_0_stick","alpha","enriched_binary","component_0_stick",500,1500,1.13597869709314,20.391619516623,42.2496925946557,0.044051355392953,0.198502329085519,0.221918581992933,4,1500,FALSE,FALSE,FALSE,FALSE,TRUE,TRUE,FALSE
"informative_annotations",1,"st_bed_bayesrc","alpha:enriched_binary:component_0_stick","alpha","enriched_binary","component_0_stick",500,2000,1.21613651374211,15.9516301939246,92.1317627590693,0.0475595347911058,0.189515045511024,0.250953873677218,4,2000,FALSE,FALSE,FALSE,FALSE,TRUE,TRUE,FALSE
"informative_annotations",1,"st_bed_bayesrc","alpha:enriched_binary:component_0_stick","alpha","enriched_binary","component_0_stick",500,2500,1.21236653174156,15.4169323756533,105.844198416754,0.0483733784464005,0.195721107891268,0.247154632260074,4,2500,FALSE,FALSE,FALSE,FALSE,TRUE,TRUE,FALSE
"informative_annotations",1,"st_bed_bayesrc","alpha:enriched_binary:component_0_stick","alpha","enriched_binary","component_0_stick",750,500,1.08100419823647,25.2517759030058,62.9699873257057,0.0347260845312193,0.166614230481099,0.208422080340602,4,500,FALSE,FALSE,FALSE,FALSE,TRUE,TRUE,FALSE
"informative_annotations",1,"st_bed_bayesrc","alpha:enriched_binary:component_0_stick","alpha","enriched_binary","component_0_stick",750,1000,1.21930010772162,13.765409258175,35.8917983671523,0.0497136901650419,0.189633991466813,0.262156007899786,4,1000,FALSE,FALSE,FALSE,FALSE,TRUE,TRUE,FALSE
"informative_annotations",1,"st_bed_bayesrc","alpha:enriched_binary:component_0_stick","alpha","enriched_binary","component_0_stick",750,1500,1.21971925244925,15.287305016741,67.4045456436147,0.0492417894424954,0.190410591113737,0.258608458460602,4,1500,FALSE,FALSE,FALSE,FALSE,TRUE,TRUE,FALSE
"informative_annotations",1,"st_bed_bayesrc","alpha:enriched_binary:component_0_stick","alpha","enriched_binary","component_0_stick",750,2000,1.20348815492983,17.3703398571692,54.8355582496076,0.0451126352546246,0.188314585784919,0.239559963274163,4,2000,FALSE,FALSE,FALSE,FALSE,TRUE,TRUE,FALSE
"informative_annotations",1,"st_bed_bayesrc","alpha:enriched_binary:component_0_stick","alpha","enriched_binary","component_0_stick",1000,500,1.35767808538262,9.1702710058363,20.6636072759881,0.0672781853863427,0.201492430136912,0.333899319893199,4,500,FALSE,FALSE,FALSE,FALSE,TRUE,TRUE,FALSE
"informative_annotations",1,"st_bed_bayesrc","alpha:enriched_binary:component_0_stick","alpha","enriched_binary","component_0_stick",1000,1000,1.31313939819788,10.3793275954993,33.8680875966869,0.0653865925777914,0.20983980263612,0.31160243078944,4,1000,FALSE,FALSE,FALSE,FALSE,TRUE,TRUE,FALSE
"informative_annotations",1,"st_bed_bayesrc","alpha:enriched_binary:component_0_stick","alpha","enriched_binary","component_0_stick",1000,1500,1.25288229272379,12.8663405874273,44.981216554705,0.0540417275194351,0.193362579614885,0.279483898213752,4,1500,FALSE,FALSE,FALSE,FALSE,TRUE,TRUE,FALSE
"informative_annotations",1,"st_bed_bayesrc","alpha:enriched_binary:component_0_stick","alpha","enriched_binary","component_0_stick",1000,2000,1.15627871083677,20.9583468893678,47.8625175167664,0.0437711078898111,0.196631539114851,0.222604715839836,4,2000,FALSE,FALSE,FALSE,FALSE,TRUE,TRUE,FALSE
"informative_annotations",1,"st_bed_bayesrc","alpha:enriched_binary:component_1_stick","alpha","enriched_binary","component_1_stick",250,500,1.12500535112786,25.3228495838822,128.076458595543,0.20468800558888,1.03227554944831,0.198288146704892,4,500,FALSE,FALSE,FALSE,FALSE,TRUE,TRUE,FALSE
"informative_annotations",1,"st_bed_bayesrc","alpha:enriched_binary:component_1_stick","alpha","enriched_binary","component_1_stick",250,1000,1.09861261947792,43.8466162677324,63.3635069049064,0.23291039927893,1.51358709544962,0.153879746979305,4,1000,FALSE,FALSE,FALSE,FALSE,TRUE,TRUE,FALSE
"informative_annotations",1,"st_bed_bayesrc","alpha:enriched_binary:component_1_stick","alpha","enriched_binary","component_1_stick",250,1500,1.06067156793481,65.1438404595806,80.4172894739271,0.221277682854711,1.72086669251387,0.12858502277795,4,1500,FALSE,FALSE,FALSE,FALSE,TRUE,TRUE,FALSE
"informative_annotations",1,"st_bed_bayesrc","alpha:enriched_binary:component_1_stick","alpha","enriched_binary","component_1_stick",250,2000,1.0499443660606,86.8467083048159,122.560326007089,0.182699803850579,1.67078702229563,0.109349546897696,4,2000,FALSE,FALSE,FALSE,FALSE,TRUE,TRUE,FALSE
"informative_annotations",1,"st_bed_bayesrc","alpha:enriched_binary:component_1_stick","alpha","enriched_binary","component_1_stick",250,2500,1.07846958502781,73.490941510994,134.380425779544,0.174013498696978,1.64374161795021,0.105864265281533,4,2500,FALSE,FALSE,FALSE,FALSE,TRUE,TRUE,FALSE
"informative_annotations",1,"st_bed_bayesrc","alpha:enriched_binary:component_1_stick","alpha","enriched_binary","component_1_stick",500,500,1.14497043073323,19.2735638120721,51.0767804676109,0.324494152638655,1.47797775909983,0.219552798166793,4,500,FALSE,FALSE,FALSE,FALSE,TRUE,TRUE,FALSE
"informative_annotations",1,"st_bed_bayesrc","alpha:enriched_binary:component_1_stick","alpha","enriched_binary","component_1_stick",500,1000,1.11852975873387,46.4395053981301,52.4644189336168,0.262378224082456,1.76628083982949,0.148548417763386,4,1000,FALSE,FALSE,FALSE,FALSE,TRUE,TRUE,FALSE
"informative_annotations",1,"st_bed_bayesrc","alpha:enriched_binary:component_1_stick","alpha","enriched_binary","component_1_stick",500,1500,1.06356474698786,64.2595478337719,96.4725541519029,0.224823000443808,1.78570373005725,0.125901624474178,4,1500,FALSE,FALSE,FALSE,FALSE,TRUE,TRUE,FALSE
"informative_annotations",1,"st_bed_bayesrc","alpha:enriched_binary:component_1_stick","alpha","enriched_binary","component_1_stick",500,2000,1.0902035329762,71.8177007335916,112.912737491894,0.205763897391672,1.73452381738617,0.118628464670925,4,2000,FALSE,FALSE,FALSE,FALSE,TRUE,TRUE,FALSE
"informative_annotations",1,"st_bed_bayesrc","alpha:enriched_binary:component_1_stick","alpha","enriched_binary","component_1_stick",500,2500,1.04776363459449,96.0074093630763,138.115513688795,0.168540999424667,1.64054241739228,0.102734923302118,4,2500,FALSE,FALSE,FALSE,FALSE,TRUE,TRUE,FALSE
"informative_annotations",1,"st_bed_bayesrc","alpha:enriched_binary:component_1_stick","alpha","enriched_binary","component_1_stick",750,500,1.07711902607869,27.648913753566,44.9651824006325,0.340534562703157,1.79840401451426,0.189353760309045,4,500,FALSE,FALSE,FALSE,FALSE,TRUE,TRUE,FALSE
"informative_annotations",1,"st_bed_bayesrc","alpha:enriched_binary:component_1_stick","alpha","enriched_binary","component_1_stick",750,1000,1.05390640738082,43.483047384128,76.5724851337894,0.291030098989616,1.89926913431054,0.153232679735652,4,1000,FALSE,FALSE,FALSE,FALSE,TRUE,TRUE,FALSE
"informative_annotations",1,"st_bed_bayesrc","alpha:enriched_binary:component_1_stick","alpha","enriched_binary","component_1_stick",750,1500,1.10534094168569,58.6081227394905,78.7905824926836,0.238560743527924,1.7990618690219,0.132602856875413,4,1500,FALSE,FALSE,FALSE,FALSE,TRUE,TRUE,FALSE
"informative_annotations",1,"st_bed_bayesrc","alpha:enriched_binary:component_1_stick","alpha","enriched_binary","component_1_stick",750,2000,1.07013583868095,72.5589184166295,113.509443333073,0.204086163663538,1.73342827950359,0.117735568339743,4,2000,FALSE,FALSE,FALSE,FALSE,TRUE,TRUE,FALSE
"informative_annotations",1,"st_bed_bayesrc","alpha:enriched_binary:component_1_stick","alpha","enriched_binary","component_1_stick",1000,500,1.18966139727988,27.6880382421169,24.5044499682123,0.373714774403162,1.94336626944931,0.192302799671964,4,500,FALSE,FALSE,FALSE,FALSE,TRUE,TRUE,FALSE
"informative_annotations",1,"st_bed_bayesrc","alpha:enriched_binary:component_1_stick","alpha","enriched_binary","component_1_stick",1000,1000,1.15788004641789,43.2409376909674,53.6090371881864,0.29118815702308,1.88452264637502,0.154515605096705,4,1000,FALSE,FALSE,FALSE,FALSE,TRUE,TRUE,FALSE
"informative_annotations",1,"st_bed_bayesrc","alpha:enriched_binary:component_1_stick","alpha","enriched_binary","component_1_stick",1000,1500,1.07986215827567,53.9418390533619,88.2532271049715,0.245249615230604,1.79169593706891,0.136881269950199,4,1500,FALSE,FALSE,FALSE,FALSE,TRUE,TRUE,FALSE
"informative_annotations",1,"st_bed_bayesrc","alpha:enriched_binary:component_1_stick","alpha","enriched_binary","component_1_stick",1000,2000,1.0507424177288,79.508441522269,115.524091101419,0.186644338256926,1.66221664551357,0.112286409091553,4,2000,FALSE,FALSE,FALSE,FALSE,TRUE,TRUE,FALSE
"informative_annotations",1,"st_bed_bayesrc","alpha:enriched_binary:component_2_stick","alpha","enriched_binary","component_2_stick",250,500,1.25769270578175,33.5886386170942,36.0284538484594,0.459300059179376,2.54989332810335,0.180125205284964,4,500,FALSE,FALSE,FALSE,FALSE,TRUE,TRUE,FALSE
"informative_annotations",1,"st_bed_bayesrc","alpha:enriched_binary:component_2_stick","alpha","enriched_binary","component_2_stick",250,1000,1.16819853359496,56.009115948705,33.0191459332459,0.314192673678673,2.21069244708772,0.142124099665052,4,1000,FALSE,FALSE,FALSE,FALSE,TRUE,TRUE,FALSE
"informative_annotations",1,"st_bed_bayesrc","alpha:enriched_binary:component_2_stick","alpha","enriched_binary","component_2_stick",250,1500,1.1131769079119,92.0163062669559,77.717685834268,0.223126299088561,1.98530894568936,0.112388703820142,4,1500,FALSE,FALSE,FALSE,FALSE,TRUE,TRUE,FALSE
"informative_annotations",1,"st_bed_bayesrc","alpha:enriched_binary:component_2_stick","alpha","enriched_binary","component_2_stick",250,2000,1.08510250298294,107.619741552631,94.5059280029641,0.206615974560016,1.99265883895627,0.103688584578903,4,2000,FALSE,FALSE,FALSE,FALSE,TRUE,TRUE,FALSE
"informative_annotations",1,"st_bed_bayesrc","alpha:enriched_binary:component_2_stick","alpha","enriched_binary","component_2_stick",250,2500,1.05738258580534,151.811372876045,131.671981352915,0.16723789798553,1.88947310268429,0.088510335367009,4,2500,FALSE,FALSE,FALSE,FALSE,TRUE,TRUE,FALSE
"informative_annotations",1,"st_bed_bayesrc","alpha:enriched_binary:component_2_stick","alpha","enriched_binary","component_2_stick",500,500,1.19640950732316,38.8579060319075,27.0130850701222,0.404207916517817,2.32856258298964,0.173586881224749,4,500,FALSE,FALSE,FALSE,FALSE,TRUE,TRUE,FALSE
"informative_annotations",1,"st_bed_bayesrc","alpha:enriched_binary:component_2_stick","alpha","enriched_binary","component_2_stick",500,1000,1.10697877639948,67.4507615365622,39.0545492564148,0.258991084532673,1.98610774229892,0.130401326683763,4,1000,FALSE,FALSE,FALSE,FALSE,TRUE,TRUE,FALSE
"informative_annotations",1,"st_bed_bayesrc","alpha:enriched_binary:component_2_stick","alpha","enriched_binary","component_2_stick",500,1500,1.06980257667107,71.6854968352135,65.1395787259558,0.243426843237965,2.01061444907391,0.121070871320003,4,1500,FALSE,FALSE,FALSE,FALSE,TRUE,TRUE,FALSE
"informative_annotations",1,"st_bed_bayesrc","alpha:enriched_binary:component_2_stick","alpha","enriched_binary","component_2_stick",500,2000,1.06123078371161,113.928941525892,106.761157716799,0.185287465333423,1.89042370887509,0.0980137227773552,4,2000,FALSE,FALSE,FALSE,FALSE,TRUE,TRUE,FALSE
"informative_annotations",1,"st_bed_bayesrc","alpha:enriched_binary:component_2_stick","alpha","enriched_binary","component_2_stick",500,2500,1.02988212481571,189.102859011385,122.221215376669,0.143251950513566,1.81225512986711,0.0790462381111152,4,2500,FALSE,FALSE,FALSE,FALSE,TRUE,TRUE,FALSE
"informative_annotations",1,"st_bed_bayesrc","alpha:enriched_binary:component_2_stick","alpha","enriched_binary","component_2_stick",750,500,1.1131293407104,29.0206881321546,28.2670313245239,0.366473937869252,1.80953645294797,0.202523655863478,4,500,FALSE,FALSE,FALSE,FALSE,TRUE,TRUE,FALSE
"informative_annotations",1,"st_bed_bayesrc","alpha:enriched_binary:component_2_stick","alpha","enriched_binary","component_2_stick",750,1000,1.06021081836849,62.3818870482107,49.5919043046595,0.221703701518984,1.63110749025318,0.135922189582104,4,1000,FALSE,FALSE,FALSE,FALSE,TRUE,TRUE,FALSE
"informative_annotations",1,"st_bed_bayesrc","alpha:enriched_binary:component_2_stick","alpha","enriched_binary","component_2_stick",750,1500,1.08395183299923,55.7844799814847,94.1892445113687,0.237933499112353,1.76315971315809,0.134947218528591,4,1500,FALSE,FALSE,FALSE,FALSE,TRUE,TRUE,FALSE
"informative_annotations",1,"st_bed_bayesrc","alpha:enriched_binary:component_2_stick","alpha","enriched_binary","component_2_stick",750,2000,1.03302079360142,151.404922400041,168.28868488469,0.149551873503248,1.68192173404156,0.0889172608191961,4,2000,FALSE,FALSE,FALSE,FALSE,TRUE,TRUE,FALSE
"informative_annotations",1,"st_bed_bayesrc","alpha:enriched_binary:component_2_stick","alpha","enriched_binary","component_2_stick",1000,500,1.16946161781128,16.01528827851,28.9982125891059,0.408418233456873,1.5708658180058,0.259995620743315,4,500,FALSE,FALSE,FALSE,FALSE,TRUE,TRUE,FALSE
"informative_annotations",1,"st_bed_bayesrc","alpha:enriched_binary:component_2_stick","alpha","enriched_binary","component_2_stick",1000,1000,1.13406837695574,23.6040515328376,57.9023339319373,0.376158402915825,1.81883129970332,0.206813244844194,4,1000,FALSE,FALSE,FALSE,FALSE,TRUE,TRUE,FALSE
"informative_annotations",1,"st_bed_bayesrc","alpha:enriched_binary:component_2_stick","alpha","enriched_binary","component_2_stick",1000,1500,1.04558736052488,94.4000074000832,133.101537350928,0.204458916035288,1.7158917367374,0.119156070081698,4,1500,FALSE,FALSE,FALSE,FALSE,TRUE,TRUE,FALSE
"informative_annotations",1,"st_bed_bayesrc","alpha:enriched_binary:component_2_stick","alpha","enriched_binary","component_2_stick",1000,2000,1.03114790102148,121.536893866859,158.593129250318,0.173480381464322,1.65718936400364,0.104683499202051,4,2000,FALSE,FALSE,FALSE,FALSE,TRUE,TRUE,FALSE
"informative_annotations",1,"st_bed_bayesrc","alpha:Intercept:component_0_stick","alpha","Intercept","component_0_stick",250,500,1.62050632124273,6.70601509495023,12.301092473812,0.0265301057383591,0.0678916857595156,0.390771056007262,4,500,FALSE,FALSE,FALSE,FALSE,TRUE,TRUE,FALSE
"informative_annotations",1,"st_bed_bayesrc","alpha:Intercept:component_0_stick","alpha","Intercept","component_0_stick",250,1000,1.58026148399266,6.81358163605349,35.0235675900123,0.0512761628859242,0.126707254516211,0.404682139800953,4,1000,FALSE,FALSE,FALSE,FALSE,TRUE,TRUE,FALSE
"informative_annotations",1,"st_bed_bayesrc","alpha:Intercept:component_0_stick","alpha","Intercept","component_0_stick",250,1500,1.81613173058674,5.81894320786071,11.2691969189721,0.0620758453417852,0.145579863794429,0.426404062511294,4,1500,FALSE,FALSE,FALSE,FALSE,TRUE,TRUE,FALSE
"informative_annotations",1,"st_bed_bayesrc","alpha:Intercept:component_0_stick","alpha","Intercept","component_0_stick",250,2000,1.34528352193322,9.63945588409858,28.8580213321545,0.0486148507859613,0.149463666011825,0.325261999007271,4,2000,FALSE,FALSE,FALSE,FALSE,TRUE,TRUE,FALSE
"informative_annotations",1,"st_bed_bayesrc","alpha:Intercept:component_0_stick","alpha","Intercept","component_0_stick",250,2500,1.4013191286205,8.78125489075503,16.8015389564762,0.0599180418512436,0.173545759807495,0.345257884247403,4,2500,FALSE,FALSE,FALSE,FALSE,TRUE,TRUE,FALSE
"informative_annotations",1,"st_bed_bayesrc","alpha:Intercept:component_0_stick","alpha","Intercept","component_0_stick",500,500,2.15930614705751,5.2187184855668,10.9045981668714,0.0513052962424855,0.11399856598582,0.45005211950532,4,500,FALSE,FALSE,FALSE,FALSE,TRUE,TRUE,FALSE
"informative_annotations",1,"st_bed_bayesrc","alpha:Intercept:component_0_stick","alpha","Intercept","component_0_stick",500,1000,1.99894712899075,5.44360880636129,13.1150183277198,0.0594341605257735,0.136551150819651,0.435251992890713,4,1000,FALSE,FALSE,FALSE,FALSE,TRUE,TRUE,FALSE
"informative_annotations",1,"st_bed_bayesrc","alpha:Intercept:component_0_stick","alpha","Intercept","component_0_stick",500,1500,1.45078736225211,7.94857981015488,23.5192923051184,0.0511007469726949,0.142723430350606,0.358040350117454,4,1500,FALSE,FALSE,FALSE,FALSE,TRUE,TRUE,FALSE
"informative_annotations",1,"st_bed_bayesrc","alpha:Intercept:component_0_stick","alpha","Intercept","component_0_stick",500,2000,1.3737297801467,9.06195051412396,12.4860121177767,0.0498321399014419,0.149719161665943,0.332837422725012,4,2000,FALSE,FALSE,FALSE,FALSE,TRUE,TRUE,FALSE
"informative_annotations",1,"st_bed_bayesrc","alpha:Intercept:component_0_stick","alpha","Intercept","component_0_stick",500,2500,1.38284143354016,8.79118572249429,23.1475951108735,0.0656950214015401,0.183477310939755,0.358055287953895,4,2500,FALSE,FALSE,FALSE,FALSE,TRUE,TRUE,FALSE
"informative_annotations",1,"st_bed_bayesrc","alpha:Intercept:component_0_stick","alpha","Intercept","component_0_stick",750,500,2.06001582664412,5.38626455625571,12.4967917264398,0.0518781109942056,0.116480080970601,0.445381824616856,4,500,FALSE,FALSE,FALSE,FALSE,TRUE,TRUE,FALSE
"informative_annotations",1,"st_bed_bayesrc","alpha:Intercept:component_0_stick","alpha","Intercept","component_0_stick",750,1000,1.66686674564687,6.46270784718512,12.2906284970025,0.0474808030789857,0.11931743946793,0.397936825418949,4,1000,FALSE,FALSE,FALSE,FALSE,TRUE,TRUE,FALSE
"informative_annotations",1,"st_bed_bayesrc","alpha:Intercept:component_0_stick","alpha","Intercept","component_0_stick",750,1500,1.36496709335059,9.0017456212777,21.135788247825,0.0419494316006088,0.127244382808738,0.329676097872732,4,1500,FALSE,FALSE,FALSE,FALSE,TRUE,TRUE,FALSE
"informative_annotations",1,"st_bed_bayesrc","alpha:Intercept:component_0_stick","alpha","Intercept","component_0_stick",750,2000,1.41160539758821,8.35832958711806,15.4741823699301,0.0557825344859336,0.153112450267034,0.364323961824442,4,2000,FALSE,FALSE,FALSE,FALSE,TRUE,TRUE,FALSE
"informative_annotations",1,"st_bed_bayesrc","alpha:Intercept:component_0_stick","alpha","Intercept","component_0_stick",1000,500,2.10315683279298,5.32718048043772,13.886799362452,0.043027024179644,0.0990525004639801,0.434386047581813,4,500,FALSE,FALSE,FALSE,FALSE,TRUE,TRUE,FALSE
"informative_annotations",1,"st_bed_bayesrc","alpha:Intercept:component_0_stick","alpha","Intercept","component_0_stick",1000,1000,1.63176800991268,6.74376051610132,27.3924293570783,0.0421954345950045,0.110288912279042,0.382589996791751,4,1000,FALSE,FALSE,FALSE,FALSE,TRUE,TRUE,FALSE
"informative_annotations",1,"st_bed_bayesrc","alpha:Intercept:component_0_stick","alpha","Intercept","component_0_stick",1000,1500,1.64483354085934,6.64002593395996,11.8385908962165,0.0523679635961965,0.127923910688135,0.409368063519133,4,1500,FALSE,FALSE,FALSE,FALSE,TRUE,TRUE,FALSE
"informative_annotations",1,"st_bed_bayesrc","alpha:Intercept:component_0_stick","alpha","Intercept","component_0_stick",1000,2000,1.39916154920359,8.65092914694025,25.5825279869783,0.0610898700928654,0.165178619309841,0.369841268489316,4,2000,FALSE,FALSE,FALSE,FALSE,TRUE,TRUE,FALSE
"informative_annotations",1,"st_bed_bayesrc","alpha:Intercept:component_1_stick","alpha","Intercept","component_1_stick",250,500,1.49476565568414,7.92075680490305,50.641475115664,0.359384616867113,0.984302391505943,0.365116065924892,4,500,FALSE,FALSE,FALSE,FALSE,TRUE,TRUE,FALSE
"informative_annotations",1,"st_bed_bayesrc","alpha:Intercept:component_1_stick","alpha","Intercept","component_1_stick",250,1000,1.20841370811667,19.6759803722978,49.5364597695636,0.337797660771976,1.518727723741,0.222421475219993,4,1000,FALSE,FALSE,FALSE,FALSE,TRUE,TRUE,FALSE
"informative_annotations",1,"st_bed_bayesrc","alpha:Intercept:component_1_stick","alpha","Intercept","component_1_stick",250,1500,1.21676634100593,16.1395052168617,48.6110681528156,0.440653699272487,1.8237531659984,0.241619155205828,4,1500,FALSE,FALSE,FALSE,FALSE,TRUE,TRUE,FALSE
"informative_annotations",1,"st_bed_bayesrc","alpha:Intercept:component_1_stick","alpha","Intercept","component_1_stick",250,2000,1.21399907017527,15.3857372817186,88.5560991877218,0.426879310574959,1.85635293343566,0.229955900565152,4,2000,FALSE,FALSE,FALSE,FALSE,TRUE,TRUE,FALSE
"informative_annotations",1,"st_bed_bayesrc","alpha:Intercept:component_1_stick","alpha","Intercept","component_1_stick",250,2500,1.34876200571454,9.5852068703516,13.6383174415665,0.980396755118206,3.03931072019401,0.322572071556943,4,2500,FALSE,FALSE,FALSE,FALSE,TRUE,TRUE,FALSE
"informative_annotations",1,"st_bed_bayesrc","alpha:Intercept:component_1_stick","alpha","Intercept","component_1_stick",500,500,1.44803304778246,8.036871637831,24.3265380995024,0.514648262505013,1.4560353977153,0.35345862010811,4,500,FALSE,FALSE,FALSE,FALSE,TRUE,TRUE,FALSE
"informative_annotations",1,"st_bed_bayesrc","alpha:Intercept:component_1_stick","alpha","Intercept","component_1_stick",500,1000,1.21369181058227,17.0135211185915,48.7823585479255,0.362130119727611,1.63650279643388,0.221282921432662,4,1000,FALSE,FALSE,FALSE,FALSE,TRUE,TRUE,FALSE
"informative_annotations",1,"st_bed_bayesrc","alpha:Intercept:component_1_stick","alpha","Intercept","component_1_stick",500,1500,1.25163951116816,13.903137642757,44.5400378796448,0.493205976031577,1.98355733990318,0.24864719870193,4,1500,FALSE,FALSE,FALSE,FALSE,TRUE,TRUE,FALSE
"informative_annotations",1,"st_bed_bayesrc","alpha:Intercept:component_1_stick","alpha","Intercept","component_1_stick",500,2000,1.29229698643958,11.9938504916351,24.0580788703728,0.692481643004115,2.4616427374972,0.281308750638678,4,2000,FALSE,FALSE,FALSE,FALSE,TRUE,TRUE,FALSE
"informative_annotations",1,"st_bed_bayesrc","alpha:Intercept:component_1_stick","alpha","Intercept","component_1_stick",500,2500,1.28852713305068,11.3638470148574,12.764101991382,1.06615579023114,3.36349167334776,0.316978870106722,4,2500,FALSE,FALSE,FALSE,FALSE,TRUE,TRUE,FALSE
"informative_annotations",1,"st_bed_bayesrc","alpha:Intercept:component_1_stick","alpha","Intercept","component_1_stick",750,500,1.18375646789525,15.7952623866517,25.9824897229212,0.443635967505025,1.80303281517373,0.246049857646256,4,500,FALSE,FALSE,FALSE,FALSE,TRUE,TRUE,FALSE
"informative_annotations",1,"st_bed_bayesrc","alpha:Intercept:component_1_stick","alpha","Intercept","component_1_stick",750,1000,1.18278319091726,20.9661055362172,31.6593701935127,0.444189690808123,1.98239236978261,0.224067494194821,4,1000,FALSE,FALSE,FALSE,FALSE,TRUE,TRUE,FALSE
"informative_annotations",1,"st_bed_bayesrc","alpha:Intercept:component_1_stick","alpha","Intercept","component_1_stick",750,1500,1.1983768077768,17.7057028393508,47.5890216042545,0.45927921219917,1.99743837418847,0.229934108673449,4,1500,FALSE,FALSE,FALSE,FALSE,TRUE,TRUE,FALSE
"informative_annotations",1,"st_bed_bayesrc","alpha:Intercept:component_1_stick","alpha","Intercept","component_1_stick",750,2000,1.28342819157038,11.0543111675895,11.8144754440639,0.996436528087641,3.28106344583577,0.303693160628237,4,2000,FALSE,FALSE,FALSE,FALSE,TRUE,TRUE,FALSE
"informative_annotations",1,"st_bed_bayesrc","alpha:Intercept:component_1_stick","alpha","Intercept","component_1_stick",1000,500,1.17409139885353,27.4149769081582,17.3361966210989,0.329565041122008,1.66999999608962,0.197344336463293,4,500,FALSE,FALSE,FALSE,FALSE,TRUE,TRUE,FALSE
"informative_annotations",1,"st_bed_bayesrc","alpha:Intercept:component_1_stick","alpha","Intercept","component_1_stick",1000,1000,1.24422749141571,13.0537646860978,23.3969527576735,0.578830436819209,2.10464060054998,0.275025786667781,4,1000,FALSE,FALSE,FALSE,FALSE,TRUE,TRUE,FALSE
"informative_annotations",1,"st_bed_bayesrc","alpha:Intercept:component_1_stick","alpha","Intercept","component_1_stick",1000,1500,1.27799287167788,12.1013555233578,34.1800999622471,0.723055428791642,2.66224943324281,0.271595673854989,4,1500,FALSE,FALSE,FALSE,FALSE,TRUE,TRUE,FALSE
"informative_annotations",1,"st_bed_bayesrc","alpha:Intercept:component_1_stick","alpha","Intercept","component_1_stick",1000,2000,1.36411930732273,9.11857859018869,14.1633328667479,1.30540865376337,3.60163725491263,0.362448675802317,4,2000,FALSE,FALSE,FALSE,FALSE,TRUE,TRUE,FALSE
"informative_annotations",1,"st_bed_bayesrc","alpha:Intercept:component_2_stick","alpha","Intercept","component_2_stick",250,500,1.75070384489214,6.26165741918833,31.0174709205567,1.28033710748053,3.15366525760806,0.405983832428563,4,500,FALSE,FALSE,FALSE,FALSE,TRUE,TRUE,FALSE
"informative_annotations",1,"st_bed_bayesrc","alpha:Intercept:component_2_stick","alpha","Intercept","component_2_stick",250,1000,1.5226370287083,7.3750226315598,30.6994355003923,2.42939373583144,6.1142592858382,0.397332468621077,4,1000,FALSE,FALSE,FALSE,FALSE,TRUE,TRUE,FALSE
"informative_annotations",1,"st_bed_bayesrc","alpha:Intercept:component_2_stick","alpha","Intercept","component_2_stick",250,1500,1.81202680650494,5.85973267851078,16.059193036685,2.80547399544798,6.74319318070927,0.416045324561337,4,1500,FALSE,FALSE,FALSE,FALSE,TRUE,TRUE,FALSE
"informative_annotations",1,"st_bed_bayesrc","alpha:Intercept:component_2_stick","alpha","Intercept","component_2_stick",250,2000,1.43650599118001,8.00258647006954,16.4742793894989,2.41672461916599,6.75519935235888,0.357757705303262,4,2000,FALSE,FALSE,FALSE,FALSE,TRUE,TRUE,FALSE
"informative_annotations",1,"st_bed_bayesrc","alpha:Intercept:component_2_stick","alpha","Intercept","component_2_stick",250,2500,1.14787545080335,20.0771136820353,40.9743598031314,1.65360494818413,7.1746350267391,0.230479312469738,4,2500,FALSE,FALSE,FALSE,FALSE,TRUE,TRUE,FALSE
"informative_annotations",1,"st_bed_bayesrc","alpha:Intercept:component_2_stick","alpha","Intercept","component_2_stick",500,500,2.20707953388563,5.21756849889476,13.7162858651129,2.54525520448953,5.61207594493921,0.453531853357181,4,500,FALSE,FALSE,FALSE,FALSE,TRUE,TRUE,FALSE
"informative_annotations",1,"st_bed_bayesrc","alpha:Intercept:component_2_stick","alpha","Intercept","component_2_stick",500,1000,1.82695027280243,5.91395814255658,23.5847973734475,2.73110376069935,6.58796429999482,0.414559587200784,4,1000,FALSE,FALSE,FALSE,FALSE,TRUE,TRUE,FALSE
"informative_annotations",1,"st_bed_bayesrc","alpha:Intercept:component_2_stick","alpha","Intercept","component_2_stick",500,1500,1.59151904314242,6.94694155339798,12.9558300731556,2.54475937013784,6.66892710248112,0.381584523422229,4,1500,FALSE,FALSE,FALSE,FALSE,TRUE,TRUE,FALSE
"informative_annotations",1,"st_bed_bayesrc","alpha:Intercept:component_2_stick","alpha","Intercept","component_2_stick",500,2000,1.22146166382346,14.1907363551395,34.4521981600076,1.87068828821158,6.8661897939366,0.272449254150177,4,2000,FALSE,FALSE,FALSE,FALSE,TRUE,TRUE,FALSE
"informative_annotations",1,"st_bed_bayesrc","alpha:Intercept:component_2_stick","alpha","Intercept","component_2_stick",500,2500,1.2140774004642,15.4481830751442,67.2258329552226,1.90082467192785,7.22356498768889,0.263142184664694,4,2500,FALSE,FALSE,FALSE,FALSE,TRUE,TRUE,FALSE
"informative_annotations",1,"st_bed_bayesrc","alpha:Intercept:component_2_stick","alpha","Intercept","component_2_stick",750,500,2.06403875052588,5.40806247012692,37.4720175824039,3.05896625512494,6.82574751556109,0.448151099663622,4,500,FALSE,FALSE,FALSE,FALSE,TRUE,TRUE,FALSE
"informative_annotations",1,"st_bed_bayesrc","alpha:Intercept:component_2_stick","alpha","Intercept","component_2_stick",750,1000,1.71832869978469,6.24410451112008,16.0043567580821,2.60258859977992,6.40825353777771,0.406130716339051,4,1000,FALSE,FALSE,FALSE,FALSE,TRUE,TRUE,FALSE
"informative_annotations",1,"st_bed_bayesrc","alpha:Intercept:component_2_stick","alpha","Intercept","component_2_stick",750,1500,1.44415347603981,8.18531617948505,23.7794555041921,2.30153506999199,6.54925381226466,0.351419434330359,4,1500,FALSE,FALSE,FALSE,FALSE,TRUE,TRUE,FALSE
"informative_annotations",1,"st_bed_bayesrc","alpha:Intercept:component_2_stick","alpha","Intercept","component_2_stick",750,2000,1.23011004357909,13.2689315646442,46.808362011876,2.09566678660378,7.31024363469736,0.286675368336139,4,2000,FALSE,FALSE,FALSE,FALSE,TRUE,TRUE,FALSE
"informative_annotations",1,"st_bed_bayesrc","alpha:Intercept:component_2_stick","alpha","Intercept","component_2_stick",1000,500,1.97141178269732,5.51945668116969,18.3241915188387,2.43587503093429,5.59068866409836,0.435702142846321,4,500,FALSE,FALSE,FALSE,FALSE,TRUE,TRUE,FALSE
"informative_annotations",1,"st_bed_bayesrc","alpha:Intercept:component_2_stick","alpha","Intercept","component_2_stick",1000,1000,1.78184144704386,5.95463638117352,28.8282390512041,2.38462583812414,5.74471796316542,0.415098853140248,4,1000,FALSE,FALSE,FALSE,FALSE,TRUE,TRUE,FALSE
"informative_annotations",1,"st_bed_bayesrc","alpha:Intercept:component_2_stick","alpha","Intercept","component_2_stick",1000,1500,1.40283733940527,8.4013222304984,44.3651781963275,2.43384602681334,6.7635346517232,0.359848237961381,4,1500,FALSE,FALSE,FALSE,FALSE,TRUE,TRUE,FALSE
"informative_annotations",1,"st_bed_bayesrc","alpha:Intercept:component_2_stick","alpha","Intercept","component_2_stick",1000,2000,1.53423386631779,7.70686962103163,51.5320623449147,2.7239817106825,7.31897070139812,0.372180983066669,4,2000,FALSE,FALSE,FALSE,FALSE,TRUE,TRUE,FALSE
"informative_annotations",1,"st_bed_bayesrc","alpha:null_annotation:component_0_stick","alpha","null_annotation","component_0_stick",250,500,2.39030813110287,4.96258890295643,11.7991268873556,0.0506687273113368,0.11131884233687,0.455167573140984,4,500,FALSE,FALSE,FALSE,FALSE,TRUE,TRUE,FALSE
"informative_annotations",1,"st_bed_bayesrc","alpha:null_annotation:component_0_stick","alpha","null_annotation","component_0_stick",250,1000,2.11064336977979,5.23621076800536,11.0531674343128,0.0687329270400577,0.149059217058899,0.461111552819298,4,1000,FALSE,FALSE,FALSE,FALSE,TRUE,TRUE,FALSE
"informative_annotations",1,"st_bed_bayesrc","alpha:null_annotation:component_0_stick","alpha","null_annotation","component_0_stick",250,1500,1.70435893518601,6.32955993093024,21.3467397628286,0.0575229990704753,0.139961422961076,0.410991813697641,4,1500,FALSE,FALSE,FALSE,FALSE,TRUE,TRUE,FALSE
"informative_annotations",1,"st_bed_bayesrc","alpha:null_annotation:component_0_stick","alpha","null_annotation","component_0_stick",250,2000,1.44214453248102,8.20762089625395,14.6906414385991,0.0485696484443549,0.133691649719728,0.363296051370274,4,2000,FALSE,FALSE,FALSE,FALSE,TRUE,TRUE,FALSE
"informative_annotations",1,"st_bed_bayesrc","alpha:null_annotation:component_0_stick","alpha","null_annotation","component_0_stick",250,2500,1.54906320736106,7.39594107382549,20.0626152241932,0.0492724724871072,0.131802795350792,0.3738348064316,4,2500,FALSE,FALSE,FALSE,FALSE,TRUE,TRUE,FALSE
"informative_annotations",1,"st_bed_bayesrc","alpha:null_annotation:component_0_stick","alpha","null_annotation","component_0_stick",500,500,2.48754943380035,4.90170886635249,11.4723059915569,0.0671349071461615,0.144834569088725,0.463528200267127,4,500,FALSE,FALSE,FALSE,FALSE,TRUE,TRUE,FALSE
"informative_annotations",1,"st_bed_bayesrc","alpha:null_annotation:component_0_stick","alpha","null_annotation","component_0_stick",500,1000,2.00782911657131,5.44649436185546,17.4757664390921,0.0712226622387825,0.158924733224579,0.44815341698977,4,1000,FALSE,FALSE,FALSE,FALSE,TRUE,TRUE,FALSE
"informative_annotations",1,"st_bed_bayesrc","alpha:null_annotation:component_0_stick","alpha","null_annotation","component_0_stick",500,1500,1.51975865796898,7.41118740795673,12.6740356528697,0.0538636356792825,0.139000436768651,0.387506952722256,4,1500,FALSE,FALSE,FALSE,FALSE,TRUE,TRUE,FALSE
"informative_annotations",1,"st_bed_bayesrc","alpha:null_annotation:component_0_stick","alpha","null_annotation","component_0_stick",500,2000,1.61789211738988,6.89193046878015,16.8393470063302,0.053466562071235,0.137435119086462,0.389031292923018,4,2000,FALSE,FALSE,FALSE,FALSE,TRUE,TRUE,FALSE
"informative_annotations",1,"st_bed_bayesrc","alpha:null_annotation:component_0_stick","alpha","null_annotation","component_0_stick",500,2500,1.57645708101302,7.49723240338249,32.1091441007647,0.049822342742125,0.133901308260866,0.3720825687906,4,2500,FALSE,FALSE,FALSE,FALSE,TRUE,TRUE,FALSE
"informative_annotations",1,"st_bed_bayesrc","alpha:null_annotation:component_0_stick","alpha","null_annotation","component_0_stick",750,500,2.28419316053148,5.11276624129597,17.0784493772664,0.0849498386492563,0.178352013940375,0.476304342028096,4,500,FALSE,FALSE,FALSE,FALSE,TRUE,TRUE,FALSE
"informative_annotations",1,"st_bed_bayesrc","alpha:null_annotation:component_0_stick","alpha","null_annotation","component_0_stick",750,1000,1.64058829057036,6.52881072810049,11.4595026504725,0.0672236352562467,0.150772484418579,0.445861428333425,4,1000,FALSE,FALSE,FALSE,FALSE,TRUE,TRUE,FALSE
"informative_annotations",1,"st_bed_bayesrc","alpha:null_annotation:component_0_stick","alpha","null_annotation","component_0_stick",750,1500,1.81915791897185,6.03746167659388,12.9682098085808,0.0597679999166886,0.139595494073027,0.428151354838303,4,1500,FALSE,FALSE,FALSE,FALSE,TRUE,TRUE,FALSE
"informative_annotations",1,"st_bed_bayesrc","alpha:null_annotation:component_0_stick","alpha","null_annotation","component_0_stick",750,2000,1.75535145359775,6.51505124652816,14.5441798352459,0.0547228572006723,0.135795895771474,0.402978726932687,4,2000,FALSE,FALSE,FALSE,FALSE,TRUE,TRUE,FALSE
"informative_annotations",1,"st_bed_bayesrc","alpha:null_annotation:component_0_stick","alpha","null_annotation","component_0_stick",1000,500,1.90985249769911,5.69151570982671,13.1913880642859,0.0816884254074979,0.170794835902302,0.478283930400713,4,500,FALSE,FALSE,FALSE,FALSE,TRUE,TRUE,FALSE
"informative_annotations",1,"st_bed_bayesrc","alpha:null_annotation:component_0_stick","alpha","null_annotation","component_0_stick",1000,1000,2.14826926728111,5.2728783739537,11.263290149119,0.0609188734814036,0.136003329755365,0.447921926551219,4,1000,FALSE,FALSE,FALSE,FALSE,TRUE,TRUE,FALSE
"informative_annotations",1,"st_bed_bayesrc","alpha:null_annotation:component_0_stick","alpha","null_annotation","component_0_stick",1000,1500,1.71049865697375,6.3453261618836,11.3698206960149,0.0539626141272661,0.134668596033872,0.400706740223929,4,1500,FALSE,FALSE,FALSE,FALSE,TRUE,TRUE,FALSE
"informative_annotations",1,"st_bed_bayesrc","alpha:null_annotation:component_0_stick","alpha","null_annotation","component_0_stick",1000,2000,1.57930553756391,6.96887995048092,18.3169638541121,0.05014711410709,0.131033695275887,0.382703960240967,4,2000,FALSE,FALSE,FALSE,FALSE,TRUE,TRUE,FALSE
"informative_annotations",1,"st_bed_bayesrc","alpha:null_annotation:component_1_stick","alpha","null_annotation","component_1_stick",250,500,1.56935477423882,7.21705249189675,16.370406614576,0.535255887426029,1.36347115800702,0.392568544103575,4,500,FALSE,FALSE,FALSE,FALSE,TRUE,TRUE,FALSE
"informative_annotations",1,"st_bed_bayesrc","alpha:null_annotation:component_1_stick","alpha","null_annotation","component_1_stick",250,1000,1.84075277549356,5.95920467778603,13.9904744606987,1.00013695077771,2.28180488675632,0.438309584041364,4,1000,FALSE,FALSE,FALSE,FALSE,TRUE,TRUE,FALSE
"informative_annotations",1,"st_bed_bayesrc","alpha:null_annotation:component_1_stick","alpha","null_annotation","component_1_stick",250,1500,1.45393783512569,8.17127988796226,26.7925962655721,0.927335728857766,2.68350540186316,0.345568795283183,4,1500,FALSE,FALSE,FALSE,FALSE,TRUE,TRUE,FALSE
"informative_annotations",1,"st_bed_bayesrc","alpha:null_annotation:component_1_stick","alpha","null_annotation","component_1_stick",250,2000,1.26826319032567,12.5173099341507,23.1524476112455,0.685111647198129,2.50000342174887,0.274044283794964,4,2000,FALSE,FALSE,FALSE,FALSE,TRUE,TRUE,FALSE
"informative_annotations",1,"st_bed_bayesrc","alpha:null_annotation:component_1_stick","alpha","null_annotation","component_1_stick",250,2500,1.29102433541365,10.4471955575789,32.9914464001334,0.765055542403172,2.49416238096748,0.306738465883849,4,2500,FALSE,FALSE,FALSE,FALSE,TRUE,TRUE,FALSE
"informative_annotations",1,"st_bed_bayesrc","alpha:null_annotation:component_1_stick","alpha","null_annotation","component_1_stick",500,500,2.04130856289438,5.43020376723078,12.3495159406361,1.05446205524589,2.309757139363,0.456525076717242,4,500,FALSE,FALSE,FALSE,FALSE,TRUE,TRUE,FALSE
"informative_annotations",1,"st_bed_bayesrc","alpha:null_annotation:component_1_stick","alpha","null_annotation","component_1_stick",500,1000,1.93089043253434,5.56642794064243,23.2492211015388,1.14891064991489,2.61133996396713,0.439969772518424,4,1000,FALSE,FALSE,FALSE,FALSE,TRUE,TRUE,FALSE
"informative_annotations",1,"st_bed_bayesrc","alpha:null_annotation:component_1_stick","alpha","null_annotation","component_1_stick",500,1500,1.31554780074285,10.348388382784,18.5193397930017,0.856037791554721,2.78163119618694,0.307746689326816,4,1500,FALSE,FALSE,FALSE,FALSE,TRUE,TRUE,FALSE
"informative_annotations",1,"st_bed_bayesrc","alpha:null_annotation:component_1_stick","alpha","null_annotation","component_1_stick",500,2000,1.36756618311397,8.93786005452238,31.064875808778,0.860666889044044,2.53905054425706,0.338971940117828,4,2000,FALSE,FALSE,FALSE,FALSE,TRUE,TRUE,FALSE
"informative_annotations",1,"st_bed_bayesrc","alpha:null_annotation:component_1_stick","alpha","null_annotation","component_1_stick",500,2500,1.33396976714145,9.73151583702914,40.6852568669183,0.828674818516869,2.59389924635208,0.319470704069278,4,2500,FALSE,FALSE,FALSE,FALSE,TRUE,TRUE,FALSE
"informative_annotations",1,"st_bed_bayesrc","alpha:null_annotation:component_1_stick","alpha","null_annotation","component_1_stick",750,500,2.03063026503466,5.47129312464221,27.7723066925493,1.32181141933613,2.90603357304146,0.454850704960274,4,500,FALSE,FALSE,FALSE,FALSE,TRUE,TRUE,FALSE
"informative_annotations",1,"st_bed_bayesrc","alpha:null_annotation:component_1_stick","alpha","null_annotation","component_1_stick",750,1000,1.513660087545,7.44924011987228,15.5384698970163,1.15811367695178,3.09741152602576,0.373897258152757,4,1000,FALSE,FALSE,FALSE,FALSE,TRUE,TRUE,FALSE
"informative_annotations",1,"st_bed_bayesrc","alpha:null_annotation:component_1_stick","alpha","null_annotation","component_1_stick",750,1500,1.51047355336661,7.5197516394025,16.8403031300404,1.02876343255767,2.74638643666887,0.374588010930272,4,1500,FALSE,FALSE,FALSE,FALSE,TRUE,TRUE,FALSE
"informative_annotations",1,"st_bed_bayesrc","alpha:null_annotation:component_1_stick","alpha","null_annotation","component_1_stick",750,2000,1.32148643405728,10.0828982463325,40.5559720598856,0.860219073367322,2.69310699852207,0.319415111928117,4,2000,FALSE,FALSE,FALSE,FALSE,TRUE,TRUE,FALSE
"informative_annotations",1,"st_bed_bayesrc","alpha:null_annotation:component_1_stick","alpha","null_annotation","component_1_stick",1000,500,2.11554179117663,5.40724653605201,15.506981125741,1.26131958734113,2.83298728143435,0.445225997168091,4,500,FALSE,FALSE,FALSE,FALSE,TRUE,TRUE,FALSE
"informative_annotations",1,"st_bed_bayesrc","alpha:null_annotation:component_1_stick","alpha","null_annotation","component_1_stick",1000,1000,1.5910467327228,7.02463611198635,26.3897673116764,1.13005705040422,2.94090088689412,0.384255401275242,4,1000,FALSE,FALSE,FALSE,FALSE,TRUE,TRUE,FALSE
"informative_annotations",1,"st_bed_bayesrc","alpha:null_annotation:component_1_stick","alpha","null_annotation","component_1_stick",1000,1500,1.29862300441522,11.1045243542458,27.1859252748524,0.784558529792683,2.58246259639161,0.303802475547534,4,1500,FALSE,FALSE,FALSE,FALSE,TRUE,TRUE,FALSE
"informative_annotations",1,"st_bed_bayesrc","alpha:null_annotation:component_1_stick","alpha","null_annotation","component_1_stick",1000,2000,1.21030824469045,14.1408770701745,50.7468823497403,0.688623545292979,2.65626587456307,0.259244961841875,4,2000,FALSE,FALSE,FALSE,FALSE,TRUE,TRUE,FALSE
"informative_annotations",1,"st_bed_bayesrc","alpha:null_annotation:component_2_stick","alpha","null_annotation","component_2_stick",250,500,2.07803703901646,5.4142391720834,14.7588164529449,1.72790723038072,3.90018630948148,0.44303197162149,4,500,FALSE,FALSE,FALSE,FALSE,TRUE,TRUE,FALSE
"informative_annotations",1,"st_bed_bayesrc","alpha:null_annotation:component_2_stick","alpha","null_annotation","component_2_stick",250,1000,1.37367485252349,8.93892069375273,26.5193489899652,1.26763998241641,3.49761589338776,0.362429729580337,4,1000,FALSE,FALSE,FALSE,FALSE,TRUE,TRUE,FALSE
"informative_annotations",1,"st_bed_bayesrc","alpha:null_annotation:component_2_stick","alpha","null_annotation","component_2_stick",250,1500,1.39878218199655,8.7358617027212,14.3194260509955,1.18804778758332,2.99791477746618,0.396291381100384,4,1500,FALSE,FALSE,FALSE,FALSE,TRUE,TRUE,FALSE
"informative_annotations",1,"st_bed_bayesrc","alpha:null_annotation:component_2_stick","alpha","null_annotation","component_2_stick",250,2000,1.20015776545691,14.4232730046534,14.5279127694112,0.877319105085788,2.76875300756959,0.316864343871503,4,2000,FALSE,FALSE,FALSE,FALSE,TRUE,TRUE,FALSE
"informative_annotations",1,"st_bed_bayesrc","alpha:null_annotation:component_2_stick","alpha","null_annotation","component_2_stick",250,2500,1.10944800195406,24.0845966088122,15.4803599568392,0.674375325485139,2.61112873980598,0.258269657563973,4,2500,FALSE,FALSE,FALSE,FALSE,TRUE,TRUE,FALSE
"informative_annotations",1,"st_bed_bayesrc","alpha:null_annotation:component_2_stick","alpha","null_annotation","component_2_stick",500,500,1.60958712484079,6.88224693778106,24.4366808528561,1.62349742923418,3.73308352764635,0.434894482593529,4,500,FALSE,FALSE,FALSE,FALSE,TRUE,TRUE,FALSE
"informative_annotations",1,"st_bed_bayesrc","alpha:null_annotation:component_2_stick","alpha","null_annotation","component_2_stick",500,1000,1.33895236979996,10.1400736644609,13.5383574590255,1.237302839421,2.9883626174356,0.414040395299406,4,1000,FALSE,FALSE,FALSE,FALSE,TRUE,TRUE,FALSE
"informative_annotations",1,"st_bed_bayesrc","alpha:null_annotation:component_2_stick","alpha","null_annotation","component_2_stick",500,1500,1.13764290396576,20.726327648567,11.7813330970808,0.821415242628556,2.68344044245697,0.30610526309146,4,1500,FALSE,FALSE,FALSE,FALSE,TRUE,TRUE,FALSE
"informative_annotations",1,"st_bed_bayesrc","alpha:null_annotation:component_2_stick","alpha","null_annotation","component_2_stick",500,2000,1.07155675691239,46.9746654825051,13.885493844466,0.565410448264657,2.50907218918857,0.225346425145109,4,2000,FALSE,FALSE,FALSE,FALSE,TRUE,TRUE,FALSE
"informative_annotations",1,"st_bed_bayesrc","alpha:null_annotation:component_2_stick","alpha","null_annotation","component_2_stick",500,2500,1.06106129044325,57.8417629368471,15.7645335192998,0.483071109753169,2.59752827901521,0.185973378482838,4,2500,FALSE,FALSE,FALSE,FALSE,TRUE,TRUE,FALSE
"informative_annotations",1,"st_bed_bayesrc","alpha:null_annotation:component_2_stick","alpha","null_annotation","component_2_stick",750,500,1.39205020554323,8.93192928549016,11.790501594644,1.23743820697434,3.04217317675247,0.406761264095855,4,500,FALSE,FALSE,FALSE,FALSE,TRUE,TRUE,FALSE
"informative_annotations",1,"st_bed_bayesrc","alpha:null_annotation:component_2_stick","alpha","null_annotation","component_2_stick",750,1000,1.09443123724008,28.8720650877918,12.8651157458164,0.609550108935367,2.40309786774308,0.253651803830961,4,1000,FALSE,FALSE,FALSE,FALSE,TRUE,TRUE,FALSE
"informative_annotations",1,"st_bed_bayesrc","alpha:null_annotation:component_2_stick","alpha","null_annotation","component_2_stick",750,1500,1.04118109573686,71.3069426656592,23.3666432344983,0.370545929305632,2.23333370986702,0.165916059775812,4,1500,FALSE,FALSE,FALSE,FALSE,TRUE,TRUE,FALSE
"informative_annotations",1,"st_bed_bayesrc","alpha:null_annotation:component_2_stick","alpha","null_annotation","component_2_stick",750,2000,1.03472601414487,97.1231424331212,40.1188996885269,0.293990608434896,2.13357555283191,0.137792452695045,4,2000,FALSE,FALSE,FALSE,FALSE,TRUE,TRUE,FALSE
"informative_annotations",1,"st_bed_bayesrc","alpha:null_annotation:component_2_stick","alpha","null_annotation","component_2_stick",1000,500,1.04655799404206,105.214956515868,69.8465717171413,0.156238699038452,1.51080055213943,0.103414510153046,4,500,FALSE,FALSE,FALSE,FALSE,TRUE,TRUE,FALSE
"informative_annotations",1,"st_bed_bayesrc","alpha:null_annotation:component_2_stick","alpha","null_annotation","component_2_stick",1000,1000,1.0257884233595,149.696126718149,137.826478188539,0.136126468801864,1.62968980095865,0.0835290671401322,4,1000,FALSE,FALSE,FALSE,FALSE,TRUE,TRUE,FALSE
"informative_annotations",1,"st_bed_bayesrc","alpha:null_annotation:component_2_stick","alpha","null_annotation","component_2_stick",1000,1500,1.02638145480908,220.436851478701,228.377637961432,0.119476121457698,1.68735171941821,0.0708068863668164,4,1500,FALSE,FALSE,FALSE,FALSE,TRUE,TRUE,FALSE
"informative_annotations",1,"st_bed_bayesrc","alpha:null_annotation:component_2_stick","alpha","null_annotation","component_2_stick",1000,2000,1.02631295401036,222.01466420499,134.932497864403,0.180766690020232,2.0179742411409,0.0895782940807177,4,2000,FALSE,FALSE,FALSE,FALSE,TRUE,TRUE,FALSE
"informative_annotations",1,"st_bed_bayesrc","global_nonnull_proportion","global_nonnull_proportion",,,250,500,1.44070759455142,8.42348857960777,23.0021007055775,0.000167788685613063,0.000476946017247675,0.351798064236547,4,500,FALSE,FALSE,FALSE,FALSE,TRUE,TRUE,FALSE
"informative_annotations",1,"st_bed_bayesrc","global_nonnull_proportion","global_nonnull_proportion",,,250,1000,1.32917790643054,9.76877716226919,28.3494232563885,0.000165814500207098,0.000526131683879638,0.315157792787539,4,1000,FALSE,FALSE,FALSE,FALSE,TRUE,TRUE,FALSE
"informative_annotations",1,"st_bed_bayesrc","global_nonnull_proportion","global_nonnull_proportion",,,250,1500,1.58533893444616,6.77695687397855,17.8801395020392,0.000192109810451314,0.000520938362729911,0.368776469915917,4,1500,FALSE,FALSE,FALSE,FALSE,TRUE,TRUE,FALSE
"informative_annotations",1,"st_bed_bayesrc","global_nonnull_proportion","global_nonnull_proportion",,,250,2000,1.25738535426678,12.9873254681522,37.0135661528127,0.000145159366558368,0.000527116755472479,0.275383707786436,4,2000,FALSE,FALSE,FALSE,FALSE,TRUE,TRUE,FALSE
"informative_annotations",1,"st_bed_bayesrc","global_nonnull_proportion","global_nonnull_proportion",,,250,2500,1.33156781134902,10.8325128780583,27.8652099282709,0.000146289841300622,0.000530647700941137,0.275681664202385,4,2500,FALSE,FALSE,FALSE,FALSE,TRUE,TRUE,FALSE
"informative_annotations",1,"st_bed_bayesrc","global_nonnull_proportion","global_nonnull_proportion",,,500,500,1.73164564428936,6.27372508022401,18.3243573801332,0.000221485705090989,0.000568614676656383,0.389518094034063,4,500,FALSE,FALSE,FALSE,FALSE,TRUE,TRUE,FALSE
"informative_annotations",1,"st_bed_bayesrc","global_nonnull_proportion","global_nonnull_proportion",,,500,1000,1.69611781436112,6.63185722685545,42.2051587331138,0.00021217376842482,0.000539492894414686,0.393283712577928,4,1000,FALSE,FALSE,FALSE,FALSE,TRUE,TRUE,FALSE
"informative_annotations",1,"st_bed_bayesrc","global_nonnull_proportion","global_nonnull_proportion",,,500,1500,1.48599111812878,7.83406212859109,21.7698081144304,0.000183632589696524,0.000523818731007807,0.350565145586187,4,1500,FALSE,FALSE,FALSE,FALSE,TRUE,TRUE,FALSE
"informative_annotations",1,"st_bed_bayesrc","global_nonnull_proportion","global_nonnull_proportion",,,500,2000,1.28195849250091,12.0417644194976,26.2206783766315,0.000147306059877694,0.000540624810303643,0.272473732374508,4,2000,FALSE,FALSE,FALSE,FALSE,TRUE,TRUE,FALSE
"informative_annotations",1,"st_bed_bayesrc","global_nonnull_proportion","global_nonnull_proportion",,,500,2500,1.29660561807239,10.4038505979283,60.5897097266105,0.000144224710514118,0.000530156522737398,0.272041754328384,4,2500,FALSE,FALSE,FALSE,FALSE,TRUE,TRUE,FALSE
"informative_annotations",1,"st_bed_bayesrc","global_nonnull_proportion","global_nonnull_proportion",,,750,500,1.78025556011322,6.07850195910514,30.7610240252969,0.000212705095163627,0.000517511039645849,0.411015570429549,4,500,FALSE,FALSE,FALSE,FALSE,TRUE,TRUE,FALSE
"informative_annotations",1,"st_bed_bayesrc","global_nonnull_proportion","global_nonnull_proportion",,,750,1000,1.40414870181564,8.54501367166999,12.8368109442731,0.000158022351199588,0.000461823698329942,0.342170295225283,4,1000,FALSE,FALSE,FALSE,FALSE,TRUE,TRUE,FALSE
"informative_annotations",1,"st_bed_bayesrc","global_nonnull_proportion","global_nonnull_proportion",,,750,1500,1.21758632665617,14.0886104025334,16.588110925405,0.000121435771770429,0.000477640039378353,0.254241189512666,4,1500,FALSE,FALSE,FALSE,FALSE,TRUE,TRUE,FALSE
"informative_annotations",1,"st_bed_bayesrc","global_nonnull_proportion","global_nonnull_proportion",,,750,2000,1.28028537323944,10.7818988222616,30.900783520621,0.000122713033294832,0.000476471926756866,0.257545148840321,4,2000,FALSE,FALSE,FALSE,FALSE,TRUE,TRUE,FALSE
"informative_annotations",1,"st_bed_bayesrc","global_nonnull_proportion","global_nonnull_proportion",,,1000,500,1.48709780680268,7.77427850771156,16.285941545619,0.000129019343907478,0.00035205674340636,0.366473150490283,4,500,FALSE,FALSE,FALSE,FALSE,TRUE,TRUE,FALSE
"informative_annotations",1,"st_bed_bayesrc","global_nonnull_proportion","global_nonnull_proportion",,,1000,1000,1.73381958371217,6.30583100428698,16.7461272374471,0.000139813804880096,0.000355678134123822,0.393090807295517,4,1000,FALSE,FALSE,FALSE,FALSE,TRUE,TRUE,FALSE
"informative_annotations",1,"st_bed_bayesrc","global_nonnull_proportion","global_nonnull_proportion",,,1000,1500,1.35730448753813,9.39185347506879,31.3215108835157,0.00012825285314126,0.000443781465351129,0.289000021755717,4,1500,FALSE,FALSE,FALSE,FALSE,TRUE,TRUE,FALSE
"informative_annotations",1,"st_bed_bayesrc","global_nonnull_proportion","global_nonnull_proportion",,,1000,2000,1.48178084597078,7.63044906199359,25.4356645456644,0.000138559948496349,0.000428584470048217,0.323296708536268,4,2000,FALSE,FALSE,FALSE,FALSE,TRUE,TRUE,FALSE
"informative_annotations",1,"st_bed_bayesrc","heritability","heritability",,,250,500,1.00448161208102,1508.30713473933,1812.62207721306,0.000376196246133817,0.0145144571195102,0.0259187266210691,4,500,TRUE,TRUE,TRUE,TRUE,TRUE,TRUE,TRUE
"informative_annotations",1,"st_bed_bayesrc","heritability","heritability",,,250,1000,1.00509847943524,1891.44904117206,3439.85017130812,0.000330153669497403,0.0143123562732062,0.0230677369396873,4,1000,TRUE,TRUE,TRUE,TRUE,TRUE,TRUE,TRUE
"informative_annotations",1,"st_bed_bayesrc","heritability","heritability",,,250,1500,1.00978920638359,1572.61640469575,4788.32379603591,0.00036241304498156,0.0143336211903108,0.0252841232630415,4,1500,TRUE,TRUE,TRUE,TRUE,TRUE,TRUE,TRUE
"informative_annotations",1,"st_bed_bayesrc","heritability","heritability",,,250,2000,1.00493772768073,2675.79342585142,7054.59879838692,0.000277219766514099,0.0143638709856842,0.0192997950754634,4,2000,TRUE,TRUE,TRUE,TRUE,TRUE,TRUE,TRUE
"informative_annotations",1,"st_bed_bayesrc","heritability","heritability",,,250,2500,1.00391394294483,3176.7927215205,9202.69155430003,0.000254000491839214,0.0142500493225473,0.017824534223704,4,2500,TRUE,TRUE,TRUE,TRUE,TRUE,TRUE,TRUE
"informative_annotations",1,"st_bed_bayesrc","heritability","heritability",,,500,500,1.00651436922202,1260.97429159182,1699.43943508548,0.000411717731548205,0.0146252869869489,0.028151087354088,4,500,TRUE,TRUE,TRUE,TRUE,TRUE,TRUE,TRUE
"informative_annotations",1,"st_bed_bayesrc","heritability","heritability",,,500,1000,1.00938577221334,1664.6547559885,3291.21610886219,0.000351282343619369,0.0143318231600896,0.0245106529501145,4,1000,TRUE,TRUE,TRUE,TRUE,TRUE,TRUE,TRUE
"informative_annotations",1,"st_bed_bayesrc","heritability","heritability",,,500,1500,1.00644589113021,2417.27424489779,5213.13382794579,0.000293304024187059,0.014415549381057,0.020346364639594,4,1500,TRUE,TRUE,TRUE,TRUE,TRUE,TRUE,TRUE
"informative_annotations",1,"st_bed_bayesrc","heritability","heritability",,,500,2000,1.00323145078475,3694.3541196339,7367.2692202071,0.000234214281875802,0.014251830900239,0.0164339784491741,4,2000,TRUE,TRUE,TRUE,TRUE,TRUE,TRUE,TRUE
"informative_annotations",1,"st_bed_bayesrc","heritability","heritability",,,500,2500,1.00241634963545,4781.80148200193,9205.56140581658,0.000205041269946976,0.0141820128250303,0.0144578398339263,4,2500,TRUE,TRUE,TRUE,TRUE,TRUE,TRUE,TRUE
"informative_annotations",1,"st_bed_bayesrc","heritability","heritability",,,750,500,1.0089391793115,1002.65457079373,1642.98533018973,0.000456440186041172,0.0140673562728972,0.0324467637832257,4,500,TRUE,TRUE,TRUE,TRUE,TRUE,TRUE,TRUE
"informative_annotations",1,"st_bed_bayesrc","heritability","heritability",,,750,1000,1.00706466254119,1708.60199845134,3605.77375539657,0.00034347529537755,0.0141651100470148,0.0242479793123764,4,1000,TRUE,TRUE,TRUE,TRUE,TRUE,TRUE,TRUE
"informative_annotations",1,"st_bed_bayesrc","heritability","heritability",,,750,1500,1.00285718393179,2893.96710446668,5257.77967932921,0.000264861135835726,0.0142566524924507,0.0185780733574013,4,1500,TRUE,TRUE,TRUE,TRUE,TRUE,TRUE,TRUE
"informative_annotations",1,"st_bed_bayesrc","heritability","heritability",,,750,2000,1.00256093489409,4231.64281870605,7221.64510738585,0.000217305924400824,0.0141316278687588,0.01537727474987,4,2000,TRUE,TRUE,TRUE,TRUE,TRUE,TRUE,TRUE
"informative_annotations",1,"st_bed_bayesrc","heritability","heritability",,,1000,500,1.00455621405776,1834.60587233794,1914.37443151063,0.000327505391355675,0.0139138000598943,0.023538170014365,4,500,TRUE,TRUE,TRUE,TRUE,TRUE,TRUE,TRUE
"informative_annotations",1,"st_bed_bayesrc","heritability","heritability",,,1000,1000,1.00316571602583,3023.74315593164,3667.1377391802,0.000259689054250891,0.0142113858864796,0.0182733096071899,4,1000,TRUE,TRUE,TRUE,TRUE,TRUE,TRUE,TRUE
"informative_annotations",1,"st_bed_bayesrc","heritability","heritability",,,1000,1500,1.00260101055442,4531.40716382647,5461.07811287215,0.00020917375343905,0.0140580309732165,0.0148793066281878,4,1500,TRUE,TRUE,TRUE,TRUE,TRUE,TRUE,TRUE
"informative_annotations",1,"st_bed_bayesrc","heritability","heritability",,,1000,2000,1.00197467110435,5904.49794789496,7476.7789483925,0.000182167186843587,0.0140109156509295,0.0130018045488342,4,2000,TRUE,TRUE,TRUE,TRUE,TRUE,TRUE,TRUE
"informative_annotations",1,"st_bed_bayesrc","prior_nonnull_mean_enriched","derived_prior_probability","enriched_binary",,250,500,1.18430441495753,24.6981771967121,19.2836396894222,0.000550532974581017,0.0026988003198072,0.203991740530232,4,500,FALSE,FALSE,FALSE,FALSE,TRUE,TRUE,FALSE
"informative_annotations",1,"st_bed_bayesrc","prior_nonnull_mean_enriched","derived_prior_probability","enriched_binary",,250,1000,1.05623162503789,38.7561864770627,53.1333479351833,0.000422796368390087,0.0027256547958548,0.155117357133075,4,1000,FALSE,FALSE,FALSE,FALSE,TRUE,TRUE,FALSE
"informative_annotations",1,"st_bed_bayesrc","prior_nonnull_mean_enriched","derived_prior_probability","enriched_binary",,250,1500,1.2002995142715,19.7007971769227,27.2640641998939,0.000538042789508489,0.00270309142557108,0.199047203664159,4,1500,FALSE,FALSE,FALSE,FALSE,TRUE,TRUE,FALSE
"informative_annotations",1,"st_bed_bayesrc","prior_nonnull_mean_enriched","derived_prior_probability","enriched_binary",,250,2000,1.11891041607287,32.9484050701267,38.7548768551672,0.000424221826191143,0.00264349450640638,0.160477665137212,4,2000,FALSE,FALSE,FALSE,FALSE,TRUE,TRUE,FALSE
"informative_annotations",1,"st_bed_bayesrc","prior_nonnull_mean_enriched","derived_prior_probability","enriched_binary",,250,2500,1.12824789383651,25.8486729138164,35.4482210676759,0.000430186561139819,0.00254155999408792,0.169260832772196,4,2500,FALSE,FALSE,FALSE,FALSE,TRUE,TRUE,FALSE
"informative_annotations",1,"st_bed_bayesrc","prior_nonnull_mean_enriched","derived_prior_probability","enriched_binary",,500,500,1.23855543605648,25.1015375400079,23.2048379511232,0.000600561741035141,0.0029066291202475,0.206617946834581,4,500,FALSE,FALSE,FALSE,FALSE,TRUE,TRUE,FALSE
"informative_annotations",1,"st_bed_bayesrc","prior_nonnull_mean_enriched","derived_prior_probability","enriched_binary",,500,1000,1.13292344980599,32.7605472163723,52.3501710509518,0.000483149609010135,0.0027633306581237,0.174843212334999,4,1000,FALSE,FALSE,FALSE,FALSE,TRUE,TRUE,FALSE
"informative_annotations",1,"st_bed_bayesrc","prior_nonnull_mean_enriched","derived_prior_probability","enriched_binary",,500,1500,1.24417199693566,13.7869499267876,19.6687697357064,0.000677912910349861,0.00273370991639373,0.247982752772889,4,1500,FALSE,FALSE,FALSE,FALSE,TRUE,TRUE,FALSE
"informative_annotations",1,"st_bed_bayesrc","prior_nonnull_mean_enriched","derived_prior_probability","enriched_binary",,500,2000,1.11950361709252,32.0790041432607,24.6157305893117,0.000414608698876571,0.00265905433948645,0.155923364453186,4,2000,FALSE,FALSE,FALSE,FALSE,TRUE,TRUE,FALSE
"informative_annotations",1,"st_bed_bayesrc","prior_nonnull_mean_enriched","derived_prior_probability","enriched_binary",,500,2500,1.10871032530388,30.7089204901225,76.6948177974468,0.00042718032303324,0.00255858959402726,0.166959298212752,4,2500,FALSE,FALSE,FALSE,FALSE,TRUE,TRUE,FALSE
"informative_annotations",1,"st_bed_bayesrc","prior_nonnull_mean_enriched","derived_prior_probability","enriched_binary",,750,500,1.22588585770452,13.1376143712041,22.4138137021245,0.000693204593921111,0.00270020467056358,0.256722981586587,4,500,FALSE,FALSE,FALSE,FALSE,TRUE,TRUE,FALSE
"informative_annotations",1,"st_bed_bayesrc","prior_nonnull_mean_enriched","derived_prior_probability","enriched_binary",,750,1000,1.23652262028237,12.7737800242572,17.5139939780725,0.000733042197307727,0.00263052342830015,0.278667807867204,4,1000,FALSE,FALSE,FALSE,FALSE,TRUE,TRUE,FALSE
"informative_annotations",1,"st_bed_bayesrc","prior_nonnull_mean_enriched","derived_prior_probability","enriched_binary",,750,1500,1.12810832095168,29.3946564825699,16.6973813016096,0.000445727655786896,0.0025665008101673,0.173671348172238,4,1500,FALSE,FALSE,FALSE,FALSE,TRUE,TRUE,FALSE
"informative_annotations",1,"st_bed_bayesrc","prior_nonnull_mean_enriched","derived_prior_probability","enriched_binary",,750,2000,1.11745610021987,28.0565346053346,52.1731374746055,0.000423644970781892,0.00242688486269511,0.174563275454042,4,2000,FALSE,FALSE,FALSE,FALSE,TRUE,TRUE,FALSE
"informative_annotations",1,"st_bed_bayesrc","prior_nonnull_mean_enriched","derived_prior_probability","enriched_binary",,1000,500,1.24188543923961,12.2936199734821,27.9506732342702,0.000686940792063315,0.00235597235251474,0.291574216195739,4,500,FALSE,FALSE,FALSE,FALSE,TRUE,TRUE,FALSE
"informative_annotations",1,"st_bed_bayesrc","prior_nonnull_mean_enriched","derived_prior_probability","enriched_binary",,1000,1000,1.43882846833514,8.37112779609302,21.297393017836,0.000804922258168538,0.00243805061735393,0.330149937183067,4,1000,FALSE,FALSE,FALSE,FALSE,TRUE,TRUE,FALSE
"informative_annotations",1,"st_bed_bayesrc","prior_nonnull_mean_enriched","derived_prior_probability","enriched_binary",,1000,1500,1.17084878433824,19.0408389956329,37.402472558662,0.000539600769813538,0.00242428249268926,0.222581638666606,4,1500,FALSE,FALSE,FALSE,FALSE,TRUE,TRUE,FALSE
"informative_annotations",1,"st_bed_bayesrc","prior_nonnull_mean_enriched","derived_prior_probability","enriched_binary",,1000,2000,1.2845353994064,11.035142675883,28.5659022799878,0.000677519122068705,0.0023134549611986,0.292860303499352,4,2000,FALSE,FALSE,FALSE,FALSE,TRUE,TRUE,FALSE
"informative_annotations",1,"st_bed_bayesrc","prior_nonnull_mean_unannotated","derived_prior_probability","enriched_binary",,250,500,2.0762117730732,5.37453156625666,11.7521841030888,0.000143622263561363,0.000333877097249071,0.430165065962047,4,500,FALSE,FALSE,FALSE,FALSE,TRUE,TRUE,FALSE
"informative_annotations",1,"st_bed_bayesrc","prior_nonnull_mean_unannotated","derived_prior_probability","enriched_binary",,250,1000,1.55012218871029,7.12147593514119,40.0477496989809,0.000142803903999781,0.000374030744032176,0.381797235329662,4,1000,FALSE,FALSE,FALSE,FALSE,TRUE,TRUE,FALSE
"informative_annotations",1,"st_bed_bayesrc","prior_nonnull_mean_unannotated","derived_prior_probability","enriched_binary",,250,1500,1.81103799541324,5.91263676201456,15.7964127098009,0.00015586047014757,0.000381810949821564,0.408213725196751,4,1500,FALSE,FALSE,FALSE,FALSE,TRUE,TRUE,FALSE
"informative_annotations",1,"st_bed_bayesrc","prior_nonnull_mean_unannotated","derived_prior_probability","enriched_binary",,250,2000,1.32905063006692,9.95134404339111,14.0067485761814,0.000124506291774572,0.000385081312214421,0.323324679295901,4,2000,FALSE,FALSE,FALSE,FALSE,TRUE,TRUE,FALSE
"informative_annotations",1,"st_bed_bayesrc","prior_nonnull_mean_unannotated","derived_prior_probability","enriched_binary",,250,2500,1.46779248139276,8.17398625093916,18.5353145088221,0.0001277545620835,0.00039533731857104,0.323153307522986,4,2500,FALSE,FALSE,FALSE,FALSE,TRUE,TRUE,FALSE
"informative_annotations",1,"st_bed_bayesrc","prior_nonnull_mean_unannotated","derived_prior_probability","enriched_binary",,500,500,2.39436835941158,5.01653486557948,12.1770592536877,0.000191885401358759,0.000421116542856137,0.455658664124984,4,500,FALSE,FALSE,FALSE,FALSE,TRUE,TRUE,FALSE
"informative_annotations",1,"st_bed_bayesrc","prior_nonnull_mean_unannotated","derived_prior_probability","enriched_binary",,500,1000,2.08681407866972,5.40041015059265,17.2569256383549,0.000181756723944033,0.000403913065120968,0.449989712240674,4,1000,FALSE,FALSE,FALSE,FALSE,TRUE,TRUE,FALSE
"informative_annotations",1,"st_bed_bayesrc","prior_nonnull_mean_unannotated","derived_prior_probability","enriched_binary",,500,1500,1.45264148062505,7.91173348017603,21.7712217808577,0.00014594980759767,0.000380819739263476,0.383251687215438,4,1500,FALSE,FALSE,FALSE,FALSE,TRUE,TRUE,FALSE
"informative_annotations",1,"st_bed_bayesrc","prior_nonnull_mean_unannotated","derived_prior_probability","enriched_binary",,500,2000,1.45247867133555,8.04659144492894,11.7496765910339,0.000133432102369812,0.000396929655266458,0.336160578075829,4,2000,FALSE,FALSE,FALSE,FALSE,TRUE,TRUE,FALSE
"informative_annotations",1,"st_bed_bayesrc","prior_nonnull_mean_unannotated","derived_prior_probability","enriched_binary",,500,2500,1.44932657847997,7.93988585480559,25.6546637796344,0.000125056566846793,0.000390275996522142,0.320431099942621,4,2500,FALSE,FALSE,FALSE,FALSE,TRUE,TRUE,FALSE
"informative_annotations",1,"st_bed_bayesrc","prior_nonnull_mean_unannotated","derived_prior_probability","enriched_binary",,750,500,2.13006656436742,5.25302472242642,16.9670533962414,0.000164923408797851,0.000353085063161711,0.467092567782504,4,500,FALSE,FALSE,FALSE,FALSE,TRUE,TRUE,FALSE
"informative_annotations",1,"st_bed_bayesrc","prior_nonnull_mean_unannotated","derived_prior_probability","enriched_binary",,750,1000,1.56671535161483,6.97672967090984,17.0585537855095,0.000124353833773045,0.000321475181623176,0.386822501025316,4,1000,FALSE,FALSE,FALSE,FALSE,TRUE,TRUE,FALSE
"informative_annotations",1,"st_bed_bayesrc","prior_nonnull_mean_unannotated","derived_prior_probability","enriched_binary",,750,1500,1.38970185579374,8.80246743729618,12.1851382211813,0.000111434419315732,0.000331336968217319,0.33631749549493,4,1500,FALSE,FALSE,FALSE,FALSE,TRUE,TRUE,FALSE
"informative_annotations",1,"st_bed_bayesrc","prior_nonnull_mean_unannotated","derived_prior_probability","enriched_binary",,750,2000,1.47337147228523,7.84260919075922,21.0518306246248,0.000103801216310291,0.000343258228324498,0.302399790434631,4,2000,FALSE,FALSE,FALSE,FALSE,TRUE,TRUE,FALSE
"informative_annotations",1,"st_bed_bayesrc","prior_nonnull_mean_unannotated","derived_prior_probability","enriched_binary",,1000,500,1.88269210923272,5.77115088280636,22.6777621889423,0.000114667285964685,0.00026291782598275,0.436133554414102,4,500,FALSE,FALSE,FALSE,FALSE,TRUE,TRUE,FALSE
"informative_annotations",1,"st_bed_bayesrc","prior_nonnull_mean_unannotated","derived_prior_probability","enriched_binary",,1000,1000,1.66288184448536,6.64909133632746,13.7150273318017,9.59182944591536e-05,0.000228477637733083,0.419814802931433,4,1000,FALSE,FALSE,FALSE,FALSE,TRUE,TRUE,FALSE
"informative_annotations",1,"st_bed_bayesrc","prior_nonnull_mean_unannotated","derived_prior_probability","enriched_binary",,1000,1500,1.6832913144459,6.42816555643657,12.0953563834335,0.000108724708161949,0.000314119206916041,0.346125629277453,4,1500,FALSE,FALSE,FALSE,FALSE,TRUE,TRUE,FALSE
"informative_annotations",1,"st_bed_bayesrc","prior_nonnull_mean_unannotated","derived_prior_probability","enriched_binary",,1000,2000,1.44525659781239,8.05540209584342,22.8770848362673,9.25209689763685e-05,0.000302821274840597,0.305529950050804,4,2000,FALSE,FALSE,FALSE,FALSE,TRUE,TRUE,FALSE
"informative_annotations",1,"st_bed_bayesrc","sigmaSqAlpha:component_0_stick","sigmaSqAlpha",,"component_0_stick",250,500,0.999684963057861,2116.20417637767,1767.11312092499,0.0200074952774352,0.881084991613813,0.022707792628256,4,500,TRUE,TRUE,TRUE,TRUE,TRUE,TRUE,TRUE
"informative_annotations",1,"st_bed_bayesrc","sigmaSqAlpha:component_0_stick","sigmaSqAlpha",,"component_0_stick",250,1000,1.0001579571848,3380.24179422881,3646.70459045732,0.0146552321881083,0.903269705794532,0.0162246470728445,4,1000,TRUE,TRUE,TRUE,TRUE,TRUE,TRUE,TRUE
"informative_annotations",1,"st_bed_bayesrc","sigmaSqAlpha:component_0_stick","sigmaSqAlpha",,"component_0_stick",250,1500,1.00061778661948,4552.54447265308,4729.1644125199,0.0123721333966432,0.922207418762961,0.0134157816830828,4,1500,TRUE,TRUE,TRUE,TRUE,TRUE,TRUE,TRUE
"informative_annotations",1,"st_bed_bayesrc","sigmaSqAlpha:component_0_stick","sigmaSqAlpha",,"component_0_stick",250,2000,1.002460335771,4635.22619965229,7587.77526028069,0.0107840731227318,0.936787318159532,0.0115117625032743,4,2000,TRUE,TRUE,TRUE,TRUE,TRUE,TRUE,TRUE
"informative_annotations",1,"st_bed_bayesrc","sigmaSqAlpha:component_0_stick","sigmaSqAlpha",,"component_0_stick",250,2500,1.00308707216643,6008.3861701733,9725.29197180539,0.0101054668910062,0.990053343113741,0.0102069923416695,4,2500,TRUE,TRUE,TRUE,TRUE,TRUE,TRUE,TRUE
"informative_annotations",1,"st_bed_bayesrc","sigmaSqAlpha:component_0_stick","sigmaSqAlpha",,"component_0_stick",500,500,0.999730476975906,1809.58530152123,1901.1772388095,0.0184626732808808,0.807688561746767,0.0228586538862851,4,500,TRUE,TRUE,TRUE,TRUE,TRUE,TRUE,TRUE
"informative_annotations",1,"st_bed_bayesrc","sigmaSqAlpha:component_0_stick","sigmaSqAlpha",,"component_0_stick",500,1000,1.00003483045807,2912.0867553659,3824.566408675,0.0146206625220158,0.887210792423148,0.0164793560300184,4,1000,TRUE,TRUE,TRUE,TRUE,TRUE,TRUE,TRUE
"informative_annotations",1,"st_bed_bayesrc","sigmaSqAlpha:component_0_stick","sigmaSqAlpha",,"component_0_stick",500,1500,1.00141993316925,3905.84317778489,5848.88347174996,0.0127074025788634,0.937069940566844,0.0135607834898391,4,1500,TRUE,TRUE,TRUE,TRUE,TRUE,TRUE,TRUE
"informative_annotations",1,"st_bed_bayesrc","sigmaSqAlpha:component_0_stick","sigmaSqAlpha",,"component_0_stick",500,2000,1.00280399921699,4533.85261010997,7767.26588420231,0.0114187026259826,0.991869705213087,0.0115123010270079,4,2000,TRUE,TRUE,TRUE,TRUE,TRUE,TRUE,TRUE
"informative_annotations",1,"st_bed_bayesrc","sigmaSqAlpha:component_0_stick","sigmaSqAlpha",,"component_0_stick",500,2500,1.00379511618345,5147.54661658737,9567.63777626617,0.0104439980340265,1.01051945359453,0.0103352765717435,4,2500,TRUE,TRUE,TRUE,TRUE,TRUE,TRUE,TRUE
"informative_annotations",1,"st_bed_bayesrc","sigmaSqAlpha:component_0_stick","sigmaSqAlpha",,"component_0_stick",750,500,1.00205003703882,1506.3876268071,1904.16844524506,0.0213716663202381,0.925138844153609,0.0231010366230926,4,500,TRUE,TRUE,TRUE,TRUE,TRUE,TRUE,TRUE
"informative_annotations",1,"st_bed_bayesrc","sigmaSqAlpha:component_0_stick","sigmaSqAlpha",,"component_0_stick",750,1000,1.00212676040284,2448.01123614371,3602.96780938626,0.0154636619135629,0.942108387147039,0.0164138883853811,4,1000,TRUE,TRUE,TRUE,TRUE,TRUE,TRUE,TRUE
"informative_annotations",1,"st_bed_bayesrc","sigmaSqAlpha:component_0_stick","sigmaSqAlpha",,"component_0_stick",750,1500,1.00242314415561,3087.69267990128,5730.07836532588,0.0127419687936401,0.954496972902528,0.0133494072326841,4,1500,TRUE,TRUE,TRUE,TRUE,TRUE,TRUE,TRUE
"informative_annotations",1,"st_bed_bayesrc","sigmaSqAlpha:component_0_stick","sigmaSqAlpha",,"component_0_stick",750,2000,1.00290629143938,4963.41831547955,7438.02928941114,0.0116055622838303,1.01524741632681,0.0114312650268242,4,2000,TRUE,TRUE,TRUE,TRUE,TRUE,TRUE,TRUE
"informative_annotations",1,"st_bed_bayesrc","sigmaSqAlpha:component_0_stick","sigmaSqAlpha",,"component_0_stick",1000,500,1.00617560643316,1082.54638880761,1581.40119404073,0.0223388765072484,0.960247276157946,0.0232636707876212,4,500,TRUE,TRUE,TRUE,TRUE,TRUE,TRUE,TRUE
"informative_annotations",1,"st_bed_bayesrc","sigmaSqAlpha:component_0_stick","sigmaSqAlpha",,"component_0_stick",1000,1000,1.00309547543647,1552.08595854638,3865.42801427002,0.0164698598228042,0.995424320056446,0.0165455670420734,4,1000,TRUE,TRUE,TRUE,TRUE,TRUE,TRUE,TRUE
"informative_annotations",1,"st_bed_bayesrc","sigmaSqAlpha:component_0_stick","sigmaSqAlpha",,"component_0_stick",1000,1500,1.00380273317409,2847.46864693656,5830.75386961569,0.0138783402389657,1.04587477008088,0.0132696003727984,4,1500,TRUE,TRUE,TRUE,TRUE,TRUE,TRUE,TRUE
"informative_annotations",1,"st_bed_bayesrc","sigmaSqAlpha:component_0_stick","sigmaSqAlpha",,"component_0_stick",1000,2000,1.00319663068626,4570.82981136736,7610.93331923151,0.0121510106813315,1.05483399665046,0.0115193582306941,4,2000,TRUE,TRUE,TRUE,TRUE,TRUE,TRUE,TRUE
"informative_annotations",1,"st_bed_bayesrc","sigmaSqAlpha:component_1_stick","sigmaSqAlpha",,"component_1_stick",250,500,1.18755610324506,15.4481843733228,134.535210912291,1.17846631114469,8.5979085514397,0.13706429931118,4,500,FALSE,FALSE,FALSE,FALSE,TRUE,TRUE,FALSE
"informative_annotations",1,"st_bed_bayesrc","sigmaSqAlpha:component_1_stick","sigmaSqAlpha",,"component_1_stick",250,1000,1.27604476762132,11.1891974305334,40.7916890963724,3.02276967239629,25.6955444602335,0.117637891544752,4,1000,FALSE,FALSE,FALSE,FALSE,TRUE,TRUE,FALSE
"informative_annotations",1,"st_bed_bayesrc","sigmaSqAlpha:component_1_stick","sigmaSqAlpha",,"component_1_stick",250,1500,1.1490470793169,19.529414565845,74.6532583556217,2.73405394844995,24.5584928566075,0.11132824658311,4,1500,FALSE,FALSE,FALSE,FALSE,TRUE,TRUE,FALSE
"informative_annotations",1,"st_bed_bayesrc","sigmaSqAlpha:component_1_stick","sigmaSqAlpha",,"component_1_stick",250,2000,1.0982492952878,34.3313901284755,185.739219594707,1.73289332747321,22.6301693372291,0.0765744746161671,4,2000,FALSE,FALSE,FALSE,FALSE,TRUE,TRUE,FALSE
"informative_annotations",1,"st_bed_bayesrc","sigmaSqAlpha:component_1_stick","sigmaSqAlpha",,"component_1_stick",250,2500,1.16532560571984,16.6781087932306,96.2406330341223,2.45436439345632,20.8073153601779,0.117956802738406,4,2500,FALSE,FALSE,FALSE,FALSE,TRUE,TRUE,FALSE
"informative_annotations",1,"st_bed_bayesrc","sigmaSqAlpha:component_1_stick","sigmaSqAlpha",,"component_1_stick",500,500,1.27212678329603,11.1649121923338,37.4973382052356,2.6287260258346,10.3830425303002,0.253174926151304,4,500,FALSE,FALSE,FALSE,FALSE,TRUE,TRUE,FALSE
"informative_annotations",1,"st_bed_bayesrc","sigmaSqAlpha:component_1_stick","sigmaSqAlpha",,"component_1_stick",500,1000,1.33723159688474,9.56683784278577,43.9460221945489,3.75645333382662,27.2967194567029,0.137615559986429,4,1000,FALSE,FALSE,FALSE,FALSE,TRUE,TRUE,FALSE
"informative_annotations",1,"st_bed_bayesrc","sigmaSqAlpha:component_1_stick","sigmaSqAlpha",,"component_1_stick",500,1500,1.09441119419144,32.2930778911551,149.601748635258,2.36303065110209,25.1448713391924,0.0939766451466753,4,1500,FALSE,FALSE,FALSE,FALSE,TRUE,TRUE,FALSE
"informative_annotations",1,"st_bed_bayesrc","sigmaSqAlpha:component_1_stick","sigmaSqAlpha",,"component_1_stick",500,2000,1.18460303445449,15.1033050466521,91.7760122792581,2.84286766191966,22.7710586254978,0.124845652047831,4,2000,FALSE,FALSE,FALSE,FALSE,TRUE,TRUE,FALSE
"informative_annotations",1,"st_bed_bayesrc","sigmaSqAlpha:component_1_stick","sigmaSqAlpha",,"component_1_stick",500,2500,1.12545197375508,23.2840736400513,135.645310333302,2.08563621333893,20.8073662679112,0.100235473653163,4,2500,FALSE,FALSE,FALSE,FALSE,TRUE,TRUE,FALSE
"informative_annotations",1,"st_bed_bayesrc","sigmaSqAlpha:component_1_stick","sigmaSqAlpha",,"component_1_stick",750,500,1.35034732908744,9.43630296449369,51.4909044361647,3.8383007426056,35.1678114017691,0.109142439907776,4,500,FALSE,FALSE,FALSE,FALSE,TRUE,TRUE,FALSE
"informative_annotations",1,"st_bed_bayesrc","sigmaSqAlpha:component_1_stick","sigmaSqAlpha",,"component_1_stick",750,1000,1.15148939241214,18.3711306126968,74.948242650838,3.52092772718964,29.2793338540998,0.120252999768867,4,1000,FALSE,FALSE,FALSE,FALSE,TRUE,TRUE,FALSE
"informative_annotations",1,"st_bed_bayesrc","sigmaSqAlpha:component_1_stick","sigmaSqAlpha",,"component_1_stick",750,1500,1.23846408830868,12.7191090759862,72.3855834205778,3.46250864619758,25.5324779008627,0.135611931581485,4,1500,FALSE,FALSE,FALSE,FALSE,TRUE,TRUE,FALSE
"informative_annotations",1,"st_bed_bayesrc","sigmaSqAlpha:component_1_stick","sigmaSqAlpha",,"component_1_stick",750,2000,1.12139148020016,26.1213830789804,111.899892956734,2.2816189831418,22.7901268694707,0.100114360758484,4,2000,FALSE,FALSE,FALSE,FALSE,TRUE,TRUE,FALSE
"informative_annotations",1,"st_bed_bayesrc","sigmaSqAlpha:component_1_stick","sigmaSqAlpha",,"component_1_stick",1000,500,1.49211061383757,7.59761820244493,60.6911457336728,4.37692857128824,37.0832530676606,0.118029789978303,4,500,FALSE,FALSE,FALSE,FALSE,TRUE,TRUE,FALSE
"informative_annotations",1,"st_bed_bayesrc","sigmaSqAlpha:component_1_stick","sigmaSqAlpha",,"component_1_stick",1000,1000,1.31994289857692,10.0317011778871,64.7961186954934,4.37760742791241,29.8039122776196,0.146880295014143,4,1000,FALSE,FALSE,FALSE,FALSE,TRUE,TRUE,FALSE
"informative_annotations",1,"st_bed_bayesrc","sigmaSqAlpha:component_1_stick","sigmaSqAlpha",,"component_1_stick",1000,1500,1.12363258453305,24.470334440917,124.655289763636,2.51472581672839,25.5542960493225,0.0984071645673473,4,1500,FALSE,FALSE,FALSE,FALSE,TRUE,TRUE,FALSE
"informative_annotations",1,"st_bed_bayesrc","sigmaSqAlpha:component_1_stick","sigmaSqAlpha",,"component_1_stick",1000,2000,1.06515824120027,43.0744502981713,164.30836155899,1.74653821431333,22.6613729011758,0.0770711563650548,4,2000,FALSE,FALSE,FALSE,FALSE,TRUE,TRUE,FALSE
"informative_annotations",1,"st_bed_bayesrc","sigmaSqAlpha:component_2_stick","sigmaSqAlpha",,"component_2_stick",250,500,1.54946863925637,7.16925644503893,21.2174663511857,13.4565447349576,43.187961377924,0.311580919905056,4,500,FALSE,FALSE,FALSE,FALSE,TRUE,TRUE,FALSE
"informative_annotations",1,"st_bed_bayesrc","sigmaSqAlpha:component_2_stick","sigmaSqAlpha",,"component_2_stick",250,1000,1.27699097906874,10.8393586003578,22.2029694061577,9.2901621331436,35.0725211682513,0.264884354579942,4,1000,FALSE,FALSE,FALSE,FALSE,TRUE,TRUE,FALSE
"informative_annotations",1,"st_bed_bayesrc","sigmaSqAlpha:component_2_stick","sigmaSqAlpha",,"component_2_stick",250,1500,1.25214232940466,11.9048963890202,14.5604041018214,7.95679641673158,29.2425582874551,0.272096454028272,4,1500,FALSE,FALSE,FALSE,FALSE,TRUE,TRUE,FALSE
"informative_annotations",1,"st_bed_bayesrc","sigmaSqAlpha:component_2_stick","sigmaSqAlpha",,"component_2_stick",250,2000,1.14449388849188,19.414820297799,19.4458800171821,5.5198950573353,26.0981906146839,0.211504894681457,4,2000,FALSE,FALSE,FALSE,FALSE,TRUE,TRUE,FALSE
"informative_annotations",1,"st_bed_bayesrc","sigmaSqAlpha:component_2_stick","sigmaSqAlpha",,"component_2_stick",250,2500,1.10879911294401,24.9551507521249,20.9105063904356,4.74806744950164,23.7063253855994,0.200286943348288,4,2500,FALSE,FALSE,FALSE,FALSE,TRUE,TRUE,FALSE
"informative_annotations",1,"st_bed_bayesrc","sigmaSqAlpha:component_2_stick","sigmaSqAlpha",,"component_2_stick",500,500,1.50200347653923,7.46303438273921,22.9346129808421,14.254143290712,41.998548536636,0.339396093135883,4,500,FALSE,FALSE,FALSE,FALSE,TRUE,TRUE,FALSE
"informative_annotations",1,"st_bed_bayesrc","sigmaSqAlpha:component_2_stick","sigmaSqAlpha",,"component_2_stick",500,1000,1.28337424495166,11.2001976127767,11.7716659747672,9.9677537421694,31.053801272591,0.320983368659837,4,1000,FALSE,FALSE,FALSE,FALSE,TRUE,TRUE,FALSE
"informative_annotations",1,"st_bed_bayesrc","sigmaSqAlpha:component_2_stick","sigmaSqAlpha",,"component_2_stick",500,1500,1.13287414345097,20.0255436867294,13.9842007692299,6.59569002556746,26.4120179033834,0.249723063557463,4,1500,FALSE,FALSE,FALSE,FALSE,TRUE,TRUE,FALSE
"informative_annotations",1,"st_bed_bayesrc","sigmaSqAlpha:component_2_stick","sigmaSqAlpha",,"component_2_stick",500,2000,1.09864161281659,27.2196380519913,16.8416786608459,5.10234053462466,23.3255499654828,0.218744704505365,4,2000,FALSE,FALSE,FALSE,FALSE,TRUE,TRUE,FALSE
"informative_annotations",1,"st_bed_bayesrc","sigmaSqAlpha:component_2_stick","sigmaSqAlpha",,"component_2_stick",500,2500,1.07218977282159,34.8121758519794,21.9950983044646,4.15979931591956,26.5625190846512,0.156604097023435,4,2500,FALSE,FALSE,FALSE,FALSE,TRUE,TRUE,FALSE
"informative_annotations",1,"st_bed_bayesrc","sigmaSqAlpha:component_2_stick","sigmaSqAlpha",,"component_2_stick",750,500,1.24170223498232,12.5819888844433,14.7645453207596,6.23264490550844,23.0124063694844,0.27083846884319,4,500,FALSE,FALSE,FALSE,FALSE,TRUE,TRUE,FALSE
"informative_annotations",1,"st_bed_bayesrc","sigmaSqAlpha:component_2_stick","sigmaSqAlpha",,"component_2_stick",750,1000,1.09410773159642,30.4678593918314,22.2425827397298,3.32379561029134,16.9039986609049,0.196627772929166,4,1000,FALSE,FALSE,FALSE,FALSE,TRUE,TRUE,FALSE
"informative_annotations",1,"st_bed_bayesrc","sigmaSqAlpha:component_2_stick","sigmaSqAlpha",,"component_2_stick",750,1500,1.07474208507386,45.101266128282,40.734275942173,2.34480005648983,15.3279036818943,0.152975912763568,4,1500,FALSE,FALSE,FALSE,FALSE,TRUE,TRUE,FALSE
"informative_annotations",1,"st_bed_bayesrc","sigmaSqAlpha:component_2_stick","sigmaSqAlpha",,"component_2_stick",750,2000,1.03986902812452,84.9902986543411,70.5459944872942,1.7193435120079,13.8931716393988,0.123754572147667,4,2000,FALSE,FALSE,FALSE,FALSE,TRUE,TRUE,FALSE
"informative_annotations",1,"st_bed_bayesrc","sigmaSqAlpha:component_2_stick","sigmaSqAlpha",,"component_2_stick",1000,500,1.04219516818215,79.9918271529535,153.13811720175,0.628275518457914,7.6474302975202,0.0821551153806059,4,500,FALSE,FALSE,FALSE,FALSE,TRUE,TRUE,FALSE
"informative_annotations",1,"st_bed_bayesrc","sigmaSqAlpha:component_2_stick","sigmaSqAlpha",,"component_2_stick",1000,1000,1.04919395508729,110.157137389824,171.25747273913,0.658844476017405,9.8488292702676,0.0668957150070999,4,1000,FALSE,FALSE,FALSE,FALSE,TRUE,TRUE,FALSE
"informative_annotations",1,"st_bed_bayesrc","sigmaSqAlpha:component_2_stick","sigmaSqAlpha",,"component_2_stick",1000,1500,1.02237301689724,157.739315671056,193.563264497448,0.606745786393393,9.34293302897902,0.0649416820725833,4,1500,FALSE,FALSE,FALSE,FALSE,TRUE,TRUE,FALSE
"informative_annotations",1,"st_bed_bayesrc","sigmaSqAlpha:component_2_stick","sigmaSqAlpha",,"component_2_stick",1000,2000,1.04986726398349,83.2964943599959,113.574867766044,1.22544954845296,20.0712528601413,0.0610549603949504,4,2000,FALSE,FALSE,FALSE,FALSE,TRUE,TRUE,FALSE
"informative_annotations",1,"st_bed_bayesrc","vbs",,,,250,500,1.06448416106823,44.7316596103269,226.225042212519,0.00142511127140008,0.00935581760175062,0.152323541571975,4,500,FALSE,FALSE,FALSE,FALSE,TRUE,TRUE,FALSE
"informative_annotations",1,"st_bed_bayesrc","vbs",,,,250,1000,1.03114182097589,127.969652863781,331.246916225952,0.00102206470680757,0.0107366412114935,0.0951940822716008,4,1000,FALSE,FALSE,FALSE,FALSE,TRUE,TRUE,FALSE
"informative_annotations",1,"st_bed_bayesrc","vbs",,,,250,1500,1.04653425124965,77.3838939959514,291.382642599989,0.0014859408117944,0.0115333600961338,0.128838499744104,4,1500,FALSE,FALSE,FALSE,FALSE,TRUE,TRUE,FALSE
"informative_annotations",1,"st_bed_bayesrc","vbs",,,,250,2000,1.02757628295916,118.133745925884,1011.0643053523,0.00106181035194968,0.0119737105435118,0.0886784717311414,4,2000,FALSE,FALSE,TRUE,FALSE,TRUE,TRUE,FALSE
"informative_annotations",1,"st_bed_bayesrc","vbs",,,,250,2500,1.03582702214015,108.364652219259,681.429775476397,0.0012778436931109,0.0130003420794936,0.0982930822356232,4,2500,FALSE,FALSE,TRUE,FALSE,TRUE,TRUE,FALSE
"informative_annotations",1,"st_bed_bayesrc","vbs",,,,500,500,1.04432791140116,85.411938511406,794.346071956144,0.000949045645869131,0.00897714296392142,0.105718005125159,4,500,FALSE,FALSE,TRUE,FALSE,TRUE,TRUE,FALSE
"informative_annotations",1,"st_bed_bayesrc","vbs",,,,500,1000,1.06897362926711,48.4081921361766,838.733083992511,0.00167128591154333,0.0109594492206205,0.152497254004222,4,1000,FALSE,FALSE,TRUE,FALSE,TRUE,TRUE,FALSE
"informative_annotations",1,"st_bed_bayesrc","vbs",,,,500,1500,1.05266355169369,53.5640516441099,853.367705343522,0.00153106867334609,0.0119455504813385,0.12817062518282,4,1500,FALSE,FALSE,TRUE,FALSE,TRUE,TRUE,FALSE
"informative_annotations",1,"st_bed_bayesrc","vbs",,,,500,2000,1.04603511509704,65.6867714523605,652.995161395165,0.00145338060327055,0.0128714468416846,0.112915091919871,4,2000,FALSE,FALSE,TRUE,FALSE,TRUE,TRUE,FALSE
"informative_annotations",1,"st_bed_bayesrc","vbs",,,,500,2500,1.0395242435206,77.2798348283514,849.068758206157,0.00146564736548587,0.0134945282952872,0.10861049259482,4,2500,FALSE,FALSE,TRUE,FALSE,TRUE,TRUE,FALSE
"informative_annotations",1,"st_bed_bayesrc","vbs",,,,750,500,1.08313932565544,36.4052084473797,168.349836252829,0.00201185181148423,0.0118749256853577,0.169420160158554,4,500,FALSE,FALSE,FALSE,FALSE,TRUE,TRUE,FALSE
"informative_annotations",1,"st_bed_bayesrc","vbs",,,,750,1000,1.05304114655546,52.2222203035161,642.893644611487,0.00158241020000615,0.0123313361822172,0.128324309435997,4,1000,FALSE,FALSE,TRUE,FALSE,TRUE,TRUE,FALSE
"informative_annotations",1,"st_bed_bayesrc","vbs",,,,750,1500,1.03604588194826,90.1351910690997,1174.37844626822,0.00122852466807161,0.0125773023775911,0.097677914642528,4,1500,FALSE,FALSE,TRUE,FALSE,TRUE,TRUE,FALSE
"informative_annotations",1,"st_bed_bayesrc","vbs",,,,750,2000,1.03496121033218,99.5167258114244,1214.0150180899,0.00130476058549822,0.0135820454603403,0.0960651022195538,4,2000,FALSE,FALSE,TRUE,FALSE,TRUE,TRUE,FALSE
"informative_annotations",1,"st_bed_bayesrc","vbs",,,,1000,500,1.05186500542836,64.1626150442018,622.422177452186,0.00159141003439499,0.01223231436275,0.130098850242206,4,500,FALSE,FALSE,TRUE,FALSE,TRUE,TRUE,FALSE
"informative_annotations",1,"st_bed_bayesrc","vbs",,,,1000,1000,1.04298400622488,107.959366330338,1344.45544089972,0.00130232210834968,0.0128186638467717,0.101595776589278,4,1000,FALSE,FALSE,TRUE,FALSE,TRUE,TRUE,FALSE
"informative_annotations",1,"st_bed_bayesrc","vbs",,,,1000,1500,1.04297927554606,67.7199078439051,1384.90646944141,0.00146121596173589,0.0135994760871077,0.107446489289475,4,1500,FALSE,FALSE,TRUE,FALSE,TRUE,TRUE,FALSE
"informative_annotations",1,"st_bed_bayesrc","vbs",,,,1000,2000,1.04233330988596,68.9951070051857,2246.13387318345,0.00168010007991804,0.014096484715024,0.1191857483538,4,2000,FALSE,FALSE,TRUE,FALSE,TRUE,TRUE,FALSE
"informative_annotations",1,"st_bed_bayesrc","ves",,,,250,500,1.00047653944719,1707.43471046667,1745.3482931652,0.000610723935718123,0.0252854931986868,0.0241531351957114,4,500,TRUE,TRUE,TRUE,TRUE,TRUE,TRUE,TRUE
"informative_annotations",1,"st_bed_bayesrc","ves",,,,250,1000,1.00121734682104,3451.8145061828,3958.70940523476,0.000425660565816387,0.0250166568260274,0.017015085939602,4,1000,TRUE,TRUE,TRUE,TRUE,TRUE,TRUE,TRUE
"informative_annotations",1,"st_bed_bayesrc","ves",,,,250,1500,1.00162147671118,4330.02111888674,5590.26151239062,0.000387398698480063,0.0254185608569573,0.0152407801787105,4,1500,TRUE,TRUE,TRUE,TRUE,TRUE,TRUE,TRUE
"informative_annotations",1,"st_bed_bayesrc","ves",,,,250,2000,1.00164075373836,5550.16223560139,7613.53765457403,0.000339978259636154,0.0254649948721051,0.0133508080933711,4,2000,TRUE,TRUE,TRUE,TRUE,TRUE,TRUE,TRUE
"informative_annotations",1,"st_bed_bayesrc","ves",,,,250,2500,1.00274390825812,7785.51722727955,9107.02552589642,0.000288664308484914,0.0255629763864787,0.0112922808408805,4,2500,TRUE,TRUE,TRUE,TRUE,TRUE,TRUE,TRUE
"informative_annotations",1,"st_bed_bayesrc","ves",,,,500,500,1.00093734684357,1880.74246141131,1811.98922012606,0.000568677852945147,0.0247222592619875,0.0230026652062312,4,500,TRUE,TRUE,TRUE,TRUE,TRUE,TRUE,TRUE
"informative_annotations",1,"st_bed_bayesrc","ves",,,,500,1000,1.00263541565375,3602.62631036311,3730.84431319873,0.000422590983191847,0.0253551666071989,0.0166668588591275,4,1000,TRUE,TRUE,TRUE,TRUE,TRUE,TRUE,TRUE
"informative_annotations",1,"st_bed_bayesrc","ves",,,,500,1500,1.00204397866936,4997.64318942085,5804.74561880844,0.000362133954227856,0.0254771562912036,0.0142140649485629,4,1500,TRUE,TRUE,TRUE,TRUE,TRUE,TRUE,TRUE
"informative_annotations",1,"st_bed_bayesrc","ves",,,,500,2000,1.00237923942196,6778.26141779647,7628.6342035401,0.000310045933965602,0.0255090203078,0.0121543646217882,4,2000,TRUE,TRUE,TRUE,TRUE,TRUE,TRUE,TRUE
"informative_annotations",1,"st_bed_bayesrc","ves",,,,500,2500,1.00183395013461,8252.2327012837,9094.5999142415,0.000279983257844406,0.0254547402840812,0.0109992580839452,4,2500,TRUE,TRUE,TRUE,TRUE,TRUE,TRUE,TRUE
"informative_annotations",1,"st_bed_bayesrc","ves",,,,750,500,1.00355546338911,1921.17340457659,1960.13315711364,0.000564579273911576,0.0247456763858222,0.022815269427634,4,500,TRUE,TRUE,TRUE,TRUE,TRUE,TRUE,TRUE
"informative_annotations",1,"st_bed_bayesrc","ves",,,,750,1000,1.00175507484756,3626.16821311293,3971.30164574906,0.000428257410225604,0.0254676309708598,0.0168157537195202,4,1000,TRUE,TRUE,TRUE,TRUE,TRUE,TRUE,TRUE
"informative_annotations",1,"st_bed_bayesrc","ves",,,,750,1500,1.00228406853834,4453.23125454106,5591.87923533163,0.000382589190951796,0.0255036909971379,0.0150013263176193,4,1500,TRUE,TRUE,TRUE,TRUE,TRUE,TRUE,TRUE
"informative_annotations",1,"st_bed_bayesrc","ves",,,,750,2000,1.00185152804601,7138.08227775768,7230.97189968382,0.000301864041342412,0.025608260850666,0.0117877603286973,4,2000,TRUE,TRUE,TRUE,TRUE,TRUE,TRUE,TRUE
"informative_annotations",1,"st_bed_bayesrc","ves",,,,1000,500,1.00220371610092,1735.79114365834,1934.34588036946,0.000616732343805746,0.0259497589742503,0.023766399696341,4,500,TRUE,TRUE,TRUE,TRUE,TRUE,TRUE,TRUE
"informative_annotations",1,"st_bed_bayesrc","ves",,,,1000,1000,1.00168522829739,3490.75064749414,3905.81384788951,0.000431886379849736,0.0258006740497678,0.016739344833265,4,1000,TRUE,TRUE,TRUE,TRUE,TRUE,TRUE,TRUE
"informative_annotations",1,"st_bed_bayesrc","ves",,,,1000,1500,1.00067805338399,5482.773142891,5724.58477654385,0.000347529816627262,0.0257283184989048,0.0135076770229681,4,1500,TRUE,TRUE,TRUE,TRUE,TRUE,TRUE,TRUE
"informative_annotations",1,"st_bed_bayesrc","ves",,,,1000,2000,1.00107018206746,7371.40093044979,7338.69278330522,0.000298215862755671,0.0256001769191802,0.011648976633917,4,2000,TRUE,TRUE,TRUE,TRUE,TRUE,TRUE,TRUE
"informative_annotations",1,"st_bed_bayesrc","vgs",,,,250,500,1.00348603034425,1644.54313071671,1661.32936858239,0.000645225133122169,0.0260210667608454,0.0247962598556127,4,500,TRUE,TRUE,TRUE,TRUE,TRUE,TRUE,TRUE
"informative_annotations",1,"st_bed_bayesrc","vgs",,,,250,1000,1.00399295340053,2206.67711366275,3250.2279882785,0.000547298855025174,0.0257335423833857,0.0212679174468621,4,1000,TRUE,TRUE,TRUE,TRUE,TRUE,TRUE,TRUE
"informative_annotations",1,"st_bed_bayesrc","vgs",,,,250,1500,1.00828010218932,2586.3393051778,5121.02728335626,0.000503287428873111,0.0255751666993505,0.0196787545821116,4,1500,TRUE,TRUE,TRUE,TRUE,TRUE,TRUE,TRUE
"informative_annotations",1,"st_bed_bayesrc","vgs",,,,250,2000,1.00365231847079,3968.03951009218,6924.54379490483,0.000404952741016094,0.025585817421264,0.0158272348445488,4,2000,TRUE,TRUE,TRUE,TRUE,TRUE,TRUE,TRUE
"informative_annotations",1,"st_bed_bayesrc","vgs",,,,250,2500,1.00238059973073,5302.85349276769,9174.16843351073,0.000350918842228834,0.0254251722066651,0.0138020242056351,4,2500,TRUE,TRUE,TRUE,TRUE,TRUE,TRUE,TRUE
"informative_annotations",1,"st_bed_bayesrc","vgs",,,,500,500,1.00517104670769,1194.67274138112,1500.83853653273,0.000763166285840047,0.0263330099465651,0.0289813541022717,4,500,TRUE,TRUE,TRUE,TRUE,TRUE,TRUE,TRUE
"informative_annotations",1,"st_bed_bayesrc","vgs",,,,500,1000,1.00719565327041,2220.68876056194,3786.83153514235,0.000545973287338412,0.0256460138954171,0.0212888166389077,4,1000,TRUE,TRUE,TRUE,TRUE,TRUE,TRUE,TRUE
"informative_annotations",1,"st_bed_bayesrc","vgs",,,,500,1500,1.00478964967944,3077.52837682122,5388.75370574658,0.000462655390026415,0.0257048084433689,0.0179987876994184,4,1500,TRUE,TRUE,TRUE,TRUE,TRUE,TRUE,TRUE
"informative_annotations",1,"st_bed_bayesrc","vgs",,,,500,2000,1.00183308682881,4587.45205940746,7755.73659719919,0.000377030031608018,0.0254633089278868,0.0148067964252323,4,2000,TRUE,TRUE,TRUE,TRUE,TRUE,TRUE,TRUE
"informative_annotations",1,"st_bed_bayesrc","vgs",,,,500,2500,1.00132251497939,6034.19764005985,9512.96340977283,0.000326510592227241,0.0252729476469332,0.0129193712102222,4,2500,TRUE,TRUE,TRUE,TRUE,TRUE,TRUE,TRUE
"informative_annotations",1,"st_bed_bayesrc","vgs",,,,750,500,1.00580757156927,1197.39065619473,1684.14827171775,0.000741761295147839,0.0253732816757891,0.0292339518642407,4,500,TRUE,TRUE,TRUE,TRUE,TRUE,TRUE,TRUE
"informative_annotations",1,"st_bed_bayesrc","vgs",,,,750,1000,1.00557734612201,2293.42991371855,3502.97206214068,0.000528579965380373,0.0252244063822959,0.0209551002853872,4,1000,TRUE,TRUE,TRUE,TRUE,TRUE,TRUE,TRUE
"informative_annotations",1,"st_bed_bayesrc","vgs",,,,750,1500,1.0016050855261,3496.33703396524,5511.24696158105,0.000428774147630301,0.0253540200698702,0.0169114856913693,4,1500,TRUE,TRUE,TRUE,TRUE,TRUE,TRUE,TRUE
"informative_annotations",1,"st_bed_bayesrc","vgs",,,,750,2000,1.00174338912596,5255.81872958579,7393.29720925869,0.000348367738920835,0.025200012483707,0.0138241097755833,4,2000,TRUE,TRUE,TRUE,TRUE,TRUE,TRUE,TRUE
"informative_annotations",1,"st_bed_bayesrc","vgs",,,,1000,500,1.0020642163744,1989.81116562675,2057.90816894148,0.000554757924406121,0.0247440316658209,0.0224198680271014,4,500,TRUE,TRUE,TRUE,TRUE,TRUE,TRUE,TRUE
"informative_annotations",1,"st_bed_bayesrc","vgs",,,,1000,1000,1.00215113825248,3581.71814660236,3834.50296297301,0.000422243264478026,0.0252428542533986,0.0167272393303613,4,1000,TRUE,TRUE,TRUE,TRUE,TRUE,TRUE,TRUE
"informative_annotations",1,"st_bed_bayesrc","vgs",,,,1000,1500,1.00206530609162,5443.20161560753,6057.95991320993,0.000340372491878735,0.0250739715102331,0.0135747339323499,4,1500,TRUE,TRUE,TRUE,TRUE,TRUE,TRUE,TRUE
"informative_annotations",1,"st_bed_bayesrc","vgs",,,,1000,2000,1.00127148549924,7513.3289715807,8051.11683895039,0.000287926818246505,0.024921196592228,0.011553490908069,4,2000,TRUE,TRUE,TRUE,TRUE,TRUE,TRUE,TRUE
"informative_annotations",1,"st_bed_bayesrc","vld",,,,250,500,1.01104155012288,1280.4157381873,1664.97703997541,8.13165712764804e-05,0.00284823130494829,0.028549848158472,4,500,FALSE,TRUE,TRUE,TRUE,TRUE,TRUE,FALSE
"informative_annotations",1,"st_bed_bayesrc","vld",,,,250,1000,1.00989956911237,900.479783014099,2537.01695975606,8.86954576501524e-05,0.00279687953217438,0.0317122910121187,4,1000,TRUE,TRUE,TRUE,TRUE,TRUE,TRUE,TRUE
"informative_annotations",1,"st_bed_bayesrc","vld",,,,250,1500,1.00753566283053,909.936442814902,3134.2878091741,8.77357813200315e-05,0.00270170845509936,0.0324741854193904,4,1500,TRUE,TRUE,TRUE,TRUE,TRUE,TRUE,TRUE
"informative_annotations",1,"st_bed_bayesrc","vld",,,,250,2000,1.00568707159476,1307.34372573471,4314.32183377603,7.34489074772802e-05,0.00267172071221875,0.027491237067322,4,2000,TRUE,TRUE,TRUE,TRUE,TRUE,TRUE,TRUE
"informative_annotations",1,"st_bed_bayesrc","vld",,,,250,2500,1.00554785810506,1884.38109582687,5200.84177085456,6.05260824482971e-05,0.00260551885170031,0.0232299537609559,4,2500,TRUE,TRUE,TRUE,TRUE,TRUE,TRUE,TRUE
"informative_annotations",1,"st_bed_bayesrc","vld",,,,500,500,1.02378577656784,1106.37458603626,1691.15737180756,8.72405307800264e-05,0.00290717718334049,0.030008673458211,4,500,FALSE,TRUE,TRUE,TRUE,TRUE,TRUE,FALSE
"informative_annotations",1,"st_bed_bayesrc","vld",,,,500,1000,1.0146672350636,1320.69560529093,3275.75237148079,6.13754637113927e-05,0.0027388625226756,0.0224091071396438,4,1000,FALSE,TRUE,TRUE,TRUE,TRUE,TRUE,FALSE
"informative_annotations",1,"st_bed_bayesrc","vld",,,,500,1500,1.01292100814997,693.616555776785,3472.19076976024,9.75382619459612e-05,0.00265853193682063,0.0366887681863278,4,1500,FALSE,TRUE,TRUE,TRUE,TRUE,TRUE,FALSE
"informative_annotations",1,"st_bed_bayesrc","vld",,,,500,2000,1.00974511225994,1193.54981336277,5312.58068107215,7.62595266194614e-05,0.00261714614188627,0.0291384288400871,4,2000,TRUE,TRUE,TRUE,TRUE,TRUE,TRUE,TRUE
"informative_annotations",1,"st_bed_bayesrc","vld",,,,500,2500,1.00745535291345,1609.05379465419,3729.3797190887,6.30473427887472e-05,0.00255026369053891,0.0247218917097252,4,2500,TRUE,TRUE,TRUE,TRUE,TRUE,TRUE,TRUE
"informative_annotations",1,"st_bed_bayesrc","vld",,,,750,500,1.02149024405606,212.423563423609,1761.04839232665,0.000186270879907221,0.00274059620365143,0.0679672837826467,4,500,FALSE,FALSE,TRUE,FALSE,TRUE,TRUE,FALSE
"informative_annotations",1,"st_bed_bayesrc","vld",,,,750,1000,1.01553517986549,379.803355342011,2646.1083421928,0.000135265930736547,0.00261946536877663,0.0516387551249513,4,1000,FALSE,FALSE,TRUE,FALSE,TRUE,TRUE,FALSE
"informative_annotations",1,"st_bed_bayesrc","vld",,,,750,1500,1.00855657859403,898.231008672205,3825.48472088476,8.56916294740677e-05,0.00260537216908767,0.032890360344977,4,1500,TRUE,TRUE,TRUE,TRUE,TRUE,TRUE,TRUE
"informative_annotations",1,"st_bed_bayesrc","vld",,,,750,2000,1.00673945391859,1598.33227893729,4073.97550147261,6.39516908440578e-05,0.00253717597917246,0.0252058553955396,4,2000,TRUE,TRUE,TRUE,TRUE,TRUE,TRUE,TRUE
"informative_annotations",1,"st_bed_bayesrc","vld",,,,1000,500,1.00675406630768,1307.67814423609,1849.43209912694,7.06795439803599e-05,0.00255576164760839,0.0276549826336505,4,500,TRUE,TRUE,TRUE,TRUE,TRUE,TRUE,TRUE
"informative_annotations",1,"st_bed_bayesrc","vld",,,,1000,1000,1.0081508025702,2297.27675578404,2814.12184522573,5.22170527949161e-05,0.00251979373231519,0.0207227489001408,4,1000,TRUE,TRUE,TRUE,TRUE,TRUE,TRUE,TRUE
"informative_annotations",1,"st_bed_bayesrc","vld",,,,1000,1500,1.00751316621228,3572.59206115549,4804.72015544568,4.18613502726712e-05,0.00250890428125996,0.0166851125351218,4,1500,TRUE,TRUE,TRUE,TRUE,TRUE,TRUE,TRUE
"informative_annotations",1,"st_bed_bayesrc","vld",,,,1000,2000,1.00585048959687,3523.86226574165,6478.2169882182,3.7920929739586e-05,0.00244917807989216,0.0154831247474074,4,2000,TRUE,TRUE,TRUE,TRUE,TRUE,TRUE,TRUE
"informative_annotations",1,"st_bed_bayesrc","vle",,,,250,500,1.00281494650876,1648.30302187118,1741.66206445763,0.000645271985803382,0.026055466281922,0.0247653209818429,4,500,TRUE,TRUE,TRUE,TRUE,TRUE,TRUE,TRUE
"informative_annotations",1,"st_bed_bayesrc","vle",,,,250,1000,1.00301214353237,2393.04276238198,3370.87877666516,0.00052722148323616,0.0257566262409506,0.020469353334713,4,1000,TRUE,TRUE,TRUE,TRUE,TRUE,TRUE,TRUE
"informative_annotations",1,"st_bed_bayesrc","vle",,,,250,1500,1.0073521103828,2780.51791368148,4948.14558462635,0.000486796204943031,0.0256236799260953,0.018997903749464,4,1500,TRUE,TRUE,TRUE,TRUE,TRUE,TRUE,TRUE
"informative_annotations",1,"st_bed_bayesrc","vle",,,,250,2000,1.0030507144046,4338.55434300129,7582.52133700234,0.000389317513613405,0.025608998208888,0.015202371855307,4,2000,TRUE,TRUE,TRUE,TRUE,TRUE,TRUE,TRUE
"informative_annotations",1,"st_bed_bayesrc","vle",,,,250,2500,1.00193485383314,5470.67721435793,9267.15413241074,0.000345607582321046,0.0254510288061922,0.0135793167715468,4,2500,TRUE,TRUE,TRUE,TRUE,TRUE,TRUE,TRUE
"informative_annotations",1,"st_bed_bayesrc","vle",,,,500,500,1.00354983112935,1248.93859094424,1740.15822271712,0.000749744304950888,0.0263835955332014,0.0284170633228288,4,500,TRUE,TRUE,TRUE,TRUE,TRUE,TRUE,TRUE
"informative_annotations",1,"st_bed_bayesrc","vle",,,,500,1000,1.00573094472071,2528.24890329148,3672.82487612429,0.000512756893081569,0.0256905325794428,0.0199589826133799,4,1000,TRUE,TRUE,TRUE,TRUE,TRUE,TRUE,TRUE
"informative_annotations",1,"st_bed_bayesrc","vle",,,,500,1500,1.00406438027492,3139.37010900433,5624.35074729786,0.000459812085811815,0.0257389790236508,0.0178644259894422,4,1500,TRUE,TRUE,TRUE,TRUE,TRUE,TRUE,TRUE
"informative_annotations",1,"st_bed_bayesrc","vle",,,,500,2000,1.00128341188227,4753.65347384604,7930.51196675737,0.000371344301970178,0.0254889564114894,0.0145688311429961,4,2000,TRUE,TRUE,TRUE,TRUE,TRUE,TRUE,TRUE
"informative_annotations",1,"st_bed_bayesrc","vle",,,,500,2500,1.00089215876246,6251.03833955363,10010.3596537497,0.000321543392068972,0.0253016801715054,0.0127083810201306,4,2500,TRUE,TRUE,TRUE,TRUE,TRUE,TRUE,TRUE
"informative_annotations",1,"st_bed_bayesrc","vle",,,,750,500,1.00434820260869,1316.58048404902,1823.24927802412,0.000702202216559789,0.0253967349785745,0.0276493107146327,4,500,TRUE,TRUE,TRUE,TRUE,TRUE,TRUE,TRUE
"informative_annotations",1,"st_bed_bayesrc","vle",,,,750,1000,1.00496195426873,2321.66078515733,3723.8427378922,0.000527905237905631,0.0252980767610933,0.0208674059649274,4,1000,TRUE,TRUE,TRUE,TRUE,TRUE,TRUE,TRUE
"informative_annotations",1,"st_bed_bayesrc","vle",,,,750,1500,1.00129079727884,3510.90949399949,5733.78451776791,0.00042950630380826,0.025386462329987,0.0169187143220392,4,1500,TRUE,TRUE,TRUE,TRUE,TRUE,TRUE,TRUE
"informative_annotations",1,"st_bed_bayesrc","vle",,,,750,2000,1.0015309854107,5310.74953875071,7889.61335227798,0.000348300617950485,0.0252346801269967,0.0138024582121754,4,2000,TRUE,TRUE,TRUE,TRUE,TRUE,TRUE,TRUE
"informative_annotations",1,"st_bed_bayesrc","vle",,,,1000,500,1.0017226190313,1952.03863943443,2103.49717732234,0.000561518772935867,0.0248014072054924,0.0226406013289245,4,500,TRUE,TRUE,TRUE,TRUE,TRUE,TRUE,TRUE
"informative_annotations",1,"st_bed_bayesrc","vle",,,,1000,1000,1.00254536580228,3560.50560273389,4190.13336571381,0.000423378358457301,0.0252862034060157,0.0167434530071279,4,1000,TRUE,TRUE,TRUE,TRUE,TRUE,TRUE,TRUE
"informative_annotations",1,"st_bed_bayesrc","vle",,,,1000,1500,1.00202167091056,5458.00062222058,6145.30012390837,0.000340411627054581,0.0251034932629374,0.0135603289745002,4,1500,TRUE,TRUE,TRUE,TRUE,TRUE,TRUE,TRUE
"informative_annotations",1,"st_bed_bayesrc","vle",,,,1000,2000,1.00135880250576,7410.29909811627,8109.47795988109,0.000290241399759804,0.0249551278161575,0.0116305314842701,4,2000,TRUE,TRUE,TRUE,TRUE,TRUE,TRUE,TRUE
"informative_annotations",1,"st_csr_sbayesrc","alpha:continuous_signal:component_0_stick","alpha","continuous_signal","component_0_stick",250,500,2.3704411590889,5.00761579917638,13.3893841993135,0.0978177771628005,0.202166610262927,0.483847342721846,4,500,FALSE,FALSE,FALSE,FALSE,TRUE,TRUE,FALSE
"informative_annotations",1,"st_csr_sbayesrc","alpha:continuous_signal:component_0_stick","alpha","continuous_signal","component_0_stick",250,1000,2.87026681404517,4.64707645726517,14.1989376389004,0.104781634576583,0.217009191079544,0.482844224501879,4,1000,FALSE,FALSE,FALSE,FALSE,TRUE,TRUE,FALSE
"informative_annotations",1,"st_csr_sbayesrc","alpha:continuous_signal:component_0_stick","alpha","continuous_signal","component_0_stick",250,1500,2.5533840299011,4.80085410602925,15.2658031585162,0.106481790043165,0.224755651992425,0.473766906857382,4,1500,FALSE,FALSE,FALSE,FALSE,TRUE,TRUE,FALSE
"informative_annotations",1,"st_csr_sbayesrc","alpha:continuous_signal:component_0_stick","alpha","continuous_signal","component_0_stick",250,2000,2.35290315548251,4.95395206640423,19.9966020041823,0.100162229016836,0.214430799405844,0.467107473806798,4,2000,FALSE,FALSE,FALSE,FALSE,TRUE,TRUE,FALSE
"informative_annotations",1,"st_csr_sbayesrc","alpha:continuous_signal:component_0_stick","alpha","continuous_signal","component_0_stick",250,2500,2.09061575837562,5.2601685632866,26.5030265037968,0.0982286979742959,0.215934178719623,0.454901111795922,4,2500,FALSE,FALSE,FALSE,FALSE,TRUE,TRUE,FALSE
"informative_annotations",1,"st_csr_sbayesrc","alpha:continuous_signal:component_0_stick","alpha","continuous_signal","component_0_stick",500,500,2.76161667868791,4.72723733965341,14.0154103320389,0.109018734409447,0.223202431477694,0.488429869189582,4,500,FALSE,FALSE,FALSE,FALSE,TRUE,TRUE,FALSE
"informative_annotations",1,"st_csr_sbayesrc","alpha:continuous_signal:component_0_stick","alpha","continuous_signal","component_0_stick",500,1000,2.56973507077017,4.77350648168062,16.5392614744576,0.107142166908685,0.223044532405634,0.480362220732827,4,1000,FALSE,FALSE,FALSE,FALSE,TRUE,TRUE,FALSE
"informative_annotations",1,"st_csr_sbayesrc","alpha:continuous_signal:component_0_stick","alpha","continuous_signal","component_0_stick",500,1500,2.44828403029309,4.84617520531531,22.2514088076036,0.107647820862473,0.223011305424846,0.482701182603271,4,1500,FALSE,FALSE,FALSE,FALSE,TRUE,TRUE,FALSE
"informative_annotations",1,"st_csr_sbayesrc","alpha:continuous_signal:component_0_stick","alpha","continuous_signal","component_0_stick",500,2000,2.06509353559994,5.28980565370104,26.5274911710926,0.0975652342663715,0.211059330868293,0.462264491529423,4,2000,FALSE,FALSE,FALSE,FALSE,TRUE,TRUE,FALSE
"informative_annotations",1,"st_csr_sbayesrc","alpha:continuous_signal:component_0_stick","alpha","continuous_signal","component_0_stick",500,2500,2.0485744121457,5.36427258994521,30.7556638649142,0.0985078281689338,0.213142336102062,0.462169224427398,4,2500,FALSE,FALSE,FALSE,FALSE,TRUE,TRUE,FALSE
"informative_annotations",1,"st_csr_sbayesrc","alpha:continuous_signal:component_0_stick","alpha","continuous_signal","component_0_stick",750,500,2.59135282025645,4.83838032280079,16.6589009665614,0.105889772474248,0.217809583510268,0.486157545355464,4,500,FALSE,FALSE,FALSE,FALSE,TRUE,TRUE,FALSE
"informative_annotations",1,"st_csr_sbayesrc","alpha:continuous_signal:component_0_stick","alpha","continuous_signal","component_0_stick",750,1000,2.40617402355725,4.94923637332292,27.2496258696347,0.108798306158171,0.223552206415695,0.486679634715214,4,1000,FALSE,FALSE,FALSE,FALSE,TRUE,TRUE,FALSE
"informative_annotations",1,"st_csr_sbayesrc","alpha:continuous_signal:component_0_stick","alpha","continuous_signal","component_0_stick",750,1500,2.0505171147966,5.32054709431911,26.0346343303268,0.0969881791286351,0.206616911068728,0.469410652917822,4,1500,FALSE,FALSE,FALSE,FALSE,TRUE,TRUE,FALSE
"informative_annotations",1,"st_csr_sbayesrc","alpha:continuous_signal:component_0_stick","alpha","continuous_signal","component_0_stick",750,2000,2.0498524774742,5.36456921428907,27.472254315053,0.096301548425642,0.207733107506587,0.463583054148403,4,2000,FALSE,FALSE,FALSE,FALSE,TRUE,TRUE,FALSE
"informative_annotations",1,"st_csr_sbayesrc","alpha:continuous_signal:component_0_stick","alpha","continuous_signal","component_0_stick",1000,500,2.62309049017523,4.80750399733089,11.9207081601527,0.104334596439022,0.214773910363644,0.485788037580392,4,500,FALSE,FALSE,FALSE,FALSE,TRUE,TRUE,FALSE
"informative_annotations",1,"st_csr_sbayesrc","alpha:continuous_signal:component_0_stick","alpha","continuous_signal","component_0_stick",1000,1000,2.14534185516193,5.2048418980405,26.3800835039579,0.104210891475168,0.217088888676817,0.480037887292832,4,1000,FALSE,FALSE,FALSE,FALSE,TRUE,TRUE,FALSE
"informative_annotations",1,"st_csr_sbayesrc","alpha:continuous_signal:component_0_stick","alpha","continuous_signal","component_0_stick",1000,1500,2.06659939223594,5.3591252825557,17.4802477102118,0.0930817111224607,0.199783357233299,0.465913239278303,4,1500,FALSE,FALSE,FALSE,FALSE,TRUE,TRUE,FALSE
"informative_annotations",1,"st_csr_sbayesrc","alpha:continuous_signal:component_0_stick","alpha","continuous_signal","component_0_stick",1000,2000,2.09369217390594,5.31085517379446,48.2010403022116,0.0961888612906742,0.204930310119546,0.469373521342755,4,2000,FALSE,FALSE,FALSE,FALSE,TRUE,TRUE,FALSE
"informative_annotations",1,"st_csr_sbayesrc","alpha:continuous_signal:component_1_stick","alpha","continuous_signal","component_1_stick",250,500,1.62579241197703,6.75214322693931,23.4449718945701,0.380916701769623,0.98275593952908,0.387600508374593,4,500,FALSE,FALSE,FALSE,FALSE,TRUE,TRUE,FALSE
"informative_annotations",1,"st_csr_sbayesrc","alpha:continuous_signal:component_1_stick","alpha","continuous_signal","component_1_stick",250,1000,1.59857019281214,7.20289683431665,56.5218387333873,0.355354780856878,0.966641688886645,0.367617892899041,4,1000,FALSE,FALSE,FALSE,FALSE,TRUE,TRUE,FALSE
"informative_annotations",1,"st_csr_sbayesrc","alpha:continuous_signal:component_1_stick","alpha","continuous_signal","component_1_stick",250,1500,1.7297618835663,6.25120233952867,14.5023533483265,0.451289213665238,1.12116186168057,0.402519233921119,4,1500,FALSE,FALSE,FALSE,FALSE,TRUE,TRUE,FALSE
"informative_annotations",1,"st_csr_sbayesrc","alpha:continuous_signal:component_1_stick","alpha","continuous_signal","component_1_stick",250,2000,2.00572614260207,5.41157186264583,11.1880256140943,0.622932594749126,1.44985443734635,0.429651817936476,4,2000,FALSE,FALSE,FALSE,FALSE,TRUE,TRUE,FALSE
"informative_annotations",1,"st_csr_sbayesrc","alpha:continuous_signal:component_1_stick","alpha","continuous_signal","component_1_stick",250,2500,2.03232976482853,5.44423665810277,13.9137077996823,0.681995705127521,1.56268433404226,0.436425764481414,4,2500,FALSE,FALSE,FALSE,FALSE,TRUE,TRUE,FALSE
"informative_annotations",1,"st_csr_sbayesrc","alpha:continuous_signal:component_1_stick","alpha","continuous_signal","component_1_stick",500,500,1.87794882904421,5.79393512166704,40.8341423849411,0.4386172837293,1.04960944197914,0.417886183361922,4,500,FALSE,FALSE,FALSE,FALSE,TRUE,TRUE,FALSE
"informative_annotations",1,"st_csr_sbayesrc","alpha:continuous_signal:component_1_stick","alpha","continuous_signal","component_1_stick",500,1000,1.67400809939472,6.4523624855568,28.6534815211235,0.421089323689678,1.05831905222907,0.397885044970856,4,1000,FALSE,FALSE,FALSE,FALSE,TRUE,TRUE,FALSE
"informative_annotations",1,"st_csr_sbayesrc","alpha:continuous_signal:component_1_stick","alpha","continuous_signal","component_1_stick",500,1500,1.97960554821736,5.52800289806395,10.6966056104863,0.56208861334844,1.29723778937813,0.43329651506521,4,1500,FALSE,FALSE,FALSE,FALSE,TRUE,TRUE,FALSE
"informative_annotations",1,"st_csr_sbayesrc","alpha:continuous_signal:component_1_stick","alpha","continuous_signal","component_1_stick",500,2000,2.09381800639784,5.35623927806098,11.5346905120045,0.739394689278349,1.65541146636188,0.44665311573764,4,2000,FALSE,FALSE,FALSE,FALSE,TRUE,TRUE,FALSE
"informative_annotations",1,"st_csr_sbayesrc","alpha:continuous_signal:component_1_stick","alpha","continuous_signal","component_1_stick",500,2500,1.96497504980635,5.55165881938635,17.4373801931497,0.714261181069331,1.62031056496288,0.440817455933637,4,2500,FALSE,FALSE,FALSE,FALSE,TRUE,TRUE,FALSE
"informative_annotations",1,"st_csr_sbayesrc","alpha:continuous_signal:component_1_stick","alpha","continuous_signal","component_1_stick",750,500,1.90470087192144,5.83368321477132,25.9050108524009,0.378375806558263,0.923346373428576,0.409787504935202,4,500,FALSE,FALSE,FALSE,FALSE,TRUE,TRUE,FALSE
"informative_annotations",1,"st_csr_sbayesrc","alpha:continuous_signal:component_1_stick","alpha","continuous_signal","component_1_stick",750,1000,2.26510447611954,5.10988222465038,11.2183958454724,0.531344867130069,1.18150199868739,0.449719820804682,4,1000,FALSE,FALSE,FALSE,FALSE,TRUE,TRUE,FALSE
"informative_annotations",1,"st_csr_sbayesrc","alpha:continuous_signal:component_1_stick","alpha","continuous_signal","component_1_stick",750,1500,2.36716274668133,4.98333718481883,10.9602705738665,0.706003274634001,1.57051997525269,0.449534731018245,4,1500,FALSE,FALSE,FALSE,FALSE,TRUE,TRUE,FALSE
"informative_annotations",1,"st_csr_sbayesrc","alpha:continuous_signal:component_1_stick","alpha","continuous_signal","component_1_stick",750,2000,2.20572491677504,5.18980760415856,17.8596143325963,0.748055925504897,1.67155815014179,0.447520132902013,4,2000,FALSE,FALSE,FALSE,FALSE,TRUE,TRUE,FALSE
"informative_annotations",1,"st_csr_sbayesrc","alpha:continuous_signal:component_1_stick","alpha","continuous_signal","component_1_stick",1000,500,2.11493254837853,5.3315307892698,15.6212328254684,0.474373606031752,1.06692688484159,0.44461678937089,4,500,FALSE,FALSE,FALSE,FALSE,TRUE,TRUE,FALSE
"informative_annotations",1,"st_csr_sbayesrc","alpha:continuous_signal:component_1_stick","alpha","continuous_signal","component_1_stick",1000,1000,2.25959528631834,5.18009998633551,10.8469276548031,0.637067902234839,1.40490096626293,0.453461074860996,4,1000,FALSE,FALSE,FALSE,FALSE,TRUE,TRUE,FALSE
"informative_annotations",1,"st_csr_sbayesrc","alpha:continuous_signal:component_1_stick","alpha","continuous_signal","component_1_stick",1000,1500,2.21524122365911,5.1758058455403,15.3527129401197,0.830826188630993,1.81086187863144,0.458801523426453,4,1500,FALSE,FALSE,FALSE,FALSE,TRUE,TRUE,FALSE
"informative_annotations",1,"st_csr_sbayesrc","alpha:continuous_signal:component_1_stick","alpha","continuous_signal","component_1_stick",1000,2000,2.11499781247408,5.25090908764888,12.4328624610381,0.785919138933088,1.7321078484827,0.453735683734441,4,2000,FALSE,FALSE,FALSE,FALSE,TRUE,TRUE,FALSE
"informative_annotations",1,"st_csr_sbayesrc","alpha:continuous_signal:component_2_stick","alpha","continuous_signal","component_2_stick",250,500,1.21382943954425,14.0614766935104,44.0320695385274,0.297932520085796,1.14478415391483,0.260252134926006,4,500,FALSE,FALSE,FALSE,FALSE,TRUE,TRUE,FALSE
"informative_annotations",1,"st_csr_sbayesrc","alpha:continuous_signal:component_2_stick","alpha","continuous_signal","component_2_stick",250,1000,1.18051523172818,16.7174911126877,60.947407087284,0.380055126745821,1.5162373720622,0.250656746594313,4,1000,FALSE,FALSE,FALSE,FALSE,TRUE,TRUE,FALSE
"informative_annotations",1,"st_csr_sbayesrc","alpha:continuous_signal:component_2_stick","alpha","continuous_signal","component_2_stick",250,1500,1.22518293740547,13.67324513789,23.1191074226908,0.471859107945481,1.75908455803829,0.268241288225333,4,1500,FALSE,FALSE,FALSE,FALSE,TRUE,TRUE,FALSE
"informative_annotations",1,"st_csr_sbayesrc","alpha:continuous_signal:component_2_stick","alpha","continuous_signal","component_2_stick",250,2000,1.34706249358687,10.3980398361981,73.8378732708964,0.577481986967331,1.84443050348407,0.313095010018804,4,2000,FALSE,FALSE,FALSE,FALSE,TRUE,TRUE,FALSE
"informative_annotations",1,"st_csr_sbayesrc","alpha:continuous_signal:component_2_stick","alpha","continuous_signal","component_2_stick",250,2500,1.51471666796887,7.48124016354666,27.2063383469827,0.926261445522247,2.36709104390019,0.39130790845969,4,2500,FALSE,FALSE,FALSE,FALSE,TRUE,TRUE,FALSE
"informative_annotations",1,"st_csr_sbayesrc","alpha:continuous_signal:component_2_stick","alpha","continuous_signal","component_2_stick",500,500,1.4537100247155,8.08586869892308,20.4247926268937,0.48889587125499,1.35534778407383,0.360716177057887,4,500,FALSE,FALSE,FALSE,FALSE,TRUE,TRUE,FALSE
"informative_annotations",1,"st_csr_sbayesrc","alpha:continuous_signal:component_2_stick","alpha","continuous_signal","component_2_stick",500,1000,1.33003659045526,10.4248019402537,52.3106573532368,0.515093781230083,1.6309492093505,0.315824538420306,4,1000,FALSE,FALSE,FALSE,FALSE,TRUE,TRUE,FALSE
"informative_annotations",1,"st_csr_sbayesrc","alpha:continuous_signal:component_2_stick","alpha","continuous_signal","component_2_stick",500,1500,1.31408585985778,10.6657844175134,51.0672071149903,0.56993412337807,1.87469564846709,0.304014213637342,4,1500,FALSE,FALSE,FALSE,FALSE,TRUE,TRUE,FALSE
"informative_annotations",1,"st_csr_sbayesrc","alpha:continuous_signal:component_2_stick","alpha","continuous_signal","component_2_stick",500,2000,1.47810283360668,7.88029575401706,28.2500171229454,0.780966203587903,2.09870031338777,0.37211897220678,4,2000,FALSE,FALSE,FALSE,FALSE,TRUE,TRUE,FALSE
"informative_annotations",1,"st_csr_sbayesrc","alpha:continuous_signal:component_2_stick","alpha","continuous_signal","component_2_stick",500,2500,1.50853790202552,7.47776282922713,21.5061386479146,1.0766873969044,2.74784563604604,0.391829651120317,4,2500,FALSE,FALSE,FALSE,FALSE,TRUE,TRUE,FALSE
"informative_annotations",1,"st_csr_sbayesrc","alpha:continuous_signal:component_2_stick","alpha","continuous_signal","component_2_stick",750,500,1.5778782824266,6.96058886279677,40.5663570951891,0.714946787598505,1.80030228831874,0.397125967254187,4,500,FALSE,FALSE,FALSE,FALSE,TRUE,TRUE,FALSE
"informative_annotations",1,"st_csr_sbayesrc","alpha:continuous_signal:component_2_stick","alpha","continuous_signal","component_2_stick",750,1000,1.27530464208946,11.7816925614653,21.1087037942861,0.5683188539323,1.96578855116469,0.28910477355033,4,1000,FALSE,FALSE,FALSE,FALSE,TRUE,TRUE,FALSE
"informative_annotations",1,"st_csr_sbayesrc","alpha:continuous_signal:component_2_stick","alpha","continuous_signal","component_2_stick",750,1500,1.42328487688352,8.69453279374293,28.0971472976123,0.696221290504642,1.98679985263187,0.350423465948205,4,1500,FALSE,FALSE,FALSE,FALSE,TRUE,TRUE,FALSE
"informative_annotations",1,"st_csr_sbayesrc","alpha:continuous_signal:component_2_stick","alpha","continuous_signal","component_2_stick",750,2000,1.48463303242481,7.80318735737618,29.4027273440784,0.949690263697954,2.5233294977096,0.376363952690277,4,2000,FALSE,FALSE,FALSE,FALSE,TRUE,TRUE,FALSE
"informative_annotations",1,"st_csr_sbayesrc","alpha:continuous_signal:component_2_stick","alpha","continuous_signal","component_2_stick",1000,500,1.53325019234712,7.21985871255746,51.6528991540079,0.684350974066036,1.83960249765111,0.372010244028178,4,500,FALSE,FALSE,FALSE,FALSE,TRUE,TRUE,FALSE
"informative_annotations",1,"st_csr_sbayesrc","alpha:continuous_signal:component_2_stick","alpha","continuous_signal","component_2_stick",1000,1000,1.54119317034138,7.23373236971422,21.1491684816284,0.765918469850294,2.01018814042506,0.38101830094786,4,1000,FALSE,FALSE,FALSE,FALSE,TRUE,TRUE,FALSE
"informative_annotations",1,"st_csr_sbayesrc","alpha:continuous_signal:component_2_stick","alpha","continuous_signal","component_2_stick",1000,1500,1.42617578278995,8.4128861107951,46.9412401988302,0.779626692765508,2.20872362671918,0.352976118575577,4,1500,FALSE,FALSE,FALSE,FALSE,TRUE,TRUE,FALSE
"informative_annotations",1,"st_csr_sbayesrc","alpha:continuous_signal:component_2_stick","alpha","continuous_signal","component_2_stick",1000,2000,1.55569407526163,7.03930503569228,20.4466253270052,1.14715923193399,2.88669809929821,0.397394944837799,4,2000,FALSE,FALSE,FALSE,FALSE,TRUE,TRUE,FALSE
"informative_annotations",1,"st_csr_sbayesrc","alpha:enriched_binary:component_0_stick","alpha","enriched_binary","component_0_stick",250,500,1.7630281134043,6.35506901361829,17.2133530823723,0.0797715687301929,0.199625345573583,0.399606415212383,4,500,FALSE,FALSE,FALSE,FALSE,TRUE,TRUE,FALSE
"informative_annotations",1,"st_csr_sbayesrc","alpha:enriched_binary:component_0_stick","alpha","enriched_binary","component_0_stick",250,1000,1.21643991268405,14.3914944188575,68.4746291216156,0.0545211857176813,0.201999623214393,0.269907363440055,4,1000,FALSE,FALSE,FALSE,FALSE,TRUE,TRUE,FALSE
"informative_annotations",1,"st_csr_sbayesrc","alpha:enriched_binary:component_0_stick","alpha","enriched_binary","component_0_stick",250,1500,1.17997476269088,15.8772454195263,69.9102671741486,0.0545018025250036,0.214264356371437,0.254367097953158,4,1500,FALSE,FALSE,FALSE,FALSE,TRUE,TRUE,FALSE
"informative_annotations",1,"st_csr_sbayesrc","alpha:enriched_binary:component_0_stick","alpha","enriched_binary","component_0_stick",250,2000,1.4682116077475,8.2123371100478,11.9905643047533,0.105277725833819,0.291749698430078,0.360849476110255,4,2000,FALSE,FALSE,FALSE,FALSE,TRUE,TRUE,FALSE
"informative_annotations",1,"st_csr_sbayesrc","alpha:enriched_binary:component_0_stick","alpha","enriched_binary","component_0_stick",250,2500,1.2971966539337,13.3767889688446,21.3025775900393,0.0777901183794842,0.276735314313765,0.281099355072858,4,2500,FALSE,FALSE,FALSE,FALSE,TRUE,TRUE,FALSE
"informative_annotations",1,"st_csr_sbayesrc","alpha:enriched_binary:component_0_stick","alpha","enriched_binary","component_0_stick",500,500,1.33909613064346,9.6575643036868,32.1887178025951,0.0563886340990034,0.170820065248042,0.330105447607243,4,500,FALSE,FALSE,FALSE,FALSE,TRUE,TRUE,FALSE
"informative_annotations",1,"st_csr_sbayesrc","alpha:enriched_binary:component_0_stick","alpha","enriched_binary","component_0_stick",500,1000,1.21222789191116,13.7227708449923,25.6345629979687,0.0554145525372677,0.206959411611176,0.267755653661103,4,1000,FALSE,FALSE,FALSE,FALSE,TRUE,TRUE,FALSE
"informative_annotations",1,"st_csr_sbayesrc","alpha:enriched_binary:component_0_stick","alpha","enriched_binary","component_0_stick",500,1500,1.41492754434496,8.62599217669649,17.111137046885,0.0889854231002955,0.255666298919531,0.348053002982231,4,1500,FALSE,FALSE,FALSE,FALSE,TRUE,TRUE,FALSE
"informative_annotations",1,"st_csr_sbayesrc","alpha:enriched_binary:component_0_stick","alpha","enriched_binary","component_0_stick",500,2000,1.48039206076972,8.37412174934793,14.669380708886,0.104624327319277,0.293640951056736,0.356300192268013,4,2000,FALSE,FALSE,FALSE,FALSE,TRUE,TRUE,FALSE
"informative_annotations",1,"st_csr_sbayesrc","alpha:enriched_binary:component_0_stick","alpha","enriched_binary","component_0_stick",500,2500,1.31230574111437,11.1706225796127,15.2695082234765,0.0858375468332353,0.279339819181634,0.307287185495819,4,2500,FALSE,FALSE,FALSE,FALSE,TRUE,TRUE,FALSE
"informative_annotations",1,"st_csr_sbayesrc","alpha:enriched_binary:component_0_stick","alpha","enriched_binary","component_0_stick",750,500,1.50162354928087,7.59434072179956,13.1253730634181,0.0746804404756069,0.200927947005863,0.371677716258296,4,500,FALSE,FALSE,FALSE,FALSE,TRUE,TRUE,FALSE
"informative_annotations",1,"st_csr_sbayesrc","alpha:enriched_binary:component_0_stick","alpha","enriched_binary","component_0_stick",750,1000,1.44189004509605,8.3557434340106,48.2686566750213,0.0791930167523691,0.221104135391161,0.35817067198796,4,1000,FALSE,FALSE,FALSE,FALSE,TRUE,TRUE,FALSE
"informative_annotations",1,"st_csr_sbayesrc","alpha:enriched_binary:component_0_stick","alpha","enriched_binary","component_0_stick",750,1500,1.56110537711155,7.0502434354966,11.9132455427573,0.122267496298613,0.315271716512142,0.387816254662045,4,1500,FALSE,FALSE,FALSE,FALSE,TRUE,TRUE,FALSE
"informative_annotations",1,"st_csr_sbayesrc","alpha:enriched_binary:component_0_stick","alpha","enriched_binary","component_0_stick",750,2000,1.31722097666781,10.6143571360413,13.8431440503071,0.0915202739237266,0.291597485724694,0.313858240911355,4,2000,FALSE,FALSE,FALSE,FALSE,TRUE,TRUE,FALSE
"informative_annotations",1,"st_csr_sbayesrc","alpha:enriched_binary:component_0_stick","alpha","enriched_binary","component_0_stick",1000,500,1.89729735976943,5.75038656227021,18.2415438497135,0.0879934430749648,0.211733401396305,0.415586027025873,4,500,FALSE,FALSE,FALSE,FALSE,TRUE,TRUE,FALSE
"informative_annotations",1,"st_csr_sbayesrc","alpha:enriched_binary:component_0_stick","alpha","enriched_binary","component_0_stick",1000,1000,1.4839149986586,7.68085426534968,13.2318142509204,0.0969988870654419,0.268081969249578,0.361825479486605,4,1000,FALSE,FALSE,FALSE,FALSE,TRUE,TRUE,FALSE
"informative_annotations",1,"st_csr_sbayesrc","alpha:enriched_binary:component_0_stick","alpha","enriched_binary","component_0_stick",1000,1500,1.69324898880966,6.44162951833806,15.4468698399995,0.121708097384687,0.307766121545984,0.395456448465859,4,1500,FALSE,FALSE,FALSE,FALSE,TRUE,TRUE,FALSE
"informative_annotations",1,"st_csr_sbayesrc","alpha:enriched_binary:component_0_stick","alpha","enriched_binary","component_0_stick",1000,2000,1.35358717624364,9.60624392956806,26.3491510546687,0.0925234018061597,0.289288866767656,0.319830496209419,4,2000,FALSE,FALSE,FALSE,FALSE,TRUE,TRUE,FALSE
"informative_annotations",1,"st_csr_sbayesrc","alpha:enriched_binary:component_1_stick","alpha","enriched_binary","component_1_stick",250,500,1.17764947082665,16.2280444727105,161.801463758975,0.157540283492233,0.635446405564604,0.247920646198725,4,500,FALSE,FALSE,FALSE,FALSE,TRUE,TRUE,FALSE
"informative_annotations",1,"st_csr_sbayesrc","alpha:enriched_binary:component_1_stick","alpha","enriched_binary","component_1_stick",250,1000,1.15415859588658,26.3932712475584,42.5557278596938,0.145623936978038,0.743879119357014,0.195762904467477,4,1000,FALSE,FALSE,FALSE,FALSE,TRUE,TRUE,FALSE
"informative_annotations",1,"st_csr_sbayesrc","alpha:enriched_binary:component_1_stick","alpha","enriched_binary","component_1_stick",250,1500,1.06373559684528,46.0756046417457,26.9172656280387,0.133822734530775,0.856865268047861,0.156177102189769,4,1500,FALSE,FALSE,FALSE,FALSE,TRUE,TRUE,FALSE
"informative_annotations",1,"st_csr_sbayesrc","alpha:enriched_binary:component_1_stick","alpha","enriched_binary","component_1_stick",250,2000,1.26707689932669,11.5668728361896,21.7191564427371,0.375661073362847,1.26687480222627,0.296525807208967,4,2000,FALSE,FALSE,FALSE,FALSE,TRUE,TRUE,FALSE
"informative_annotations",1,"st_csr_sbayesrc","alpha:enriched_binary:component_1_stick","alpha","enriched_binary","component_1_stick",250,2500,1.23639908889912,14.2060511117937,22.485191677149,0.325177609471144,1.2445605727296,0.261279054307461,4,2500,FALSE,FALSE,FALSE,FALSE,TRUE,TRUE,FALSE
"informative_annotations",1,"st_csr_sbayesrc","alpha:enriched_binary:component_1_stick","alpha","enriched_binary","component_1_stick",500,500,1.1530408898921,26.3730208638557,65.9409143153114,0.128578196721251,0.649095930205237,0.198088126481698,4,500,FALSE,FALSE,FALSE,FALSE,TRUE,TRUE,FALSE
"informative_annotations",1,"st_csr_sbayesrc","alpha:enriched_binary:component_1_stick","alpha","enriched_binary","component_1_stick",500,1000,1.07856393602309,48.2092235024388,103.5284917294,0.103081947943093,0.728458154029295,0.141507027374076,4,1000,FALSE,FALSE,FALSE,FALSE,TRUE,TRUE,FALSE
"informative_annotations",1,"st_csr_sbayesrc","alpha:enriched_binary:component_1_stick","alpha","enriched_binary","component_1_stick",500,1500,1.20082686137094,15.4305495936968,37.2313397954123,0.253552894318997,1.00103056566099,0.253291860425436,4,1500,FALSE,FALSE,FALSE,FALSE,TRUE,TRUE,FALSE
"informative_annotations",1,"st_csr_sbayesrc","alpha:enriched_binary:component_1_stick","alpha","enriched_binary","component_1_stick",500,2000,1.29209066940303,11.0360279907472,21.3215484131513,0.407417900357228,1.32724187934764,0.306965826423048,4,2000,FALSE,FALSE,FALSE,FALSE,TRUE,TRUE,FALSE
"informative_annotations",1,"st_csr_sbayesrc","alpha:enriched_binary:component_1_stick","alpha","enriched_binary","component_1_stick",500,2500,1.20623776529784,18.0955666595541,27.2072234256931,0.311247683963594,1.25928474785771,0.247162275643446,4,2500,FALSE,FALSE,FALSE,FALSE,TRUE,TRUE,FALSE
"informative_annotations",1,"st_csr_sbayesrc","alpha:enriched_binary:component_1_stick","alpha","enriched_binary","component_1_stick",750,500,1.19373138800627,15.9985884984497,83.3835072975128,0.199230094745761,0.818590673252044,0.243381828373725,4,500,FALSE,FALSE,FALSE,FALSE,TRUE,TRUE,FALSE
"informative_annotations",1,"st_csr_sbayesrc","alpha:enriched_binary:component_1_stick","alpha","enriched_binary","component_1_stick",750,1000,1.18179324707901,17.6047218415344,15.694551073466,0.236827603329766,0.942049838821477,0.251396044636069,4,1000,FALSE,FALSE,FALSE,FALSE,TRUE,TRUE,FALSE
"informative_annotations",1,"st_csr_sbayesrc","alpha:enriched_binary:component_1_stick","alpha","enriched_binary","component_1_stick",750,1500,1.38684261289517,8.8995805753622,15.4897569141291,0.467396914261469,1.39229064078759,0.335703552526269,4,1500,FALSE,FALSE,FALSE,FALSE,TRUE,TRUE,FALSE
"informative_annotations",1,"st_csr_sbayesrc","alpha:enriched_binary:component_1_stick","alpha","enriched_binary","component_1_stick",750,2000,1.22449795166201,15.3847944831777,32.8670643576771,0.357633007203812,1.32999517765084,0.268897972874981,4,2000,FALSE,FALSE,FALSE,FALSE,TRUE,TRUE,FALSE
"informative_annotations",1,"st_csr_sbayesrc","alpha:enriched_binary:component_1_stick","alpha","enriched_binary","component_1_stick",1000,500,1.17666623681923,16.8398832267134,50.5093218294417,0.176607423609878,0.763939956125218,0.231179717978948,4,500,FALSE,FALSE,FALSE,FALSE,TRUE,TRUE,FALSE
"informative_annotations",1,"st_csr_sbayesrc","alpha:enriched_binary:component_1_stick","alpha","enriched_binary","component_1_stick",1000,1000,1.3243184932817,10.1767980271828,16.7740483215066,0.363133610659143,1.1267384936257,0.322287392073228,4,1000,FALSE,FALSE,FALSE,FALSE,TRUE,TRUE,FALSE
"informative_annotations",1,"st_csr_sbayesrc","alpha:enriched_binary:component_1_stick","alpha","enriched_binary","component_1_stick",1000,1500,1.3498634369156,9.7048075304342,26.0817996442471,0.481000307802046,1.44848790112058,0.332070642378121,4,1500,FALSE,FALSE,FALSE,FALSE,TRUE,TRUE,FALSE
"informative_annotations",1,"st_csr_sbayesrc","alpha:enriched_binary:component_1_stick","alpha","enriched_binary","component_1_stick",1000,2000,1.18160195657597,17.3090146061419,25.8786461541879,0.330990572438652,1.35065229108109,0.245059794163397,4,2000,FALSE,FALSE,FALSE,FALSE,TRUE,TRUE,FALSE
"informative_annotations",1,"st_csr_sbayesrc","alpha:enriched_binary:component_2_stick","alpha","enriched_binary","component_2_stick",250,500,1.10231723883836,34.0038390066181,93.8868557908278,0.227588489376728,1.33760093824841,0.170146777614222,4,500,FALSE,FALSE,FALSE,FALSE,TRUE,TRUE,FALSE
"informative_annotations",1,"st_csr_sbayesrc","alpha:enriched_binary:component_2_stick","alpha","enriched_binary","component_2_stick",250,1000,1.13665046040246,46.7488485730691,18.3091316637931,0.306291993365678,1.82929803439438,0.167436900716444,4,1000,FALSE,FALSE,FALSE,FALSE,TRUE,TRUE,FALSE
"informative_annotations",1,"st_csr_sbayesrc","alpha:enriched_binary:component_2_stick","alpha","enriched_binary","component_2_stick",250,1500,1.10231852616673,29.3294816091059,33.7343240458267,0.366205920175229,1.79836221773143,0.203633014842352,4,1500,FALSE,FALSE,FALSE,FALSE,TRUE,TRUE,FALSE
"informative_annotations",1,"st_csr_sbayesrc","alpha:enriched_binary:component_2_stick","alpha","enriched_binary","component_2_stick",250,2000,1.11463338846583,28.5266577843357,88.5217472794618,0.363509056621213,1.98614455336607,0.183022457255263,4,2000,FALSE,FALSE,FALSE,FALSE,TRUE,TRUE,FALSE
"informative_annotations",1,"st_csr_sbayesrc","alpha:enriched_binary:component_2_stick","alpha","enriched_binary","component_2_stick",250,2500,1.14247163871581,22.5605083063243,69.913932291062,0.397235214018642,1.96465558108167,0.202190764551179,4,2500,FALSE,FALSE,FALSE,FALSE,TRUE,TRUE,FALSE
"informative_annotations",1,"st_csr_sbayesrc","alpha:enriched_binary:component_2_stick","alpha","enriched_binary","component_2_stick",500,500,1.48575425936286,7.84394765650531,14.4786456025981,0.811760478451421,2.1206587875766,0.382786935459367,4,500,FALSE,FALSE,FALSE,FALSE,TRUE,TRUE,FALSE
"informative_annotations",1,"st_csr_sbayesrc","alpha:enriched_binary:component_2_stick","alpha","enriched_binary","component_2_stick",500,1000,1.1470179002581,19.5945241894848,17.201747539118,0.439452040480792,1.74551318359876,0.251760940341203,4,1000,FALSE,FALSE,FALSE,FALSE,TRUE,TRUE,FALSE
"informative_annotations",1,"st_csr_sbayesrc","alpha:enriched_binary:component_2_stick","alpha","enriched_binary","component_2_stick",500,1500,1.12187946459199,28.2119996413238,44.7720283675851,0.422821497715166,2.08086312962511,0.203195247056611,4,1500,FALSE,FALSE,FALSE,FALSE,TRUE,TRUE,FALSE
"informative_annotations",1,"st_csr_sbayesrc","alpha:enriched_binary:component_2_stick","alpha","enriched_binary","component_2_stick",500,2000,1.13851508749458,24.0411464590703,90.7956381749531,0.364675284366398,1.97197163103651,0.184929275161386,4,2000,FALSE,FALSE,FALSE,FALSE,TRUE,TRUE,FALSE
"informative_annotations",1,"st_csr_sbayesrc","alpha:enriched_binary:component_2_stick","alpha","enriched_binary","component_2_stick",500,2500,1.13978437830921,20.4081444525587,35.9391892293848,0.472328119837765,2.02899245357643,0.232789490668242,4,2500,FALSE,FALSE,FALSE,FALSE,TRUE,TRUE,FALSE
"informative_annotations",1,"st_csr_sbayesrc","alpha:enriched_binary:component_2_stick","alpha","enriched_binary","component_2_stick",750,500,1.36934286501746,9.88974757186129,14.4786456025981,0.798132756467607,2.19878670373326,0.362987803733977,4,500,FALSE,FALSE,FALSE,FALSE,TRUE,TRUE,FALSE
"informative_annotations",1,"st_csr_sbayesrc","alpha:enriched_binary:component_2_stick","alpha","enriched_binary","component_2_stick",750,1000,1.12501965569381,27.2056668588062,28.9439949055374,0.426030366587083,1.9790128086606,0.215274183533668,4,1000,FALSE,FALSE,FALSE,FALSE,TRUE,TRUE,FALSE
"informative_annotations",1,"st_csr_sbayesrc","alpha:enriched_binary:component_2_stick","alpha","enriched_binary","component_2_stick",750,1500,1.16654440562378,19.4863479776418,40.9591936879804,0.468655937518051,2.15885383734497,0.217085533726739,4,1500,FALSE,FALSE,FALSE,FALSE,TRUE,TRUE,FALSE
"informative_annotations",1,"st_csr_sbayesrc","alpha:enriched_binary:component_2_stick","alpha","enriched_binary","component_2_stick",750,2000,1.19262348040418,15.577593446328,28.1376964390207,0.53593170672905,2.09229184328106,0.256145770701194,4,2000,FALSE,FALSE,FALSE,FALSE,TRUE,TRUE,FALSE
"informative_annotations",1,"st_csr_sbayesrc","alpha:enriched_binary:component_2_stick","alpha","enriched_binary","component_2_stick",1000,500,1.08598596593499,39.9807148206553,68.5146662268728,0.200587768988872,1.26026813100875,0.15916277183675,4,500,FALSE,FALSE,FALSE,FALSE,TRUE,TRUE,FALSE
"informative_annotations",1,"st_csr_sbayesrc","alpha:enriched_binary:component_2_stick","alpha","enriched_binary","component_2_stick",1000,1000,1.13759476651546,20.5061344472278,24.5337375908068,0.499956935101779,2.0388961658983,0.245209610702027,4,1000,FALSE,FALSE,FALSE,FALSE,TRUE,TRUE,FALSE
"informative_annotations",1,"st_csr_sbayesrc","alpha:enriched_binary:component_2_stick","alpha","enriched_binary","component_2_stick",1000,1500,1.18022109839563,16.2408052725864,28.9238589178,0.494395253918412,1.90818442202805,0.259091966274917,4,1500,FALSE,FALSE,FALSE,FALSE,TRUE,TRUE,FALSE
"informative_annotations",1,"st_csr_sbayesrc","alpha:enriched_binary:component_2_stick","alpha","enriched_binary","component_2_stick",1000,2000,1.10634623260566,25.9269662274571,61.2679392318694,0.406778938944187,1.98129651400102,0.205309470879117,4,2000,FALSE,FALSE,FALSE,FALSE,TRUE,TRUE,FALSE
"informative_annotations",1,"st_csr_sbayesrc","alpha:Intercept:component_0_stick","alpha","Intercept","component_0_stick",250,500,2.02623658145432,5.40760345204876,11.1474227588362,0.0557091796342282,0.122101756434851,0.456252074178413,4,500,FALSE,FALSE,FALSE,FALSE,TRUE,TRUE,FALSE
"informative_annotations",1,"st_csr_sbayesrc","alpha:Intercept:component_0_stick","alpha","Intercept","component_0_stick",250,1000,1.39713059793919,8.71512306508731,20.8417311202485,0.0403966200448314,0.117944365734767,0.342505721177688,4,1000,FALSE,FALSE,FALSE,FALSE,TRUE,TRUE,FALSE
"informative_annotations",1,"st_csr_sbayesrc","alpha:Intercept:component_0_stick","alpha","Intercept","component_0_stick",250,1500,1.5218739741263,7.58495690722357,20.8506895000321,0.0457609114022864,0.125580377677934,0.364395395589951,4,1500,FALSE,FALSE,FALSE,FALSE,TRUE,TRUE,FALSE
"informative_annotations",1,"st_csr_sbayesrc","alpha:Intercept:component_0_stick","alpha","Intercept","component_0_stick",250,2000,1.51809144622913,7.93860220768563,11.2863536310173,0.0493739227198213,0.137981447982238,0.357830153559317,4,2000,FALSE,FALSE,FALSE,FALSE,TRUE,TRUE,FALSE
"informative_annotations",1,"st_csr_sbayesrc","alpha:Intercept:component_0_stick","alpha","Intercept","component_0_stick",250,2500,1.33530452982258,11.1361016146137,12.5281542290925,0.0390928443658366,0.130463366867172,0.299646140557127,4,2500,FALSE,FALSE,FALSE,FALSE,TRUE,TRUE,FALSE
"informative_annotations",1,"st_csr_sbayesrc","alpha:Intercept:component_0_stick","alpha","Intercept","component_0_stick",500,500,2.04124322832876,5.37403031400403,23.9798956856714,0.0646594822126515,0.14238895846716,0.454104608311775,4,500,FALSE,FALSE,FALSE,FALSE,TRUE,TRUE,FALSE
"informative_annotations",1,"st_csr_sbayesrc","alpha:Intercept:component_0_stick","alpha","Intercept","component_0_stick",500,1000,1.73839251121974,6.30970806189078,16.9798013115525,0.0528126565263161,0.128747301083875,0.410203989378466,4,1000,FALSE,FALSE,FALSE,FALSE,TRUE,TRUE,FALSE
"informative_annotations",1,"st_csr_sbayesrc","alpha:Intercept:component_0_stick","alpha","Intercept","component_0_stick",500,1500,1.52380665195296,7.76916663339682,12.6731751705263,0.0483731580871092,0.134667019667598,0.359205677875026,4,1500,FALSE,FALSE,FALSE,FALSE,TRUE,TRUE,FALSE
"informative_annotations",1,"st_csr_sbayesrc","alpha:Intercept:component_0_stick","alpha","Intercept","component_0_stick",500,2000,1.43844855138547,8.61833320381142,14.1847541912658,0.0482016690782619,0.141691793739128,0.340186737751427,4,2000,FALSE,FALSE,FALSE,FALSE,TRUE,TRUE,FALSE
"informative_annotations",1,"st_csr_sbayesrc","alpha:Intercept:component_0_stick","alpha","Intercept","component_0_stick",500,2500,1.37042736452025,9.82604639394628,22.4873983148985,0.0418600309976332,0.131456861881686,0.318431692331954,4,2500,FALSE,FALSE,FALSE,FALSE,TRUE,TRUE,FALSE
"informative_annotations",1,"st_csr_sbayesrc","alpha:Intercept:component_0_stick","alpha","Intercept","component_0_stick",750,500,1.96783598889734,5.52814250213341,15.4040557023436,0.0480238834669592,0.1109205492632,0.432957497830313,4,500,FALSE,FALSE,FALSE,FALSE,TRUE,TRUE,FALSE
"informative_annotations",1,"st_csr_sbayesrc","alpha:Intercept:component_0_stick","alpha","Intercept","component_0_stick",750,1000,1.48663499440117,7.77112127314459,12.6715192936838,0.0467973830924105,0.127129252839629,0.368108692902054,4,1000,FALSE,FALSE,FALSE,FALSE,TRUE,TRUE,FALSE
"informative_annotations",1,"st_csr_sbayesrc","alpha:Intercept:component_0_stick","alpha","Intercept","component_0_stick",750,1500,1.45337458919249,8.04677410706254,13.5887287345497,0.0516188927493736,0.142700826821204,0.361728056516794,4,1500,FALSE,FALSE,FALSE,FALSE,TRUE,TRUE,FALSE
"informative_annotations",1,"st_csr_sbayesrc","alpha:Intercept:component_0_stick","alpha","Intercept","component_0_stick",750,2000,1.3910663538031,9.38127398757003,21.2875487423786,0.0438189988036499,0.132435726769251,0.330869923642264,4,2000,FALSE,FALSE,FALSE,FALSE,TRUE,TRUE,FALSE
"informative_annotations",1,"st_csr_sbayesrc","alpha:Intercept:component_0_stick","alpha","Intercept","component_0_stick",1000,500,1.90787460978833,5.72946200296505,14.6108188360564,0.0488775841470674,0.113387427777462,0.431067051304807,4,500,FALSE,FALSE,FALSE,FALSE,TRUE,TRUE,FALSE
"informative_annotations",1,"st_csr_sbayesrc","alpha:Intercept:component_0_stick","alpha","Intercept","component_0_stick",1000,1000,1.57877242751562,6.93168212835964,15.3082877364193,0.0507036897707885,0.128598076339341,0.394280312848481,4,1000,FALSE,FALSE,FALSE,FALSE,TRUE,TRUE,FALSE
"informative_annotations",1,"st_csr_sbayesrc","alpha:Intercept:component_0_stick","alpha","Intercept","component_0_stick",1000,1500,1.65242961141003,6.69873082470309,29.8362038406606,0.0565330867045719,0.140630267775057,0.40199800227216,4,1500,FALSE,FALSE,FALSE,FALSE,TRUE,TRUE,FALSE
"informative_annotations",1,"st_csr_sbayesrc","alpha:Intercept:component_0_stick","alpha","Intercept","component_0_stick",1000,2000,1.43302663391322,8.53111632070587,25.5354108736631,0.0449962051412616,0.128276648406849,0.350774717768968,4,2000,FALSE,FALSE,FALSE,FALSE,TRUE,TRUE,FALSE
"informative_annotations",1,"st_csr_sbayesrc","alpha:Intercept:component_1_stick","alpha","Intercept","component_1_stick",250,500,1.3431539913091,9.91255132297817,34.1232898333095,0.21732264107968,0.667564364041339,0.325545599474543,4,500,FALSE,FALSE,FALSE,FALSE,TRUE,TRUE,FALSE
"informative_annotations",1,"st_csr_sbayesrc","alpha:Intercept:component_1_stick","alpha","Intercept","component_1_stick",250,1000,1.14382354745679,22.2075965978707,70.5489512271898,0.137645968298792,0.661621348128576,0.208043420436975,4,1000,FALSE,FALSE,FALSE,FALSE,TRUE,TRUE,FALSE
"informative_annotations",1,"st_csr_sbayesrc","alpha:Intercept:component_1_stick","alpha","Intercept","component_1_stick",250,1500,1.15322274173236,19.9040770012548,41.4674302658411,0.164993064082597,0.7420427947873,0.222349796051709,4,1500,FALSE,FALSE,FALSE,FALSE,TRUE,TRUE,FALSE
"informative_annotations",1,"st_csr_sbayesrc","alpha:Intercept:component_1_stick","alpha","Intercept","component_1_stick",250,2000,1.14785619295036,20.7699767052362,118.562550421665,0.171661608530213,0.804079384837581,0.213488384066565,4,2000,FALSE,FALSE,FALSE,FALSE,TRUE,TRUE,FALSE
"informative_annotations",1,"st_csr_sbayesrc","alpha:Intercept:component_1_stick","alpha","Intercept","component_1_stick",250,2500,1.07969810473686,43.0373500075643,127.721267243054,0.124451385739579,0.827438977001781,0.150405515329394,4,2500,FALSE,FALSE,FALSE,FALSE,TRUE,TRUE,FALSE
"informative_annotations",1,"st_csr_sbayesrc","alpha:Intercept:component_1_stick","alpha","Intercept","component_1_stick",500,500,1.22174505025971,16.6046074423703,48.4462602310262,0.153612754307097,0.610754135086598,0.251513244826933,4,500,FALSE,FALSE,FALSE,FALSE,TRUE,TRUE,FALSE
"informative_annotations",1,"st_csr_sbayesrc","alpha:Intercept:component_1_stick","alpha","Intercept","component_1_stick",500,1000,1.22694674497185,13.8510378145486,61.9646558711813,0.181652315998133,0.675204412968399,0.269033069851448,4,1000,FALSE,FALSE,FALSE,FALSE,TRUE,TRUE,FALSE
"informative_annotations",1,"st_csr_sbayesrc","alpha:Intercept:component_1_stick","alpha","Intercept","component_1_stick",500,1500,1.15229109935337,21.8866557504056,52.0360091954976,0.154969088456454,0.740871815299769,0.209171256425447,4,1500,FALSE,FALSE,FALSE,FALSE,TRUE,TRUE,FALSE
"informative_annotations",1,"st_csr_sbayesrc","alpha:Intercept:component_1_stick","alpha","Intercept","component_1_stick",500,2000,1.10929501738546,28.3715406963126,80.4754802116576,0.147359123128976,0.845012235455259,0.17438696973374,4,2000,FALSE,FALSE,FALSE,FALSE,TRUE,TRUE,FALSE
"informative_annotations",1,"st_csr_sbayesrc","alpha:Intercept:component_1_stick","alpha","Intercept","component_1_stick",500,2500,1.09503924152331,47.0722228379926,72.3170977080324,0.117498862517308,0.817547064800487,0.143721221170285,4,2500,FALSE,FALSE,FALSE,FALSE,TRUE,TRUE,FALSE
"informative_annotations",1,"st_csr_sbayesrc","alpha:Intercept:component_1_stick","alpha","Intercept","component_1_stick",750,500,1.2561248106301,12.1268271366772,29.6406673153619,0.181708322059571,0.642527011637888,0.282802619607184,4,500,FALSE,FALSE,FALSE,FALSE,TRUE,TRUE,FALSE
"informative_annotations",1,"st_csr_sbayesrc","alpha:Intercept:component_1_stick","alpha","Intercept","component_1_stick",750,1000,1.18335464689779,15.9802405904338,47.2959243170908,0.183259528564352,0.748129560688094,0.244956940875053,4,1000,FALSE,FALSE,FALSE,FALSE,TRUE,TRUE,FALSE
"informative_annotations",1,"st_csr_sbayesrc","alpha:Intercept:component_1_stick","alpha","Intercept","component_1_stick",750,1500,1.14461157798078,20.1932791831223,39.438723995361,0.1726772916797,0.802463674211207,0.215183935708286,4,1500,FALSE,FALSE,FALSE,FALSE,TRUE,TRUE,FALSE
"informative_annotations",1,"st_csr_sbayesrc","alpha:Intercept:component_1_stick","alpha","Intercept","component_1_stick",750,2000,1.10714578451062,38.2753489456363,69.9942302921454,0.130998796345993,0.829078343477537,0.158005328901155,4,2000,FALSE,FALSE,FALSE,FALSE,TRUE,TRUE,FALSE
"informative_annotations",1,"st_csr_sbayesrc","alpha:Intercept:component_1_stick","alpha","Intercept","component_1_stick",1000,500,1.29704656882859,11.1106893989945,67.6267802334693,0.21125607779252,0.703899136413276,0.300122655170423,4,500,FALSE,FALSE,FALSE,FALSE,TRUE,TRUE,FALSE
"informative_annotations",1,"st_csr_sbayesrc","alpha:Intercept:component_1_stick","alpha","Intercept","component_1_stick",1000,1000,1.20494262770668,15.037525976074,46.0670367442117,0.198896197543337,0.778162629709166,0.255597210595519,4,1000,FALSE,FALSE,FALSE,FALSE,TRUE,TRUE,FALSE
"informative_annotations",1,"st_csr_sbayesrc","alpha:Intercept:component_1_stick","alpha","Intercept","component_1_stick",1000,1500,1.12293173299749,26.6263833452033,61.6108438912038,0.158324736208058,0.877823192623949,0.1803606210663,4,1500,FALSE,FALSE,FALSE,FALSE,TRUE,TRUE,FALSE
"informative_annotations",1,"st_csr_sbayesrc","alpha:Intercept:component_1_stick","alpha","Intercept","component_1_stick",1000,2000,1.08692974760291,44.9255088185105,62.0329144691564,0.124153570631531,0.843298781513742,0.147223704519852,4,2000,FALSE,FALSE,FALSE,FALSE,TRUE,TRUE,FALSE
"informative_annotations",1,"st_csr_sbayesrc","alpha:Intercept:component_2_stick","alpha","Intercept","component_2_stick",250,500,1.9806051677132,5.57820280997538,17.098917692073,2.26636016296317,4.94376599825817,0.45842787942667,4,500,FALSE,FALSE,FALSE,FALSE,TRUE,TRUE,FALSE
"informative_annotations",1,"st_csr_sbayesrc","alpha:Intercept:component_2_stick","alpha","Intercept","component_2_stick",250,1000,1.79036027173389,6.10973800641363,16.8799150765045,3.16341016626737,7.09658546597587,0.445765105124731,4,1000,FALSE,FALSE,FALSE,FALSE,TRUE,TRUE,FALSE
"informative_annotations",1,"st_csr_sbayesrc","alpha:Intercept:component_2_stick","alpha","Intercept","component_2_stick",250,1500,1.65241320554589,6.54372097335428,24.3247916730492,2.91439132291522,6.87394002423676,0.423976833175645,4,1500,FALSE,FALSE,FALSE,FALSE,TRUE,TRUE,FALSE
"informative_annotations",1,"st_csr_sbayesrc","alpha:Intercept:component_2_stick","alpha","Intercept","component_2_stick",250,2000,1.73507174551132,6.154971149277,15.4175429549864,3.54467721971629,8.28218220584391,0.427988316559272,4,2000,FALSE,FALSE,FALSE,FALSE,TRUE,TRUE,FALSE
"informative_annotations",1,"st_csr_sbayesrc","alpha:Intercept:component_2_stick","alpha","Intercept","component_2_stick",250,2500,1.79589319646217,6.0144563097729,34.6643609065842,3.77968229025675,8.7054482554922,0.434174344540177,4,2500,FALSE,FALSE,FALSE,FALSE,TRUE,TRUE,FALSE
"informative_annotations",1,"st_csr_sbayesrc","alpha:Intercept:component_2_stick","alpha","Intercept","component_2_stick",500,500,2.04063543433198,5.44151191252903,11.4236059154349,3.4396353055879,7.22777209556536,0.475891500189707,4,500,FALSE,FALSE,FALSE,FALSE,TRUE,TRUE,FALSE
"informative_annotations",1,"st_csr_sbayesrc","alpha:Intercept:component_2_stick","alpha","Intercept","component_2_stick",500,1000,1.82823584929655,5.87602179290101,22.4046542239317,3.33865293358911,7.28464088765732,0.458314004091256,4,1000,FALSE,FALSE,FALSE,FALSE,TRUE,TRUE,FALSE
"informative_annotations",1,"st_csr_sbayesrc","alpha:Intercept:component_2_stick","alpha","Intercept","component_2_stick",500,1500,1.85197293214621,5.75613400067439,25.4311066865366,3.55176124696401,7.76226248680127,0.457567784264359,4,1500,FALSE,FALSE,FALSE,FALSE,TRUE,TRUE,FALSE
"informative_annotations",1,"st_csr_sbayesrc","alpha:Intercept:component_2_stick","alpha","Intercept","component_2_stick",500,2000,2.0161785878469,5.42679556505368,20.922589984501,4.12214469473256,8.97540421002426,0.459271203644366,4,2000,FALSE,FALSE,FALSE,FALSE,TRUE,TRUE,FALSE
"informative_annotations",1,"st_csr_sbayesrc","alpha:Intercept:component_2_stick","alpha","Intercept","component_2_stick",500,2500,1.91647991395495,5.61274340677047,22.041128952533,3.95539390284953,8.80385693384572,0.449279666011307,4,2500,FALSE,FALSE,FALSE,FALSE,TRUE,TRUE,FALSE
"informative_annotations",1,"st_csr_sbayesrc","alpha:Intercept:component_2_stick","alpha","Intercept","component_2_stick",750,500,2.09600413187173,5.40057433700262,20.486919243664,4.00888408427811,8.40880397644552,0.476748428850008,4,500,FALSE,FALSE,FALSE,FALSE,TRUE,TRUE,FALSE
"informative_annotations",1,"st_csr_sbayesrc","alpha:Intercept:component_2_stick","alpha","Intercept","component_2_stick",750,1000,2.14320897642271,5.30800143616515,32.2026673567766,3.52111365561848,7.46922010221637,0.471416507671752,4,1000,FALSE,FALSE,FALSE,FALSE,TRUE,TRUE,FALSE
"informative_annotations",1,"st_csr_sbayesrc","alpha:Intercept:component_2_stick","alpha","Intercept","component_2_stick",750,1500,2.31016647042675,5.01625942260955,11.5805796581564,4.16472089587524,8.88043287175125,0.468977239738309,4,1500,FALSE,FALSE,FALSE,FALSE,TRUE,TRUE,FALSE
"informative_annotations",1,"st_csr_sbayesrc","alpha:Intercept:component_2_stick","alpha","Intercept","component_2_stick",750,2000,2.20541666720618,5.17693648111844,21.2999714543212,4.21292937291657,9.13597584547126,0.461136220604714,4,2000,FALSE,FALSE,FALSE,FALSE,TRUE,TRUE,FALSE
"informative_annotations",1,"st_csr_sbayesrc","alpha:Intercept:component_2_stick","alpha","Intercept","component_2_stick",1000,500,2.28343191995254,5.16406864161027,11.6883556545251,3.51528233980154,7.28373899956747,0.482620579898632,4,500,FALSE,FALSE,FALSE,FALSE,TRUE,TRUE,FALSE
"informative_annotations",1,"st_csr_sbayesrc","alpha:Intercept:component_2_stick","alpha","Intercept","component_2_stick",1000,1000,2.23322152498926,5.08945928359654,21.4172405432421,3.71540992150668,7.90142973974039,0.470219953082663,4,1000,FALSE,FALSE,FALSE,FALSE,TRUE,TRUE,FALSE
"informative_annotations",1,"st_csr_sbayesrc","alpha:Intercept:component_2_stick","alpha","Intercept","component_2_stick",1000,1500,2.3985570042594,5.01421541268598,18.0547995225434,4.36400851064913,9.29048706383799,0.469728710740631,4,1500,FALSE,FALSE,FALSE,FALSE,TRUE,TRUE,FALSE
"informative_annotations",1,"st_csr_sbayesrc","alpha:Intercept:component_2_stick","alpha","Intercept","component_2_stick",1000,2000,2.05184385352537,5.3103406946234,18.7329096924422,4.02987899699053,8.96506700467575,0.449509077276136,4,2000,FALSE,FALSE,FALSE,FALSE,TRUE,TRUE,FALSE
"informative_annotations",1,"st_csr_sbayesrc","alpha:null_annotation:component_0_stick","alpha","null_annotation","component_0_stick",250,500,2.91751092759265,4.62628120975306,12.735538412532,0.0531469710102462,0.112143332948385,0.473920023713827,4,500,FALSE,FALSE,FALSE,FALSE,TRUE,TRUE,FALSE
"informative_annotations",1,"st_csr_sbayesrc","alpha:null_annotation:component_0_stick","alpha","null_annotation","component_0_stick",250,1000,2.67010457753779,4.74226075141392,11.9517287543327,0.0631457543439578,0.13420162429394,0.470528987083276,4,1000,FALSE,FALSE,FALSE,FALSE,TRUE,TRUE,FALSE
"informative_annotations",1,"st_csr_sbayesrc","alpha:null_annotation:component_0_stick","alpha","null_annotation","component_0_stick",250,1500,2.50964441203683,4.83123612020066,12.0952588524559,0.0725986972754789,0.157387818462488,0.461272657469244,4,1500,FALSE,FALSE,FALSE,FALSE,TRUE,TRUE,FALSE
"informative_annotations",1,"st_csr_sbayesrc","alpha:null_annotation:component_0_stick","alpha","null_annotation","component_0_stick",250,2000,2.34550173903533,4.93590412809119,16.1672901023841,0.0736679834633306,0.160415272458671,0.459232979093746,4,2000,FALSE,FALSE,FALSE,FALSE,TRUE,TRUE,FALSE
"informative_annotations",1,"st_csr_sbayesrc","alpha:null_annotation:component_0_stick","alpha","null_annotation","component_0_stick",250,2500,1.83171413886345,5.77933487736167,15.397021199274,0.0726443238535225,0.171244795904342,0.424213322629098,4,2500,FALSE,FALSE,FALSE,FALSE,TRUE,TRUE,FALSE
"informative_annotations",1,"st_csr_sbayesrc","alpha:null_annotation:component_0_stick","alpha","null_annotation","component_0_stick",500,500,3.04009850522187,4.59485609048084,13.3192622014552,0.0552216769467411,0.11540631540182,0.478497877299618,4,500,FALSE,FALSE,FALSE,FALSE,TRUE,TRUE,FALSE
"informative_annotations",1,"st_csr_sbayesrc","alpha:null_annotation:component_0_stick","alpha","null_annotation","component_0_stick",500,1000,3.2830993462575,4.45669202060103,13.2174420596939,0.0717195684786533,0.149265260063223,0.4804839950587,4,1000,FALSE,FALSE,FALSE,FALSE,TRUE,TRUE,FALSE
"informative_annotations",1,"st_csr_sbayesrc","alpha:null_annotation:component_0_stick","alpha","null_annotation","component_0_stick",500,1500,2.49256090511027,4.84406263559251,16.4291347759778,0.0761723178686405,0.163025702252864,0.467241157780703,4,1500,FALSE,FALSE,FALSE,FALSE,TRUE,TRUE,FALSE
"informative_annotations",1,"st_csr_sbayesrc","alpha:null_annotation:component_0_stick","alpha","null_annotation","component_0_stick",500,2000,2.33309762940237,4.96074501482587,12.4786776616649,0.0787380250507393,0.171085135279428,0.460227154873151,4,2000,FALSE,FALSE,FALSE,FALSE,TRUE,TRUE,FALSE
"informative_annotations",1,"st_csr_sbayesrc","alpha:null_annotation:component_0_stick","alpha","null_annotation","component_0_stick",500,2500,1.82173120517906,5.95405149326351,12.1314777613719,0.0742219306458897,0.175717708054549,0.422393004482214,4,2500,FALSE,FALSE,FALSE,FALSE,TRUE,TRUE,FALSE
"informative_annotations",1,"st_csr_sbayesrc","alpha:null_annotation:component_0_stick","alpha","null_annotation","component_0_stick",750,500,3.11802310973242,4.56232379763142,19.5441155465417,0.0724589890378674,0.149374343573152,0.485083229854549,4,500,FALSE,FALSE,FALSE,FALSE,TRUE,TRUE,FALSE
"informative_annotations",1,"st_csr_sbayesrc","alpha:null_annotation:component_0_stick","alpha","null_annotation","component_0_stick",750,1000,2.69091339664609,4.72536711479009,17.2898989200846,0.082734756523926,0.174727821634404,0.47350648425663,4,1000,FALSE,FALSE,FALSE,FALSE,TRUE,TRUE,FALSE
"informative_annotations",1,"st_csr_sbayesrc","alpha:null_annotation:component_0_stick","alpha","null_annotation","component_0_stick",750,1500,2.65217853360537,4.72204070495649,22.5203371792289,0.0831711566155864,0.173381703253021,0.479699732181152,4,1500,FALSE,FALSE,FALSE,FALSE,TRUE,TRUE,FALSE
"informative_annotations",1,"st_csr_sbayesrc","alpha:null_annotation:component_0_stick","alpha","null_annotation","component_0_stick",750,2000,1.95413000863932,5.55495483595939,12.699475910277,0.0793902600550337,0.182494247181137,0.435028836696611,4,2000,FALSE,FALSE,FALSE,FALSE,TRUE,TRUE,FALSE
"informative_annotations",1,"st_csr_sbayesrc","alpha:null_annotation:component_0_stick","alpha","null_annotation","component_0_stick",1000,500,3.0995075903364,4.5716329119623,19.857472848901,0.0856159182335403,0.175902367385041,0.486724081695453,4,500,FALSE,FALSE,FALSE,FALSE,TRUE,TRUE,FALSE
"informative_annotations",1,"st_csr_sbayesrc","alpha:null_annotation:component_0_stick","alpha","null_annotation","component_0_stick",1000,1000,2.57256105574106,4.79792427951508,29.9800772375342,0.0876626947005505,0.182119028881205,0.481348353541531,4,1000,FALSE,FALSE,FALSE,FALSE,TRUE,TRUE,FALSE
"informative_annotations",1,"st_csr_sbayesrc","alpha:null_annotation:component_0_stick","alpha","null_annotation","component_0_stick",1000,1500,2.35302774144095,4.95706466324608,12.0952588524559,0.0850180195383088,0.184675433566201,0.460364531960512,4,1500,FALSE,FALSE,FALSE,FALSE,TRUE,TRUE,FALSE
"informative_annotations",1,"st_csr_sbayesrc","alpha:null_annotation:component_0_stick","alpha","null_annotation","component_0_stick",1000,2000,1.9158197074806,5.7242943895246,14.0705602384335,0.0800077560000758,0.183179649188184,0.436772077873575,4,2000,FALSE,FALSE,FALSE,FALSE,TRUE,TRUE,FALSE
"informative_annotations",1,"st_csr_sbayesrc","alpha:null_annotation:component_1_stick","alpha","null_annotation","component_1_stick",250,500,1.6650804755696,6.61271796181689,15.6463677411664,0.508567172339819,1.17057589442453,0.434458948592851,4,500,FALSE,FALSE,FALSE,FALSE,TRUE,TRUE,FALSE
"informative_annotations",1,"st_csr_sbayesrc","alpha:null_annotation:component_1_stick","alpha","null_annotation","component_1_stick",250,1000,1.73526144334681,6.16199994236131,19.5666196160748,0.563572835376017,1.34292676583111,0.41966014060881,4,1000,FALSE,FALSE,FALSE,FALSE,TRUE,TRUE,FALSE
"informative_annotations",1,"st_csr_sbayesrc","alpha:null_annotation:component_1_stick","alpha","null_annotation","component_1_stick",250,1500,1.9732386281114,5.47825135358526,18.1537452084587,0.813200793930257,1.81441115225914,0.4481899226191,4,1500,FALSE,FALSE,FALSE,FALSE,TRUE,TRUE,FALSE
"informative_annotations",1,"st_csr_sbayesrc","alpha:null_annotation:component_1_stick","alpha","null_annotation","component_1_stick",250,2000,1.96936949296173,5.47863511782166,21.4897060462312,0.85828936212082,1.92140758521057,0.44669822724092,4,2000,FALSE,FALSE,FALSE,FALSE,TRUE,TRUE,FALSE
"informative_annotations",1,"st_csr_sbayesrc","alpha:null_annotation:component_1_stick","alpha","null_annotation","component_1_stick",250,2500,1.87191855660012,5.69253670113382,19.5516969721793,0.82240329161817,1.86617413517975,0.440689470566989,4,2500,FALSE,FALSE,FALSE,FALSE,TRUE,TRUE,FALSE
"informative_annotations",1,"st_csr_sbayesrc","alpha:null_annotation:component_1_stick","alpha","null_annotation","component_1_stick",500,500,1.7835842547626,6.02988768493847,15.1000195284791,0.526822649265103,1.23232973170519,0.4275013705432,4,500,FALSE,FALSE,FALSE,FALSE,TRUE,TRUE,FALSE
"informative_annotations",1,"st_csr_sbayesrc","alpha:null_annotation:component_1_stick","alpha","null_annotation","component_1_stick",500,1000,2.24344352098485,5.1223364769754,15.9864181913391,0.76292460007341,1.66505911977585,0.458196703655854,4,1000,FALSE,FALSE,FALSE,FALSE,TRUE,TRUE,FALSE
"informative_annotations",1,"st_csr_sbayesrc","alpha:null_annotation:component_1_stick","alpha","null_annotation","component_1_stick",500,1500,2.08382218763459,5.33443735363473,33.540520141548,0.865618412323631,1.90565096066256,0.454237649072248,4,1500,FALSE,FALSE,FALSE,FALSE,TRUE,TRUE,FALSE
"informative_annotations",1,"st_csr_sbayesrc","alpha:null_annotation:component_1_stick","alpha","null_annotation","component_1_stick",500,2000,2.06730988498316,5.29395026286209,28.1293605291861,0.887689666603014,1.96835562088392,0.450980329562796,4,2000,FALSE,FALSE,FALSE,FALSE,TRUE,TRUE,FALSE
"informative_annotations",1,"st_csr_sbayesrc","alpha:null_annotation:component_1_stick","alpha","null_annotation","component_1_stick",500,2500,1.88608612226922,5.63422556897861,32.2007546024948,0.827316510249525,1.88990839427387,0.437754820686635,4,2500,FALSE,FALSE,FALSE,FALSE,TRUE,TRUE,FALSE
"informative_annotations",1,"st_csr_sbayesrc","alpha:null_annotation:component_1_stick","alpha","null_annotation","component_1_stick",750,500,2.33225382198302,5.03216683814157,13.0744874659142,0.688842908008494,1.49229565020685,0.461599487952011,4,500,FALSE,FALSE,FALSE,FALSE,TRUE,TRUE,FALSE
"informative_annotations",1,"st_csr_sbayesrc","alpha:null_annotation:component_1_stick","alpha","null_annotation","component_1_stick",750,1000,2.1667239427478,5.19310979544375,14.2608911122067,0.943535108350924,2.02787864594317,0.465281840330285,4,1000,FALSE,FALSE,FALSE,FALSE,TRUE,TRUE,FALSE
"informative_annotations",1,"st_csr_sbayesrc","alpha:null_annotation:component_1_stick","alpha","null_annotation","component_1_stick",750,1500,2.25981362235926,5.08113619099219,14.4593768404585,0.953416364021792,2.07605718895691,0.459243786295128,4,1500,FALSE,FALSE,FALSE,FALSE,TRUE,TRUE,FALSE
"informative_annotations",1,"st_csr_sbayesrc","alpha:null_annotation:component_1_stick","alpha","null_annotation","component_1_stick",750,2000,1.95171121441249,5.53890842903579,32.0468024682306,0.861727527542969,1.96036144083723,0.439575840246554,4,2000,FALSE,FALSE,FALSE,FALSE,TRUE,TRUE,FALSE
"informative_annotations",1,"st_csr_sbayesrc","alpha:null_annotation:component_1_stick","alpha","null_annotation","component_1_stick",1000,500,2.44977567716257,4.96507026503979,18.0892245488883,0.955301025066572,1.9700337152339,0.484916079191645,4,500,FALSE,FALSE,FALSE,FALSE,TRUE,TRUE,FALSE
"informative_annotations",1,"st_csr_sbayesrc","alpha:null_annotation:component_1_stick","alpha","null_annotation","component_1_stick",1000,1000,2.35455466242329,5.00392374198194,17.1221728550003,1.01119544687289,2.12689536602244,0.4754326249551,4,1000,FALSE,FALSE,FALSE,FALSE,TRUE,TRUE,FALSE
"informative_annotations",1,"st_csr_sbayesrc","alpha:null_annotation:component_1_stick","alpha","null_annotation","component_1_stick",1000,1500,2.0620570700959,5.35779703208255,38.1853397864248,0.961197624339185,2.10848217799382,0.455871827787393,4,1500,FALSE,FALSE,FALSE,FALSE,TRUE,TRUE,FALSE
"informative_annotations",1,"st_csr_sbayesrc","alpha:null_annotation:component_1_stick","alpha","null_annotation","component_1_stick",1000,2000,2.12983698254122,5.25283898899404,23.2008414099899,0.888306364734707,1.96861545080843,0.451234071321505,4,2000,FALSE,FALSE,FALSE,FALSE,TRUE,TRUE,FALSE
"informative_annotations",1,"st_csr_sbayesrc","alpha:null_annotation:component_2_stick","alpha","null_annotation","component_2_stick",250,500,1.2880427827527,11.3020300008664,67.9032898880294,0.468071119942495,1.56876350888693,0.298369459316784,4,500,FALSE,FALSE,FALSE,FALSE,TRUE,TRUE,FALSE
"informative_annotations",1,"st_csr_sbayesrc","alpha:null_annotation:component_2_stick","alpha","null_annotation","component_2_stick",250,1000,1.24910897747087,13.0686873156489,16.3058443636107,0.751912958121054,2.32165517992497,0.32386935175505,4,1000,FALSE,FALSE,FALSE,FALSE,TRUE,TRUE,FALSE
"informative_annotations",1,"st_csr_sbayesrc","alpha:null_annotation:component_2_stick","alpha","null_annotation","component_2_stick",250,1500,1.1466979533962,19.7947400829641,29.1256292721089,0.553913929645728,2.20534295657061,0.251169065562068,4,1500,FALSE,FALSE,FALSE,FALSE,TRUE,TRUE,FALSE
"informative_annotations",1,"st_csr_sbayesrc","alpha:null_annotation:component_2_stick","alpha","null_annotation","component_2_stick",250,2000,1.08958241929525,34.4731416029298,26.5713114130358,0.408930575986334,2.01741106446167,0.202700670770562,4,2000,FALSE,FALSE,FALSE,FALSE,TRUE,TRUE,FALSE
"informative_annotations",1,"st_csr_sbayesrc","alpha:null_annotation:component_2_stick","alpha","null_annotation","component_2_stick",250,2500,1.08404794202785,36.0854827057697,36.7436639348009,0.350406974996561,1.9158260931205,0.182901243622702,4,2500,FALSE,FALSE,FALSE,FALSE,TRUE,TRUE,FALSE
"informative_annotations",1,"st_csr_sbayesrc","alpha:null_annotation:component_2_stick","alpha","null_annotation","component_2_stick",500,500,1.27243921677958,11.1227492355481,17.1413540254268,0.512962484986747,1.66447492201848,0.308182765748543,4,500,FALSE,FALSE,FALSE,FALSE,TRUE,TRUE,FALSE
"informative_annotations",1,"st_csr_sbayesrc","alpha:null_annotation:component_2_stick","alpha","null_annotation","component_2_stick",500,1000,1.22789244144981,12.7369056600184,15.6362073828655,0.693487692245266,2.16993826350926,0.319588673976257,4,1000,FALSE,FALSE,FALSE,FALSE,TRUE,TRUE,FALSE
"informative_annotations",1,"st_csr_sbayesrc","alpha:null_annotation:component_2_stick","alpha","null_annotation","component_2_stick",500,1500,1.11533834901588,31.7107291519217,19.6224166006253,0.456074437945587,2.09417068792765,0.217782839085055,4,1500,FALSE,FALSE,FALSE,FALSE,TRUE,TRUE,FALSE
"informative_annotations",1,"st_csr_sbayesrc","alpha:null_annotation:component_2_stick","alpha","null_annotation","component_2_stick",500,2000,1.07829648742268,46.1270105766277,32.3792247684934,0.346477579375066,1.96452927538537,0.176366717318121,4,2000,FALSE,FALSE,FALSE,FALSE,TRUE,TRUE,FALSE
"informative_annotations",1,"st_csr_sbayesrc","alpha:null_annotation:component_2_stick","alpha","null_annotation","component_2_stick",500,2500,1.10833053787604,30.2575941631668,60.8351354328051,0.359963245445475,2.05740827297957,0.174959559642565,4,2500,FALSE,FALSE,FALSE,FALSE,TRUE,TRUE,FALSE
"informative_annotations",1,"st_csr_sbayesrc","alpha:null_annotation:component_2_stick","alpha","null_annotation","component_2_stick",750,500,1.3422122001877,9.46675483091624,13.2531177623349,1.0765444688623,2.73170779786869,0.394092102274714,4,500,FALSE,FALSE,FALSE,FALSE,TRUE,TRUE,FALSE
"informative_annotations",1,"st_csr_sbayesrc","alpha:null_annotation:component_2_stick","alpha","null_annotation","component_2_stick",750,1000,1.25724448966923,12.8083868799072,18.7171328368567,0.749343546377064,2.40196608525438,0.311970910404302,4,1000,FALSE,FALSE,FALSE,FALSE,TRUE,TRUE,FALSE
"informative_annotations",1,"st_csr_sbayesrc","alpha:null_annotation:component_2_stick","alpha","null_annotation","component_2_stick",750,1500,1.13171505919556,20.7296202349712,31.0030652181305,0.539016997927362,2.10389256648087,0.256199868051705,4,1500,FALSE,FALSE,FALSE,FALSE,TRUE,TRUE,FALSE
"informative_annotations",1,"st_csr_sbayesrc","alpha:null_annotation:component_2_stick","alpha","null_annotation","component_2_stick",750,2000,1.11525930125169,25.6808052720324,23.2549211590594,0.424468792627697,1.96364584392785,0.216163619290247,4,2000,FALSE,FALSE,FALSE,FALSE,TRUE,TRUE,FALSE
"informative_annotations",1,"st_csr_sbayesrc","alpha:null_annotation:component_2_stick","alpha","null_annotation","component_2_stick",1000,500,1.35720038290214,9.34333725567246,12.3277149846554,1.02522211195997,2.52625604417383,0.405826683452924,4,500,FALSE,FALSE,FALSE,FALSE,TRUE,TRUE,FALSE
"informative_annotations",1,"st_csr_sbayesrc","alpha:null_annotation:component_2_stick","alpha","null_annotation","component_2_stick",1000,1000,1.19888565224417,14.4197048718963,15.5744990061469,0.690898793924996,2.26915689289623,0.304473787638002,4,1000,FALSE,FALSE,FALSE,FALSE,TRUE,TRUE,FALSE
"informative_annotations",1,"st_csr_sbayesrc","alpha:null_annotation:component_2_stick","alpha","null_annotation","component_2_stick",1000,1500,1.12506810014405,20.8408636661446,20.549825522391,0.492907913251275,2.0528930256579,0.240104041998638,4,1500,FALSE,FALSE,FALSE,FALSE,TRUE,TRUE,FALSE
"informative_annotations",1,"st_csr_sbayesrc","alpha:null_annotation:component_2_stick","alpha","null_annotation","component_2_stick",1000,2000,1.11612752320353,25.1668180779861,43.5571133539376,0.444063015899491,2.14055157309975,0.207452612438784,4,2000,FALSE,FALSE,FALSE,FALSE,TRUE,TRUE,FALSE
"informative_annotations",1,"st_csr_sbayesrc","global_nonnull_proportion","global_nonnull_proportion",,,250,500,1.92664575209006,5.68691776034494,10.983937407543,0.00058089730317296,0.00130557661106471,0.444935439444822,4,500,FALSE,FALSE,FALSE,FALSE,TRUE,TRUE,FALSE
"informative_annotations",1,"st_csr_sbayesrc","global_nonnull_proportion","global_nonnull_proportion",,,250,1000,1.93134330253241,5.63780908356964,16.6738502988868,0.000722316000713462,0.00179433585476056,0.402553400912701,4,1000,FALSE,FALSE,FALSE,FALSE,TRUE,TRUE,FALSE
"informative_annotations",1,"st_csr_sbayesrc","global_nonnull_proportion","global_nonnull_proportion",,,250,1500,1.72865940886431,6.22199723507059,15.6777420112753,0.000746588443255512,0.00191148267624019,0.39058080543216,4,1500,FALSE,FALSE,FALSE,FALSE,TRUE,TRUE,FALSE
"informative_annotations",1,"st_csr_sbayesrc","global_nonnull_proportion","global_nonnull_proportion",,,250,2000,1.54192068480675,7.4749448406217,16.5307108862141,0.000584294600063978,0.00174111268924068,0.335586894331805,4,2000,FALSE,FALSE,FALSE,FALSE,TRUE,TRUE,FALSE
"informative_annotations",1,"st_csr_sbayesrc","global_nonnull_proportion","global_nonnull_proportion",,,250,2500,1.43524645345192,8.83093060099547,19.8283675162361,0.0005163076882442,0.00162991653859302,0.316769402616091,4,2500,FALSE,FALSE,FALSE,FALSE,TRUE,TRUE,FALSE
"informative_annotations",1,"st_csr_sbayesrc","global_nonnull_proportion","global_nonnull_proportion",,,500,500,2.79641716787891,4.73255276833599,13.3336829007308,0.00100518113539902,0.00219930359732433,0.457045192224447,4,500,FALSE,FALSE,FALSE,FALSE,TRUE,TRUE,FALSE
"informative_annotations",1,"st_csr_sbayesrc","global_nonnull_proportion","global_nonnull_proportion",,,500,1000,2.1571170478009,5.21904822028816,13.6956463231024,0.000820799695799983,0.00191342047457551,0.428969850958701,4,1000,FALSE,FALSE,FALSE,FALSE,TRUE,TRUE,FALSE
"informative_annotations",1,"st_csr_sbayesrc","global_nonnull_proportion","global_nonnull_proportion",,,500,1500,2.12821412768631,5.31862190558364,14.2490013669512,0.000785565585167754,0.00190541503349858,0.412280564263922,4,1500,FALSE,FALSE,FALSE,FALSE,TRUE,TRUE,FALSE
"informative_annotations",1,"st_csr_sbayesrc","global_nonnull_proportion","global_nonnull_proportion",,,500,2000,1.51189358102395,7.62181669405551,14.3968886995763,0.000605209179071883,0.00172503621384259,0.350838535571236,4,2000,FALSE,FALSE,FALSE,FALSE,TRUE,TRUE,FALSE
"informative_annotations",1,"st_csr_sbayesrc","global_nonnull_proportion","global_nonnull_proportion",,,500,2500,1.54364812470919,7.32121478634575,18.0609797176538,0.000615727436418358,0.00163040170002048,0.37765382384637,4,2500,FALSE,FALSE,FALSE,FALSE,TRUE,TRUE,FALSE
"informative_annotations",1,"st_csr_sbayesrc","global_nonnull_proportion","global_nonnull_proportion",,,750,500,2.64929085436002,4.79624262919931,13.3336829007308,0.000966215201920299,0.00214200046825061,0.451080761298534,4,500,FALSE,FALSE,FALSE,FALSE,TRUE,TRUE,FALSE
"informative_annotations",1,"st_csr_sbayesrc","global_nonnull_proportion","global_nonnull_proportion",,,750,1000,2.27755227430016,5.1157936649878,11.6554865402301,0.000881461557014955,0.00208331251384807,0.423105775612519,4,1000,FALSE,FALSE,FALSE,FALSE,TRUE,TRUE,FALSE
"informative_annotations",1,"st_csr_sbayesrc","global_nonnull_proportion","global_nonnull_proportion",,,750,1500,1.48347907607705,7.62178635264819,12.5149331238103,0.000634881564048148,0.00181818079552833,0.349185056628905,4,1500,FALSE,FALSE,FALSE,FALSE,TRUE,TRUE,FALSE
"informative_annotations",1,"st_csr_sbayesrc","global_nonnull_proportion","global_nonnull_proportion",,,750,2000,1.48961468888347,7.81664835242648,14.6047289882732,0.000613329405395047,0.00166361172877331,0.368673407855387,4,2000,FALSE,FALSE,FALSE,FALSE,TRUE,TRUE,FALSE
"informative_annotations",1,"st_csr_sbayesrc","global_nonnull_proportion","global_nonnull_proportion",,,1000,500,2.2511032444956,5.12120858705269,12.1610068071162,0.000674850928861968,0.00157310842808706,0.428991998779516,4,500,FALSE,FALSE,FALSE,FALSE,TRUE,TRUE,FALSE
"informative_annotations",1,"st_csr_sbayesrc","global_nonnull_proportion","global_nonnull_proportion",,,1000,1000,1.75161878224627,6.13495127992908,11.4274265341121,0.000712782207831237,0.00173793440387541,0.410131824447349,4,1000,FALSE,FALSE,FALSE,FALSE,TRUE,TRUE,FALSE
"informative_annotations",1,"st_csr_sbayesrc","global_nonnull_proportion","global_nonnull_proportion",,,1000,1500,1.38996111418246,9.1652330190448,15.2997655129448,0.000546334482005375,0.00153478707603251,0.355967606541015,4,1500,FALSE,FALSE,FALSE,FALSE,TRUE,TRUE,FALSE
"informative_annotations",1,"st_csr_sbayesrc","global_nonnull_proportion","global_nonnull_proportion",,,1000,2000,1.42422332623218,8.55869382677244,17.7487513775341,0.000515864360255597,0.00145389532246134,0.354815337999904,4,2000,FALSE,FALSE,FALSE,FALSE,TRUE,TRUE,FALSE
"informative_annotations",1,"st_csr_sbayesrc","heritability","heritability",,,250,500,1.18226347703707,15.2099759990506,106.831142320334,0.00543603493830216,0.0212312944002268,0.256038790467909,4,500,FALSE,FALSE,FALSE,FALSE,TRUE,TRUE,FALSE
"informative_annotations",1,"st_csr_sbayesrc","heritability","heritability",,,250,1000,1.15833214782017,17.388136121329,130.503842263143,0.00519584528745048,0.0217251998278315,0.239162140216277,4,1000,FALSE,FALSE,FALSE,FALSE,TRUE,TRUE,FALSE
"informative_annotations",1,"st_csr_sbayesrc","heritability","heritability",,,250,1500,1.14386301750069,18.2501086185259,39.1596605440655,0.00559535648068485,0.0235900093820752,0.237191787000156,4,1500,FALSE,FALSE,FALSE,FALSE,TRUE,TRUE,FALSE
"informative_annotations",1,"st_csr_sbayesrc","heritability","heritability",,,250,2000,1.13894748713542,19.973830929238,47.7398117225923,0.00521433810539931,0.0232661005063162,0.224117406523871,4,2000,FALSE,FALSE,FALSE,FALSE,TRUE,TRUE,FALSE
"informative_annotations",1,"st_csr_sbayesrc","heritability","heritability",,,250,2500,1.13665671774214,19.9302595816927,49.2657724223731,0.00519559232444687,0.023162676389866,0.22430880771274,4,2500,FALSE,FALSE,FALSE,FALSE,TRUE,TRUE,FALSE
"informative_annotations",1,"st_csr_sbayesrc","heritability","heritability",,,500,500,1.24484299617473,12.1849897034103,80.4766555424218,0.00653346189100952,0.0228460512716543,0.28597773038861,4,500,FALSE,FALSE,FALSE,FALSE,TRUE,TRUE,FALSE
"informative_annotations",1,"st_csr_sbayesrc","heritability","heritability",,,500,1000,1.14495095994524,19.1391278578224,86.4599369947982,0.00512027970635012,0.0224389337315582,0.228187300145592,4,1000,FALSE,FALSE,FALSE,FALSE,TRUE,TRUE,FALSE
"informative_annotations",1,"st_csr_sbayesrc","heritability","heritability",,,500,1500,1.18783396260032,15.3223010816841,32.4204728009438,0.00618705853229881,0.0239706740841326,0.258109492898839,4,1500,FALSE,FALSE,FALSE,FALSE,TRUE,TRUE,FALSE
"informative_annotations",1,"st_csr_sbayesrc","heritability","heritability",,,500,2000,1.11760116021897,22.4173980772265,52.0903553899702,0.00494036902340947,0.0232423127357085,0.212559269793289,4,2000,FALSE,FALSE,FALSE,FALSE,TRUE,TRUE,FALSE
"informative_annotations",1,"st_csr_sbayesrc","heritability","heritability",,,500,2500,1.13000070465803,20.8518411373396,64.3903642298581,0.00516780153894701,0.0235543993043807,0.219398570609521,4,2500,FALSE,FALSE,FALSE,FALSE,TRUE,TRUE,FALSE
"informative_annotations",1,"st_csr_sbayesrc","heritability","heritability",,,750,500,1.20731725630091,14.1178313249642,52.0249242904335,0.00595183395071783,0.0222132119435106,0.267941167889347,4,500,FALSE,FALSE,FALSE,FALSE,TRUE,TRUE,FALSE
"informative_annotations",1,"st_csr_sbayesrc","heritability","heritability",,,750,1000,1.2007728124728,14.36073516977,27.7031573740589,0.00658562513047675,0.0244481273609173,0.269371352384416,4,1000,FALSE,FALSE,FALSE,FALSE,TRUE,TRUE,FALSE
"informative_annotations",1,"st_csr_sbayesrc","heritability","heritability",,,750,1500,1.10503509785674,24.2488629804111,38.4876989309964,0.00490614527688485,0.0236732595185712,0.20724418084616,4,1500,FALSE,FALSE,FALSE,FALSE,TRUE,TRUE,FALSE
"informative_annotations",1,"st_csr_sbayesrc","heritability","heritability",,,750,2000,1.1108162269148,25.0517984844483,55.942026292813,0.00472086203848813,0.023360353490009,0.202088638791669,4,2000,FALSE,FALSE,FALSE,FALSE,TRUE,TRUE,FALSE
"informative_annotations",1,"st_csr_sbayesrc","heritability","heritability",,,1000,500,1.13235009686759,21.2886206455158,49.9535560074432,0.00487185029030249,0.0220176489411288,0.221270232045617,4,500,FALSE,FALSE,FALSE,FALSE,TRUE,TRUE,FALSE
"informative_annotations",1,"st_csr_sbayesrc","heritability","heritability",,,1000,1000,1.14829966170234,18.2947983114788,24.4957151314614,0.00606755988357973,0.0243782081232758,0.248892775584542,4,1000,FALSE,FALSE,FALSE,FALSE,TRUE,TRUE,FALSE
"informative_annotations",1,"st_csr_sbayesrc","heritability","heritability",,,1000,1500,1.08045043337722,32.1552639120983,49.5105900807677,0.00422970094012786,0.0232647972914218,0.181806911409773,4,1500,FALSE,FALSE,FALSE,FALSE,TRUE,TRUE,FALSE
"informative_annotations",1,"st_csr_sbayesrc","heritability","heritability",,,1000,2000,1.12078329336691,22.3892309697497,59.9465838290885,0.00503299983513054,0.0236077383152148,0.213192800086523,4,2000,FALSE,FALSE,FALSE,FALSE,TRUE,TRUE,FALSE
"informative_annotations",1,"st_csr_sbayesrc","prior_nonnull_mean_enriched","derived_prior_probability","enriched_binary",,250,500,1.47536181016383,8.28287481577501,19.4010523995042,0.00178275671607515,0.00521801833439989,0.34165397701313,4,500,FALSE,FALSE,FALSE,FALSE,TRUE,TRUE,FALSE
"informative_annotations",1,"st_csr_sbayesrc","prior_nonnull_mean_enriched","derived_prior_probability","enriched_binary",,250,1000,1.47102931409856,7.93593590578153,16.9763150350027,0.00312118362474838,0.00832305133100623,0.375004730911715,4,1000,FALSE,FALSE,FALSE,FALSE,TRUE,TRUE,FALSE
"informative_annotations",1,"st_csr_sbayesrc","prior_nonnull_mean_enriched","derived_prior_probability","enriched_binary",,250,1500,1.19683727246688,15.2422646901099,30.989021086864,0.00194337798150713,0.00721474981351924,0.269361797946973,4,1500,FALSE,FALSE,FALSE,FALSE,TRUE,TRUE,FALSE
"informative_annotations",1,"st_csr_sbayesrc","prior_nonnull_mean_enriched","derived_prior_probability","enriched_binary",,250,2000,1.30566635572481,11.4526525259218,16.9892157390057,0.00227459170683869,0.00778995839869236,0.291990225162243,4,2000,FALSE,FALSE,FALSE,FALSE,TRUE,TRUE,FALSE
"informative_annotations",1,"st_csr_sbayesrc","prior_nonnull_mean_enriched","derived_prior_probability","enriched_binary",,250,2500,1.27643942369565,14.9364692749413,38.4000315367559,0.00176973354334872,0.00731135329437149,0.242052800910485,4,2500,FALSE,FALSE,FALSE,FALSE,TRUE,TRUE,FALSE
"informative_annotations",1,"st_csr_sbayesrc","prior_nonnull_mean_enriched","derived_prior_probability","enriched_binary",,500,500,1.81479234913999,6.10366087392238,13.1702966966357,0.00363931226085128,0.00884427767933226,0.411487788240277,4,500,FALSE,FALSE,FALSE,FALSE,TRUE,TRUE,FALSE
"informative_annotations",1,"st_csr_sbayesrc","prior_nonnull_mean_enriched","derived_prior_probability","enriched_binary",,500,1000,1.3989620473575,8.71252475743664,20.0829815516118,0.0026939473478647,0.00787118908773186,0.342254177588431,4,1000,FALSE,FALSE,FALSE,FALSE,TRUE,TRUE,FALSE
"informative_annotations",1,"st_csr_sbayesrc","prior_nonnull_mean_enriched","derived_prior_probability","enriched_binary",,500,1500,1.3701266310702,9.16618269911767,28.3343754504538,0.00251966796478962,0.00763060595511806,0.330205488215469,4,1500,FALSE,FALSE,FALSE,FALSE,TRUE,TRUE,FALSE
"informative_annotations",1,"st_csr_sbayesrc","prior_nonnull_mean_enriched","derived_prior_probability","enriched_binary",,500,2000,1.39657781905665,9.4103864283238,20.2632268089574,0.0023768850929583,0.00776793000727832,0.305986934837367,4,2000,FALSE,FALSE,FALSE,FALSE,TRUE,TRUE,FALSE
"informative_annotations",1,"st_csr_sbayesrc","prior_nonnull_mean_enriched","derived_prior_probability","enriched_binary",,500,2500,1.37783977552079,9.51183389451689,15.6864659099614,0.00230913330482883,0.00749941399279253,0.30790849885712,4,2500,FALSE,FALSE,FALSE,FALSE,TRUE,TRUE,FALSE
"informative_annotations",1,"st_csr_sbayesrc","prior_nonnull_mean_enriched","derived_prior_probability","enriched_binary",,750,500,1.9651546104927,5.63550910975472,14.3775201051819,0.00443250683604377,0.0102402014410628,0.432853480622911,4,500,FALSE,FALSE,FALSE,FALSE,TRUE,TRUE,FALSE
"informative_annotations",1,"st_csr_sbayesrc","prior_nonnull_mean_enriched","derived_prior_probability","enriched_binary",,750,1000,1.53230997877975,7.60537167867191,14.8514219686765,0.00296493696227967,0.00788869176861232,0.375846471030422,4,1000,FALSE,FALSE,FALSE,FALSE,TRUE,TRUE,FALSE
"informative_annotations",1,"st_csr_sbayesrc","prior_nonnull_mean_enriched","derived_prior_probability","enriched_binary",,750,1500,1.41793410497906,8.37747482221446,12.5185109805312,0.00280726573969147,0.00842678074750177,0.333136202757348,4,1500,FALSE,FALSE,FALSE,FALSE,TRUE,TRUE,FALSE
"informative_annotations",1,"st_csr_sbayesrc","prior_nonnull_mean_enriched","derived_prior_probability","enriched_binary",,750,2000,1.39042178812358,8.99941316199542,15.2720556303585,0.00247149353685204,0.00771628018556519,0.320295981666847,4,2000,FALSE,FALSE,FALSE,FALSE,TRUE,TRUE,FALSE
"informative_annotations",1,"st_csr_sbayesrc","prior_nonnull_mean_enriched","derived_prior_probability","enriched_binary",,1000,500,1.64134956626912,6.67668708863461,44.3756383688674,0.00245530364573654,0.00617075016985707,0.397893866734426,4,500,FALSE,FALSE,FALSE,FALSE,TRUE,TRUE,FALSE
"informative_annotations",1,"st_csr_sbayesrc","prior_nonnull_mean_enriched","derived_prior_probability","enriched_binary",,1000,1000,1.29137743344979,11.2268560951726,15.3147110111226,0.00188716073536289,0.00662244954687052,0.284964154427523,4,1000,FALSE,FALSE,FALSE,FALSE,TRUE,TRUE,FALSE
"informative_annotations",1,"st_csr_sbayesrc","prior_nonnull_mean_enriched","derived_prior_probability","enriched_binary",,1000,1500,1.5723205002058,7.02160632677757,15.6860835364198,0.00254610990432168,0.00709717544121301,0.358749748461412,4,1500,FALSE,FALSE,FALSE,FALSE,TRUE,TRUE,FALSE
"informative_annotations",1,"st_csr_sbayesrc","prior_nonnull_mean_enriched","derived_prior_probability","enriched_binary",,1000,2000,1.32036657900182,10.3239192032335,22.3430507705927,0.00207371544351446,0.00694450159953501,0.298612566185212,4,2000,FALSE,FALSE,FALSE,FALSE,TRUE,TRUE,FALSE
"informative_annotations",1,"st_csr_sbayesrc","prior_nonnull_mean_unannotated","derived_prior_probability","enriched_binary",,250,500,2.4451775271403,4.91057512676064,11.0765972052811,0.000505683810589961,0.0010956636171745,0.461531990898829,4,500,FALSE,FALSE,FALSE,FALSE,TRUE,TRUE,FALSE
"informative_annotations",1,"st_csr_sbayesrc","prior_nonnull_mean_unannotated","derived_prior_probability","enriched_binary",,250,1000,1.90248896163064,5.66347112545566,19.7416610214235,0.000479785036010744,0.00125602939787114,0.381985514689336,4,1000,FALSE,FALSE,FALSE,FALSE,TRUE,TRUE,FALSE
"informative_annotations",1,"st_csr_sbayesrc","prior_nonnull_mean_unannotated","derived_prior_probability","enriched_binary",,250,1500,2.06579646420939,5.34663059035751,16.1477726101179,0.000647213165754246,0.00164460366758415,0.393537469550323,4,1500,FALSE,FALSE,FALSE,FALSE,TRUE,TRUE,FALSE
"informative_annotations",1,"st_csr_sbayesrc","prior_nonnull_mean_unannotated","derived_prior_probability","enriched_binary",,250,2000,1.80423826337198,6.08921754648192,17.8942252757031,0.000587486789599502,0.00156180256845321,0.376159446441007,4,2000,FALSE,FALSE,FALSE,FALSE,TRUE,TRUE,FALSE
"informative_annotations",1,"st_csr_sbayesrc","prior_nonnull_mean_unannotated","derived_prior_probability","enriched_binary",,250,2500,1.50908576230266,8.02143124373116,17.3745850948727,0.000482135792237338,0.00147919381780412,0.325944975184573,4,2500,FALSE,FALSE,FALSE,FALSE,TRUE,TRUE,FALSE
"informative_annotations",1,"st_csr_sbayesrc","prior_nonnull_mean_unannotated","derived_prior_probability","enriched_binary",,500,500,2.66789200195911,4.75279285179871,23.186373589199,0.000749599863708577,0.00162881809168238,0.460210914611297,4,500,FALSE,FALSE,FALSE,FALSE,TRUE,TRUE,FALSE
"informative_annotations",1,"st_csr_sbayesrc","prior_nonnull_mean_unannotated","derived_prior_probability","enriched_binary",,500,1000,2.33443993349559,4.99101439233741,16.4497752265132,0.000655256422756769,0.00156031879898024,0.419950348085929,4,1000,FALSE,FALSE,FALSE,FALSE,TRUE,TRUE,FALSE
"informative_annotations",1,"st_csr_sbayesrc","prior_nonnull_mean_unannotated","derived_prior_probability","enriched_binary",,500,1500,2.3153494638654,5.08659440550521,13.2309432539765,0.000732287944101402,0.00169997461333166,0.430764046920819,4,1500,FALSE,FALSE,FALSE,FALSE,TRUE,TRUE,FALSE
"informative_annotations",1,"st_csr_sbayesrc","prior_nonnull_mean_unannotated","derived_prior_probability","enriched_binary",,500,2000,1.63502131756194,6.88800345707183,11.5370326513831,0.000562532652492595,0.0015683282272867,0.358682986574697,4,2000,FALSE,FALSE,FALSE,FALSE,TRUE,TRUE,FALSE
"informative_annotations",1,"st_csr_sbayesrc","prior_nonnull_mean_unannotated","derived_prior_probability","enriched_binary",,500,2500,1.51898388751,7.55750918029466,14.002259596285,0.000533215529858054,0.00147966283195918,0.360362859930757,4,2500,FALSE,FALSE,FALSE,FALSE,TRUE,TRUE,FALSE
"informative_annotations",1,"st_csr_sbayesrc","prior_nonnull_mean_unannotated","derived_prior_probability","enriched_binary",,750,500,2.76532009410959,4.70683492812461,11.3943449344422,0.000618325452229187,0.00139090147893501,0.44455014362529,4,500,FALSE,FALSE,FALSE,FALSE,TRUE,TRUE,FALSE
"informative_annotations",1,"st_csr_sbayesrc","prior_nonnull_mean_unannotated","derived_prior_probability","enriched_binary",,750,1000,2.41011512783244,4.95639281185914,11.4092078242674,0.000783854820370158,0.00180880671672089,0.433354660353747,4,1000,FALSE,FALSE,FALSE,FALSE,TRUE,TRUE,FALSE
"informative_annotations",1,"st_csr_sbayesrc","prior_nonnull_mean_unannotated","derived_prior_probability","enriched_binary",,750,1500,1.65485866203092,6.54582047454921,21.1630267031268,0.000606776615492487,0.00165125938017945,0.367462933307634,4,1500,FALSE,FALSE,FALSE,FALSE,TRUE,TRUE,FALSE
"informative_annotations",1,"st_csr_sbayesrc","prior_nonnull_mean_unannotated","derived_prior_probability","enriched_binary",,750,2000,1.4637917860647,8.20552289699368,15.8559685223425,0.000525389665167484,0.00152736355919154,0.343984680010032,4,2000,FALSE,FALSE,FALSE,FALSE,TRUE,TRUE,FALSE
"informative_annotations",1,"st_csr_sbayesrc","prior_nonnull_mean_unannotated","derived_prior_probability","enriched_binary",,1000,500,2.47514448816391,4.92609685464415,11.4944069600601,0.000640014046935271,0.00147784941759394,0.433071217754557,4,500,FALSE,FALSE,FALSE,FALSE,TRUE,TRUE,FALSE
"informative_annotations",1,"st_csr_sbayesrc","prior_nonnull_mean_unannotated","derived_prior_probability","enriched_binary",,1000,1000,1.94464498551681,5.52997074783752,22.4071333539936,0.000713910847081788,0.00170246042141185,0.419340642579955,4,1000,FALSE,FALSE,FALSE,FALSE,TRUE,TRUE,FALSE
"informative_annotations",1,"st_csr_sbayesrc","prior_nonnull_mean_unannotated","derived_prior_probability","enriched_binary",,1000,1500,1.51104019574729,7.72512531245271,17.047858694534,0.000538139296758958,0.00152788833931395,0.352211141948103,4,1500,FALSE,FALSE,FALSE,FALSE,TRUE,TRUE,FALSE
"informative_annotations",1,"st_csr_sbayesrc","prior_nonnull_mean_unannotated","derived_prior_probability","enriched_binary",,1000,2000,1.40626453243108,8.78230542656221,19.457737746335,0.000494536754875189,0.00142689395058791,0.346582697804158,4,2000,FALSE,FALSE,FALSE,FALSE,TRUE,TRUE,FALSE
"informative_annotations",1,"st_csr_sbayesrc","sigmaSqAlpha:component_0_stick","sigmaSqAlpha",,"component_0_stick",250,500,1.00258954459728,2004.87127974884,2038.14656212837,0.0213527492941349,0.977983352769774,0.0218334486304508,4,500,TRUE,TRUE,TRUE,TRUE,TRUE,TRUE,TRUE
"informative_annotations",1,"st_csr_sbayesrc","sigmaSqAlpha:component_0_stick","sigmaSqAlpha",,"component_0_stick",250,1000,1.00528702948774,2329.73022288504,3935.80842376052,0.0153068724502831,0.954231472540689,0.0160410475767769,4,1000,TRUE,TRUE,TRUE,TRUE,TRUE,TRUE,TRUE
"informative_annotations",1,"st_csr_sbayesrc","sigmaSqAlpha:component_0_stick","sigmaSqAlpha",,"component_0_stick",250,1500,1.00202803340769,4546.03859646057,5846.99175278231,0.0125195062604807,0.950625458402177,0.013169756974028,4,1500,TRUE,TRUE,TRUE,TRUE,TRUE,TRUE,TRUE
"informative_annotations",1,"st_csr_sbayesrc","sigmaSqAlpha:component_0_stick","sigmaSqAlpha",,"component_0_stick",250,2000,1.00656596305162,1689.94918654267,7589.34826578776,0.0118477713921764,0.956017464907345,0.0123928399083428,4,2000,TRUE,TRUE,TRUE,TRUE,TRUE,TRUE,TRUE
"informative_annotations",1,"st_csr_sbayesrc","sigmaSqAlpha:component_0_stick","sigmaSqAlpha",,"component_0_stick",250,2500,1.00496540756279,3919.89492284187,9680.27850655516,0.010198164346508,0.973737055423011,0.0104732219953134,4,2500,TRUE,TRUE,TRUE,TRUE,TRUE,TRUE,TRUE
"informative_annotations",1,"st_csr_sbayesrc","sigmaSqAlpha:component_0_stick","sigmaSqAlpha",,"component_0_stick",500,500,1.0009382830094,1656.69439454881,2067.21755414651,0.0223086217949352,0.960676158471563,0.0232217918579641,4,500,TRUE,TRUE,TRUE,TRUE,TRUE,TRUE,TRUE
"informative_annotations",1,"st_csr_sbayesrc","sigmaSqAlpha:component_0_stick","sigmaSqAlpha",,"component_0_stick",500,1000,1.00297535590175,2879.81620812799,3906.81275604158,0.0149771846488877,0.909733944628481,0.0164632580078169,4,1000,TRUE,TRUE,TRUE,TRUE,TRUE,TRUE,TRUE
"informative_annotations",1,"st_csr_sbayesrc","sigmaSqAlpha:component_0_stick","sigmaSqAlpha",,"component_0_stick",500,1500,1.00483651251522,2262.05444853456,5480.40526803747,0.0134937764984327,0.960633545215478,0.0140467471343674,4,1500,TRUE,TRUE,TRUE,TRUE,TRUE,TRUE,TRUE
"informative_annotations",1,"st_csr_sbayesrc","sigmaSqAlpha:component_0_stick","sigmaSqAlpha",,"component_0_stick",500,2000,1.00659725231538,2264.65130244519,7352.77892211151,0.0112580235490888,0.915997450048659,0.0122904529357486,4,2000,TRUE,TRUE,TRUE,TRUE,TRUE,TRUE,TRUE
"informative_annotations",1,"st_csr_sbayesrc","sigmaSqAlpha:component_0_stick","sigmaSqAlpha",,"component_0_stick",500,2500,1.00699458243716,2445.73064081593,8630.00357618262,0.0109768632079556,1.02472374685146,0.0107120218904684,4,2500,TRUE,TRUE,TRUE,TRUE,TRUE,TRUE,TRUE
"informative_annotations",1,"st_csr_sbayesrc","sigmaSqAlpha:component_0_stick","sigmaSqAlpha",,"component_0_stick",750,500,1.01286393475587,1130.12355096262,1948.20584415594,0.0219534278174632,0.929953780161029,0.0236070096017694,4,500,FALSE,TRUE,TRUE,TRUE,TRUE,TRUE,FALSE
"informative_annotations",1,"st_csr_sbayesrc","sigmaSqAlpha:component_0_stick","sigmaSqAlpha",,"component_0_stick",750,1000,1.00646651649262,3184.80342541706,3717.22287397842,0.0155290291919246,0.936767721432562,0.0165772462443269,4,1000,TRUE,TRUE,TRUE,TRUE,TRUE,TRUE,TRUE
"informative_annotations",1,"st_csr_sbayesrc","sigmaSqAlpha:component_0_stick","sigmaSqAlpha",,"component_0_stick",750,1500,1.00960182673321,1219.62364198137,5597.76831747203,0.0133269553704169,0.948659315937771,0.0140481995448945,4,1500,TRUE,TRUE,TRUE,TRUE,TRUE,TRUE,TRUE
"informative_annotations",1,"st_csr_sbayesrc","sigmaSqAlpha:component_0_stick","sigmaSqAlpha",,"component_0_stick",750,2000,1.00684552651226,1576.90948080086,6950.36142770433,0.0112382600979949,0.97272702498583,0.0115533544451061,4,2000,TRUE,TRUE,TRUE,TRUE,TRUE,TRUE,TRUE
"informative_annotations",1,"st_csr_sbayesrc","sigmaSqAlpha:component_0_stick","sigmaSqAlpha",,"component_0_stick",1000,500,1.01126416365414,1719.89106977579,1881.66504974093,0.0197830098229904,0.855457064890354,0.0231256606963975,4,500,FALSE,TRUE,TRUE,TRUE,TRUE,TRUE,FALSE
"informative_annotations",1,"st_csr_sbayesrc","sigmaSqAlpha:component_0_stick","sigmaSqAlpha",,"component_0_stick",1000,1000,1.00696119560389,1762.14621513753,3643.72544453007,0.0166263673804749,0.960570346755375,0.0173088493067016,4,1000,TRUE,TRUE,TRUE,TRUE,TRUE,TRUE,TRUE
"informative_annotations",1,"st_csr_sbayesrc","sigmaSqAlpha:component_0_stick","sigmaSqAlpha",,"component_0_stick",1000,1500,1.0100163678048,754.22618091723,5584.1595302916,0.0129142907094669,0.900480105993809,0.0143415613776543,4,1500,FALSE,TRUE,TRUE,TRUE,TRUE,TRUE,FALSE
"informative_annotations",1,"st_csr_sbayesrc","sigmaSqAlpha:component_0_stick","sigmaSqAlpha",,"component_0_stick",1000,2000,1.00806385084742,1593.95205088369,5416.86917185414,0.0124171525734552,1.04015543906393,0.0119377855531187,4,2000,TRUE,TRUE,TRUE,TRUE,TRUE,TRUE,TRUE
"informative_annotations",1,"st_csr_sbayesrc","sigmaSqAlpha:component_1_stick","sigmaSqAlpha",,"component_1_stick",250,500,1.2382749257587,12.1078956180808,62.3345821400807,0.740492998522476,4.05195189538057,0.182749701290056,4,500,FALSE,FALSE,FALSE,FALSE,TRUE,TRUE,FALSE
"informative_annotations",1,"st_csr_sbayesrc","sigmaSqAlpha:component_1_stick","sigmaSqAlpha",,"component_1_stick",250,1000,1.29397227709268,10.3081434776127,75.3732905154263,0.768372162804542,4.4535700671028,0.172529487855211,4,1000,FALSE,FALSE,FALSE,FALSE,TRUE,TRUE,FALSE
"informative_annotations",1,"st_csr_sbayesrc","sigmaSqAlpha:component_1_stick","sigmaSqAlpha",,"component_1_stick",250,1500,1.39941982133245,8.39952363123307,52.1908906236861,1.55130646534916,6.85983166832562,0.226143517852211,4,1500,FALSE,FALSE,FALSE,FALSE,TRUE,TRUE,FALSE
"informative_annotations",1,"st_csr_sbayesrc","sigmaSqAlpha:component_1_stick","sigmaSqAlpha",,"component_1_stick",250,2000,1.30020867113749,10.0704445927854,45.0293109183443,1.55657002596542,8.35487923409553,0.186306705620973,4,2000,FALSE,FALSE,FALSE,FALSE,TRUE,TRUE,FALSE
"informative_annotations",1,"st_csr_sbayesrc","sigmaSqAlpha:component_1_stick","sigmaSqAlpha",,"component_1_stick",250,2500,1.31062377015309,10.1822678734241,35.0704131206397,1.45936614838747,8.06289925315944,0.180997691099219,4,2500,FALSE,FALSE,FALSE,FALSE,TRUE,TRUE,FALSE
"informative_annotations",1,"st_csr_sbayesrc","sigmaSqAlpha:component_1_stick","sigmaSqAlpha",,"component_1_stick",500,500,1.35079805423697,9.18025798477507,81.9280771509011,0.82968811990482,4.40858502474568,0.188198280229989,4,500,FALSE,FALSE,FALSE,FALSE,TRUE,TRUE,FALSE
"informative_annotations",1,"st_csr_sbayesrc","sigmaSqAlpha:component_1_stick","sigmaSqAlpha",,"component_1_stick",500,1000,1.41947378688844,8.21584436908021,49.96333609332,1.28852766495202,5.70625045072551,0.225809868683243,4,1000,FALSE,FALSE,FALSE,FALSE,TRUE,TRUE,FALSE
"informative_annotations",1,"st_csr_sbayesrc","sigmaSqAlpha:component_1_stick","sigmaSqAlpha",,"component_1_stick",500,1500,1.38375029217299,8.62310730875572,48.2720610661865,1.53474713702277,7.37327561960984,0.208149975153646,4,1500,FALSE,FALSE,FALSE,FALSE,TRUE,TRUE,FALSE
"informative_annotations",1,"st_csr_sbayesrc","sigmaSqAlpha:component_1_stick","sigmaSqAlpha",,"component_1_stick",500,2000,1.34658388485745,9.25791656778396,30.6475254606693,1.61301780182006,8.65029222523879,0.186469746896387,4,2000,FALSE,FALSE,FALSE,FALSE,TRUE,TRUE,FALSE
"informative_annotations",1,"st_csr_sbayesrc","sigmaSqAlpha:component_1_stick","sigmaSqAlpha",,"component_1_stick",500,2500,1.31279396717676,9.94009845033156,30.4343495485097,1.37316918998089,8.2788219270482,0.165865288815373,4,2500,FALSE,FALSE,FALSE,FALSE,TRUE,TRUE,FALSE
"informative_annotations",1,"st_csr_sbayesrc","sigmaSqAlpha:component_1_stick","sigmaSqAlpha",,"component_1_stick",750,500,1.4601721697039,7.86902181761763,75.2728253570483,1.05055831017457,4.81380351952247,0.218238718284618,4,500,FALSE,FALSE,FALSE,FALSE,TRUE,TRUE,FALSE
"informative_annotations",1,"st_csr_sbayesrc","sigmaSqAlpha:component_1_stick","sigmaSqAlpha",,"component_1_stick",750,1000,1.51193445224234,7.28981689343256,59.6968872148587,1.85522150388567,7.82108903850892,0.237207567226388,4,1000,FALSE,FALSE,FALSE,FALSE,TRUE,TRUE,FALSE
"informative_annotations",1,"st_csr_sbayesrc","sigmaSqAlpha:component_1_stick","sigmaSqAlpha",,"component_1_stick",750,1500,1.37001154151682,8.84063311476575,34.1374976528924,1.76023358470724,9.24793261038705,0.190338063528944,4,1500,FALSE,FALSE,FALSE,FALSE,TRUE,TRUE,FALSE
"informative_annotations",1,"st_csr_sbayesrc","sigmaSqAlpha:component_1_stick","sigmaSqAlpha",,"component_1_stick",750,2000,1.33488896766905,9.6374693232749,33.3658699914065,1.44241417781428,8.68581092208279,0.166065574159241,4,2000,FALSE,FALSE,FALSE,FALSE,TRUE,TRUE,FALSE
"informative_annotations",1,"st_csr_sbayesrc","sigmaSqAlpha:component_1_stick","sigmaSqAlpha",,"component_1_stick",1000,500,1.57311646465507,6.92956417505176,67.8071312384195,1.68322559109569,6.65264276634974,0.253016079505989,4,500,FALSE,FALSE,FALSE,FALSE,TRUE,TRUE,FALSE
"informative_annotations",1,"st_csr_sbayesrc","sigmaSqAlpha:component_1_stick","sigmaSqAlpha",,"component_1_stick",1000,1000,1.46393843965567,7.67767902543127,39.2048404203671,1.82270371820037,8.35588999410928,0.218134001223729,4,1000,FALSE,FALSE,FALSE,FALSE,TRUE,TRUE,FALSE
"informative_annotations",1,"st_csr_sbayesrc","sigmaSqAlpha:component_1_stick","sigmaSqAlpha",,"component_1_stick",1000,1500,1.37823202654386,8.75458336674256,28.9222210458013,1.63469096033958,9.49465830574344,0.172169540777548,4,1500,FALSE,FALSE,FALSE,FALSE,TRUE,TRUE,FALSE
"informative_annotations",1,"st_csr_sbayesrc","sigmaSqAlpha:component_1_stick","sigmaSqAlpha",,"component_1_stick",1000,2000,1.29238288072104,10.474942402196,39.9151523344371,1.47688783133617,8.87680247128236,0.166376106274089,4,2000,FALSE,FALSE,FALSE,FALSE,TRUE,TRUE,FALSE
"informative_annotations",1,"st_csr_sbayesrc","sigmaSqAlpha:component_2_stick","sigmaSqAlpha",,"component_2_stick",250,500,1.0684837573246,53.2585061207055,334.795661989893,0.274094121232573,3.53619731591931,0.077510980509671,4,500,FALSE,FALSE,FALSE,FALSE,TRUE,TRUE,FALSE
"informative_annotations",1,"st_csr_sbayesrc","sigmaSqAlpha:component_2_stick","sigmaSqAlpha",,"component_2_stick",250,1000,1.21216524647805,13.3881284135944,20.9028331627144,2.39490535829088,10.2209984073623,0.234312271936741,4,1000,FALSE,FALSE,FALSE,FALSE,TRUE,TRUE,FALSE
"informative_annotations",1,"st_csr_sbayesrc","sigmaSqAlpha:component_2_stick","sigmaSqAlpha",,"component_2_stick",250,1500,1.03516744733725,59.5695248878879,104.696649886512,1.12976712121129,11.3551912685524,0.0994934470492032,4,1500,FALSE,FALSE,FALSE,FALSE,TRUE,TRUE,FALSE
"informative_annotations",1,"st_csr_sbayesrc","sigmaSqAlpha:component_2_stick","sigmaSqAlpha",,"component_2_stick",250,2000,1.05701293509363,64.0913407020525,145.157817578823,1.03497663101707,12.0047593336575,0.0862138592079329,4,2000,FALSE,FALSE,FALSE,FALSE,TRUE,TRUE,FALSE
"informative_annotations",1,"st_csr_sbayesrc","sigmaSqAlpha:component_2_stick","sigmaSqAlpha",,"component_2_stick",250,2500,1.17896726075618,15.7637129856578,80.8858359113625,1.91620670766376,12.6759696224075,0.151168452177138,4,2500,FALSE,FALSE,FALSE,FALSE,TRUE,TRUE,FALSE
"informative_annotations",1,"st_csr_sbayesrc","sigmaSqAlpha:component_2_stick","sigmaSqAlpha",,"component_2_stick",500,500,1.25678496816259,11.7458361954867,21.3265777653648,1.87106719388577,7.99435657749133,0.23404850355986,4,500,FALSE,FALSE,FALSE,FALSE,TRUE,TRUE,FALSE
"informative_annotations",1,"st_csr_sbayesrc","sigmaSqAlpha:component_2_stick","sigmaSqAlpha",,"component_2_stick",500,1000,1.10491782855407,25.0619066816377,39.856336604652,1.83213355865031,10.3518951762205,0.176985327561946,4,1000,FALSE,FALSE,FALSE,FALSE,TRUE,TRUE,FALSE
"informative_annotations",1,"st_csr_sbayesrc","sigmaSqAlpha:component_2_stick","sigmaSqAlpha",,"component_2_stick",500,1500,1.06461380143528,46.1326687772587,115.95256875043,1.35704015195417,13.5572567770837,0.100096957243446,4,1500,FALSE,FALSE,FALSE,FALSE,TRUE,TRUE,FALSE
"informative_annotations",1,"st_csr_sbayesrc","sigmaSqAlpha:component_2_stick","sigmaSqAlpha",,"component_2_stick",500,2000,1.15649395947619,19.4392852555735,180.920735028891,1.3355360216178,12.369363080689,0.107971284609054,4,2000,FALSE,FALSE,FALSE,FALSE,TRUE,TRUE,FALSE
"informative_annotations",1,"st_csr_sbayesrc","sigmaSqAlpha:component_2_stick","sigmaSqAlpha",,"component_2_stick",500,2500,1.20937404933206,14.3674061106805,49.8971230533966,3.09992718822516,18.9420676834364,0.163653052033799,4,2500,FALSE,FALSE,FALSE,FALSE,TRUE,TRUE,FALSE
"informative_annotations",1,"st_csr_sbayesrc","sigmaSqAlpha:component_2_stick","sigmaSqAlpha",,"component_2_stick",750,500,1.37920138440859,8.80434668721517,31.8800322202712,3.32145146243935,13.7693305117982,0.241220984534677,4,500,FALSE,FALSE,FALSE,FALSE,TRUE,TRUE,FALSE
"informative_annotations",1,"st_csr_sbayesrc","sigmaSqAlpha:component_2_stick","sigmaSqAlpha",,"component_2_stick",750,1000,1.17360949437112,16.6152644692537,53.5335232700718,2.2927472768737,13.5549375400263,0.169144805728796,4,1000,FALSE,FALSE,FALSE,FALSE,TRUE,TRUE,FALSE
"informative_annotations",1,"st_csr_sbayesrc","sigmaSqAlpha:component_2_stick","sigmaSqAlpha",,"component_2_stick",750,1500,1.18891826686844,15.9957591116431,148.473697917378,1.55541470923889,13.6157742302886,0.114236229459419,4,1500,FALSE,FALSE,FALSE,FALSE,TRUE,TRUE,FALSE
"informative_annotations",1,"st_csr_sbayesrc","sigmaSqAlpha:component_2_stick","sigmaSqAlpha",,"component_2_stick",750,2000,1.19112214912867,15.0485954062435,95.3995924332876,2.12828018208492,13.9458301558374,0.15261050495399,4,2000,FALSE,FALSE,FALSE,FALSE,TRUE,TRUE,FALSE
"informative_annotations",1,"st_csr_sbayesrc","sigmaSqAlpha:component_2_stick","sigmaSqAlpha",,"component_2_stick",1000,500,1.2733615772014,10.9937006211752,18.6828784445098,3.04877655546997,12.2343158394939,0.249198777885736,4,500,FALSE,FALSE,FALSE,FALSE,TRUE,TRUE,FALSE
"informative_annotations",1,"st_csr_sbayesrc","sigmaSqAlpha:component_2_stick","sigmaSqAlpha",,"component_2_stick",1000,1000,1.19577126645327,14.6385505882725,109.048768580018,2.03836552454851,15.5510778292139,0.131075514310608,4,1000,FALSE,FALSE,FALSE,FALSE,TRUE,TRUE,FALSE
"informative_annotations",1,"st_csr_sbayesrc","sigmaSqAlpha:component_2_stick","sigmaSqAlpha",,"component_2_stick",1000,1500,1.12796132059149,21.0385623701321,133.206225601711,1.6407398183195,13.4740641586133,0.121770224559206,4,1500,FALSE,FALSE,FALSE,FALSE,TRUE,TRUE,FALSE
"informative_annotations",1,"st_csr_sbayesrc","sigmaSqAlpha:component_2_stick","sigmaSqAlpha",,"component_2_stick",1000,2000,1.20834745540393,13.847029586396,58.5172494020697,3.17080827567882,20.7027233587489,0.15315899366152,4,2000,FALSE,FALSE,FALSE,FALSE,TRUE,TRUE,FALSE
"informative_annotations",1,"st_csr_sbayesrc","vbs",,,,250,500,1.04355805265275,71.994011124642,133.339486827609,0.0018279375312812,0.01481674864464,0.123369679483796,4,500,FALSE,FALSE,FALSE,FALSE,TRUE,TRUE,FALSE
"informative_annotations",1,"st_csr_sbayesrc","vbs",,,,250,1000,1.03501947646661,95.4031238613296,137.348297550417,0.00226472372762217,0.0200270951699682,0.113082986244468,4,1000,FALSE,FALSE,FALSE,FALSE,TRUE,TRUE,FALSE
"informative_annotations",1,"st_csr_sbayesrc","vbs",,,,250,1500,1.02294411809389,130.692079942626,244.861015349995,0.00170001243720249,0.0185044615829923,0.0918704080947158,4,1500,FALSE,FALSE,FALSE,FALSE,TRUE,TRUE,FALSE
"informative_annotations",1,"st_csr_sbayesrc","vbs",,,,250,2000,1.09026082413872,32.1442168260058,41.7136904900211,0.00426099868787985,0.0213658986695078,0.199429883750263,4,2000,FALSE,FALSE,FALSE,FALSE,TRUE,TRUE,FALSE
"informative_annotations",1,"st_csr_sbayesrc","vbs",,,,250,2500,1.12971781808368,22.9373410683251,83.2591928253592,0.0046595208749203,0.0210665947509705,0.22118054341486,4,2500,FALSE,FALSE,FALSE,FALSE,TRUE,TRUE,FALSE
"informative_annotations",1,"st_csr_sbayesrc","vbs",,,,500,500,1.07093257909603,56.3593343615397,38.7322368335019,0.00407798116075894,0.0229966061074374,0.177329695595389,4,500,FALSE,FALSE,FALSE,FALSE,TRUE,TRUE,FALSE
"informative_annotations",1,"st_csr_sbayesrc","vbs",,,,500,1000,1.02739622052474,108.484272111518,128.635453060232,0.002245161083735,0.0199825199100414,0.112356254058168,4,1000,FALSE,FALSE,FALSE,FALSE,TRUE,TRUE,FALSE
"informative_annotations",1,"st_csr_sbayesrc","vbs",,,,500,1500,1.06092755826477,85.4814008877304,220.951342545612,0.00193525281228097,0.0189043163284108,0.10237094950493,4,1500,FALSE,FALSE,FALSE,FALSE,TRUE,TRUE,FALSE
"informative_annotations",1,"st_csr_sbayesrc","vbs",,,,500,2000,1.13365771668078,23.7714141707551,63.3388143422454,0.00490432920442716,0.0218808964709458,0.224137489564895,4,2000,FALSE,FALSE,FALSE,FALSE,TRUE,TRUE,FALSE
"informative_annotations",1,"st_csr_sbayesrc","vbs",,,,500,2500,1.1642938476555,18.0778524693001,54.0651779906025,0.00531486104261916,0.0213267104710838,0.249211478245809,4,2500,FALSE,FALSE,FALSE,FALSE,TRUE,TRUE,FALSE
"informative_annotations",1,"st_csr_sbayesrc","vbs",,,,750,500,1.08347983793728,39.8327410977526,49.0635714025192,0.0047105399630689,0.0241264501122072,0.195243806741611,4,500,FALSE,FALSE,FALSE,FALSE,TRUE,TRUE,FALSE
"informative_annotations",1,"st_csr_sbayesrc","vbs",,,,750,1000,1.06668393538036,66.0182537957363,144.547168241955,0.00234828126085462,0.0200708991501796,0.116999305476237,4,1000,FALSE,FALSE,FALSE,FALSE,TRUE,TRUE,FALSE
"informative_annotations",1,"st_csr_sbayesrc","vbs",,,,750,1500,1.14477749080214,20.7488357927,29.9606068735167,0.00564895067593695,0.0230361024223492,0.24522163395386,4,1500,FALSE,FALSE,FALSE,FALSE,TRUE,TRUE,FALSE
"informative_annotations",1,"st_csr_sbayesrc","vbs",,,,750,2000,1.15784580371869,19.2403042572997,59.3443756143425,0.00543736779897431,0.0222239157498111,0.244662905501724,4,2000,FALSE,FALSE,FALSE,FALSE,TRUE,TRUE,FALSE
"informative_annotations",1,"st_csr_sbayesrc","vbs",,,,1000,500,1.10149518610203,41.9282347246985,78.0409791954274,0.00234852975065327,0.0163945020830572,0.143251056894271,4,500,FALSE,FALSE,FALSE,FALSE,TRUE,TRUE,FALSE
"informative_annotations",1,"st_csr_sbayesrc","vbs",,,,1000,1000,1.10365425924741,31.1094188234342,183.953353621021,0.00295382556538677,0.0164652390904251,0.179397672221138,4,1000,FALSE,FALSE,FALSE,FALSE,TRUE,TRUE,FALSE
"informative_annotations",1,"st_csr_sbayesrc","vbs",,,,1000,1500,1.17952505772881,17.1806159625793,31.4454825118211,0.00590628154080433,0.0213976705868036,0.276024510090686,4,1500,FALSE,FALSE,FALSE,FALSE,TRUE,TRUE,FALSE
"informative_annotations",1,"st_csr_sbayesrc","vbs",,,,1000,2000,1.19285303841712,14.8194108354381,27.6492855669053,0.00606043542702603,0.0207739434230094,0.291732547048022,4,2000,FALSE,FALSE,FALSE,FALSE,TRUE,TRUE,FALSE
"informative_annotations",1,"st_csr_sbayesrc","ves",,,,250,500,1.15489874396932,17.6529565082439,215.911431347688,0.00793094060968901,0.0332683347258185,0.23839307482782,4,500,FALSE,FALSE,FALSE,FALSE,TRUE,TRUE,FALSE
"informative_annotations",1,"st_csr_sbayesrc","ves",,,,250,1000,1.12235209647362,21.7323754449617,150.070448926449,0.00719130028269029,0.0334761336372757,0.214818723112121,4,1000,FALSE,FALSE,FALSE,FALSE,TRUE,TRUE,FALSE
"informative_annotations",1,"st_csr_sbayesrc","ves",,,,250,1500,1.1182764372132,21.660033840069,43.4770791268829,0.00775195902891095,0.0355843316192264,0.217847537839449,4,1500,FALSE,FALSE,FALSE,FALSE,TRUE,TRUE,FALSE
"informative_annotations",1,"st_csr_sbayesrc","ves",,,,250,2000,1.11493738280483,23.5253328897636,51.2075823402464,0.00728921661835278,0.035162192650115,0.207302675657485,4,2000,FALSE,FALSE,FALSE,FALSE,TRUE,TRUE,FALSE
"informative_annotations",1,"st_csr_sbayesrc","ves",,,,250,2500,1.11240993893537,24.1822180000275,55.4059437681683,0.0071969535090621,0.0352123045573551,0.204387460563379,4,2500,FALSE,FALSE,FALSE,FALSE,TRUE,TRUE,FALSE
"informative_annotations",1,"st_csr_sbayesrc","ves",,,,500,500,1.19159692870066,14.9655675040246,115.283190068503,0.00895538010213257,0.034583030597664,0.258953016764745,4,500,FALSE,FALSE,FALSE,FALSE,TRUE,TRUE,FALSE
"informative_annotations",1,"st_csr_sbayesrc","ves",,,,500,1000,1.11586215008233,23.027635917544,95.782693128429,0.00709330131662569,0.0338900443207538,0.20930339451583,4,1000,FALSE,FALSE,FALSE,FALSE,TRUE,TRUE,FALSE
"informative_annotations",1,"st_csr_sbayesrc","ves",,,,500,1500,1.15339968734295,18.1131863089821,38.67883465517,0.00854076835644927,0.0358127031194869,0.238484325742,4,1500,FALSE,FALSE,FALSE,FALSE,TRUE,TRUE,FALSE
"informative_annotations",1,"st_csr_sbayesrc","ves",,,,500,2000,1.09772660889908,27.139036408485,54.3325085865067,0.00680030925309622,0.0351008848455017,0.193736120414859,4,2000,FALSE,FALSE,FALSE,FALSE,TRUE,TRUE,FALSE
"informative_annotations",1,"st_csr_sbayesrc","ves",,,,500,2500,1.1093550963508,24.3595245795918,73.8578848528554,0.00722832123668021,0.0355550751232969,0.2032992817935,4,2500,FALSE,FALSE,FALSE,FALSE,TRUE,TRUE,FALSE
"informative_annotations",1,"st_csr_sbayesrc","ves",,,,750,500,1.15170130109616,18.3140993400888,55.5218809511878,0.00796712500332722,0.0336807461263208,0.236548352386442,4,500,FALSE,FALSE,FALSE,FALSE,TRUE,TRUE,FALSE
"informative_annotations",1,"st_csr_sbayesrc","ves",,,,750,1000,1.16576770184637,17.0459881504948,29.1543957183793,0.00905678910543646,0.0364467589687154,0.24849367575346,4,1000,FALSE,FALSE,FALSE,FALSE,TRUE,TRUE,FALSE
"informative_annotations",1,"st_csr_sbayesrc","ves",,,,750,1500,1.08983766377833,28.3525953058812,44.9498817178047,0.00681219284575878,0.0355240333722064,0.191762933402955,4,1500,FALSE,FALSE,FALSE,FALSE,TRUE,TRUE,FALSE
"informative_annotations",1,"st_csr_sbayesrc","ves",,,,750,2000,1.09329439822629,29.3720247862752,65.814669575496,0.00660112815243246,0.0354086517605988,0.186426983920859,4,2000,FALSE,FALSE,FALSE,FALSE,TRUE,TRUE,FALSE
"informative_annotations",1,"st_csr_sbayesrc","ves",,,,1000,500,1.10699041259661,25.2099167551924,71.6919653263376,0.00671577551971767,0.0331608923714958,0.20252095282847,4,500,FALSE,FALSE,FALSE,FALSE,TRUE,TRUE,FALSE
"informative_annotations",1,"st_csr_sbayesrc","ves",,,,1000,1000,1.12919666976695,20.6316519827926,24.9917527493843,0.00841820445079441,0.0362619011280501,0.232150113174363,4,1000,FALSE,FALSE,FALSE,FALSE,TRUE,TRUE,FALSE
"informative_annotations",1,"st_csr_sbayesrc","ves",,,,1000,1500,1.06953685515038,37.4257503868018,59.9857738754962,0.00588637865247836,0.0351607078944043,0.167413542132215,4,1500,FALSE,FALSE,FALSE,FALSE,TRUE,TRUE,FALSE
"informative_annotations",1,"st_csr_sbayesrc","ves",,,,1000,2000,1.10390713740388,25.5836849324934,71.0323908559345,0.00710569205426023,0.0356630633183318,0.199245140296395,4,2000,FALSE,FALSE,FALSE,FALSE,TRUE,TRUE,FALSE
"informative_annotations",1,"st_csr_sbayesrc","vgs",,,,250,500,1.1224125362677,21.526268557741,183.928615045828,0.0074593617376647,0.0345638481883373,0.215813982778158,4,500,FALSE,FALSE,FALSE,FALSE,TRUE,TRUE,FALSE
"informative_annotations",1,"st_csr_sbayesrc","vgs",,,,250,1000,1.11475400606649,22.8633247671218,191.003728010953,0.00737719991151836,0.0353593851895687,0.208634846787288,4,1000,FALSE,FALSE,FALSE,FALSE,TRUE,TRUE,FALSE
"informative_annotations",1,"st_csr_sbayesrc","vgs",,,,250,1500,1.1089294615939,23.3501444525666,58.0212753364141,0.00790773899503661,0.037744779328948,0.209505503426585,4,1500,FALSE,FALSE,FALSE,FALSE,TRUE,TRUE,FALSE
"informative_annotations",1,"st_csr_sbayesrc","vgs",,,,250,2000,1.10346232166526,26.2697180354023,64.5832158516438,0.00731783618923275,0.0374119666226812,0.195601483959314,4,2000,FALSE,FALSE,FALSE,FALSE,TRUE,TRUE,FALSE
"informative_annotations",1,"st_csr_sbayesrc","vgs",,,,250,2500,1.1019370418395,25.9265188524526,78.7562609369722,0.007326608714531,0.0372593182498155,0.196638292343615,4,2500,FALSE,FALSE,FALSE,FALSE,TRUE,TRUE,FALSE
"informative_annotations",1,"st_csr_sbayesrc","vgs",,,,500,500,1.17424543933061,15.8359896236333,123.785456293489,0.00931485524960089,0.0371699185165873,0.25060198196141,4,500,FALSE,FALSE,FALSE,FALSE,TRUE,TRUE,FALSE
"informative_annotations",1,"st_csr_sbayesrc","vgs",,,,500,1000,1.10632565527913,25.7723116982478,130.895593909652,0.00718414551908806,0.0364949184278194,0.196853310777966,4,1000,FALSE,FALSE,FALSE,FALSE,TRUE,TRUE,FALSE
"informative_annotations",1,"st_csr_sbayesrc","vgs",,,,500,1500,1.14144445497494,19.5034987710736,45.7613188998125,0.00879932022800985,0.0384898464065914,0.228614064474494,4,1500,FALSE,FALSE,FALSE,FALSE,TRUE,TRUE,FALSE
"informative_annotations",1,"st_csr_sbayesrc","vgs",,,,500,2000,1.08812525521804,29.374618356509,78.4739299390029,0.00695650886622168,0.037480429101401,0.18560376796651,4,2000,FALSE,FALSE,FALSE,FALSE,TRUE,TRUE,FALSE
"informative_annotations",1,"st_csr_sbayesrc","vgs",,,,500,2500,1.09738675811519,27.3647454572822,100.675199254017,0.00724760002876437,0.0378206577834158,0.191630723882926,4,2500,FALSE,FALSE,FALSE,FALSE,TRUE,TRUE,FALSE
"informative_annotations",1,"st_csr_sbayesrc","vgs",,,,750,500,1.15422232021156,18.0263071001467,91.822609802655,0.00856945745679728,0.0361407902600949,0.237113173096807,4,500,FALSE,FALSE,FALSE,FALSE,TRUE,TRUE,FALSE
"informative_annotations",1,"st_csr_sbayesrc","vgs",,,,750,1000,1.15396694772328,17.8766831477863,39.0904793604119,0.00936730011330012,0.0389050112201672,0.240773612948976,4,1000,FALSE,FALSE,FALSE,FALSE,TRUE,TRUE,FALSE
"informative_annotations",1,"st_csr_sbayesrc","vgs",,,,750,1500,1.07975106072412,31.4889587769545,58.1876960238158,0.00689372005689953,0.0379955161153635,0.181435094498217,4,1500,FALSE,FALSE,FALSE,FALSE,TRUE,TRUE,FALSE
"informative_annotations",1,"st_csr_sbayesrc","vgs",,,,750,2000,1.08347596578616,33.0096738407171,91.6795408906982,0.00660495875800045,0.0375468736703504,0.175912349347375,4,2000,FALSE,FALSE,FALSE,FALSE,TRUE,TRUE,FALSE
"informative_annotations",1,"st_csr_sbayesrc","vgs",,,,1000,500,1.09839530709319,27.8070422651201,75.7763378503254,0.00690669799423986,0.0358057048576017,0.192893786666332,4,500,FALSE,FALSE,FALSE,FALSE,TRUE,TRUE,FALSE
"informative_annotations",1,"st_csr_sbayesrc","vgs",,,,1000,1000,1.11550823247044,23.0772149900467,33.6564097175145,0.00852800530736201,0.0389518794532884,0.218936940323737,4,1000,FALSE,FALSE,FALSE,FALSE,TRUE,TRUE,FALSE
"informative_annotations",1,"st_csr_sbayesrc","vgs",,,,1000,1500,1.06151352498745,42.1892127877775,79.6275239403461,0.00591839544425382,0.0374368812066022,0.158089970465009,4,1500,FALSE,FALSE,FALSE,FALSE,TRUE,TRUE,FALSE
"informative_annotations",1,"st_csr_sbayesrc","vgs",,,,1000,2000,1.09068066793456,29.423323537035,86.8210002321318,0.00704228127419339,0.0378209263009815,0.186200655641018,4,2000,FALSE,FALSE,FALSE,FALSE,TRUE,TRUE,FALSE
"informative_annotations",1,"st_csr_sbayesrc","vld",,,,250,500,1.02574318325909,1879.43056120146,1535.56598846973,1.31566740728932e-05,0.000569618748847776,0.0230973332593187,4,500,FALSE,TRUE,TRUE,TRUE,TRUE,TRUE,FALSE
"informative_annotations",1,"st_csr_sbayesrc","vld",,,,250,1000,1.02549545964462,3773.81546974172,3279.97492250532,9.21451006657476e-06,0.000563886984258134,0.0163410582684359,4,1000,FALSE,TRUE,TRUE,TRUE,TRUE,TRUE,FALSE
"informative_annotations",1,"st_csr_sbayesrc","vld",,,,250,1500,1.02398145041676,5923.14819318447,4069.49688722932,7.86265679465079e-06,0.000602464741081064,0.0130508165183941,4,1500,FALSE,TRUE,TRUE,TRUE,TRUE,TRUE,FALSE
"informative_annotations",1,"st_csr_sbayesrc","vld",,,,250,2000,1.01929875161873,7842.46802863352,4746.44683904966,7.00080599437917e-06,0.000618468177666727,0.0113195896687698,4,2000,FALSE,TRUE,TRUE,TRUE,TRUE,TRUE,FALSE
"informative_annotations",1,"st_csr_sbayesrc","vld",,,,250,2500,1.02045521962055,9902.90206924656,5023.35363072446,6.36045484742791e-06,0.00063198286988855,0.0100642836229874,4,2500,FALSE,TRUE,TRUE,TRUE,TRUE,TRUE,FALSE
"informative_annotations",1,"st_csr_sbayesrc","vld",,,,500,500,1.04535644667027,1779.16435951872,1723.46459724893,1.36269365979254e-05,0.000572772832776128,0.0237911713303127,4,500,FALSE,TRUE,TRUE,TRUE,TRUE,TRUE,FALSE
"informative_annotations",1,"st_csr_sbayesrc","vld",,,,500,1000,1.02753477851408,3838.3521189772,3661.26405040888,9.31516848397569e-06,0.000575050263923797,0.0161988769823608,4,1000,FALSE,TRUE,TRUE,TRUE,TRUE,TRUE,FALSE
"informative_annotations",1,"st_csr_sbayesrc","vld",,,,500,1500,1.02880161205862,5823.55216661191,3319.96116071572,8.19191366088958e-06,0.00062411528433138,0.013125641794954,4,1500,FALSE,TRUE,TRUE,TRUE,TRUE,TRUE,FALSE
"informative_annotations",1,"st_csr_sbayesrc","vld",,,,500,2000,1.01929004191224,7976.53842909651,4641.39156723195,7.0723678183887e-06,0.000630514865593666,0.0112168137570074,4,2000,FALSE,TRUE,TRUE,TRUE,TRUE,TRUE,FALSE
"informative_annotations",1,"st_csr_sbayesrc","vld",,,,500,2500,1.0181631326341,9927.51483484329,5070.32810053668,6.4130104839676e-06,0.000638126899436108,0.0100497416573954,4,2500,FALSE,TRUE,TRUE,TRUE,TRUE,TRUE,FALSE
"informative_annotations",1,"st_csr_sbayesrc","vld",,,,750,500,1.03604647771799,1907.59332793873,1571.25903990825,1.28510179312323e-05,0.00055730742081849,0.0230591186321522,4,500,FALSE,TRUE,TRUE,TRUE,TRUE,TRUE,FALSE
"informative_annotations",1,"st_csr_sbayesrc","vld",,,,750,1000,1.03279095861925,4066.76469775384,2673.08130917473,9.7548425897663e-06,0.000617768103390331,0.0157904601034456,4,1000,FALSE,TRUE,TRUE,TRUE,TRUE,TRUE,FALSE
"informative_annotations",1,"st_csr_sbayesrc","vld",,,,750,1500,1.01636030372168,5980.46499445967,3969.91435439124,8.22193622002844e-06,0.000633581540767387,0.0129769188194311,4,1500,FALSE,TRUE,TRUE,TRUE,TRUE,TRUE,FALSE
"informative_annotations",1,"st_csr_sbayesrc","vld",,,,750,2000,1.01542433239334,8031.0966285187,5719.29867976811,7.23081435469648e-06,0.000646457187504784,0.0111852950117334,4,2000,FALSE,TRUE,TRUE,TRUE,TRUE,TRUE,FALSE
"informative_annotations",1,"st_csr_sbayesrc","vld",,,,1000,500,1.02136931298638,2093.66393062889,1891.1509108745,1.27108473505923e-05,0.000577296267873793,0.0220178928185469,4,500,FALSE,TRUE,TRUE,TRUE,TRUE,TRUE,FALSE
"informative_annotations",1,"st_csr_sbayesrc","vld",,,,1000,1000,1.02215567313081,4043.62500247191,1644.33707314645,1.02296593843841e-05,0.000648280951467927,0.015779669850272,4,1000,FALSE,TRUE,TRUE,TRUE,TRUE,TRUE,FALSE
"informative_annotations",1,"st_csr_sbayesrc","vld",,,,1000,1500,1.00944713395447,6198.12697332611,4091.39194166637,8.26745144216357e-06,0.00064860342968816,0.0127465429008577,4,1500,TRUE,TRUE,TRUE,TRUE,TRUE,TRUE,TRUE
"informative_annotations",1,"st_csr_sbayesrc","vld",,,,1000,2000,1.01164990348592,8161.5586401738,4379.9376018775,7.24985283682732e-06,0.000653384149045996,0.0110958504999131,4,2000,FALSE,TRUE,TRUE,TRUE,TRUE,TRUE,FALSE
"informative_annotations",1,"st_csr_sbayesrc","vle",,,,250,500,1.12197932022999,21.6021161365865,184.412013392393,0.007445846529654,0.0345580134138998,0.215459333280401,4,500,FALSE,FALSE,FALSE,FALSE,TRUE,TRUE,FALSE
"informative_annotations",1,"st_csr_sbayesrc","vle",,,,250,1000,1.11439182886475,22.9402793962074,215.103488835523,0.00736067420554029,0.0353448579439326,0.20825304255619,4,1000,FALSE,FALSE,FALSE,FALSE,TRUE,TRUE,FALSE
"informative_annotations",1,"st_csr_sbayesrc","vle",,,,250,1500,1.10860285409698,23.4064982438868,56.5896558009954,0.00789088081299594,0.0377201533410955,0.209195353519386,4,1500,FALSE,FALSE,FALSE,FALSE,TRUE,TRUE,FALSE
"informative_annotations",1,"st_csr_sbayesrc","vle",,,,250,2000,1.10325937504132,26.3099092488514,63.6740524721008,0.0073048347187861,0.0373829771143832,0.195405376528333,4,2000,FALSE,FALSE,FALSE,FALSE,TRUE,TRUE,FALSE
"informative_annotations",1,"st_csr_sbayesrc","vle",,,,250,2500,1.10170296175752,25.9838505333109,79.4361934359101,0.00731722612650156,0.0372358329193165,0.196510338371018,4,2500,FALSE,FALSE,FALSE,FALSE,TRUE,TRUE,FALSE
"informative_annotations",1,"st_csr_sbayesrc","vle",,,,500,500,1.17325436428534,15.8960006301518,144.415137875091,0.00928595619759798,0.0371351896402002,0.250058133203812,4,500,FALSE,FALSE,FALSE,FALSE,TRUE,TRUE,FALSE
"informative_annotations",1,"st_csr_sbayesrc","vle",,,,500,1000,1.10596504292021,25.8324951051375,141.279081631027,0.00716730751850569,0.0364649809702135,0.196553167664075,4,1000,FALSE,FALSE,FALSE,FALSE,TRUE,TRUE,FALSE
"informative_annotations",1,"st_csr_sbayesrc","vle",,,,500,1500,1.1412721294971,19.5221165629649,46.1007856394265,0.00878494193235368,0.0384546079088475,0.228449655582952,4,1500,FALSE,FALSE,FALSE,FALSE,TRUE,TRUE,FALSE
"informative_annotations",1,"st_csr_sbayesrc","vle",,,,500,2000,1.08792925585338,29.4516742025529,84.9600594163252,0.00694198732933945,0.0374509649046489,0.185362041993148,4,2000,FALSE,FALSE,FALSE,FALSE,TRUE,TRUE,FALSE
"informative_annotations",1,"st_csr_sbayesrc","vle",,,,500,2500,1.09718071905419,27.4321950649439,101.35321079973,0.00723609090666619,0.0378027554329831,0.191417023012896,4,2500,FALSE,FALSE,FALSE,FALSE,TRUE,TRUE,FALSE
"informative_annotations",1,"st_csr_sbayesrc","vle",,,,750,500,1.15341342158368,18.1118085601963,87.204681568273,0.00853887003866339,0.0361184719402466,0.236412826455943,4,500,FALSE,FALSE,FALSE,FALSE,TRUE,TRUE,FALSE
"informative_annotations",1,"st_csr_sbayesrc","vle",,,,750,1000,1.15369157370591,17.9115829072553,37.791665054412,0.0093486372804919,0.0388751500883926,0.240478487137294,4,1000,FALSE,FALSE,FALSE,FALSE,TRUE,TRUE,FALSE
"informative_annotations",1,"st_csr_sbayesrc","vle",,,,750,1500,1.07957435606799,31.5607681198032,56.3948789219293,0.00687887358666405,0.0379620753227313,0.18120383377842,4,1500,FALSE,FALSE,FALSE,FALSE,TRUE,TRUE,FALSE
"informative_annotations",1,"st_csr_sbayesrc","vle",,,,750,2000,1.08326875642611,33.0589608391648,94.8902336717675,0.00659453558860619,0.0375213668084096,0.17575414089468,4,2000,FALSE,FALSE,FALSE,FALSE,TRUE,TRUE,FALSE
"informative_annotations",1,"st_csr_sbayesrc","vle",,,,1000,500,1.09836620261475,27.8541311441053,79.389290763867,0.00689156242129594,0.0357810509312312,0.192603689437213,4,500,FALSE,FALSE,FALSE,FALSE,TRUE,TRUE,FALSE
"informative_annotations",1,"st_csr_sbayesrc","vle",,,,1000,1000,1.11535645030759,23.0937806453847,33.035792994366,0.00851398017560211,0.0389154080006254,0.218781727162292,4,1000,FALSE,FALSE,FALSE,FALSE,TRUE,TRUE,FALSE
"informative_annotations",1,"st_csr_sbayesrc","vle",,,,1000,1500,1.06136717053055,42.2910084041394,78.4294975290065,0.00590399001872014,0.0374082298088243,0.157825966341969,4,1500,FALSE,FALSE,FALSE,FALSE,TRUE,TRUE,FALSE
"informative_annotations",1,"st_csr_sbayesrc","vle",,,,1000,2000,1.09048974536642,29.4617212791703,90.6141449220879,0.00703294711510673,0.0378060441005675,0.18602705684833,4,2000,FALSE,FALSE,FALSE,FALSE,TRUE,TRUE,FALSE
