"replicate","method","trait","study","scenario","locus_id","set_id","coverage_type","covered","set_size","cumulative_pip","status.x","reason.x","architecture","simulation_seed","causal_selection_seed","mcmc_seed","sblr_version","qgg_version","sblrbench_commit","method_controls","runtime","convergence_status","status.y","reason.y"
1,"st_bed_bayesc","D1","01_finemapping","separated","2:212388043","locus1:CS1","exact",TRUE,1,NA,"ok","","separated",3002,2002,10101,"0.2.0","1.1.6","ae5e9f06ffa72127f5bd2b6bac8174e333d51221","{""nit"":500,""nburn"":250,""nthin"":1,""nchains"":1,""ncores"":1,""convergence_control"":{""warn"":false},""seed"":10101,""convergence"":""core"",""verbose"":false}",65.2800000000001,"reported","ok",""
1,"st_bed_bayesc","D1","01_finemapping","separated","2:212388043","locus1:CS1","ld_proxy",TRUE,1,NA,"ok","","separated",3002,2002,10101,"0.2.0","1.1.6","ae5e9f06ffa72127f5bd2b6bac8174e333d51221","{""nit"":500,""nburn"":250,""nthin"":1,""nchains"":1,""ncores"":1,""convergence_control"":{""warn"":false},""seed"":10101,""convergence"":""core"",""verbose"":false}",65.2800000000001,"reported","ok",""
1,"st_bed_bayesc","D1","01_finemapping","separated","5:165172627","locus2:CS1","exact",TRUE,1,NA,"ok","","separated",3002,2002,10101,"0.2.0","1.1.6","ae5e9f06ffa72127f5bd2b6bac8174e333d51221","{""nit"":500,""nburn"":250,""nthin"":1,""nchains"":1,""ncores"":1,""convergence_control"":{""warn"":false},""seed"":10101,""convergence"":""core"",""verbose"":false}",65.2800000000001,"reported","ok",""
1,"st_bed_bayesc","D1","01_finemapping","separated","5:165172627","locus2:CS1","ld_proxy",TRUE,1,NA,"ok","","separated",3002,2002,10101,"0.2.0","1.1.6","ae5e9f06ffa72127f5bd2b6bac8174e333d51221","{""nit"":500,""nburn"":250,""nthin"":1,""nchains"":1,""ncores"":1,""convergence_control"":{""warn"":false},""seed"":10101,""convergence"":""core"",""verbose"":false}",65.2800000000001,"reported","ok",""
1,"st_bed_bayesc","D1","01_finemapping","separated","7:33749153","locus3:CS1","exact",TRUE,1,NA,"ok","","separated",3002,2002,10101,"0.2.0","1.1.6","ae5e9f06ffa72127f5bd2b6bac8174e333d51221","{""nit"":500,""nburn"":250,""nthin"":1,""nchains"":1,""ncores"":1,""convergence_control"":{""warn"":false},""seed"":10101,""convergence"":""core"",""verbose"":false}",65.2800000000001,"reported","ok",""
1,"st_bed_bayesc","D1","01_finemapping","separated","7:33749153","locus3:CS1","ld_proxy",TRUE,1,NA,"ok","","separated",3002,2002,10101,"0.2.0","1.1.6","ae5e9f06ffa72127f5bd2b6bac8174e333d51221","{""nit"":500,""nburn"":250,""nthin"":1,""nchains"":1,""ncores"":1,""convergence_control"":{""warn"":false},""seed"":10101,""convergence"":""core"",""verbose"":false}",65.2800000000001,"reported","ok",""
1,"st_bed_bayesc","D1","01_finemapping","separated","7:106006952","locus4:CS1","exact",TRUE,1,NA,"ok","","separated",3002,2002,10101,"0.2.0","1.1.6","ae5e9f06ffa72127f5bd2b6bac8174e333d51221","{""nit"":500,""nburn"":250,""nthin"":1,""nchains"":1,""ncores"":1,""convergence_control"":{""warn"":false},""seed"":10101,""convergence"":""core"",""verbose"":false}",65.2800000000001,"reported","ok",""
1,"st_bed_bayesc","D1","01_finemapping","separated","7:106006952","locus4:CS1","ld_proxy",TRUE,1,NA,"ok","","separated",3002,2002,10101,"0.2.0","1.1.6","ae5e9f06ffa72127f5bd2b6bac8174e333d51221","{""nit"":500,""nburn"":250,""nthin"":1,""nchains"":1,""ncores"":1,""convergence_control"":{""warn"":false},""seed"":10101,""convergence"":""core"",""verbose"":false}",65.2800000000001,"reported","ok",""
1,"st_bed_bayesc","D1","01_finemapping","separated","8:121986887","locus5:CS1","exact",TRUE,1,NA,"ok","","separated",3002,2002,10101,"0.2.0","1.1.6","ae5e9f06ffa72127f5bd2b6bac8174e333d51221","{""nit"":500,""nburn"":250,""nthin"":1,""nchains"":1,""ncores"":1,""convergence_control"":{""warn"":false},""seed"":10101,""convergence"":""core"",""verbose"":false}",65.2800000000001,"reported","ok",""
1,"st_bed_bayesc","D1","01_finemapping","separated","8:121986887","locus5:CS1","ld_proxy",TRUE,1,NA,"ok","","separated",3002,2002,10101,"0.2.0","1.1.6","ae5e9f06ffa72127f5bd2b6bac8174e333d51221","{""nit"":500,""nburn"":250,""nthin"":1,""nchains"":1,""ncores"":1,""convergence_control"":{""warn"":false},""seed"":10101,""convergence"":""core"",""verbose"":false}",65.2800000000001,"reported","ok",""
1,"st_bed_bayesc","D1","01_finemapping","separated","11:17746197","locus6:CS1","exact",TRUE,1,NA,"ok","","separated",3002,2002,10101,"0.2.0","1.1.6","ae5e9f06ffa72127f5bd2b6bac8174e333d51221","{""nit"":500,""nburn"":250,""nthin"":1,""nchains"":1,""ncores"":1,""convergence_control"":{""warn"":false},""seed"":10101,""convergence"":""core"",""verbose"":false}",65.2800000000001,"reported","ok",""
1,"st_bed_bayesc","D1","01_finemapping","separated","11:17746197","locus6:CS1","ld_proxy",TRUE,1,NA,"ok","","separated",3002,2002,10101,"0.2.0","1.1.6","ae5e9f06ffa72127f5bd2b6bac8174e333d51221","{""nit"":500,""nburn"":250,""nthin"":1,""nchains"":1,""ncores"":1,""convergence_control"":{""warn"":false},""seed"":10101,""convergence"":""core"",""verbose"":false}",65.2800000000001,"reported","ok",""
1,"st_bed_bayesc","D1","01_finemapping","separated","11:22618626","locus7:CS1","exact",TRUE,1,NA,"ok","","separated",3002,2002,10101,"0.2.0","1.1.6","ae5e9f06ffa72127f5bd2b6bac8174e333d51221","{""nit"":500,""nburn"":250,""nthin"":1,""nchains"":1,""ncores"":1,""convergence_control"":{""warn"":false},""seed"":10101,""convergence"":""core"",""verbose"":false}",65.2800000000001,"reported","ok",""
1,"st_bed_bayesc","D1","01_finemapping","separated","11:22618626","locus7:CS1","ld_proxy",TRUE,1,NA,"ok","","separated",3002,2002,10101,"0.2.0","1.1.6","ae5e9f06ffa72127f5bd2b6bac8174e333d51221","{""nit"":500,""nburn"":250,""nthin"":1,""nchains"":1,""ncores"":1,""convergence_control"":{""warn"":false},""seed"":10101,""convergence"":""core"",""verbose"":false}",65.2800000000001,"reported","ok",""
1,"st_bed_bayesr","D1","01_finemapping","separated","2:212388043","locus1:CS1","exact",TRUE,1,NA,"ok","","separated",3002,2002,10102,"0.2.0","1.1.6","ae5e9f06ffa72127f5bd2b6bac8174e333d51221","{""nit"":500,""nburn"":250,""nthin"":1,""nchains"":1,""ncores"":1,""convergence_control"":{""warn"":false},""seed"":10102,""convergence"":""core"",""verbose"":false}",86.0899999999999,"reported","ok",""
1,"st_bed_bayesr","D1","01_finemapping","separated","2:212388043","locus1:CS1","ld_proxy",TRUE,1,NA,"ok","","separated",3002,2002,10102,"0.2.0","1.1.6","ae5e9f06ffa72127f5bd2b6bac8174e333d51221","{""nit"":500,""nburn"":250,""nthin"":1,""nchains"":1,""ncores"":1,""convergence_control"":{""warn"":false},""seed"":10102,""convergence"":""core"",""verbose"":false}",86.0899999999999,"reported","ok",""
1,"st_bed_bayesr","D1","01_finemapping","separated","5:165172627","locus2:CS1","exact",TRUE,1,NA,"ok","","separated",3002,2002,10102,"0.2.0","1.1.6","ae5e9f06ffa72127f5bd2b6bac8174e333d51221","{""nit"":500,""nburn"":250,""nthin"":1,""nchains"":1,""ncores"":1,""convergence_control"":{""warn"":false},""seed"":10102,""convergence"":""core"",""verbose"":false}",86.0899999999999,"reported","ok",""
1,"st_bed_bayesr","D1","01_finemapping","separated","5:165172627","locus2:CS1","ld_proxy",TRUE,1,NA,"ok","","separated",3002,2002,10102,"0.2.0","1.1.6","ae5e9f06ffa72127f5bd2b6bac8174e333d51221","{""nit"":500,""nburn"":250,""nthin"":1,""nchains"":1,""ncores"":1,""convergence_control"":{""warn"":false},""seed"":10102,""convergence"":""core"",""verbose"":false}",86.0899999999999,"reported","ok",""
1,"st_bed_bayesr","D1","01_finemapping","separated","7:33749153","locus3:CS1","exact",TRUE,1,NA,"ok","","separated",3002,2002,10102,"0.2.0","1.1.6","ae5e9f06ffa72127f5bd2b6bac8174e333d51221","{""nit"":500,""nburn"":250,""nthin"":1,""nchains"":1,""ncores"":1,""convergence_control"":{""warn"":false},""seed"":10102,""convergence"":""core"",""verbose"":false}",86.0899999999999,"reported","ok",""
1,"st_bed_bayesr","D1","01_finemapping","separated","7:33749153","locus3:CS1","ld_proxy",TRUE,1,NA,"ok","","separated",3002,2002,10102,"0.2.0","1.1.6","ae5e9f06ffa72127f5bd2b6bac8174e333d51221","{""nit"":500,""nburn"":250,""nthin"":1,""nchains"":1,""ncores"":1,""convergence_control"":{""warn"":false},""seed"":10102,""convergence"":""core"",""verbose"":false}",86.0899999999999,"reported","ok",""
1,"st_bed_bayesr","D1","01_finemapping","separated","7:106006952","locus4:CS1","exact",TRUE,1,NA,"ok","","separated",3002,2002,10102,"0.2.0","1.1.6","ae5e9f06ffa72127f5bd2b6bac8174e333d51221","{""nit"":500,""nburn"":250,""nthin"":1,""nchains"":1,""ncores"":1,""convergence_control"":{""warn"":false},""seed"":10102,""convergence"":""core"",""verbose"":false}",86.0899999999999,"reported","ok",""
1,"st_bed_bayesr","D1","01_finemapping","separated","7:106006952","locus4:CS1","ld_proxy",TRUE,1,NA,"ok","","separated",3002,2002,10102,"0.2.0","1.1.6","ae5e9f06ffa72127f5bd2b6bac8174e333d51221","{""nit"":500,""nburn"":250,""nthin"":1,""nchains"":1,""ncores"":1,""convergence_control"":{""warn"":false},""seed"":10102,""convergence"":""core"",""verbose"":false}",86.0899999999999,"reported","ok",""
1,"st_bed_bayesr","D1","01_finemapping","separated","8:121986887","locus5:CS1","exact",TRUE,1,NA,"ok","","separated",3002,2002,10102,"0.2.0","1.1.6","ae5e9f06ffa72127f5bd2b6bac8174e333d51221","{""nit"":500,""nburn"":250,""nthin"":1,""nchains"":1,""ncores"":1,""convergence_control"":{""warn"":false},""seed"":10102,""convergence"":""core"",""verbose"":false}",86.0899999999999,"reported","ok",""
1,"st_bed_bayesr","D1","01_finemapping","separated","8:121986887","locus5:CS1","ld_proxy",TRUE,1,NA,"ok","","separated",3002,2002,10102,"0.2.0","1.1.6","ae5e9f06ffa72127f5bd2b6bac8174e333d51221","{""nit"":500,""nburn"":250,""nthin"":1,""nchains"":1,""ncores"":1,""convergence_control"":{""warn"":false},""seed"":10102,""convergence"":""core"",""verbose"":false}",86.0899999999999,"reported","ok",""
1,"st_bed_bayesr","D1","01_finemapping","separated","11:17746197","locus6:CS1","exact",TRUE,1,NA,"ok","","separated",3002,2002,10102,"0.2.0","1.1.6","ae5e9f06ffa72127f5bd2b6bac8174e333d51221","{""nit"":500,""nburn"":250,""nthin"":1,""nchains"":1,""ncores"":1,""convergence_control"":{""warn"":false},""seed"":10102,""convergence"":""core"",""verbose"":false}",86.0899999999999,"reported","ok",""
1,"st_bed_bayesr","D1","01_finemapping","separated","11:17746197","locus6:CS1","ld_proxy",TRUE,1,NA,"ok","","separated",3002,2002,10102,"0.2.0","1.1.6","ae5e9f06ffa72127f5bd2b6bac8174e333d51221","{""nit"":500,""nburn"":250,""nthin"":1,""nchains"":1,""ncores"":1,""convergence_control"":{""warn"":false},""seed"":10102,""convergence"":""core"",""verbose"":false}",86.0899999999999,"reported","ok",""
1,"st_bed_bayesr","D1","01_finemapping","separated","11:22618626","locus7:CS1","exact",TRUE,1,NA,"ok","","separated",3002,2002,10102,"0.2.0","1.1.6","ae5e9f06ffa72127f5bd2b6bac8174e333d51221","{""nit"":500,""nburn"":250,""nthin"":1,""nchains"":1,""ncores"":1,""convergence_control"":{""warn"":false},""seed"":10102,""convergence"":""core"",""verbose"":false}",86.0899999999999,"reported","ok",""
1,"st_bed_bayesr","D1","01_finemapping","separated","11:22618626","locus7:CS1","ld_proxy",TRUE,1,NA,"ok","","separated",3002,2002,10102,"0.2.0","1.1.6","ae5e9f06ffa72127f5bd2b6bac8174e333d51221","{""nit"":500,""nburn"":250,""nthin"":1,""nchains"":1,""ncores"":1,""convergence_control"":{""warn"":false},""seed"":10102,""convergence"":""core"",""verbose"":false}",86.0899999999999,"reported","ok",""
1,"st_csr_sbayesc","D1","01_finemapping","separated","2:212388043","locus1:CS1","exact",TRUE,1,NA,"ok","","separated",3002,2002,10103,"0.2.0","1.1.6","ae5e9f06ffa72127f5bd2b6bac8174e333d51221","{""nit"":500,""nburn"":250,""nthin"":1,""nchains"":1,""ncores"":1,""convergence_control"":{""warn"":false},""seed"":10103,""convergence"":""core"",""verbose"":false}",22.25,"reported","ok",""
1,"st_csr_sbayesc","D1","01_finemapping","separated","2:212388043","locus1:CS1","ld_proxy",TRUE,1,NA,"ok","","separated",3002,2002,10103,"0.2.0","1.1.6","ae5e9f06ffa72127f5bd2b6bac8174e333d51221","{""nit"":500,""nburn"":250,""nthin"":1,""nchains"":1,""ncores"":1,""convergence_control"":{""warn"":false},""seed"":10103,""convergence"":""core"",""verbose"":false}",22.25,"reported","ok",""
1,"st_csr_sbayesc","D1","01_finemapping","separated","5:165172627","locus2:CS1","exact",TRUE,1,NA,"ok","","separated",3002,2002,10103,"0.2.0","1.1.6","ae5e9f06ffa72127f5bd2b6bac8174e333d51221","{""nit"":500,""nburn"":250,""nthin"":1,""nchains"":1,""ncores"":1,""convergence_control"":{""warn"":false},""seed"":10103,""convergence"":""core"",""verbose"":false}",22.25,"reported","ok",""
1,"st_csr_sbayesc","D1","01_finemapping","separated","5:165172627","locus2:CS1","ld_proxy",TRUE,1,NA,"ok","","separated",3002,2002,10103,"0.2.0","1.1.6","ae5e9f06ffa72127f5bd2b6bac8174e333d51221","{""nit"":500,""nburn"":250,""nthin"":1,""nchains"":1,""ncores"":1,""convergence_control"":{""warn"":false},""seed"":10103,""convergence"":""core"",""verbose"":false}",22.25,"reported","ok",""
1,"st_csr_sbayesc","D1","01_finemapping","separated","7:33749153","locus3:CS1","exact",TRUE,1,NA,"ok","","separated",3002,2002,10103,"0.2.0","1.1.6","ae5e9f06ffa72127f5bd2b6bac8174e333d51221","{""nit"":500,""nburn"":250,""nthin"":1,""nchains"":1,""ncores"":1,""convergence_control"":{""warn"":false},""seed"":10103,""convergence"":""core"",""verbose"":false}",22.25,"reported","ok",""
1,"st_csr_sbayesc","D1","01_finemapping","separated","7:33749153","locus3:CS1","ld_proxy",TRUE,1,NA,"ok","","separated",3002,2002,10103,"0.2.0","1.1.6","ae5e9f06ffa72127f5bd2b6bac8174e333d51221","{""nit"":500,""nburn"":250,""nthin"":1,""nchains"":1,""ncores"":1,""convergence_control"":{""warn"":false},""seed"":10103,""convergence"":""core"",""verbose"":false}",22.25,"reported","ok",""
1,"st_csr_sbayesc","D1","01_finemapping","separated","7:106006952","locus4:CS1","exact",TRUE,1,NA,"ok","","separated",3002,2002,10103,"0.2.0","1.1.6","ae5e9f06ffa72127f5bd2b6bac8174e333d51221","{""nit"":500,""nburn"":250,""nthin"":1,""nchains"":1,""ncores"":1,""convergence_control"":{""warn"":false},""seed"":10103,""convergence"":""core"",""verbose"":false}",22.25,"reported","ok",""
1,"st_csr_sbayesc","D1","01_finemapping","separated","7:106006952","locus4:CS1","ld_proxy",TRUE,1,NA,"ok","","separated",3002,2002,10103,"0.2.0","1.1.6","ae5e9f06ffa72127f5bd2b6bac8174e333d51221","{""nit"":500,""nburn"":250,""nthin"":1,""nchains"":1,""ncores"":1,""convergence_control"":{""warn"":false},""seed"":10103,""convergence"":""core"",""verbose"":false}",22.25,"reported","ok",""
1,"st_csr_sbayesc","D1","01_finemapping","separated","8:121986887","locus5:CS1","exact",TRUE,1,NA,"ok","","separated",3002,2002,10103,"0.2.0","1.1.6","ae5e9f06ffa72127f5bd2b6bac8174e333d51221","{""nit"":500,""nburn"":250,""nthin"":1,""nchains"":1,""ncores"":1,""convergence_control"":{""warn"":false},""seed"":10103,""convergence"":""core"",""verbose"":false}",22.25,"reported","ok",""
1,"st_csr_sbayesc","D1","01_finemapping","separated","8:121986887","locus5:CS1","ld_proxy",TRUE,1,NA,"ok","","separated",3002,2002,10103,"0.2.0","1.1.6","ae5e9f06ffa72127f5bd2b6bac8174e333d51221","{""nit"":500,""nburn"":250,""nthin"":1,""nchains"":1,""ncores"":1,""convergence_control"":{""warn"":false},""seed"":10103,""convergence"":""core"",""verbose"":false}",22.25,"reported","ok",""
1,"st_csr_sbayesc","D1","01_finemapping","separated","11:17746197","locus6:CS1","exact",TRUE,1,NA,"ok","","separated",3002,2002,10103,"0.2.0","1.1.6","ae5e9f06ffa72127f5bd2b6bac8174e333d51221","{""nit"":500,""nburn"":250,""nthin"":1,""nchains"":1,""ncores"":1,""convergence_control"":{""warn"":false},""seed"":10103,""convergence"":""core"",""verbose"":false}",22.25,"reported","ok",""
1,"st_csr_sbayesc","D1","01_finemapping","separated","11:17746197","locus6:CS1","ld_proxy",TRUE,1,NA,"ok","","separated",3002,2002,10103,"0.2.0","1.1.6","ae5e9f06ffa72127f5bd2b6bac8174e333d51221","{""nit"":500,""nburn"":250,""nthin"":1,""nchains"":1,""ncores"":1,""convergence_control"":{""warn"":false},""seed"":10103,""convergence"":""core"",""verbose"":false}",22.25,"reported","ok",""
1,"st_csr_sbayesc","D1","01_finemapping","separated","11:22618626","locus7:CS1","exact",TRUE,1,NA,"ok","","separated",3002,2002,10103,"0.2.0","1.1.6","ae5e9f06ffa72127f5bd2b6bac8174e333d51221","{""nit"":500,""nburn"":250,""nthin"":1,""nchains"":1,""ncores"":1,""convergence_control"":{""warn"":false},""seed"":10103,""convergence"":""core"",""verbose"":false}",22.25,"reported","ok",""
1,"st_csr_sbayesc","D1","01_finemapping","separated","11:22618626","locus7:CS1","ld_proxy",TRUE,1,NA,"ok","","separated",3002,2002,10103,"0.2.0","1.1.6","ae5e9f06ffa72127f5bd2b6bac8174e333d51221","{""nit"":500,""nburn"":250,""nthin"":1,""nchains"":1,""ncores"":1,""convergence_control"":{""warn"":false},""seed"":10103,""convergence"":""core"",""verbose"":false}",22.25,"reported","ok",""
1,"st_csr_sbayesc","D1","01_finemapping","separated","12:39377167","locus8:CS1","exact",TRUE,1,NA,"ok","","separated",3002,2002,10103,"0.2.0","1.1.6","ae5e9f06ffa72127f5bd2b6bac8174e333d51221","{""nit"":500,""nburn"":250,""nthin"":1,""nchains"":1,""ncores"":1,""convergence_control"":{""warn"":false},""seed"":10103,""convergence"":""core"",""verbose"":false}",22.25,"reported","ok",""
1,"st_csr_sbayesc","D1","01_finemapping","separated","12:39377167","locus8:CS1","ld_proxy",TRUE,1,NA,"ok","","separated",3002,2002,10103,"0.2.0","1.1.6","ae5e9f06ffa72127f5bd2b6bac8174e333d51221","{""nit"":500,""nburn"":250,""nthin"":1,""nchains"":1,""ncores"":1,""convergence_control"":{""warn"":false},""seed"":10103,""convergence"":""core"",""verbose"":false}",22.25,"reported","ok",""
1,"st_csr_sbayesr","D1","01_finemapping","separated","2:212388043","locus1:CS1","exact",TRUE,1,NA,"ok","","separated",3002,2002,10104,"0.2.0","1.1.6","ae5e9f06ffa72127f5bd2b6bac8174e333d51221","{""nit"":500,""nburn"":250,""nthin"":1,""nchains"":1,""ncores"":1,""convergence_control"":{""warn"":false},""seed"":10104,""convergence"":""core"",""verbose"":false}",53.8300000000002,"reported","ok",""
1,"st_csr_sbayesr","D1","01_finemapping","separated","2:212388043","locus1:CS1","ld_proxy",TRUE,1,NA,"ok","","separated",3002,2002,10104,"0.2.0","1.1.6","ae5e9f06ffa72127f5bd2b6bac8174e333d51221","{""nit"":500,""nburn"":250,""nthin"":1,""nchains"":1,""ncores"":1,""convergence_control"":{""warn"":false},""seed"":10104,""convergence"":""core"",""verbose"":false}",53.8300000000002,"reported","ok",""
1,"st_csr_sbayesr","D1","01_finemapping","separated","5:165172627","locus2:CS1","exact",TRUE,1,NA,"ok","","separated",3002,2002,10104,"0.2.0","1.1.6","ae5e9f06ffa72127f5bd2b6bac8174e333d51221","{""nit"":500,""nburn"":250,""nthin"":1,""nchains"":1,""ncores"":1,""convergence_control"":{""warn"":false},""seed"":10104,""convergence"":""core"",""verbose"":false}",53.8300000000002,"reported","ok",""
1,"st_csr_sbayesr","D1","01_finemapping","separated","5:165172627","locus2:CS1","ld_proxy",TRUE,1,NA,"ok","","separated",3002,2002,10104,"0.2.0","1.1.6","ae5e9f06ffa72127f5bd2b6bac8174e333d51221","{""nit"":500,""nburn"":250,""nthin"":1,""nchains"":1,""ncores"":1,""convergence_control"":{""warn"":false},""seed"":10104,""convergence"":""core"",""verbose"":false}",53.8300000000002,"reported","ok",""
1,"st_csr_sbayesr","D1","01_finemapping","separated","7:33749153","locus3:CS1","exact",TRUE,1,NA,"ok","","separated",3002,2002,10104,"0.2.0","1.1.6","ae5e9f06ffa72127f5bd2b6bac8174e333d51221","{""nit"":500,""nburn"":250,""nthin"":1,""nchains"":1,""ncores"":1,""convergence_control"":{""warn"":false},""seed"":10104,""convergence"":""core"",""verbose"":false}",53.8300000000002,"reported","ok",""
1,"st_csr_sbayesr","D1","01_finemapping","separated","7:33749153","locus3:CS1","ld_proxy",TRUE,1,NA,"ok","","separated",3002,2002,10104,"0.2.0","1.1.6","ae5e9f06ffa72127f5bd2b6bac8174e333d51221","{""nit"":500,""nburn"":250,""nthin"":1,""nchains"":1,""ncores"":1,""convergence_control"":{""warn"":false},""seed"":10104,""convergence"":""core"",""verbose"":false}",53.8300000000002,"reported","ok",""
1,"st_csr_sbayesr","D1","01_finemapping","separated","7:106006952","locus4:CS1","exact",TRUE,1,NA,"ok","","separated",3002,2002,10104,"0.2.0","1.1.6","ae5e9f06ffa72127f5bd2b6bac8174e333d51221","{""nit"":500,""nburn"":250,""nthin"":1,""nchains"":1,""ncores"":1,""convergence_control"":{""warn"":false},""seed"":10104,""convergence"":""core"",""verbose"":false}",53.8300000000002,"reported","ok",""
1,"st_csr_sbayesr","D1","01_finemapping","separated","7:106006952","locus4:CS1","ld_proxy",TRUE,1,NA,"ok","","separated",3002,2002,10104,"0.2.0","1.1.6","ae5e9f06ffa72127f5bd2b6bac8174e333d51221","{""nit"":500,""nburn"":250,""nthin"":1,""nchains"":1,""ncores"":1,""convergence_control"":{""warn"":false},""seed"":10104,""convergence"":""core"",""verbose"":false}",53.8300000000002,"reported","ok",""
1,"st_csr_sbayesr","D1","01_finemapping","separated","8:121986887","locus5:CS1","exact",TRUE,1,NA,"ok","","separated",3002,2002,10104,"0.2.0","1.1.6","ae5e9f06ffa72127f5bd2b6bac8174e333d51221","{""nit"":500,""nburn"":250,""nthin"":1,""nchains"":1,""ncores"":1,""convergence_control"":{""warn"":false},""seed"":10104,""convergence"":""core"",""verbose"":false}",53.8300000000002,"reported","ok",""
1,"st_csr_sbayesr","D1","01_finemapping","separated","8:121986887","locus5:CS1","ld_proxy",TRUE,1,NA,"ok","","separated",3002,2002,10104,"0.2.0","1.1.6","ae5e9f06ffa72127f5bd2b6bac8174e333d51221","{""nit"":500,""nburn"":250,""nthin"":1,""nchains"":1,""ncores"":1,""convergence_control"":{""warn"":false},""seed"":10104,""convergence"":""core"",""verbose"":false}",53.8300000000002,"reported","ok",""
1,"st_csr_sbayesr","D1","01_finemapping","separated","11:17746197","locus6:CS1","exact",TRUE,1,NA,"ok","","separated",3002,2002,10104,"0.2.0","1.1.6","ae5e9f06ffa72127f5bd2b6bac8174e333d51221","{""nit"":500,""nburn"":250,""nthin"":1,""nchains"":1,""ncores"":1,""convergence_control"":{""warn"":false},""seed"":10104,""convergence"":""core"",""verbose"":false}",53.8300000000002,"reported","ok",""
1,"st_csr_sbayesr","D1","01_finemapping","separated","11:17746197","locus6:CS1","ld_proxy",TRUE,1,NA,"ok","","separated",3002,2002,10104,"0.2.0","1.1.6","ae5e9f06ffa72127f5bd2b6bac8174e333d51221","{""nit"":500,""nburn"":250,""nthin"":1,""nchains"":1,""ncores"":1,""convergence_control"":{""warn"":false},""seed"":10104,""convergence"":""core"",""verbose"":false}",53.8300000000002,"reported","ok",""
1,"st_csr_sbayesr","D1","01_finemapping","separated","11:22618626","locus7:CS1","exact",TRUE,1,NA,"ok","","separated",3002,2002,10104,"0.2.0","1.1.6","ae5e9f06ffa72127f5bd2b6bac8174e333d51221","{""nit"":500,""nburn"":250,""nthin"":1,""nchains"":1,""ncores"":1,""convergence_control"":{""warn"":false},""seed"":10104,""convergence"":""core"",""verbose"":false}",53.8300000000002,"reported","ok",""
1,"st_csr_sbayesr","D1","01_finemapping","separated","11:22618626","locus7:CS1","ld_proxy",TRUE,1,NA,"ok","","separated",3002,2002,10104,"0.2.0","1.1.6","ae5e9f06ffa72127f5bd2b6bac8174e333d51221","{""nit"":500,""nburn"":250,""nthin"":1,""nchains"":1,""ncores"":1,""convergence_control"":{""warn"":false},""seed"":10104,""convergence"":""core"",""verbose"":false}",53.8300000000002,"reported","ok",""
1,"st_csr_sbayesr","D1","01_finemapping","separated","12:39377167","locus8:CS1","exact",TRUE,1,NA,"ok","","separated",3002,2002,10104,"0.2.0","1.1.6","ae5e9f06ffa72127f5bd2b6bac8174e333d51221","{""nit"":500,""nburn"":250,""nthin"":1,""nchains"":1,""ncores"":1,""convergence_control"":{""warn"":false},""seed"":10104,""convergence"":""core"",""verbose"":false}",53.8300000000002,"reported","ok",""
1,"st_csr_sbayesr","D1","01_finemapping","separated","12:39377167","locus8:CS1","ld_proxy",TRUE,1,NA,"ok","","separated",3002,2002,10104,"0.2.0","1.1.6","ae5e9f06ffa72127f5bd2b6bac8174e333d51221","{""nit"":500,""nburn"":250,""nthin"":1,""nchains"":1,""ncores"":1,""convergence_control"":{""warn"":false},""seed"":10104,""convergence"":""core"",""verbose"":false}",53.8300000000002,"reported","ok",""
2,"st_bed_bayesc","D1","01_finemapping","separated","1:144698747","locus1:CS1","exact",TRUE,1,NA,"ok","","separated",3003,2003,10201,"0.2.0","1.1.6","ae5e9f06ffa72127f5bd2b6bac8174e333d51221","{""nit"":500,""nburn"":250,""nthin"":1,""nchains"":1,""ncores"":1,""convergence_control"":{""warn"":false},""seed"":10201,""convergence"":""core"",""verbose"":false}",76.8,"reported","ok",""
2,"st_bed_bayesc","D1","01_finemapping","separated","1:144698747","locus1:CS1","ld_proxy",TRUE,1,NA,"ok","","separated",3003,2003,10201,"0.2.0","1.1.6","ae5e9f06ffa72127f5bd2b6bac8174e333d51221","{""nit"":500,""nburn"":250,""nthin"":1,""nchains"":1,""ncores"":1,""convergence_control"":{""warn"":false},""seed"":10201,""convergence"":""core"",""verbose"":false}",76.8,"reported","ok",""
2,"st_bed_bayesc","D1","01_finemapping","separated","1:157051348","locus2:CS1","exact",TRUE,1,NA,"ok","","separated",3003,2003,10201,"0.2.0","1.1.6","ae5e9f06ffa72127f5bd2b6bac8174e333d51221","{""nit"":500,""nburn"":250,""nthin"":1,""nchains"":1,""ncores"":1,""convergence_control"":{""warn"":false},""seed"":10201,""convergence"":""core"",""verbose"":false}",76.8,"reported","ok",""
2,"st_bed_bayesc","D1","01_finemapping","separated","1:157051348","locus2:CS1","ld_proxy",TRUE,1,NA,"ok","","separated",3003,2003,10201,"0.2.0","1.1.6","ae5e9f06ffa72127f5bd2b6bac8174e333d51221","{""nit"":500,""nburn"":250,""nthin"":1,""nchains"":1,""ncores"":1,""convergence_control"":{""warn"":false},""seed"":10201,""convergence"":""core"",""verbose"":false}",76.8,"reported","ok",""
2,"st_bed_bayesc","D1","01_finemapping","separated","3:1118426","locus3:CS1","exact",TRUE,1,NA,"ok","","separated",3003,2003,10201,"0.2.0","1.1.6","ae5e9f06ffa72127f5bd2b6bac8174e333d51221","{""nit"":500,""nburn"":250,""nthin"":1,""nchains"":1,""ncores"":1,""convergence_control"":{""warn"":false},""seed"":10201,""convergence"":""core"",""verbose"":false}",76.8,"reported","ok",""
2,"st_bed_bayesc","D1","01_finemapping","separated","3:1118426","locus3:CS1","ld_proxy",TRUE,1,NA,"ok","","separated",3003,2003,10201,"0.2.0","1.1.6","ae5e9f06ffa72127f5bd2b6bac8174e333d51221","{""nit"":500,""nburn"":250,""nthin"":1,""nchains"":1,""ncores"":1,""convergence_control"":{""warn"":false},""seed"":10201,""convergence"":""core"",""verbose"":false}",76.8,"reported","ok",""
2,"st_bed_bayesc","D1","01_finemapping","separated","11:101507022","locus4:CS1","exact",TRUE,1,NA,"ok","","separated",3003,2003,10201,"0.2.0","1.1.6","ae5e9f06ffa72127f5bd2b6bac8174e333d51221","{""nit"":500,""nburn"":250,""nthin"":1,""nchains"":1,""ncores"":1,""convergence_control"":{""warn"":false},""seed"":10201,""convergence"":""core"",""verbose"":false}",76.8,"reported","ok",""
2,"st_bed_bayesc","D1","01_finemapping","separated","11:101507022","locus4:CS1","ld_proxy",TRUE,1,NA,"ok","","separated",3003,2003,10201,"0.2.0","1.1.6","ae5e9f06ffa72127f5bd2b6bac8174e333d51221","{""nit"":500,""nburn"":250,""nthin"":1,""nchains"":1,""ncores"":1,""convergence_control"":{""warn"":false},""seed"":10201,""convergence"":""core"",""verbose"":false}",76.8,"reported","ok",""
2,"st_bed_bayesc","D1","01_finemapping","separated","13:22714469","locus5:CS1","exact",TRUE,1,NA,"ok","","separated",3003,2003,10201,"0.2.0","1.1.6","ae5e9f06ffa72127f5bd2b6bac8174e333d51221","{""nit"":500,""nburn"":250,""nthin"":1,""nchains"":1,""ncores"":1,""convergence_control"":{""warn"":false},""seed"":10201,""convergence"":""core"",""verbose"":false}",76.8,"reported","ok",""
2,"st_bed_bayesc","D1","01_finemapping","separated","13:22714469","locus5:CS1","ld_proxy",TRUE,1,NA,"ok","","separated",3003,2003,10201,"0.2.0","1.1.6","ae5e9f06ffa72127f5bd2b6bac8174e333d51221","{""nit"":500,""nburn"":250,""nthin"":1,""nchains"":1,""ncores"":1,""convergence_control"":{""warn"":false},""seed"":10201,""convergence"":""core"",""verbose"":false}",76.8,"reported","ok",""
2,"st_bed_bayesc","D1","01_finemapping","separated","16:25534326","locus6:CS1","exact",TRUE,1,NA,"ok","","separated",3003,2003,10201,"0.2.0","1.1.6","ae5e9f06ffa72127f5bd2b6bac8174e333d51221","{""nit"":500,""nburn"":250,""nthin"":1,""nchains"":1,""ncores"":1,""convergence_control"":{""warn"":false},""seed"":10201,""convergence"":""core"",""verbose"":false}",76.8,"reported","ok",""
2,"st_bed_bayesc","D1","01_finemapping","separated","16:25534326","locus6:CS1","ld_proxy",TRUE,1,NA,"ok","","separated",3003,2003,10201,"0.2.0","1.1.6","ae5e9f06ffa72127f5bd2b6bac8174e333d51221","{""nit"":500,""nburn"":250,""nthin"":1,""nchains"":1,""ncores"":1,""convergence_control"":{""warn"":false},""seed"":10201,""convergence"":""core"",""verbose"":false}",76.8,"reported","ok",""
2,"st_bed_bayesr","D1","01_finemapping","separated","1:144698747","locus1:CS1","exact",TRUE,1,NA,"ok","","separated",3003,2003,10202,"0.2.0","1.1.6","ae5e9f06ffa72127f5bd2b6bac8174e333d51221","{""nit"":500,""nburn"":250,""nthin"":1,""nchains"":1,""ncores"":1,""convergence_control"":{""warn"":false},""seed"":10202,""convergence"":""core"",""verbose"":false}",91.0599999999999,"reported","ok",""
2,"st_bed_bayesr","D1","01_finemapping","separated","1:144698747","locus1:CS1","ld_proxy",TRUE,1,NA,"ok","","separated",3003,2003,10202,"0.2.0","1.1.6","ae5e9f06ffa72127f5bd2b6bac8174e333d51221","{""nit"":500,""nburn"":250,""nthin"":1,""nchains"":1,""ncores"":1,""convergence_control"":{""warn"":false},""seed"":10202,""convergence"":""core"",""verbose"":false}",91.0599999999999,"reported","ok",""
2,"st_bed_bayesr","D1","01_finemapping","separated","1:157051348","locus2:CS1","exact",TRUE,1,NA,"ok","","separated",3003,2003,10202,"0.2.0","1.1.6","ae5e9f06ffa72127f5bd2b6bac8174e333d51221","{""nit"":500,""nburn"":250,""nthin"":1,""nchains"":1,""ncores"":1,""convergence_control"":{""warn"":false},""seed"":10202,""convergence"":""core"",""verbose"":false}",91.0599999999999,"reported","ok",""
2,"st_bed_bayesr","D1","01_finemapping","separated","1:157051348","locus2:CS1","ld_proxy",TRUE,1,NA,"ok","","separated",3003,2003,10202,"0.2.0","1.1.6","ae5e9f06ffa72127f5bd2b6bac8174e333d51221","{""nit"":500,""nburn"":250,""nthin"":1,""nchains"":1,""ncores"":1,""convergence_control"":{""warn"":false},""seed"":10202,""convergence"":""core"",""verbose"":false}",91.0599999999999,"reported","ok",""
2,"st_bed_bayesr","D1","01_finemapping","separated","3:1118426","locus3:CS1","exact",TRUE,1,NA,"ok","","separated",3003,2003,10202,"0.2.0","1.1.6","ae5e9f06ffa72127f5bd2b6bac8174e333d51221","{""nit"":500,""nburn"":250,""nthin"":1,""nchains"":1,""ncores"":1,""convergence_control"":{""warn"":false},""seed"":10202,""convergence"":""core"",""verbose"":false}",91.0599999999999,"reported","ok",""
2,"st_bed_bayesr","D1","01_finemapping","separated","3:1118426","locus3:CS1","ld_proxy",TRUE,1,NA,"ok","","separated",3003,2003,10202,"0.2.0","1.1.6","ae5e9f06ffa72127f5bd2b6bac8174e333d51221","{""nit"":500,""nburn"":250,""nthin"":1,""nchains"":1,""ncores"":1,""convergence_control"":{""warn"":false},""seed"":10202,""convergence"":""core"",""verbose"":false}",91.0599999999999,"reported","ok",""
2,"st_bed_bayesr","D1","01_finemapping","separated","11:101507022","locus4:CS1","exact",TRUE,1,NA,"ok","","separated",3003,2003,10202,"0.2.0","1.1.6","ae5e9f06ffa72127f5bd2b6bac8174e333d51221","{""nit"":500,""nburn"":250,""nthin"":1,""nchains"":1,""ncores"":1,""convergence_control"":{""warn"":false},""seed"":10202,""convergence"":""core"",""verbose"":false}",91.0599999999999,"reported","ok",""
2,"st_bed_bayesr","D1","01_finemapping","separated","11:101507022","locus4:CS1","ld_proxy",TRUE,1,NA,"ok","","separated",3003,2003,10202,"0.2.0","1.1.6","ae5e9f06ffa72127f5bd2b6bac8174e333d51221","{""nit"":500,""nburn"":250,""nthin"":1,""nchains"":1,""ncores"":1,""convergence_control"":{""warn"":false},""seed"":10202,""convergence"":""core"",""verbose"":false}",91.0599999999999,"reported","ok",""
2,"st_bed_bayesr","D1","01_finemapping","separated","13:22714469","locus5:CS1","exact",TRUE,1,NA,"ok","","separated",3003,2003,10202,"0.2.0","1.1.6","ae5e9f06ffa72127f5bd2b6bac8174e333d51221","{""nit"":500,""nburn"":250,""nthin"":1,""nchains"":1,""ncores"":1,""convergence_control"":{""warn"":false},""seed"":10202,""convergence"":""core"",""verbose"":false}",91.0599999999999,"reported","ok",""
2,"st_bed_bayesr","D1","01_finemapping","separated","13:22714469","locus5:CS1","ld_proxy",TRUE,1,NA,"ok","","separated",3003,2003,10202,"0.2.0","1.1.6","ae5e9f06ffa72127f5bd2b6bac8174e333d51221","{""nit"":500,""nburn"":250,""nthin"":1,""nchains"":1,""ncores"":1,""convergence_control"":{""warn"":false},""seed"":10202,""convergence"":""core"",""verbose"":false}",91.0599999999999,"reported","ok",""
2,"st_bed_bayesr","D1","01_finemapping","separated","16:25534326","locus6:CS1","exact",TRUE,1,NA,"ok","","separated",3003,2003,10202,"0.2.0","1.1.6","ae5e9f06ffa72127f5bd2b6bac8174e333d51221","{""nit"":500,""nburn"":250,""nthin"":1,""nchains"":1,""ncores"":1,""convergence_control"":{""warn"":false},""seed"":10202,""convergence"":""core"",""verbose"":false}",91.0599999999999,"reported","ok",""
2,"st_bed_bayesr","D1","01_finemapping","separated","16:25534326","locus6:CS1","ld_proxy",TRUE,1,NA,"ok","","separated",3003,2003,10202,"0.2.0","1.1.6","ae5e9f06ffa72127f5bd2b6bac8174e333d51221","{""nit"":500,""nburn"":250,""nthin"":1,""nchains"":1,""ncores"":1,""convergence_control"":{""warn"":false},""seed"":10202,""convergence"":""core"",""verbose"":false}",91.0599999999999,"reported","ok",""
2,"st_csr_sbayesc","D1","01_finemapping","separated","1:157051348","locus1:CS1","exact",TRUE,1,NA,"ok","","separated",3003,2003,10203,"0.2.0","1.1.6","ae5e9f06ffa72127f5bd2b6bac8174e333d51221","{""nit"":500,""nburn"":250,""nthin"":1,""nchains"":1,""ncores"":1,""convergence_control"":{""warn"":false},""seed"":10203,""convergence"":""core"",""verbose"":false}",20.96,"reported","ok",""
2,"st_csr_sbayesc","D1","01_finemapping","separated","1:157051348","locus1:CS1","ld_proxy",TRUE,1,NA,"ok","","separated",3003,2003,10203,"0.2.0","1.1.6","ae5e9f06ffa72127f5bd2b6bac8174e333d51221","{""nit"":500,""nburn"":250,""nthin"":1,""nchains"":1,""ncores"":1,""convergence_control"":{""warn"":false},""seed"":10203,""convergence"":""core"",""verbose"":false}",20.96,"reported","ok",""
2,"st_csr_sbayesc","D1","01_finemapping","separated","3:1118426","locus2:CS1","exact",TRUE,1,NA,"ok","","separated",3003,2003,10203,"0.2.0","1.1.6","ae5e9f06ffa72127f5bd2b6bac8174e333d51221","{""nit"":500,""nburn"":250,""nthin"":1,""nchains"":1,""ncores"":1,""convergence_control"":{""warn"":false},""seed"":10203,""convergence"":""core"",""verbose"":false}",20.96,"reported","ok",""
2,"st_csr_sbayesc","D1","01_finemapping","separated","3:1118426","locus2:CS1","ld_proxy",TRUE,1,NA,"ok","","separated",3003,2003,10203,"0.2.0","1.1.6","ae5e9f06ffa72127f5bd2b6bac8174e333d51221","{""nit"":500,""nburn"":250,""nthin"":1,""nchains"":1,""ncores"":1,""convergence_control"":{""warn"":false},""seed"":10203,""convergence"":""core"",""verbose"":false}",20.96,"reported","ok",""
2,"st_csr_sbayesc","D1","01_finemapping","separated","11:101507022","locus3:CS1","exact",TRUE,1,NA,"ok","","separated",3003,2003,10203,"0.2.0","1.1.6","ae5e9f06ffa72127f5bd2b6bac8174e333d51221","{""nit"":500,""nburn"":250,""nthin"":1,""nchains"":1,""ncores"":1,""convergence_control"":{""warn"":false},""seed"":10203,""convergence"":""core"",""verbose"":false}",20.96,"reported","ok",""
2,"st_csr_sbayesc","D1","01_finemapping","separated","11:101507022","locus3:CS1","ld_proxy",TRUE,1,NA,"ok","","separated",3003,2003,10203,"0.2.0","1.1.6","ae5e9f06ffa72127f5bd2b6bac8174e333d51221","{""nit"":500,""nburn"":250,""nthin"":1,""nchains"":1,""ncores"":1,""convergence_control"":{""warn"":false},""seed"":10203,""convergence"":""core"",""verbose"":false}",20.96,"reported","ok",""
2,"st_csr_sbayesc","D1","01_finemapping","separated","13:22714469","locus4:CS1","exact",TRUE,1,NA,"ok","","separated",3003,2003,10203,"0.2.0","1.1.6","ae5e9f06ffa72127f5bd2b6bac8174e333d51221","{""nit"":500,""nburn"":250,""nthin"":1,""nchains"":1,""ncores"":1,""convergence_control"":{""warn"":false},""seed"":10203,""convergence"":""core"",""verbose"":false}",20.96,"reported","ok",""
2,"st_csr_sbayesc","D1","01_finemapping","separated","13:22714469","locus4:CS1","ld_proxy",TRUE,1,NA,"ok","","separated",3003,2003,10203,"0.2.0","1.1.6","ae5e9f06ffa72127f5bd2b6bac8174e333d51221","{""nit"":500,""nburn"":250,""nthin"":1,""nchains"":1,""ncores"":1,""convergence_control"":{""warn"":false},""seed"":10203,""convergence"":""core"",""verbose"":false}",20.96,"reported","ok",""
2,"st_csr_sbayesc","D1","01_finemapping","separated","16:25534326","locus5:CS1","exact",TRUE,1,NA,"ok","","separated",3003,2003,10203,"0.2.0","1.1.6","ae5e9f06ffa72127f5bd2b6bac8174e333d51221","{""nit"":500,""nburn"":250,""nthin"":1,""nchains"":1,""ncores"":1,""convergence_control"":{""warn"":false},""seed"":10203,""convergence"":""core"",""verbose"":false}",20.96,"reported","ok",""
2,"st_csr_sbayesc","D1","01_finemapping","separated","16:25534326","locus5:CS1","ld_proxy",TRUE,1,NA,"ok","","separated",3003,2003,10203,"0.2.0","1.1.6","ae5e9f06ffa72127f5bd2b6bac8174e333d51221","{""nit"":500,""nburn"":250,""nthin"":1,""nchains"":1,""ncores"":1,""convergence_control"":{""warn"":false},""seed"":10203,""convergence"":""core"",""verbose"":false}",20.96,"reported","ok",""
2,"st_csr_sbayesc","D1","01_finemapping","separated","1:144698747","locus6:CS1","exact",TRUE,1,NA,"ok","","separated",3003,2003,10203,"0.2.0","1.1.6","ae5e9f06ffa72127f5bd2b6bac8174e333d51221","{""nit"":500,""nburn"":250,""nthin"":1,""nchains"":1,""ncores"":1,""convergence_control"":{""warn"":false},""seed"":10203,""convergence"":""core"",""verbose"":false}",20.96,"reported","ok",""
2,"st_csr_sbayesc","D1","01_finemapping","separated","1:144698747","locus6:CS1","ld_proxy",TRUE,1,NA,"ok","","separated",3003,2003,10203,"0.2.0","1.1.6","ae5e9f06ffa72127f5bd2b6bac8174e333d51221","{""nit"":500,""nburn"":250,""nthin"":1,""nchains"":1,""ncores"":1,""convergence_control"":{""warn"":false},""seed"":10203,""convergence"":""core"",""verbose"":false}",20.96,"reported","ok",""
2,"st_csr_sbayesr","D1","01_finemapping","separated","1:144698747","locus1:CS1","exact",TRUE,1,NA,"ok","","separated",3003,2003,10204,"0.2.0","1.1.6","ae5e9f06ffa72127f5bd2b6bac8174e333d51221","{""nit"":500,""nburn"":250,""nthin"":1,""nchains"":1,""ncores"":1,""convergence_control"":{""warn"":false},""seed"":10204,""convergence"":""core"",""verbose"":false}",54.8099999999999,"reported","ok",""
2,"st_csr_sbayesr","D1","01_finemapping","separated","1:144698747","locus1:CS1","ld_proxy",TRUE,1,NA,"ok","","separated",3003,2003,10204,"0.2.0","1.1.6","ae5e9f06ffa72127f5bd2b6bac8174e333d51221","{""nit"":500,""nburn"":250,""nthin"":1,""nchains"":1,""ncores"":1,""convergence_control"":{""warn"":false},""seed"":10204,""convergence"":""core"",""verbose"":false}",54.8099999999999,"reported","ok",""
2,"st_csr_sbayesr","D1","01_finemapping","separated","1:157051348","locus2:CS1","exact",TRUE,1,NA,"ok","","separated",3003,2003,10204,"0.2.0","1.1.6","ae5e9f06ffa72127f5bd2b6bac8174e333d51221","{""nit"":500,""nburn"":250,""nthin"":1,""nchains"":1,""ncores"":1,""convergence_control"":{""warn"":false},""seed"":10204,""convergence"":""core"",""verbose"":false}",54.8099999999999,"reported","ok",""
2,"st_csr_sbayesr","D1","01_finemapping","separated","1:157051348","locus2:CS1","ld_proxy",TRUE,1,NA,"ok","","separated",3003,2003,10204,"0.2.0","1.1.6","ae5e9f06ffa72127f5bd2b6bac8174e333d51221","{""nit"":500,""nburn"":250,""nthin"":1,""nchains"":1,""ncores"":1,""convergence_control"":{""warn"":false},""seed"":10204,""convergence"":""core"",""verbose"":false}",54.8099999999999,"reported","ok",""
2,"st_csr_sbayesr","D1","01_finemapping","separated","3:1118426","locus3:CS1","exact",TRUE,1,NA,"ok","","separated",3003,2003,10204,"0.2.0","1.1.6","ae5e9f06ffa72127f5bd2b6bac8174e333d51221","{""nit"":500,""nburn"":250,""nthin"":1,""nchains"":1,""ncores"":1,""convergence_control"":{""warn"":false},""seed"":10204,""convergence"":""core"",""verbose"":false}",54.8099999999999,"reported","ok",""
2,"st_csr_sbayesr","D1","01_finemapping","separated","3:1118426","locus3:CS1","ld_proxy",TRUE,1,NA,"ok","","separated",3003,2003,10204,"0.2.0","1.1.6","ae5e9f06ffa72127f5bd2b6bac8174e333d51221","{""nit"":500,""nburn"":250,""nthin"":1,""nchains"":1,""ncores"":1,""convergence_control"":{""warn"":false},""seed"":10204,""convergence"":""core"",""verbose"":false}",54.8099999999999,"reported","ok",""
2,"st_csr_sbayesr","D1","01_finemapping","separated","11:101507022","locus4:CS1","exact",TRUE,1,NA,"ok","","separated",3003,2003,10204,"0.2.0","1.1.6","ae5e9f06ffa72127f5bd2b6bac8174e333d51221","{""nit"":500,""nburn"":250,""nthin"":1,""nchains"":1,""ncores"":1,""convergence_control"":{""warn"":false},""seed"":10204,""convergence"":""core"",""verbose"":false}",54.8099999999999,"reported","ok",""
2,"st_csr_sbayesr","D1","01_finemapping","separated","11:101507022","locus4:CS1","ld_proxy",TRUE,1,NA,"ok","","separated",3003,2003,10204,"0.2.0","1.1.6","ae5e9f06ffa72127f5bd2b6bac8174e333d51221","{""nit"":500,""nburn"":250,""nthin"":1,""nchains"":1,""ncores"":1,""convergence_control"":{""warn"":false},""seed"":10204,""convergence"":""core"",""verbose"":false}",54.8099999999999,"reported","ok",""
2,"st_csr_sbayesr","D1","01_finemapping","separated","13:22714469","locus5:CS1","exact",TRUE,1,NA,"ok","","separated",3003,2003,10204,"0.2.0","1.1.6","ae5e9f06ffa72127f5bd2b6bac8174e333d51221","{""nit"":500,""nburn"":250,""nthin"":1,""nchains"":1,""ncores"":1,""convergence_control"":{""warn"":false},""seed"":10204,""convergence"":""core"",""verbose"":false}",54.8099999999999,"reported","ok",""
2,"st_csr_sbayesr","D1","01_finemapping","separated","13:22714469","locus5:CS1","ld_proxy",TRUE,1,NA,"ok","","separated",3003,2003,10204,"0.2.0","1.1.6","ae5e9f06ffa72127f5bd2b6bac8174e333d51221","{""nit"":500,""nburn"":250,""nthin"":1,""nchains"":1,""ncores"":1,""convergence_control"":{""warn"":false},""seed"":10204,""convergence"":""core"",""verbose"":false}",54.8099999999999,"reported","ok",""
2,"st_csr_sbayesr","D1","01_finemapping","separated","16:25534326","locus6:CS1","exact",TRUE,1,NA,"ok","","separated",3003,2003,10204,"0.2.0","1.1.6","ae5e9f06ffa72127f5bd2b6bac8174e333d51221","{""nit"":500,""nburn"":250,""nthin"":1,""nchains"":1,""ncores"":1,""convergence_control"":{""warn"":false},""seed"":10204,""convergence"":""core"",""verbose"":false}",54.8099999999999,"reported","ok",""
2,"st_csr_sbayesr","D1","01_finemapping","separated","16:25534326","locus6:CS1","ld_proxy",TRUE,1,NA,"ok","","separated",3003,2003,10204,"0.2.0","1.1.6","ae5e9f06ffa72127f5bd2b6bac8174e333d51221","{""nit"":500,""nburn"":250,""nthin"":1,""nchains"":1,""ncores"":1,""convergence_control"":{""warn"":false},""seed"":10204,""convergence"":""core"",""verbose"":false}",54.8099999999999,"reported","ok",""
3,"st_bed_bayesc","D1","01_finemapping","separated","2:14669510","locus1:CS1","exact",TRUE,1,NA,"ok","","separated",3004,2004,10301,"0.2.0","1.1.6","ae5e9f06ffa72127f5bd2b6bac8174e333d51221","{""nit"":500,""nburn"":250,""nthin"":1,""nchains"":1,""ncores"":1,""convergence_control"":{""warn"":false},""seed"":10301,""convergence"":""core"",""verbose"":false}",69.28,"reported","ok",""
3,"st_bed_bayesc","D1","01_finemapping","separated","2:14669510","locus1:CS1","ld_proxy",TRUE,1,NA,"ok","","separated",3004,2004,10301,"0.2.0","1.1.6","ae5e9f06ffa72127f5bd2b6bac8174e333d51221","{""nit"":500,""nburn"":250,""nthin"":1,""nchains"":1,""ncores"":1,""convergence_control"":{""warn"":false},""seed"":10301,""convergence"":""core"",""verbose"":false}",69.28,"reported","ok",""
3,"st_bed_bayesc","D1","01_finemapping","separated","2:126145781","locus2:CS1","exact",TRUE,1,NA,"ok","","separated",3004,2004,10301,"0.2.0","1.1.6","ae5e9f06ffa72127f5bd2b6bac8174e333d51221","{""nit"":500,""nburn"":250,""nthin"":1,""nchains"":1,""ncores"":1,""convergence_control"":{""warn"":false},""seed"":10301,""convergence"":""core"",""verbose"":false}",69.28,"reported","ok",""
3,"st_bed_bayesc","D1","01_finemapping","separated","2:126145781","locus2:CS1","ld_proxy",TRUE,1,NA,"ok","","separated",3004,2004,10301,"0.2.0","1.1.6","ae5e9f06ffa72127f5bd2b6bac8174e333d51221","{""nit"":500,""nburn"":250,""nthin"":1,""nchains"":1,""ncores"":1,""convergence_control"":{""warn"":false},""seed"":10301,""convergence"":""core"",""verbose"":false}",69.28,"reported","ok",""
3,"st_bed_bayesc","D1","01_finemapping","separated","4:163237944","locus3:CS1","exact",TRUE,1,NA,"ok","","separated",3004,2004,10301,"0.2.0","1.1.6","ae5e9f06ffa72127f5bd2b6bac8174e333d51221","{""nit"":500,""nburn"":250,""nthin"":1,""nchains"":1,""ncores"":1,""convergence_control"":{""warn"":false},""seed"":10301,""convergence"":""core"",""verbose"":false}",69.28,"reported","ok",""
3,"st_bed_bayesc","D1","01_finemapping","separated","4:163237944","locus3:CS1","ld_proxy",TRUE,1,NA,"ok","","separated",3004,2004,10301,"0.2.0","1.1.6","ae5e9f06ffa72127f5bd2b6bac8174e333d51221","{""nit"":500,""nburn"":250,""nthin"":1,""nchains"":1,""ncores"":1,""convergence_control"":{""warn"":false},""seed"":10301,""convergence"":""core"",""verbose"":false}",69.28,"reported","ok",""
3,"st_bed_bayesc","D1","01_finemapping","separated","7:114036921","locus4:CS1","exact",TRUE,1,NA,"ok","","separated",3004,2004,10301,"0.2.0","1.1.6","ae5e9f06ffa72127f5bd2b6bac8174e333d51221","{""nit"":500,""nburn"":250,""nthin"":1,""nchains"":1,""ncores"":1,""convergence_control"":{""warn"":false},""seed"":10301,""convergence"":""core"",""verbose"":false}",69.28,"reported","ok",""
3,"st_bed_bayesc","D1","01_finemapping","separated","7:114036921","locus4:CS1","ld_proxy",TRUE,1,NA,"ok","","separated",3004,2004,10301,"0.2.0","1.1.6","ae5e9f06ffa72127f5bd2b6bac8174e333d51221","{""nit"":500,""nburn"":250,""nthin"":1,""nchains"":1,""ncores"":1,""convergence_control"":{""warn"":false},""seed"":10301,""convergence"":""core"",""verbose"":false}",69.28,"reported","ok",""
3,"st_bed_bayesc","D1","01_finemapping","separated","10:80431928","locus5:CS1","exact",TRUE,1,NA,"ok","","separated",3004,2004,10301,"0.2.0","1.1.6","ae5e9f06ffa72127f5bd2b6bac8174e333d51221","{""nit"":500,""nburn"":250,""nthin"":1,""nchains"":1,""ncores"":1,""convergence_control"":{""warn"":false},""seed"":10301,""convergence"":""core"",""verbose"":false}",69.28,"reported","ok",""
3,"st_bed_bayesc","D1","01_finemapping","separated","10:80431928","locus5:CS1","ld_proxy",TRUE,1,NA,"ok","","separated",3004,2004,10301,"0.2.0","1.1.6","ae5e9f06ffa72127f5bd2b6bac8174e333d51221","{""nit"":500,""nburn"":250,""nthin"":1,""nchains"":1,""ncores"":1,""convergence_control"":{""warn"":false},""seed"":10301,""convergence"":""core"",""verbose"":false}",69.28,"reported","ok",""
3,"st_bed_bayesc","D1","01_finemapping","separated","12:128039360","locus6:CS1","exact",TRUE,1,NA,"ok","","separated",3004,2004,10301,"0.2.0","1.1.6","ae5e9f06ffa72127f5bd2b6bac8174e333d51221","{""nit"":500,""nburn"":250,""nthin"":1,""nchains"":1,""ncores"":1,""convergence_control"":{""warn"":false},""seed"":10301,""convergence"":""core"",""verbose"":false}",69.28,"reported","ok",""
3,"st_bed_bayesc","D1","01_finemapping","separated","12:128039360","locus6:CS1","ld_proxy",TRUE,1,NA,"ok","","separated",3004,2004,10301,"0.2.0","1.1.6","ae5e9f06ffa72127f5bd2b6bac8174e333d51221","{""nit"":500,""nburn"":250,""nthin"":1,""nchains"":1,""ncores"":1,""convergence_control"":{""warn"":false},""seed"":10301,""convergence"":""core"",""verbose"":false}",69.28,"reported","ok",""
3,"st_bed_bayesc","D1","01_finemapping","separated","16:4814767","locus7:CS1","exact",TRUE,1,NA,"ok","","separated",3004,2004,10301,"0.2.0","1.1.6","ae5e9f06ffa72127f5bd2b6bac8174e333d51221","{""nit"":500,""nburn"":250,""nthin"":1,""nchains"":1,""ncores"":1,""convergence_control"":{""warn"":false},""seed"":10301,""convergence"":""core"",""verbose"":false}",69.28,"reported","ok",""
3,"st_bed_bayesc","D1","01_finemapping","separated","16:4814767","locus7:CS1","ld_proxy",TRUE,1,NA,"ok","","separated",3004,2004,10301,"0.2.0","1.1.6","ae5e9f06ffa72127f5bd2b6bac8174e333d51221","{""nit"":500,""nburn"":250,""nthin"":1,""nchains"":1,""ncores"":1,""convergence_control"":{""warn"":false},""seed"":10301,""convergence"":""core"",""verbose"":false}",69.28,"reported","ok",""
3,"st_bed_bayesc","D1","01_finemapping","separated","20:52317443","locus8:CS1","exact",TRUE,1,NA,"ok","","separated",3004,2004,10301,"0.2.0","1.1.6","ae5e9f06ffa72127f5bd2b6bac8174e333d51221","{""nit"":500,""nburn"":250,""nthin"":1,""nchains"":1,""ncores"":1,""convergence_control"":{""warn"":false},""seed"":10301,""convergence"":""core"",""verbose"":false}",69.28,"reported","ok",""
3,"st_bed_bayesc","D1","01_finemapping","separated","20:52317443","locus8:CS1","ld_proxy",TRUE,1,NA,"ok","","separated",3004,2004,10301,"0.2.0","1.1.6","ae5e9f06ffa72127f5bd2b6bac8174e333d51221","{""nit"":500,""nburn"":250,""nthin"":1,""nchains"":1,""ncores"":1,""convergence_control"":{""warn"":false},""seed"":10301,""convergence"":""core"",""verbose"":false}",69.28,"reported","ok",""
3,"st_bed_bayesr","D1","01_finemapping","separated","2:14669510","locus1:CS1","exact",TRUE,1,NA,"ok","","separated",3004,2004,10302,"0.2.0","1.1.6","ae5e9f06ffa72127f5bd2b6bac8174e333d51221","{""nit"":500,""nburn"":250,""nthin"":1,""nchains"":1,""ncores"":1,""convergence_control"":{""warn"":false},""seed"":10302,""convergence"":""core"",""verbose"":false}",92.7199999999998,"reported","ok",""
3,"st_bed_bayesr","D1","01_finemapping","separated","2:14669510","locus1:CS1","ld_proxy",TRUE,1,NA,"ok","","separated",3004,2004,10302,"0.2.0","1.1.6","ae5e9f06ffa72127f5bd2b6bac8174e333d51221","{""nit"":500,""nburn"":250,""nthin"":1,""nchains"":1,""ncores"":1,""convergence_control"":{""warn"":false},""seed"":10302,""convergence"":""core"",""verbose"":false}",92.7199999999998,"reported","ok",""
3,"st_bed_bayesr","D1","01_finemapping","separated","2:126145781","locus2:CS1","exact",TRUE,1,NA,"ok","","separated",3004,2004,10302,"0.2.0","1.1.6","ae5e9f06ffa72127f5bd2b6bac8174e333d51221","{""nit"":500,""nburn"":250,""nthin"":1,""nchains"":1,""ncores"":1,""convergence_control"":{""warn"":false},""seed"":10302,""convergence"":""core"",""verbose"":false}",92.7199999999998,"reported","ok",""
3,"st_bed_bayesr","D1","01_finemapping","separated","2:126145781","locus2:CS1","ld_proxy",TRUE,1,NA,"ok","","separated",3004,2004,10302,"0.2.0","1.1.6","ae5e9f06ffa72127f5bd2b6bac8174e333d51221","{""nit"":500,""nburn"":250,""nthin"":1,""nchains"":1,""ncores"":1,""convergence_control"":{""warn"":false},""seed"":10302,""convergence"":""core"",""verbose"":false}",92.7199999999998,"reported","ok",""
3,"st_bed_bayesr","D1","01_finemapping","separated","4:163237944","locus3:CS1","exact",TRUE,1,NA,"ok","","separated",3004,2004,10302,"0.2.0","1.1.6","ae5e9f06ffa72127f5bd2b6bac8174e333d51221","{""nit"":500,""nburn"":250,""nthin"":1,""nchains"":1,""ncores"":1,""convergence_control"":{""warn"":false},""seed"":10302,""convergence"":""core"",""verbose"":false}",92.7199999999998,"reported","ok",""
3,"st_bed_bayesr","D1","01_finemapping","separated","4:163237944","locus3:CS1","ld_proxy",TRUE,1,NA,"ok","","separated",3004,2004,10302,"0.2.0","1.1.6","ae5e9f06ffa72127f5bd2b6bac8174e333d51221","{""nit"":500,""nburn"":250,""nthin"":1,""nchains"":1,""ncores"":1,""convergence_control"":{""warn"":false},""seed"":10302,""convergence"":""core"",""verbose"":false}",92.7199999999998,"reported","ok",""
3,"st_bed_bayesr","D1","01_finemapping","separated","7:114036921","locus4:CS1","exact",TRUE,1,NA,"ok","","separated",3004,2004,10302,"0.2.0","1.1.6","ae5e9f06ffa72127f5bd2b6bac8174e333d51221","{""nit"":500,""nburn"":250,""nthin"":1,""nchains"":1,""ncores"":1,""convergence_control"":{""warn"":false},""seed"":10302,""convergence"":""core"",""verbose"":false}",92.7199999999998,"reported","ok",""
3,"st_bed_bayesr","D1","01_finemapping","separated","7:114036921","locus4:CS1","ld_proxy",TRUE,1,NA,"ok","","separated",3004,2004,10302,"0.2.0","1.1.6","ae5e9f06ffa72127f5bd2b6bac8174e333d51221","{""nit"":500,""nburn"":250,""nthin"":1,""nchains"":1,""ncores"":1,""convergence_control"":{""warn"":false},""seed"":10302,""convergence"":""core"",""verbose"":false}",92.7199999999998,"reported","ok",""
3,"st_bed_bayesr","D1","01_finemapping","separated","10:80431928","locus5:CS1","exact",TRUE,1,NA,"ok","","separated",3004,2004,10302,"0.2.0","1.1.6","ae5e9f06ffa72127f5bd2b6bac8174e333d51221","{""nit"":500,""nburn"":250,""nthin"":1,""nchains"":1,""ncores"":1,""convergence_control"":{""warn"":false},""seed"":10302,""convergence"":""core"",""verbose"":false}",92.7199999999998,"reported","ok",""
3,"st_bed_bayesr","D1","01_finemapping","separated","10:80431928","locus5:CS1","ld_proxy",TRUE,1,NA,"ok","","separated",3004,2004,10302,"0.2.0","1.1.6","ae5e9f06ffa72127f5bd2b6bac8174e333d51221","{""nit"":500,""nburn"":250,""nthin"":1,""nchains"":1,""ncores"":1,""convergence_control"":{""warn"":false},""seed"":10302,""convergence"":""core"",""verbose"":false}",92.7199999999998,"reported","ok",""
3,"st_bed_bayesr","D1","01_finemapping","separated","12:128039360","locus6:CS1","exact",TRUE,1,NA,"ok","","separated",3004,2004,10302,"0.2.0","1.1.6","ae5e9f06ffa72127f5bd2b6bac8174e333d51221","{""nit"":500,""nburn"":250,""nthin"":1,""nchains"":1,""ncores"":1,""convergence_control"":{""warn"":false},""seed"":10302,""convergence"":""core"",""verbose"":false}",92.7199999999998,"reported","ok",""
3,"st_bed_bayesr","D1","01_finemapping","separated","12:128039360","locus6:CS1","ld_proxy",TRUE,1,NA,"ok","","separated",3004,2004,10302,"0.2.0","1.1.6","ae5e9f06ffa72127f5bd2b6bac8174e333d51221","{""nit"":500,""nburn"":250,""nthin"":1,""nchains"":1,""ncores"":1,""convergence_control"":{""warn"":false},""seed"":10302,""convergence"":""core"",""verbose"":false}",92.7199999999998,"reported","ok",""
3,"st_bed_bayesr","D1","01_finemapping","separated","16:4814767","locus7:CS1","exact",TRUE,1,NA,"ok","","separated",3004,2004,10302,"0.2.0","1.1.6","ae5e9f06ffa72127f5bd2b6bac8174e333d51221","{""nit"":500,""nburn"":250,""nthin"":1,""nchains"":1,""ncores"":1,""convergence_control"":{""warn"":false},""seed"":10302,""convergence"":""core"",""verbose"":false}",92.7199999999998,"reported","ok",""
3,"st_bed_bayesr","D1","01_finemapping","separated","16:4814767","locus7:CS1","ld_proxy",TRUE,1,NA,"ok","","separated",3004,2004,10302,"0.2.0","1.1.6","ae5e9f06ffa72127f5bd2b6bac8174e333d51221","{""nit"":500,""nburn"":250,""nthin"":1,""nchains"":1,""ncores"":1,""convergence_control"":{""warn"":false},""seed"":10302,""convergence"":""core"",""verbose"":false}",92.7199999999998,"reported","ok",""
3,"st_csr_sbayesc","D1","01_finemapping","separated","2:14669510","locus1:CS1","exact",TRUE,1,NA,"ok","","separated",3004,2004,10303,"0.2.0","1.1.6","ae5e9f06ffa72127f5bd2b6bac8174e333d51221","{""nit"":500,""nburn"":250,""nthin"":1,""nchains"":1,""ncores"":1,""convergence_control"":{""warn"":false},""seed"":10303,""convergence"":""core"",""verbose"":false}",20.7199999999998,"reported","ok",""
3,"st_csr_sbayesc","D1","01_finemapping","separated","2:14669510","locus1:CS1","ld_proxy",TRUE,1,NA,"ok","","separated",3004,2004,10303,"0.2.0","1.1.6","ae5e9f06ffa72127f5bd2b6bac8174e333d51221","{""nit"":500,""nburn"":250,""nthin"":1,""nchains"":1,""ncores"":1,""convergence_control"":{""warn"":false},""seed"":10303,""convergence"":""core"",""verbose"":false}",20.7199999999998,"reported","ok",""
3,"st_csr_sbayesc","D1","01_finemapping","separated","2:126145781","locus2:CS1","exact",TRUE,1,NA,"ok","","separated",3004,2004,10303,"0.2.0","1.1.6","ae5e9f06ffa72127f5bd2b6bac8174e333d51221","{""nit"":500,""nburn"":250,""nthin"":1,""nchains"":1,""ncores"":1,""convergence_control"":{""warn"":false},""seed"":10303,""convergence"":""core"",""verbose"":false}",20.7199999999998,"reported","ok",""
3,"st_csr_sbayesc","D1","01_finemapping","separated","2:126145781","locus2:CS1","ld_proxy",TRUE,1,NA,"ok","","separated",3004,2004,10303,"0.2.0","1.1.6","ae5e9f06ffa72127f5bd2b6bac8174e333d51221","{""nit"":500,""nburn"":250,""nthin"":1,""nchains"":1,""ncores"":1,""convergence_control"":{""warn"":false},""seed"":10303,""convergence"":""core"",""verbose"":false}",20.7199999999998,"reported","ok",""
3,"st_csr_sbayesc","D1","01_finemapping","separated","4:163237944","locus3:CS1","exact",TRUE,1,NA,"ok","","separated",3004,2004,10303,"0.2.0","1.1.6","ae5e9f06ffa72127f5bd2b6bac8174e333d51221","{""nit"":500,""nburn"":250,""nthin"":1,""nchains"":1,""ncores"":1,""convergence_control"":{""warn"":false},""seed"":10303,""convergence"":""core"",""verbose"":false}",20.7199999999998,"reported","ok",""
3,"st_csr_sbayesc","D1","01_finemapping","separated","4:163237944","locus3:CS1","ld_proxy",TRUE,1,NA,"ok","","separated",3004,2004,10303,"0.2.0","1.1.6","ae5e9f06ffa72127f5bd2b6bac8174e333d51221","{""nit"":500,""nburn"":250,""nthin"":1,""nchains"":1,""ncores"":1,""convergence_control"":{""warn"":false},""seed"":10303,""convergence"":""core"",""verbose"":false}",20.7199999999998,"reported","ok",""
3,"st_csr_sbayesc","D1","01_finemapping","separated","7:114036921","locus4:CS1","exact",TRUE,1,NA,"ok","","separated",3004,2004,10303,"0.2.0","1.1.6","ae5e9f06ffa72127f5bd2b6bac8174e333d51221","{""nit"":500,""nburn"":250,""nthin"":1,""nchains"":1,""ncores"":1,""convergence_control"":{""warn"":false},""seed"":10303,""convergence"":""core"",""verbose"":false}",20.7199999999998,"reported","ok",""
3,"st_csr_sbayesc","D1","01_finemapping","separated","7:114036921","locus4:CS1","ld_proxy",TRUE,1,NA,"ok","","separated",3004,2004,10303,"0.2.0","1.1.6","ae5e9f06ffa72127f5bd2b6bac8174e333d51221","{""nit"":500,""nburn"":250,""nthin"":1,""nchains"":1,""ncores"":1,""convergence_control"":{""warn"":false},""seed"":10303,""convergence"":""core"",""verbose"":false}",20.7199999999998,"reported","ok",""
3,"st_csr_sbayesc","D1","01_finemapping","separated","10:80431928","locus5:CS1","exact",TRUE,1,NA,"ok","","separated",3004,2004,10303,"0.2.0","1.1.6","ae5e9f06ffa72127f5bd2b6bac8174e333d51221","{""nit"":500,""nburn"":250,""nthin"":1,""nchains"":1,""ncores"":1,""convergence_control"":{""warn"":false},""seed"":10303,""convergence"":""core"",""verbose"":false}",20.7199999999998,"reported","ok",""
3,"st_csr_sbayesc","D1","01_finemapping","separated","10:80431928","locus5:CS1","ld_proxy",TRUE,1,NA,"ok","","separated",3004,2004,10303,"0.2.0","1.1.6","ae5e9f06ffa72127f5bd2b6bac8174e333d51221","{""nit"":500,""nburn"":250,""nthin"":1,""nchains"":1,""ncores"":1,""convergence_control"":{""warn"":false},""seed"":10303,""convergence"":""core"",""verbose"":false}",20.7199999999998,"reported","ok",""
3,"st_csr_sbayesc","D1","01_finemapping","separated","12:128039360","locus6:CS1","exact",TRUE,1,NA,"ok","","separated",3004,2004,10303,"0.2.0","1.1.6","ae5e9f06ffa72127f5bd2b6bac8174e333d51221","{""nit"":500,""nburn"":250,""nthin"":1,""nchains"":1,""ncores"":1,""convergence_control"":{""warn"":false},""seed"":10303,""convergence"":""core"",""verbose"":false}",20.7199999999998,"reported","ok",""
3,"st_csr_sbayesc","D1","01_finemapping","separated","12:128039360","locus6:CS1","ld_proxy",TRUE,1,NA,"ok","","separated",3004,2004,10303,"0.2.0","1.1.6","ae5e9f06ffa72127f5bd2b6bac8174e333d51221","{""nit"":500,""nburn"":250,""nthin"":1,""nchains"":1,""ncores"":1,""convergence_control"":{""warn"":false},""seed"":10303,""convergence"":""core"",""verbose"":false}",20.7199999999998,"reported","ok",""
3,"st_csr_sbayesc","D1","01_finemapping","separated","16:4814767","locus7:CS1","exact",TRUE,1,NA,"ok","","separated",3004,2004,10303,"0.2.0","1.1.6","ae5e9f06ffa72127f5bd2b6bac8174e333d51221","{""nit"":500,""nburn"":250,""nthin"":1,""nchains"":1,""ncores"":1,""convergence_control"":{""warn"":false},""seed"":10303,""convergence"":""core"",""verbose"":false}",20.7199999999998,"reported","ok",""
3,"st_csr_sbayesc","D1","01_finemapping","separated","16:4814767","locus7:CS1","ld_proxy",TRUE,1,NA,"ok","","separated",3004,2004,10303,"0.2.0","1.1.6","ae5e9f06ffa72127f5bd2b6bac8174e333d51221","{""nit"":500,""nburn"":250,""nthin"":1,""nchains"":1,""ncores"":1,""convergence_control"":{""warn"":false},""seed"":10303,""convergence"":""core"",""verbose"":false}",20.7199999999998,"reported","ok",""
3,"st_csr_sbayesc","D1","01_finemapping","separated","20:52317443","locus8:CS1","exact",TRUE,1,NA,"ok","","separated",3004,2004,10303,"0.2.0","1.1.6","ae5e9f06ffa72127f5bd2b6bac8174e333d51221","{""nit"":500,""nburn"":250,""nthin"":1,""nchains"":1,""ncores"":1,""convergence_control"":{""warn"":false},""seed"":10303,""convergence"":""core"",""verbose"":false}",20.7199999999998,"reported","ok",""
3,"st_csr_sbayesc","D1","01_finemapping","separated","20:52317443","locus8:CS1","ld_proxy",TRUE,1,NA,"ok","","separated",3004,2004,10303,"0.2.0","1.1.6","ae5e9f06ffa72127f5bd2b6bac8174e333d51221","{""nit"":500,""nburn"":250,""nthin"":1,""nchains"":1,""ncores"":1,""convergence_control"":{""warn"":false},""seed"":10303,""convergence"":""core"",""verbose"":false}",20.7199999999998,"reported","ok",""
3,"st_csr_sbayesr","D1","01_finemapping","separated","2:14669510","locus1:CS1","exact",TRUE,1,NA,"ok","","separated",3004,2004,10304,"0.2.0","1.1.6","ae5e9f06ffa72127f5bd2b6bac8174e333d51221","{""nit"":500,""nburn"":250,""nthin"":1,""nchains"":1,""ncores"":1,""convergence_control"":{""warn"":false},""seed"":10304,""convergence"":""core"",""verbose"":false}",54.52,"reported","ok",""
3,"st_csr_sbayesr","D1","01_finemapping","separated","2:14669510","locus1:CS1","ld_proxy",TRUE,1,NA,"ok","","separated",3004,2004,10304,"0.2.0","1.1.6","ae5e9f06ffa72127f5bd2b6bac8174e333d51221","{""nit"":500,""nburn"":250,""nthin"":1,""nchains"":1,""ncores"":1,""convergence_control"":{""warn"":false},""seed"":10304,""convergence"":""core"",""verbose"":false}",54.52,"reported","ok",""
3,"st_csr_sbayesr","D1","01_finemapping","separated","2:126145781","locus2:CS1","exact",TRUE,1,NA,"ok","","separated",3004,2004,10304,"0.2.0","1.1.6","ae5e9f06ffa72127f5bd2b6bac8174e333d51221","{""nit"":500,""nburn"":250,""nthin"":1,""nchains"":1,""ncores"":1,""convergence_control"":{""warn"":false},""seed"":10304,""convergence"":""core"",""verbose"":false}",54.52,"reported","ok",""
3,"st_csr_sbayesr","D1","01_finemapping","separated","2:126145781","locus2:CS1","ld_proxy",TRUE,1,NA,"ok","","separated",3004,2004,10304,"0.2.0","1.1.6","ae5e9f06ffa72127f5bd2b6bac8174e333d51221","{""nit"":500,""nburn"":250,""nthin"":1,""nchains"":1,""ncores"":1,""convergence_control"":{""warn"":false},""seed"":10304,""convergence"":""core"",""verbose"":false}",54.52,"reported","ok",""
3,"st_csr_sbayesr","D1","01_finemapping","separated","4:163237944","locus3:CS1","exact",TRUE,1,NA,"ok","","separated",3004,2004,10304,"0.2.0","1.1.6","ae5e9f06ffa72127f5bd2b6bac8174e333d51221","{""nit"":500,""nburn"":250,""nthin"":1,""nchains"":1,""ncores"":1,""convergence_control"":{""warn"":false},""seed"":10304,""convergence"":""core"",""verbose"":false}",54.52,"reported","ok",""
3,"st_csr_sbayesr","D1","01_finemapping","separated","4:163237944","locus3:CS1","ld_proxy",TRUE,1,NA,"ok","","separated",3004,2004,10304,"0.2.0","1.1.6","ae5e9f06ffa72127f5bd2b6bac8174e333d51221","{""nit"":500,""nburn"":250,""nthin"":1,""nchains"":1,""ncores"":1,""convergence_control"":{""warn"":false},""seed"":10304,""convergence"":""core"",""verbose"":false}",54.52,"reported","ok",""
3,"st_csr_sbayesr","D1","01_finemapping","separated","7:114036921","locus4:CS1","exact",TRUE,1,NA,"ok","","separated",3004,2004,10304,"0.2.0","1.1.6","ae5e9f06ffa72127f5bd2b6bac8174e333d51221","{""nit"":500,""nburn"":250,""nthin"":1,""nchains"":1,""ncores"":1,""convergence_control"":{""warn"":false},""seed"":10304,""convergence"":""core"",""verbose"":false}",54.52,"reported","ok",""
3,"st_csr_sbayesr","D1","01_finemapping","separated","7:114036921","locus4:CS1","ld_proxy",TRUE,1,NA,"ok","","separated",3004,2004,10304,"0.2.0","1.1.6","ae5e9f06ffa72127f5bd2b6bac8174e333d51221","{""nit"":500,""nburn"":250,""nthin"":1,""nchains"":1,""ncores"":1,""convergence_control"":{""warn"":false},""seed"":10304,""convergence"":""core"",""verbose"":false}",54.52,"reported","ok",""
3,"st_csr_sbayesr","D1","01_finemapping","separated","10:80431928","locus5:CS1","exact",TRUE,1,NA,"ok","","separated",3004,2004,10304,"0.2.0","1.1.6","ae5e9f06ffa72127f5bd2b6bac8174e333d51221","{""nit"":500,""nburn"":250,""nthin"":1,""nchains"":1,""ncores"":1,""convergence_control"":{""warn"":false},""seed"":10304,""convergence"":""core"",""verbose"":false}",54.52,"reported","ok",""
3,"st_csr_sbayesr","D1","01_finemapping","separated","10:80431928","locus5:CS1","ld_proxy",TRUE,1,NA,"ok","","separated",3004,2004,10304,"0.2.0","1.1.6","ae5e9f06ffa72127f5bd2b6bac8174e333d51221","{""nit"":500,""nburn"":250,""nthin"":1,""nchains"":1,""ncores"":1,""convergence_control"":{""warn"":false},""seed"":10304,""convergence"":""core"",""verbose"":false}",54.52,"reported","ok",""
3,"st_csr_sbayesr","D1","01_finemapping","separated","12:128039360","locus6:CS1","exact",TRUE,1,NA,"ok","","separated",3004,2004,10304,"0.2.0","1.1.6","ae5e9f06ffa72127f5bd2b6bac8174e333d51221","{""nit"":500,""nburn"":250,""nthin"":1,""nchains"":1,""ncores"":1,""convergence_control"":{""warn"":false},""seed"":10304,""convergence"":""core"",""verbose"":false}",54.52,"reported","ok",""
3,"st_csr_sbayesr","D1","01_finemapping","separated","12:128039360","locus6:CS1","ld_proxy",TRUE,1,NA,"ok","","separated",3004,2004,10304,"0.2.0","1.1.6","ae5e9f06ffa72127f5bd2b6bac8174e333d51221","{""nit"":500,""nburn"":250,""nthin"":1,""nchains"":1,""ncores"":1,""convergence_control"":{""warn"":false},""seed"":10304,""convergence"":""core"",""verbose"":false}",54.52,"reported","ok",""
3,"st_csr_sbayesr","D1","01_finemapping","separated","16:4814767","locus7:CS1","exact",TRUE,1,NA,"ok","","separated",3004,2004,10304,"0.2.0","1.1.6","ae5e9f06ffa72127f5bd2b6bac8174e333d51221","{""nit"":500,""nburn"":250,""nthin"":1,""nchains"":1,""ncores"":1,""convergence_control"":{""warn"":false},""seed"":10304,""convergence"":""core"",""verbose"":false}",54.52,"reported","ok",""
3,"st_csr_sbayesr","D1","01_finemapping","separated","16:4814767","locus7:CS1","ld_proxy",TRUE,1,NA,"ok","","separated",3004,2004,10304,"0.2.0","1.1.6","ae5e9f06ffa72127f5bd2b6bac8174e333d51221","{""nit"":500,""nburn"":250,""nthin"":1,""nchains"":1,""ncores"":1,""convergence_control"":{""warn"":false},""seed"":10304,""convergence"":""core"",""verbose"":false}",54.52,"reported","ok",""
3,"st_csr_sbayesr","D1","01_finemapping","separated","20:52317443","locus8:CS1","exact",TRUE,1,NA,"ok","","separated",3004,2004,10304,"0.2.0","1.1.6","ae5e9f06ffa72127f5bd2b6bac8174e333d51221","{""nit"":500,""nburn"":250,""nthin"":1,""nchains"":1,""ncores"":1,""convergence_control"":{""warn"":false},""seed"":10304,""convergence"":""core"",""verbose"":false}",54.52,"reported","ok",""
3,"st_csr_sbayesr","D1","01_finemapping","separated","20:52317443","locus8:CS1","ld_proxy",TRUE,1,NA,"ok","","separated",3004,2004,10304,"0.2.0","1.1.6","ae5e9f06ffa72127f5bd2b6bac8174e333d51221","{""nit"":500,""nburn"":250,""nthin"":1,""nchains"":1,""ncores"":1,""convergence_control"":{""warn"":false},""seed"":10304,""convergence"":""core"",""verbose"":false}",54.52,"reported","ok",""
4,"st_bed_bayesc","D1","01_finemapping","separated","1:32232942","locus1:CS1","exact",TRUE,1,NA,"ok","","separated",3005,2005,10401,"0.2.0","1.1.6","ae5e9f06ffa72127f5bd2b6bac8174e333d51221","{""nit"":500,""nburn"":250,""nthin"":1,""nchains"":1,""ncores"":1,""convergence_control"":{""warn"":false},""seed"":10401,""convergence"":""core"",""verbose"":false}",71.1599999999999,"reported","ok",""
4,"st_bed_bayesc","D1","01_finemapping","separated","1:32232942","locus1:CS1","ld_proxy",TRUE,1,NA,"ok","","separated",3005,2005,10401,"0.2.0","1.1.6","ae5e9f06ffa72127f5bd2b6bac8174e333d51221","{""nit"":500,""nburn"":250,""nthin"":1,""nchains"":1,""ncores"":1,""convergence_control"":{""warn"":false},""seed"":10401,""convergence"":""core"",""verbose"":false}",71.1599999999999,"reported","ok",""
4,"st_bed_bayesc","D1","01_finemapping","separated","2:152543706","locus2:CS1","exact",TRUE,1,NA,"ok","","separated",3005,2005,10401,"0.2.0","1.1.6","ae5e9f06ffa72127f5bd2b6bac8174e333d51221","{""nit"":500,""nburn"":250,""nthin"":1,""nchains"":1,""ncores"":1,""convergence_control"":{""warn"":false},""seed"":10401,""convergence"":""core"",""verbose"":false}",71.1599999999999,"reported","ok",""
4,"st_bed_bayesc","D1","01_finemapping","separated","2:152543706","locus2:CS1","ld_proxy",TRUE,1,NA,"ok","","separated",3005,2005,10401,"0.2.0","1.1.6","ae5e9f06ffa72127f5bd2b6bac8174e333d51221","{""nit"":500,""nburn"":250,""nthin"":1,""nchains"":1,""ncores"":1,""convergence_control"":{""warn"":false},""seed"":10401,""convergence"":""core"",""verbose"":false}",71.1599999999999,"reported","ok",""
4,"st_bed_bayesc","D1","01_finemapping","separated","2:214091971","locus3:CS1","exact",TRUE,1,NA,"ok","","separated",3005,2005,10401,"0.2.0","1.1.6","ae5e9f06ffa72127f5bd2b6bac8174e333d51221","{""nit"":500,""nburn"":250,""nthin"":1,""nchains"":1,""ncores"":1,""convergence_control"":{""warn"":false},""seed"":10401,""convergence"":""core"",""verbose"":false}",71.1599999999999,"reported","ok",""
4,"st_bed_bayesc","D1","01_finemapping","separated","2:214091971","locus3:CS1","ld_proxy",TRUE,1,NA,"ok","","separated",3005,2005,10401,"0.2.0","1.1.6","ae5e9f06ffa72127f5bd2b6bac8174e333d51221","{""nit"":500,""nburn"":250,""nthin"":1,""nchains"":1,""ncores"":1,""convergence_control"":{""warn"":false},""seed"":10401,""convergence"":""core"",""verbose"":false}",71.1599999999999,"reported","ok",""
4,"st_bed_bayesc","D1","01_finemapping","separated","12:25589049","locus4:CS1","exact",TRUE,1,NA,"ok","","separated",3005,2005,10401,"0.2.0","1.1.6","ae5e9f06ffa72127f5bd2b6bac8174e333d51221","{""nit"":500,""nburn"":250,""nthin"":1,""nchains"":1,""ncores"":1,""convergence_control"":{""warn"":false},""seed"":10401,""convergence"":""core"",""verbose"":false}",71.1599999999999,"reported","ok",""
4,"st_bed_bayesc","D1","01_finemapping","separated","12:25589049","locus4:CS1","ld_proxy",TRUE,1,NA,"ok","","separated",3005,2005,10401,"0.2.0","1.1.6","ae5e9f06ffa72127f5bd2b6bac8174e333d51221","{""nit"":500,""nburn"":250,""nthin"":1,""nchains"":1,""ncores"":1,""convergence_control"":{""warn"":false},""seed"":10401,""convergence"":""core"",""verbose"":false}",71.1599999999999,"reported","ok",""
4,"st_bed_bayesr","D1","01_finemapping","separated","1:32232942","locus1:CS1","exact",TRUE,1,NA,"ok","","separated",3005,2005,10402,"0.2.0","1.1.6","ae5e9f06ffa72127f5bd2b6bac8174e333d51221","{""nit"":500,""nburn"":250,""nthin"":1,""nchains"":1,""ncores"":1,""convergence_control"":{""warn"":false},""seed"":10402,""convergence"":""core"",""verbose"":false}",93.0300000000002,"reported","ok",""
4,"st_bed_bayesr","D1","01_finemapping","separated","1:32232942","locus1:CS1","ld_proxy",TRUE,1,NA,"ok","","separated",3005,2005,10402,"0.2.0","1.1.6","ae5e9f06ffa72127f5bd2b6bac8174e333d51221","{""nit"":500,""nburn"":250,""nthin"":1,""nchains"":1,""ncores"":1,""convergence_control"":{""warn"":false},""seed"":10402,""convergence"":""core"",""verbose"":false}",93.0300000000002,"reported","ok",""
4,"st_bed_bayesr","D1","01_finemapping","separated","2:152543706","locus2:CS1","exact",TRUE,1,NA,"ok","","separated",3005,2005,10402,"0.2.0","1.1.6","ae5e9f06ffa72127f5bd2b6bac8174e333d51221","{""nit"":500,""nburn"":250,""nthin"":1,""nchains"":1,""ncores"":1,""convergence_control"":{""warn"":false},""seed"":10402,""convergence"":""core"",""verbose"":false}",93.0300000000002,"reported","ok",""
4,"st_bed_bayesr","D1","01_finemapping","separated","2:152543706","locus2:CS1","ld_proxy",TRUE,1,NA,"ok","","separated",3005,2005,10402,"0.2.0","1.1.6","ae5e9f06ffa72127f5bd2b6bac8174e333d51221","{""nit"":500,""nburn"":250,""nthin"":1,""nchains"":1,""ncores"":1,""convergence_control"":{""warn"":false},""seed"":10402,""convergence"":""core"",""verbose"":false}",93.0300000000002,"reported","ok",""
4,"st_bed_bayesr","D1","01_finemapping","separated","2:214091971","locus3:CS1","exact",TRUE,1,NA,"ok","","separated",3005,2005,10402,"0.2.0","1.1.6","ae5e9f06ffa72127f5bd2b6bac8174e333d51221","{""nit"":500,""nburn"":250,""nthin"":1,""nchains"":1,""ncores"":1,""convergence_control"":{""warn"":false},""seed"":10402,""convergence"":""core"",""verbose"":false}",93.0300000000002,"reported","ok",""
4,"st_bed_bayesr","D1","01_finemapping","separated","2:214091971","locus3:CS1","ld_proxy",TRUE,1,NA,"ok","","separated",3005,2005,10402,"0.2.0","1.1.6","ae5e9f06ffa72127f5bd2b6bac8174e333d51221","{""nit"":500,""nburn"":250,""nthin"":1,""nchains"":1,""ncores"":1,""convergence_control"":{""warn"":false},""seed"":10402,""convergence"":""core"",""verbose"":false}",93.0300000000002,"reported","ok",""
4,"st_bed_bayesr","D1","01_finemapping","separated","12:25589049","locus4:CS1","exact",TRUE,1,NA,"ok","","separated",3005,2005,10402,"0.2.0","1.1.6","ae5e9f06ffa72127f5bd2b6bac8174e333d51221","{""nit"":500,""nburn"":250,""nthin"":1,""nchains"":1,""ncores"":1,""convergence_control"":{""warn"":false},""seed"":10402,""convergence"":""core"",""verbose"":false}",93.0300000000002,"reported","ok",""
4,"st_bed_bayesr","D1","01_finemapping","separated","12:25589049","locus4:CS1","ld_proxy",TRUE,1,NA,"ok","","separated",3005,2005,10402,"0.2.0","1.1.6","ae5e9f06ffa72127f5bd2b6bac8174e333d51221","{""nit"":500,""nburn"":250,""nthin"":1,""nchains"":1,""ncores"":1,""convergence_control"":{""warn"":false},""seed"":10402,""convergence"":""core"",""verbose"":false}",93.0300000000002,"reported","ok",""
4,"st_csr_sbayesc","D1","01_finemapping","separated","1:32232942","locus1:CS1","exact",TRUE,1,NA,"ok","","separated",3005,2005,10403,"0.2.0","1.1.6","ae5e9f06ffa72127f5bd2b6bac8174e333d51221","{""nit"":500,""nburn"":250,""nthin"":1,""nchains"":1,""ncores"":1,""convergence_control"":{""warn"":false},""seed"":10403,""convergence"":""core"",""verbose"":false}",20.3199999999997,"reported","ok",""
4,"st_csr_sbayesc","D1","01_finemapping","separated","1:32232942","locus1:CS1","ld_proxy",TRUE,1,NA,"ok","","separated",3005,2005,10403,"0.2.0","1.1.6","ae5e9f06ffa72127f5bd2b6bac8174e333d51221","{""nit"":500,""nburn"":250,""nthin"":1,""nchains"":1,""ncores"":1,""convergence_control"":{""warn"":false},""seed"":10403,""convergence"":""core"",""verbose"":false}",20.3199999999997,"reported","ok",""
4,"st_csr_sbayesc","D1","01_finemapping","separated","2:152543706","locus2:CS1","exact",TRUE,1,NA,"ok","","separated",3005,2005,10403,"0.2.0","1.1.6","ae5e9f06ffa72127f5bd2b6bac8174e333d51221","{""nit"":500,""nburn"":250,""nthin"":1,""nchains"":1,""ncores"":1,""convergence_control"":{""warn"":false},""seed"":10403,""convergence"":""core"",""verbose"":false}",20.3199999999997,"reported","ok",""
4,"st_csr_sbayesc","D1","01_finemapping","separated","2:152543706","locus2:CS1","ld_proxy",TRUE,1,NA,"ok","","separated",3005,2005,10403,"0.2.0","1.1.6","ae5e9f06ffa72127f5bd2b6bac8174e333d51221","{""nit"":500,""nburn"":250,""nthin"":1,""nchains"":1,""ncores"":1,""convergence_control"":{""warn"":false},""seed"":10403,""convergence"":""core"",""verbose"":false}",20.3199999999997,"reported","ok",""
4,"st_csr_sbayesc","D1","01_finemapping","separated","2:214091971","locus3:CS1","exact",TRUE,1,NA,"ok","","separated",3005,2005,10403,"0.2.0","1.1.6","ae5e9f06ffa72127f5bd2b6bac8174e333d51221","{""nit"":500,""nburn"":250,""nthin"":1,""nchains"":1,""ncores"":1,""convergence_control"":{""warn"":false},""seed"":10403,""convergence"":""core"",""verbose"":false}",20.3199999999997,"reported","ok",""
4,"st_csr_sbayesc","D1","01_finemapping","separated","2:214091971","locus3:CS1","ld_proxy",TRUE,1,NA,"ok","","separated",3005,2005,10403,"0.2.0","1.1.6","ae5e9f06ffa72127f5bd2b6bac8174e333d51221","{""nit"":500,""nburn"":250,""nthin"":1,""nchains"":1,""ncores"":1,""convergence_control"":{""warn"":false},""seed"":10403,""convergence"":""core"",""verbose"":false}",20.3199999999997,"reported","ok",""
4,"st_csr_sbayesc","D1","01_finemapping","separated","12:25589049","locus4:CS1","exact",TRUE,1,NA,"ok","","separated",3005,2005,10403,"0.2.0","1.1.6","ae5e9f06ffa72127f5bd2b6bac8174e333d51221","{""nit"":500,""nburn"":250,""nthin"":1,""nchains"":1,""ncores"":1,""convergence_control"":{""warn"":false},""seed"":10403,""convergence"":""core"",""verbose"":false}",20.3199999999997,"reported","ok",""
4,"st_csr_sbayesc","D1","01_finemapping","separated","12:25589049","locus4:CS1","ld_proxy",TRUE,1,NA,"ok","","separated",3005,2005,10403,"0.2.0","1.1.6","ae5e9f06ffa72127f5bd2b6bac8174e333d51221","{""nit"":500,""nburn"":250,""nthin"":1,""nchains"":1,""ncores"":1,""convergence_control"":{""warn"":false},""seed"":10403,""convergence"":""core"",""verbose"":false}",20.3199999999997,"reported","ok",""
4,"st_csr_sbayesr","D1","01_finemapping","separated","1:32232942","locus1:CS1","exact",TRUE,1,NA,"ok","","separated",3005,2005,10404,"0.2.0","1.1.6","ae5e9f06ffa72127f5bd2b6bac8174e333d51221","{""nit"":500,""nburn"":250,""nthin"":1,""nchains"":1,""ncores"":1,""convergence_control"":{""warn"":false},""seed"":10404,""convergence"":""core"",""verbose"":false}",54.6500000000001,"reported","ok",""
4,"st_csr_sbayesr","D1","01_finemapping","separated","1:32232942","locus1:CS1","ld_proxy",TRUE,1,NA,"ok","","separated",3005,2005,10404,"0.2.0","1.1.6","ae5e9f06ffa72127f5bd2b6bac8174e333d51221","{""nit"":500,""nburn"":250,""nthin"":1,""nchains"":1,""ncores"":1,""convergence_control"":{""warn"":false},""seed"":10404,""convergence"":""core"",""verbose"":false}",54.6500000000001,"reported","ok",""
4,"st_csr_sbayesr","D1","01_finemapping","separated","2:152543706","locus2:CS1","exact",TRUE,1,NA,"ok","","separated",3005,2005,10404,"0.2.0","1.1.6","ae5e9f06ffa72127f5bd2b6bac8174e333d51221","{""nit"":500,""nburn"":250,""nthin"":1,""nchains"":1,""ncores"":1,""convergence_control"":{""warn"":false},""seed"":10404,""convergence"":""core"",""verbose"":false}",54.6500000000001,"reported","ok",""
4,"st_csr_sbayesr","D1","01_finemapping","separated","2:152543706","locus2:CS1","ld_proxy",TRUE,1,NA,"ok","","separated",3005,2005,10404,"0.2.0","1.1.6","ae5e9f06ffa72127f5bd2b6bac8174e333d51221","{""nit"":500,""nburn"":250,""nthin"":1,""nchains"":1,""ncores"":1,""convergence_control"":{""warn"":false},""seed"":10404,""convergence"":""core"",""verbose"":false}",54.6500000000001,"reported","ok",""
4,"st_csr_sbayesr","D1","01_finemapping","separated","2:214091971","locus3:CS1","exact",TRUE,1,NA,"ok","","separated",3005,2005,10404,"0.2.0","1.1.6","ae5e9f06ffa72127f5bd2b6bac8174e333d51221","{""nit"":500,""nburn"":250,""nthin"":1,""nchains"":1,""ncores"":1,""convergence_control"":{""warn"":false},""seed"":10404,""convergence"":""core"",""verbose"":false}",54.6500000000001,"reported","ok",""
4,"st_csr_sbayesr","D1","01_finemapping","separated","2:214091971","locus3:CS1","ld_proxy",TRUE,1,NA,"ok","","separated",3005,2005,10404,"0.2.0","1.1.6","ae5e9f06ffa72127f5bd2b6bac8174e333d51221","{""nit"":500,""nburn"":250,""nthin"":1,""nchains"":1,""ncores"":1,""convergence_control"":{""warn"":false},""seed"":10404,""convergence"":""core"",""verbose"":false}",54.6500000000001,"reported","ok",""
4,"st_csr_sbayesr","D1","01_finemapping","separated","12:25589049","locus4:CS1","exact",TRUE,1,NA,"ok","","separated",3005,2005,10404,"0.2.0","1.1.6","ae5e9f06ffa72127f5bd2b6bac8174e333d51221","{""nit"":500,""nburn"":250,""nthin"":1,""nchains"":1,""ncores"":1,""convergence_control"":{""warn"":false},""seed"":10404,""convergence"":""core"",""verbose"":false}",54.6500000000001,"reported","ok",""
4,"st_csr_sbayesr","D1","01_finemapping","separated","12:25589049","locus4:CS1","ld_proxy",TRUE,1,NA,"ok","","separated",3005,2005,10404,"0.2.0","1.1.6","ae5e9f06ffa72127f5bd2b6bac8174e333d51221","{""nit"":500,""nburn"":250,""nthin"":1,""nchains"":1,""ncores"":1,""convergence_control"":{""warn"":false},""seed"":10404,""convergence"":""core"",""verbose"":false}",54.6500000000001,"reported","ok",""
5,"st_bed_bayesc","D1","01_finemapping","separated","1:14628444","locus1:CS1","exact",TRUE,1,NA,"ok","","separated",3006,2006,10501,"0.2.0","1.1.6","ae5e9f06ffa72127f5bd2b6bac8174e333d51221","{""nit"":500,""nburn"":250,""nthin"":1,""nchains"":1,""ncores"":1,""convergence_control"":{""warn"":false},""seed"":10501,""convergence"":""core"",""verbose"":false}",70.1700000000001,"reported","ok",""
5,"st_bed_bayesc","D1","01_finemapping","separated","1:14628444","locus1:CS1","ld_proxy",TRUE,1,NA,"ok","","separated",3006,2006,10501,"0.2.0","1.1.6","ae5e9f06ffa72127f5bd2b6bac8174e333d51221","{""nit"":500,""nburn"":250,""nthin"":1,""nchains"":1,""ncores"":1,""convergence_control"":{""warn"":false},""seed"":10501,""convergence"":""core"",""verbose"":false}",70.1700000000001,"reported","ok",""
5,"st_bed_bayesc","D1","01_finemapping","separated","9:121096343","locus2:CS1","exact",TRUE,1,NA,"ok","","separated",3006,2006,10501,"0.2.0","1.1.6","ae5e9f06ffa72127f5bd2b6bac8174e333d51221","{""nit"":500,""nburn"":250,""nthin"":1,""nchains"":1,""ncores"":1,""convergence_control"":{""warn"":false},""seed"":10501,""convergence"":""core"",""verbose"":false}",70.1700000000001,"reported","ok",""
5,"st_bed_bayesc","D1","01_finemapping","separated","9:121096343","locus2:CS1","ld_proxy",TRUE,1,NA,"ok","","separated",3006,2006,10501,"0.2.0","1.1.6","ae5e9f06ffa72127f5bd2b6bac8174e333d51221","{""nit"":500,""nburn"":250,""nthin"":1,""nchains"":1,""ncores"":1,""convergence_control"":{""warn"":false},""seed"":10501,""convergence"":""core"",""verbose"":false}",70.1700000000001,"reported","ok",""
5,"st_bed_bayesc","D1","01_finemapping","separated","12:59656614","locus3:CS1","exact",TRUE,1,NA,"ok","","separated",3006,2006,10501,"0.2.0","1.1.6","ae5e9f06ffa72127f5bd2b6bac8174e333d51221","{""nit"":500,""nburn"":250,""nthin"":1,""nchains"":1,""ncores"":1,""convergence_control"":{""warn"":false},""seed"":10501,""convergence"":""core"",""verbose"":false}",70.1700000000001,"reported","ok",""
5,"st_bed_bayesc","D1","01_finemapping","separated","12:59656614","locus3:CS1","ld_proxy",TRUE,1,NA,"ok","","separated",3006,2006,10501,"0.2.0","1.1.6","ae5e9f06ffa72127f5bd2b6bac8174e333d51221","{""nit"":500,""nburn"":250,""nthin"":1,""nchains"":1,""ncores"":1,""convergence_control"":{""warn"":false},""seed"":10501,""convergence"":""core"",""verbose"":false}",70.1700000000001,"reported","ok",""
5,"st_bed_bayesc","D1","01_finemapping","separated","12:67831306","locus4:CS1","exact",TRUE,1,NA,"ok","","separated",3006,2006,10501,"0.2.0","1.1.6","ae5e9f06ffa72127f5bd2b6bac8174e333d51221","{""nit"":500,""nburn"":250,""nthin"":1,""nchains"":1,""ncores"":1,""convergence_control"":{""warn"":false},""seed"":10501,""convergence"":""core"",""verbose"":false}",70.1700000000001,"reported","ok",""
5,"st_bed_bayesc","D1","01_finemapping","separated","12:67831306","locus4:CS1","ld_proxy",TRUE,1,NA,"ok","","separated",3006,2006,10501,"0.2.0","1.1.6","ae5e9f06ffa72127f5bd2b6bac8174e333d51221","{""nit"":500,""nburn"":250,""nthin"":1,""nchains"":1,""ncores"":1,""convergence_control"":{""warn"":false},""seed"":10501,""convergence"":""core"",""verbose"":false}",70.1700000000001,"reported","ok",""
5,"st_bed_bayesc","D1","01_finemapping","separated","15:53141726","locus5:CS1","exact",TRUE,1,NA,"ok","","separated",3006,2006,10501,"0.2.0","1.1.6","ae5e9f06ffa72127f5bd2b6bac8174e333d51221","{""nit"":500,""nburn"":250,""nthin"":1,""nchains"":1,""ncores"":1,""convergence_control"":{""warn"":false},""seed"":10501,""convergence"":""core"",""verbose"":false}",70.1700000000001,"reported","ok",""
5,"st_bed_bayesc","D1","01_finemapping","separated","15:53141726","locus5:CS1","ld_proxy",TRUE,1,NA,"ok","","separated",3006,2006,10501,"0.2.0","1.1.6","ae5e9f06ffa72127f5bd2b6bac8174e333d51221","{""nit"":500,""nburn"":250,""nthin"":1,""nchains"":1,""ncores"":1,""convergence_control"":{""warn"":false},""seed"":10501,""convergence"":""core"",""verbose"":false}",70.1700000000001,"reported","ok",""
5,"st_bed_bayesc","D1","01_finemapping","separated","16:78066566","locus6:CS1","exact",TRUE,1,NA,"ok","","separated",3006,2006,10501,"0.2.0","1.1.6","ae5e9f06ffa72127f5bd2b6bac8174e333d51221","{""nit"":500,""nburn"":250,""nthin"":1,""nchains"":1,""ncores"":1,""convergence_control"":{""warn"":false},""seed"":10501,""convergence"":""core"",""verbose"":false}",70.1700000000001,"reported","ok",""
5,"st_bed_bayesc","D1","01_finemapping","separated","16:78066566","locus6:CS1","ld_proxy",TRUE,1,NA,"ok","","separated",3006,2006,10501,"0.2.0","1.1.6","ae5e9f06ffa72127f5bd2b6bac8174e333d51221","{""nit"":500,""nburn"":250,""nthin"":1,""nchains"":1,""ncores"":1,""convergence_control"":{""warn"":false},""seed"":10501,""convergence"":""core"",""verbose"":false}",70.1700000000001,"reported","ok",""
5,"st_bed_bayesc","D1","01_finemapping","separated","1:17267885","locus7:CS1","exact",TRUE,1,NA,"ok","","separated",3006,2006,10501,"0.2.0","1.1.6","ae5e9f06ffa72127f5bd2b6bac8174e333d51221","{""nit"":500,""nburn"":250,""nthin"":1,""nchains"":1,""ncores"":1,""convergence_control"":{""warn"":false},""seed"":10501,""convergence"":""core"",""verbose"":false}",70.1700000000001,"reported","ok",""
5,"st_bed_bayesc","D1","01_finemapping","separated","1:17267885","locus7:CS1","ld_proxy",TRUE,1,NA,"ok","","separated",3006,2006,10501,"0.2.0","1.1.6","ae5e9f06ffa72127f5bd2b6bac8174e333d51221","{""nit"":500,""nburn"":250,""nthin"":1,""nchains"":1,""ncores"":1,""convergence_control"":{""warn"":false},""seed"":10501,""convergence"":""core"",""verbose"":false}",70.1700000000001,"reported","ok",""
5,"st_bed_bayesr","D1","01_finemapping","separated","1:14628444","locus1:CS1","exact",TRUE,1,NA,"ok","","separated",3006,2006,10502,"0.2.0","1.1.6","ae5e9f06ffa72127f5bd2b6bac8174e333d51221","{""nit"":500,""nburn"":250,""nthin"":1,""nchains"":1,""ncores"":1,""convergence_control"":{""warn"":false},""seed"":10502,""convergence"":""core"",""verbose"":false}",93.2000000000003,"reported","ok",""
5,"st_bed_bayesr","D1","01_finemapping","separated","1:14628444","locus1:CS1","ld_proxy",TRUE,1,NA,"ok","","separated",3006,2006,10502,"0.2.0","1.1.6","ae5e9f06ffa72127f5bd2b6bac8174e333d51221","{""nit"":500,""nburn"":250,""nthin"":1,""nchains"":1,""ncores"":1,""convergence_control"":{""warn"":false},""seed"":10502,""convergence"":""core"",""verbose"":false}",93.2000000000003,"reported","ok",""
5,"st_bed_bayesr","D1","01_finemapping","separated","9:121096343","locus2:CS1","exact",TRUE,1,NA,"ok","","separated",3006,2006,10502,"0.2.0","1.1.6","ae5e9f06ffa72127f5bd2b6bac8174e333d51221","{""nit"":500,""nburn"":250,""nthin"":1,""nchains"":1,""ncores"":1,""convergence_control"":{""warn"":false},""seed"":10502,""convergence"":""core"",""verbose"":false}",93.2000000000003,"reported","ok",""
5,"st_bed_bayesr","D1","01_finemapping","separated","9:121096343","locus2:CS1","ld_proxy",TRUE,1,NA,"ok","","separated",3006,2006,10502,"0.2.0","1.1.6","ae5e9f06ffa72127f5bd2b6bac8174e333d51221","{""nit"":500,""nburn"":250,""nthin"":1,""nchains"":1,""ncores"":1,""convergence_control"":{""warn"":false},""seed"":10502,""convergence"":""core"",""verbose"":false}",93.2000000000003,"reported","ok",""
5,"st_bed_bayesr","D1","01_finemapping","separated","12:59656614","locus3:CS1","exact",TRUE,1,NA,"ok","","separated",3006,2006,10502,"0.2.0","1.1.6","ae5e9f06ffa72127f5bd2b6bac8174e333d51221","{""nit"":500,""nburn"":250,""nthin"":1,""nchains"":1,""ncores"":1,""convergence_control"":{""warn"":false},""seed"":10502,""convergence"":""core"",""verbose"":false}",93.2000000000003,"reported","ok",""
5,"st_bed_bayesr","D1","01_finemapping","separated","12:59656614","locus3:CS1","ld_proxy",TRUE,1,NA,"ok","","separated",3006,2006,10502,"0.2.0","1.1.6","ae5e9f06ffa72127f5bd2b6bac8174e333d51221","{""nit"":500,""nburn"":250,""nthin"":1,""nchains"":1,""ncores"":1,""convergence_control"":{""warn"":false},""seed"":10502,""convergence"":""core"",""verbose"":false}",93.2000000000003,"reported","ok",""
5,"st_bed_bayesr","D1","01_finemapping","separated","12:67831306","locus4:CS1","exact",TRUE,1,NA,"ok","","separated",3006,2006,10502,"0.2.0","1.1.6","ae5e9f06ffa72127f5bd2b6bac8174e333d51221","{""nit"":500,""nburn"":250,""nthin"":1,""nchains"":1,""ncores"":1,""convergence_control"":{""warn"":false},""seed"":10502,""convergence"":""core"",""verbose"":false}",93.2000000000003,"reported","ok",""
5,"st_bed_bayesr","D1","01_finemapping","separated","12:67831306","locus4:CS1","ld_proxy",TRUE,1,NA,"ok","","separated",3006,2006,10502,"0.2.0","1.1.6","ae5e9f06ffa72127f5bd2b6bac8174e333d51221","{""nit"":500,""nburn"":250,""nthin"":1,""nchains"":1,""ncores"":1,""convergence_control"":{""warn"":false},""seed"":10502,""convergence"":""core"",""verbose"":false}",93.2000000000003,"reported","ok",""
5,"st_bed_bayesr","D1","01_finemapping","separated","15:53141726","locus5:CS1","exact",TRUE,1,NA,"ok","","separated",3006,2006,10502,"0.2.0","1.1.6","ae5e9f06ffa72127f5bd2b6bac8174e333d51221","{""nit"":500,""nburn"":250,""nthin"":1,""nchains"":1,""ncores"":1,""convergence_control"":{""warn"":false},""seed"":10502,""convergence"":""core"",""verbose"":false}",93.2000000000003,"reported","ok",""
5,"st_bed_bayesr","D1","01_finemapping","separated","15:53141726","locus5:CS1","ld_proxy",TRUE,1,NA,"ok","","separated",3006,2006,10502,"0.2.0","1.1.6","ae5e9f06ffa72127f5bd2b6bac8174e333d51221","{""nit"":500,""nburn"":250,""nthin"":1,""nchains"":1,""ncores"":1,""convergence_control"":{""warn"":false},""seed"":10502,""convergence"":""core"",""verbose"":false}",93.2000000000003,"reported","ok",""
5,"st_bed_bayesr","D1","01_finemapping","separated","16:78066566","locus6:CS1","exact",TRUE,1,NA,"ok","","separated",3006,2006,10502,"0.2.0","1.1.6","ae5e9f06ffa72127f5bd2b6bac8174e333d51221","{""nit"":500,""nburn"":250,""nthin"":1,""nchains"":1,""ncores"":1,""convergence_control"":{""warn"":false},""seed"":10502,""convergence"":""core"",""verbose"":false}",93.2000000000003,"reported","ok",""
5,"st_bed_bayesr","D1","01_finemapping","separated","16:78066566","locus6:CS1","ld_proxy",TRUE,1,NA,"ok","","separated",3006,2006,10502,"0.2.0","1.1.6","ae5e9f06ffa72127f5bd2b6bac8174e333d51221","{""nit"":500,""nburn"":250,""nthin"":1,""nchains"":1,""ncores"":1,""convergence_control"":{""warn"":false},""seed"":10502,""convergence"":""core"",""verbose"":false}",93.2000000000003,"reported","ok",""
5,"st_bed_bayesr","D1","01_finemapping","separated","1:17267885","locus7:CS1","exact",TRUE,1,NA,"ok","","separated",3006,2006,10502,"0.2.0","1.1.6","ae5e9f06ffa72127f5bd2b6bac8174e333d51221","{""nit"":500,""nburn"":250,""nthin"":1,""nchains"":1,""ncores"":1,""convergence_control"":{""warn"":false},""seed"":10502,""convergence"":""core"",""verbose"":false}",93.2000000000003,"reported","ok",""
5,"st_bed_bayesr","D1","01_finemapping","separated","1:17267885","locus7:CS1","ld_proxy",TRUE,1,NA,"ok","","separated",3006,2006,10502,"0.2.0","1.1.6","ae5e9f06ffa72127f5bd2b6bac8174e333d51221","{""nit"":500,""nburn"":250,""nthin"":1,""nchains"":1,""ncores"":1,""convergence_control"":{""warn"":false},""seed"":10502,""convergence"":""core"",""verbose"":false}",93.2000000000003,"reported","ok",""
5,"st_csr_sbayesc","D1","01_finemapping","separated","1:14628444","locus1:CS1","exact",TRUE,1,NA,"ok","","separated",3006,2006,10503,"0.2.0","1.1.6","ae5e9f06ffa72127f5bd2b6bac8174e333d51221","{""nit"":500,""nburn"":250,""nthin"":1,""nchains"":1,""ncores"":1,""convergence_control"":{""warn"":false},""seed"":10503,""convergence"":""core"",""verbose"":false}",22.25,"reported","ok",""
5,"st_csr_sbayesc","D1","01_finemapping","separated","1:14628444","locus1:CS1","ld_proxy",TRUE,1,NA,"ok","","separated",3006,2006,10503,"0.2.0","1.1.6","ae5e9f06ffa72127f5bd2b6bac8174e333d51221","{""nit"":500,""nburn"":250,""nthin"":1,""nchains"":1,""ncores"":1,""convergence_control"":{""warn"":false},""seed"":10503,""convergence"":""core"",""verbose"":false}",22.25,"reported","ok",""
5,"st_csr_sbayesc","D1","01_finemapping","separated","9:121096343","locus2:CS1","exact",TRUE,1,NA,"ok","","separated",3006,2006,10503,"0.2.0","1.1.6","ae5e9f06ffa72127f5bd2b6bac8174e333d51221","{""nit"":500,""nburn"":250,""nthin"":1,""nchains"":1,""ncores"":1,""convergence_control"":{""warn"":false},""seed"":10503,""convergence"":""core"",""verbose"":false}",22.25,"reported","ok",""
5,"st_csr_sbayesc","D1","01_finemapping","separated","9:121096343","locus2:CS1","ld_proxy",TRUE,1,NA,"ok","","separated",3006,2006,10503,"0.2.0","1.1.6","ae5e9f06ffa72127f5bd2b6bac8174e333d51221","{""nit"":500,""nburn"":250,""nthin"":1,""nchains"":1,""ncores"":1,""convergence_control"":{""warn"":false},""seed"":10503,""convergence"":""core"",""verbose"":false}",22.25,"reported","ok",""
5,"st_csr_sbayesc","D1","01_finemapping","separated","12:59656614","locus3:CS1","exact",TRUE,1,NA,"ok","","separated",3006,2006,10503,"0.2.0","1.1.6","ae5e9f06ffa72127f5bd2b6bac8174e333d51221","{""nit"":500,""nburn"":250,""nthin"":1,""nchains"":1,""ncores"":1,""convergence_control"":{""warn"":false},""seed"":10503,""convergence"":""core"",""verbose"":false}",22.25,"reported","ok",""
5,"st_csr_sbayesc","D1","01_finemapping","separated","12:59656614","locus3:CS1","ld_proxy",TRUE,1,NA,"ok","","separated",3006,2006,10503,"0.2.0","1.1.6","ae5e9f06ffa72127f5bd2b6bac8174e333d51221","{""nit"":500,""nburn"":250,""nthin"":1,""nchains"":1,""ncores"":1,""convergence_control"":{""warn"":false},""seed"":10503,""convergence"":""core"",""verbose"":false}",22.25,"reported","ok",""
5,"st_csr_sbayesc","D1","01_finemapping","separated","12:67831306","locus4:CS1","exact",TRUE,1,NA,"ok","","separated",3006,2006,10503,"0.2.0","1.1.6","ae5e9f06ffa72127f5bd2b6bac8174e333d51221","{""nit"":500,""nburn"":250,""nthin"":1,""nchains"":1,""ncores"":1,""convergence_control"":{""warn"":false},""seed"":10503,""convergence"":""core"",""verbose"":false}",22.25,"reported","ok",""
5,"st_csr_sbayesc","D1","01_finemapping","separated","12:67831306","locus4:CS1","ld_proxy",TRUE,1,NA,"ok","","separated",3006,2006,10503,"0.2.0","1.1.6","ae5e9f06ffa72127f5bd2b6bac8174e333d51221","{""nit"":500,""nburn"":250,""nthin"":1,""nchains"":1,""ncores"":1,""convergence_control"":{""warn"":false},""seed"":10503,""convergence"":""core"",""verbose"":false}",22.25,"reported","ok",""
5,"st_csr_sbayesc","D1","01_finemapping","separated","15:53141726","locus5:CS1","exact",TRUE,1,NA,"ok","","separated",3006,2006,10503,"0.2.0","1.1.6","ae5e9f06ffa72127f5bd2b6bac8174e333d51221","{""nit"":500,""nburn"":250,""nthin"":1,""nchains"":1,""ncores"":1,""convergence_control"":{""warn"":false},""seed"":10503,""convergence"":""core"",""verbose"":false}",22.25,"reported","ok",""
5,"st_csr_sbayesc","D1","01_finemapping","separated","15:53141726","locus5:CS1","ld_proxy",TRUE,1,NA,"ok","","separated",3006,2006,10503,"0.2.0","1.1.6","ae5e9f06ffa72127f5bd2b6bac8174e333d51221","{""nit"":500,""nburn"":250,""nthin"":1,""nchains"":1,""ncores"":1,""convergence_control"":{""warn"":false},""seed"":10503,""convergence"":""core"",""verbose"":false}",22.25,"reported","ok",""
5,"st_csr_sbayesc","D1","01_finemapping","separated","16:78066566","locus6:CS1","exact",TRUE,1,NA,"ok","","separated",3006,2006,10503,"0.2.0","1.1.6","ae5e9f06ffa72127f5bd2b6bac8174e333d51221","{""nit"":500,""nburn"":250,""nthin"":1,""nchains"":1,""ncores"":1,""convergence_control"":{""warn"":false},""seed"":10503,""convergence"":""core"",""verbose"":false}",22.25,"reported","ok",""
5,"st_csr_sbayesc","D1","01_finemapping","separated","16:78066566","locus6:CS1","ld_proxy",TRUE,1,NA,"ok","","separated",3006,2006,10503,"0.2.0","1.1.6","ae5e9f06ffa72127f5bd2b6bac8174e333d51221","{""nit"":500,""nburn"":250,""nthin"":1,""nchains"":1,""ncores"":1,""convergence_control"":{""warn"":false},""seed"":10503,""convergence"":""core"",""verbose"":false}",22.25,"reported","ok",""
5,"st_csr_sbayesc","D1","01_finemapping","separated","1:17267885","locus7:CS1","exact",TRUE,1,NA,"ok","","separated",3006,2006,10503,"0.2.0","1.1.6","ae5e9f06ffa72127f5bd2b6bac8174e333d51221","{""nit"":500,""nburn"":250,""nthin"":1,""nchains"":1,""ncores"":1,""convergence_control"":{""warn"":false},""seed"":10503,""convergence"":""core"",""verbose"":false}",22.25,"reported","ok",""
5,"st_csr_sbayesc","D1","01_finemapping","separated","1:17267885","locus7:CS1","ld_proxy",TRUE,1,NA,"ok","","separated",3006,2006,10503,"0.2.0","1.1.6","ae5e9f06ffa72127f5bd2b6bac8174e333d51221","{""nit"":500,""nburn"":250,""nthin"":1,""nchains"":1,""ncores"":1,""convergence_control"":{""warn"":false},""seed"":10503,""convergence"":""core"",""verbose"":false}",22.25,"reported","ok",""
5,"st_csr_sbayesr","D1","01_finemapping","separated","1:14628444","locus1:CS1","exact",TRUE,1,NA,"ok","","separated",3006,2006,10504,"0.2.0","1.1.6","ae5e9f06ffa72127f5bd2b6bac8174e333d51221","{""nit"":500,""nburn"":250,""nthin"":1,""nchains"":1,""ncores"":1,""convergence_control"":{""warn"":false},""seed"":10504,""convergence"":""core"",""verbose"":false}",56.6300000000001,"reported","ok",""
5,"st_csr_sbayesr","D1","01_finemapping","separated","1:14628444","locus1:CS1","ld_proxy",TRUE,1,NA,"ok","","separated",3006,2006,10504,"0.2.0","1.1.6","ae5e9f06ffa72127f5bd2b6bac8174e333d51221","{""nit"":500,""nburn"":250,""nthin"":1,""nchains"":1,""ncores"":1,""convergence_control"":{""warn"":false},""seed"":10504,""convergence"":""core"",""verbose"":false}",56.6300000000001,"reported","ok",""
5,"st_csr_sbayesr","D1","01_finemapping","separated","9:121096343","locus2:CS1","exact",TRUE,1,NA,"ok","","separated",3006,2006,10504,"0.2.0","1.1.6","ae5e9f06ffa72127f5bd2b6bac8174e333d51221","{""nit"":500,""nburn"":250,""nthin"":1,""nchains"":1,""ncores"":1,""convergence_control"":{""warn"":false},""seed"":10504,""convergence"":""core"",""verbose"":false}",56.6300000000001,"reported","ok",""
5,"st_csr_sbayesr","D1","01_finemapping","separated","9:121096343","locus2:CS1","ld_proxy",TRUE,1,NA,"ok","","separated",3006,2006,10504,"0.2.0","1.1.6","ae5e9f06ffa72127f5bd2b6bac8174e333d51221","{""nit"":500,""nburn"":250,""nthin"":1,""nchains"":1,""ncores"":1,""convergence_control"":{""warn"":false},""seed"":10504,""convergence"":""core"",""verbose"":false}",56.6300000000001,"reported","ok",""
5,"st_csr_sbayesr","D1","01_finemapping","separated","12:59656614","locus3:CS1","exact",TRUE,1,NA,"ok","","separated",3006,2006,10504,"0.2.0","1.1.6","ae5e9f06ffa72127f5bd2b6bac8174e333d51221","{""nit"":500,""nburn"":250,""nthin"":1,""nchains"":1,""ncores"":1,""convergence_control"":{""warn"":false},""seed"":10504,""convergence"":""core"",""verbose"":false}",56.6300000000001,"reported","ok",""
5,"st_csr_sbayesr","D1","01_finemapping","separated","12:59656614","locus3:CS1","ld_proxy",TRUE,1,NA,"ok","","separated",3006,2006,10504,"0.2.0","1.1.6","ae5e9f06ffa72127f5bd2b6bac8174e333d51221","{""nit"":500,""nburn"":250,""nthin"":1,""nchains"":1,""ncores"":1,""convergence_control"":{""warn"":false},""seed"":10504,""convergence"":""core"",""verbose"":false}",56.6300000000001,"reported","ok",""
5,"st_csr_sbayesr","D1","01_finemapping","separated","12:67831306","locus4:CS1","exact",TRUE,1,NA,"ok","","separated",3006,2006,10504,"0.2.0","1.1.6","ae5e9f06ffa72127f5bd2b6bac8174e333d51221","{""nit"":500,""nburn"":250,""nthin"":1,""nchains"":1,""ncores"":1,""convergence_control"":{""warn"":false},""seed"":10504,""convergence"":""core"",""verbose"":false}",56.6300000000001,"reported","ok",""
5,"st_csr_sbayesr","D1","01_finemapping","separated","12:67831306","locus4:CS1","ld_proxy",TRUE,1,NA,"ok","","separated",3006,2006,10504,"0.2.0","1.1.6","ae5e9f06ffa72127f5bd2b6bac8174e333d51221","{""nit"":500,""nburn"":250,""nthin"":1,""nchains"":1,""ncores"":1,""convergence_control"":{""warn"":false},""seed"":10504,""convergence"":""core"",""verbose"":false}",56.6300000000001,"reported","ok",""
5,"st_csr_sbayesr","D1","01_finemapping","separated","15:53141726","locus5:CS1","exact",TRUE,1,NA,"ok","","separated",3006,2006,10504,"0.2.0","1.1.6","ae5e9f06ffa72127f5bd2b6bac8174e333d51221","{""nit"":500,""nburn"":250,""nthin"":1,""nchains"":1,""ncores"":1,""convergence_control"":{""warn"":false},""seed"":10504,""convergence"":""core"",""verbose"":false}",56.6300000000001,"reported","ok",""
5,"st_csr_sbayesr","D1","01_finemapping","separated","15:53141726","locus5:CS1","ld_proxy",TRUE,1,NA,"ok","","separated",3006,2006,10504,"0.2.0","1.1.6","ae5e9f06ffa72127f5bd2b6bac8174e333d51221","{""nit"":500,""nburn"":250,""nthin"":1,""nchains"":1,""ncores"":1,""convergence_control"":{""warn"":false},""seed"":10504,""convergence"":""core"",""verbose"":false}",56.6300000000001,"reported","ok",""
5,"st_csr_sbayesr","D1","01_finemapping","separated","16:78066566","locus6:CS1","exact",TRUE,1,NA,"ok","","separated",3006,2006,10504,"0.2.0","1.1.6","ae5e9f06ffa72127f5bd2b6bac8174e333d51221","{""nit"":500,""nburn"":250,""nthin"":1,""nchains"":1,""ncores"":1,""convergence_control"":{""warn"":false},""seed"":10504,""convergence"":""core"",""verbose"":false}",56.6300000000001,"reported","ok",""
5,"st_csr_sbayesr","D1","01_finemapping","separated","16:78066566","locus6:CS1","ld_proxy",TRUE,1,NA,"ok","","separated",3006,2006,10504,"0.2.0","1.1.6","ae5e9f06ffa72127f5bd2b6bac8174e333d51221","{""nit"":500,""nburn"":250,""nthin"":1,""nchains"":1,""ncores"":1,""convergence_control"":{""warn"":false},""seed"":10504,""convergence"":""core"",""verbose"":false}",56.6300000000001,"reported","ok",""
6,"st_bed_bayesc","D1","01_finemapping","separated","1:20571691","locus1:CS1","exact",TRUE,1,NA,"ok","","separated",3007,2007,10601,"0.2.0","1.1.6","ae5e9f06ffa72127f5bd2b6bac8174e333d51221","{""nit"":500,""nburn"":250,""nthin"":1,""nchains"":1,""ncores"":1,""convergence_control"":{""warn"":false},""seed"":10601,""convergence"":""core"",""verbose"":false}",68.3799999999997,"reported","ok",""
6,"st_bed_bayesc","D1","01_finemapping","separated","1:20571691","locus1:CS1","ld_proxy",TRUE,1,NA,"ok","","separated",3007,2007,10601,"0.2.0","1.1.6","ae5e9f06ffa72127f5bd2b6bac8174e333d51221","{""nit"":500,""nburn"":250,""nthin"":1,""nchains"":1,""ncores"":1,""convergence_control"":{""warn"":false},""seed"":10601,""convergence"":""core"",""verbose"":false}",68.3799999999997,"reported","ok",""
6,"st_bed_bayesc","D1","01_finemapping","separated","7:72391112","locus2:CS1","exact",TRUE,1,NA,"ok","","separated",3007,2007,10601,"0.2.0","1.1.6","ae5e9f06ffa72127f5bd2b6bac8174e333d51221","{""nit"":500,""nburn"":250,""nthin"":1,""nchains"":1,""ncores"":1,""convergence_control"":{""warn"":false},""seed"":10601,""convergence"":""core"",""verbose"":false}",68.3799999999997,"reported","ok",""
6,"st_bed_bayesc","D1","01_finemapping","separated","7:72391112","locus2:CS1","ld_proxy",TRUE,1,NA,"ok","","separated",3007,2007,10601,"0.2.0","1.1.6","ae5e9f06ffa72127f5bd2b6bac8174e333d51221","{""nit"":500,""nburn"":250,""nthin"":1,""nchains"":1,""ncores"":1,""convergence_control"":{""warn"":false},""seed"":10601,""convergence"":""core"",""verbose"":false}",68.3799999999997,"reported","ok",""
6,"st_bed_bayesc","D1","01_finemapping","separated","7:136875269","locus3:CS1","exact",TRUE,1,NA,"ok","","separated",3007,2007,10601,"0.2.0","1.1.6","ae5e9f06ffa72127f5bd2b6bac8174e333d51221","{""nit"":500,""nburn"":250,""nthin"":1,""nchains"":1,""ncores"":1,""convergence_control"":{""warn"":false},""seed"":10601,""convergence"":""core"",""verbose"":false}",68.3799999999997,"reported","ok",""
6,"st_bed_bayesc","D1","01_finemapping","separated","7:136875269","locus3:CS1","ld_proxy",TRUE,1,NA,"ok","","separated",3007,2007,10601,"0.2.0","1.1.6","ae5e9f06ffa72127f5bd2b6bac8174e333d51221","{""nit"":500,""nburn"":250,""nthin"":1,""nchains"":1,""ncores"":1,""convergence_control"":{""warn"":false},""seed"":10601,""convergence"":""core"",""verbose"":false}",68.3799999999997,"reported","ok",""
6,"st_bed_bayesc","D1","01_finemapping","separated","8:5570972","locus4:CS1","exact",TRUE,1,NA,"ok","","separated",3007,2007,10601,"0.2.0","1.1.6","ae5e9f06ffa72127f5bd2b6bac8174e333d51221","{""nit"":500,""nburn"":250,""nthin"":1,""nchains"":1,""ncores"":1,""convergence_control"":{""warn"":false},""seed"":10601,""convergence"":""core"",""verbose"":false}",68.3799999999997,"reported","ok",""
6,"st_bed_bayesc","D1","01_finemapping","separated","8:5570972","locus4:CS1","ld_proxy",TRUE,1,NA,"ok","","separated",3007,2007,10601,"0.2.0","1.1.6","ae5e9f06ffa72127f5bd2b6bac8174e333d51221","{""nit"":500,""nburn"":250,""nthin"":1,""nchains"":1,""ncores"":1,""convergence_control"":{""warn"":false},""seed"":10601,""convergence"":""core"",""verbose"":false}",68.3799999999997,"reported","ok",""
6,"st_bed_bayesc","D1","01_finemapping","separated","13:34733484","locus5:CS1","exact",TRUE,1,NA,"ok","","separated",3007,2007,10601,"0.2.0","1.1.6","ae5e9f06ffa72127f5bd2b6bac8174e333d51221","{""nit"":500,""nburn"":250,""nthin"":1,""nchains"":1,""ncores"":1,""convergence_control"":{""warn"":false},""seed"":10601,""convergence"":""core"",""verbose"":false}",68.3799999999997,"reported","ok",""
6,"st_bed_bayesc","D1","01_finemapping","separated","13:34733484","locus5:CS1","ld_proxy",TRUE,1,NA,"ok","","separated",3007,2007,10601,"0.2.0","1.1.6","ae5e9f06ffa72127f5bd2b6bac8174e333d51221","{""nit"":500,""nburn"":250,""nthin"":1,""nchains"":1,""ncores"":1,""convergence_control"":{""warn"":false},""seed"":10601,""convergence"":""core"",""verbose"":false}",68.3799999999997,"reported","ok",""
6,"st_bed_bayesc","D1","01_finemapping","separated","15:84492592","locus6:CS1","exact",TRUE,1,NA,"ok","","separated",3007,2007,10601,"0.2.0","1.1.6","ae5e9f06ffa72127f5bd2b6bac8174e333d51221","{""nit"":500,""nburn"":250,""nthin"":1,""nchains"":1,""ncores"":1,""convergence_control"":{""warn"":false},""seed"":10601,""convergence"":""core"",""verbose"":false}",68.3799999999997,"reported","ok",""
6,"st_bed_bayesc","D1","01_finemapping","separated","15:84492592","locus6:CS1","ld_proxy",TRUE,1,NA,"ok","","separated",3007,2007,10601,"0.2.0","1.1.6","ae5e9f06ffa72127f5bd2b6bac8174e333d51221","{""nit"":500,""nburn"":250,""nthin"":1,""nchains"":1,""ncores"":1,""convergence_control"":{""warn"":false},""seed"":10601,""convergence"":""core"",""verbose"":false}",68.3799999999997,"reported","ok",""
6,"st_bed_bayesr","D1","01_finemapping","separated","1:20571691","locus1:CS1","exact",TRUE,1,NA,"ok","","separated",3007,2007,10602,"0.2.0","1.1.6","ae5e9f06ffa72127f5bd2b6bac8174e333d51221","{""nit"":500,""nburn"":250,""nthin"":1,""nchains"":1,""ncores"":1,""convergence_control"":{""warn"":false},""seed"":10602,""convergence"":""core"",""verbose"":false}",88.3699999999999,"reported","ok",""
6,"st_bed_bayesr","D1","01_finemapping","separated","1:20571691","locus1:CS1","ld_proxy",TRUE,1,NA,"ok","","separated",3007,2007,10602,"0.2.0","1.1.6","ae5e9f06ffa72127f5bd2b6bac8174e333d51221","{""nit"":500,""nburn"":250,""nthin"":1,""nchains"":1,""ncores"":1,""convergence_control"":{""warn"":false},""seed"":10602,""convergence"":""core"",""verbose"":false}",88.3699999999999,"reported","ok",""
6,"st_bed_bayesr","D1","01_finemapping","separated","7:72391112","locus2:CS1","exact",TRUE,1,NA,"ok","","separated",3007,2007,10602,"0.2.0","1.1.6","ae5e9f06ffa72127f5bd2b6bac8174e333d51221","{""nit"":500,""nburn"":250,""nthin"":1,""nchains"":1,""ncores"":1,""convergence_control"":{""warn"":false},""seed"":10602,""convergence"":""core"",""verbose"":false}",88.3699999999999,"reported","ok",""
6,"st_bed_bayesr","D1","01_finemapping","separated","7:72391112","locus2:CS1","ld_proxy",TRUE,1,NA,"ok","","separated",3007,2007,10602,"0.2.0","1.1.6","ae5e9f06ffa72127f5bd2b6bac8174e333d51221","{""nit"":500,""nburn"":250,""nthin"":1,""nchains"":1,""ncores"":1,""convergence_control"":{""warn"":false},""seed"":10602,""convergence"":""core"",""verbose"":false}",88.3699999999999,"reported","ok",""
6,"st_bed_bayesr","D1","01_finemapping","separated","7:136875269","locus3:CS1","exact",TRUE,1,NA,"ok","","separated",3007,2007,10602,"0.2.0","1.1.6","ae5e9f06ffa72127f5bd2b6bac8174e333d51221","{""nit"":500,""nburn"":250,""nthin"":1,""nchains"":1,""ncores"":1,""convergence_control"":{""warn"":false},""seed"":10602,""convergence"":""core"",""verbose"":false}",88.3699999999999,"reported","ok",""
6,"st_bed_bayesr","D1","01_finemapping","separated","7:136875269","locus3:CS1","ld_proxy",TRUE,1,NA,"ok","","separated",3007,2007,10602,"0.2.0","1.1.6","ae5e9f06ffa72127f5bd2b6bac8174e333d51221","{""nit"":500,""nburn"":250,""nthin"":1,""nchains"":1,""ncores"":1,""convergence_control"":{""warn"":false},""seed"":10602,""convergence"":""core"",""verbose"":false}",88.3699999999999,"reported","ok",""
6,"st_bed_bayesr","D1","01_finemapping","separated","8:5570972","locus4:CS1","exact",TRUE,1,NA,"ok","","separated",3007,2007,10602,"0.2.0","1.1.6","ae5e9f06ffa72127f5bd2b6bac8174e333d51221","{""nit"":500,""nburn"":250,""nthin"":1,""nchains"":1,""ncores"":1,""convergence_control"":{""warn"":false},""seed"":10602,""convergence"":""core"",""verbose"":false}",88.3699999999999,"reported","ok",""
6,"st_bed_bayesr","D1","01_finemapping","separated","8:5570972","locus4:CS1","ld_proxy",TRUE,1,NA,"ok","","separated",3007,2007,10602,"0.2.0","1.1.6","ae5e9f06ffa72127f5bd2b6bac8174e333d51221","{""nit"":500,""nburn"":250,""nthin"":1,""nchains"":1,""ncores"":1,""convergence_control"":{""warn"":false},""seed"":10602,""convergence"":""core"",""verbose"":false}",88.3699999999999,"reported","ok",""
6,"st_bed_bayesr","D1","01_finemapping","separated","13:34733484","locus5:CS1","exact",TRUE,1,NA,"ok","","separated",3007,2007,10602,"0.2.0","1.1.6","ae5e9f06ffa72127f5bd2b6bac8174e333d51221","{""nit"":500,""nburn"":250,""nthin"":1,""nchains"":1,""ncores"":1,""convergence_control"":{""warn"":false},""seed"":10602,""convergence"":""core"",""verbose"":false}",88.3699999999999,"reported","ok",""
6,"st_bed_bayesr","D1","01_finemapping","separated","13:34733484","locus5:CS1","ld_proxy",TRUE,1,NA,"ok","","separated",3007,2007,10602,"0.2.0","1.1.6","ae5e9f06ffa72127f5bd2b6bac8174e333d51221","{""nit"":500,""nburn"":250,""nthin"":1,""nchains"":1,""ncores"":1,""convergence_control"":{""warn"":false},""seed"":10602,""convergence"":""core"",""verbose"":false}",88.3699999999999,"reported","ok",""
6,"st_bed_bayesr","D1","01_finemapping","separated","15:84492592","locus6:CS1","exact",TRUE,1,NA,"ok","","separated",3007,2007,10602,"0.2.0","1.1.6","ae5e9f06ffa72127f5bd2b6bac8174e333d51221","{""nit"":500,""nburn"":250,""nthin"":1,""nchains"":1,""ncores"":1,""convergence_control"":{""warn"":false},""seed"":10602,""convergence"":""core"",""verbose"":false}",88.3699999999999,"reported","ok",""
6,"st_bed_bayesr","D1","01_finemapping","separated","15:84492592","locus6:CS1","ld_proxy",TRUE,1,NA,"ok","","separated",3007,2007,10602,"0.2.0","1.1.6","ae5e9f06ffa72127f5bd2b6bac8174e333d51221","{""nit"":500,""nburn"":250,""nthin"":1,""nchains"":1,""ncores"":1,""convergence_control"":{""warn"":false},""seed"":10602,""convergence"":""core"",""verbose"":false}",88.3699999999999,"reported","ok",""
6,"st_csr_sbayesc","D1","01_finemapping","separated","1:20571691","locus1:CS1","exact",TRUE,1,NA,"ok","","separated",3007,2007,10603,"0.2.0","1.1.6","ae5e9f06ffa72127f5bd2b6bac8174e333d51221","{""nit"":500,""nburn"":250,""nthin"":1,""nchains"":1,""ncores"":1,""convergence_control"":{""warn"":false},""seed"":10603,""convergence"":""core"",""verbose"":false}",21.21,"reported","ok",""
6,"st_csr_sbayesc","D1","01_finemapping","separated","1:20571691","locus1:CS1","ld_proxy",TRUE,1,NA,"ok","","separated",3007,2007,10603,"0.2.0","1.1.6","ae5e9f06ffa72127f5bd2b6bac8174e333d51221","{""nit"":500,""nburn"":250,""nthin"":1,""nchains"":1,""ncores"":1,""convergence_control"":{""warn"":false},""seed"":10603,""convergence"":""core"",""verbose"":false}",21.21,"reported","ok",""
6,"st_csr_sbayesc","D1","01_finemapping","separated","7:72391112","locus2:CS1","exact",TRUE,1,NA,"ok","","separated",3007,2007,10603,"0.2.0","1.1.6","ae5e9f06ffa72127f5bd2b6bac8174e333d51221","{""nit"":500,""nburn"":250,""nthin"":1,""nchains"":1,""ncores"":1,""convergence_control"":{""warn"":false},""seed"":10603,""convergence"":""core"",""verbose"":false}",21.21,"reported","ok",""
6,"st_csr_sbayesc","D1","01_finemapping","separated","7:72391112","locus2:CS1","ld_proxy",TRUE,1,NA,"ok","","separated",3007,2007,10603,"0.2.0","1.1.6","ae5e9f06ffa72127f5bd2b6bac8174e333d51221","{""nit"":500,""nburn"":250,""nthin"":1,""nchains"":1,""ncores"":1,""convergence_control"":{""warn"":false},""seed"":10603,""convergence"":""core"",""verbose"":false}",21.21,"reported","ok",""
6,"st_csr_sbayesc","D1","01_finemapping","separated","7:136875269","locus3:CS1","exact",TRUE,1,NA,"ok","","separated",3007,2007,10603,"0.2.0","1.1.6","ae5e9f06ffa72127f5bd2b6bac8174e333d51221","{""nit"":500,""nburn"":250,""nthin"":1,""nchains"":1,""ncores"":1,""convergence_control"":{""warn"":false},""seed"":10603,""convergence"":""core"",""verbose"":false}",21.21,"reported","ok",""
6,"st_csr_sbayesc","D1","01_finemapping","separated","7:136875269","locus3:CS1","ld_proxy",TRUE,1,NA,"ok","","separated",3007,2007,10603,"0.2.0","1.1.6","ae5e9f06ffa72127f5bd2b6bac8174e333d51221","{""nit"":500,""nburn"":250,""nthin"":1,""nchains"":1,""ncores"":1,""convergence_control"":{""warn"":false},""seed"":10603,""convergence"":""core"",""verbose"":false}",21.21,"reported","ok",""
6,"st_csr_sbayesc","D1","01_finemapping","separated","8:5570972","locus4:CS1","exact",TRUE,1,NA,"ok","","separated",3007,2007,10603,"0.2.0","1.1.6","ae5e9f06ffa72127f5bd2b6bac8174e333d51221","{""nit"":500,""nburn"":250,""nthin"":1,""nchains"":1,""ncores"":1,""convergence_control"":{""warn"":false},""seed"":10603,""convergence"":""core"",""verbose"":false}",21.21,"reported","ok",""
6,"st_csr_sbayesc","D1","01_finemapping","separated","8:5570972","locus4:CS1","ld_proxy",TRUE,1,NA,"ok","","separated",3007,2007,10603,"0.2.0","1.1.6","ae5e9f06ffa72127f5bd2b6bac8174e333d51221","{""nit"":500,""nburn"":250,""nthin"":1,""nchains"":1,""ncores"":1,""convergence_control"":{""warn"":false},""seed"":10603,""convergence"":""core"",""verbose"":false}",21.21,"reported","ok",""
6,"st_csr_sbayesc","D1","01_finemapping","separated","13:34733484","locus5:CS1","exact",TRUE,1,NA,"ok","","separated",3007,2007,10603,"0.2.0","1.1.6","ae5e9f06ffa72127f5bd2b6bac8174e333d51221","{""nit"":500,""nburn"":250,""nthin"":1,""nchains"":1,""ncores"":1,""convergence_control"":{""warn"":false},""seed"":10603,""convergence"":""core"",""verbose"":false}",21.21,"reported","ok",""
6,"st_csr_sbayesc","D1","01_finemapping","separated","13:34733484","locus5:CS1","ld_proxy",TRUE,1,NA,"ok","","separated",3007,2007,10603,"0.2.0","1.1.6","ae5e9f06ffa72127f5bd2b6bac8174e333d51221","{""nit"":500,""nburn"":250,""nthin"":1,""nchains"":1,""ncores"":1,""convergence_control"":{""warn"":false},""seed"":10603,""convergence"":""core"",""verbose"":false}",21.21,"reported","ok",""
6,"st_csr_sbayesc","D1","01_finemapping","separated","15:84492592","locus6:CS1","exact",TRUE,1,NA,"ok","","separated",3007,2007,10603,"0.2.0","1.1.6","ae5e9f06ffa72127f5bd2b6bac8174e333d51221","{""nit"":500,""nburn"":250,""nthin"":1,""nchains"":1,""ncores"":1,""convergence_control"":{""warn"":false},""seed"":10603,""convergence"":""core"",""verbose"":false}",21.21,"reported","ok",""
6,"st_csr_sbayesc","D1","01_finemapping","separated","15:84492592","locus6:CS1","ld_proxy",TRUE,1,NA,"ok","","separated",3007,2007,10603,"0.2.0","1.1.6","ae5e9f06ffa72127f5bd2b6bac8174e333d51221","{""nit"":500,""nburn"":250,""nthin"":1,""nchains"":1,""ncores"":1,""convergence_control"":{""warn"":false},""seed"":10603,""convergence"":""core"",""verbose"":false}",21.21,"reported","ok",""
6,"st_csr_sbayesr","D1","01_finemapping","separated","1:20571691","locus1:CS1","exact",TRUE,1,NA,"ok","","separated",3007,2007,10604,"0.2.0","1.1.6","ae5e9f06ffa72127f5bd2b6bac8174e333d51221","{""nit"":500,""nburn"":250,""nthin"":1,""nchains"":1,""ncores"":1,""convergence_control"":{""warn"":false},""seed"":10604,""convergence"":""core"",""verbose"":false}",54.3000000000002,"reported","ok",""
6,"st_csr_sbayesr","D1","01_finemapping","separated","1:20571691","locus1:CS1","ld_proxy",TRUE,1,NA,"ok","","separated",3007,2007,10604,"0.2.0","1.1.6","ae5e9f06ffa72127f5bd2b6bac8174e333d51221","{""nit"":500,""nburn"":250,""nthin"":1,""nchains"":1,""ncores"":1,""convergence_control"":{""warn"":false},""seed"":10604,""convergence"":""core"",""verbose"":false}",54.3000000000002,"reported","ok",""
6,"st_csr_sbayesr","D1","01_finemapping","separated","7:72391112","locus2:CS1","exact",TRUE,1,NA,"ok","","separated",3007,2007,10604,"0.2.0","1.1.6","ae5e9f06ffa72127f5bd2b6bac8174e333d51221","{""nit"":500,""nburn"":250,""nthin"":1,""nchains"":1,""ncores"":1,""convergence_control"":{""warn"":false},""seed"":10604,""convergence"":""core"",""verbose"":false}",54.3000000000002,"reported","ok",""
6,"st_csr_sbayesr","D1","01_finemapping","separated","7:72391112","locus2:CS1","ld_proxy",TRUE,1,NA,"ok","","separated",3007,2007,10604,"0.2.0","1.1.6","ae5e9f06ffa72127f5bd2b6bac8174e333d51221","{""nit"":500,""nburn"":250,""nthin"":1,""nchains"":1,""ncores"":1,""convergence_control"":{""warn"":false},""seed"":10604,""convergence"":""core"",""verbose"":false}",54.3000000000002,"reported","ok",""
6,"st_csr_sbayesr","D1","01_finemapping","separated","7:136875269","locus3:CS1","exact",TRUE,1,NA,"ok","","separated",3007,2007,10604,"0.2.0","1.1.6","ae5e9f06ffa72127f5bd2b6bac8174e333d51221","{""nit"":500,""nburn"":250,""nthin"":1,""nchains"":1,""ncores"":1,""convergence_control"":{""warn"":false},""seed"":10604,""convergence"":""core"",""verbose"":false}",54.3000000000002,"reported","ok",""
6,"st_csr_sbayesr","D1","01_finemapping","separated","7:136875269","locus3:CS1","ld_proxy",TRUE,1,NA,"ok","","separated",3007,2007,10604,"0.2.0","1.1.6","ae5e9f06ffa72127f5bd2b6bac8174e333d51221","{""nit"":500,""nburn"":250,""nthin"":1,""nchains"":1,""ncores"":1,""convergence_control"":{""warn"":false},""seed"":10604,""convergence"":""core"",""verbose"":false}",54.3000000000002,"reported","ok",""
6,"st_csr_sbayesr","D1","01_finemapping","separated","8:5570972","locus4:CS1","exact",TRUE,1,NA,"ok","","separated",3007,2007,10604,"0.2.0","1.1.6","ae5e9f06ffa72127f5bd2b6bac8174e333d51221","{""nit"":500,""nburn"":250,""nthin"":1,""nchains"":1,""ncores"":1,""convergence_control"":{""warn"":false},""seed"":10604,""convergence"":""core"",""verbose"":false}",54.3000000000002,"reported","ok",""
6,"st_csr_sbayesr","D1","01_finemapping","separated","8:5570972","locus4:CS1","ld_proxy",TRUE,1,NA,"ok","","separated",3007,2007,10604,"0.2.0","1.1.6","ae5e9f06ffa72127f5bd2b6bac8174e333d51221","{""nit"":500,""nburn"":250,""nthin"":1,""nchains"":1,""ncores"":1,""convergence_control"":{""warn"":false},""seed"":10604,""convergence"":""core"",""verbose"":false}",54.3000000000002,"reported","ok",""
6,"st_csr_sbayesr","D1","01_finemapping","separated","13:34733484","locus5:CS1","exact",TRUE,1,NA,"ok","","separated",3007,2007,10604,"0.2.0","1.1.6","ae5e9f06ffa72127f5bd2b6bac8174e333d51221","{""nit"":500,""nburn"":250,""nthin"":1,""nchains"":1,""ncores"":1,""convergence_control"":{""warn"":false},""seed"":10604,""convergence"":""core"",""verbose"":false}",54.3000000000002,"reported","ok",""
6,"st_csr_sbayesr","D1","01_finemapping","separated","13:34733484","locus5:CS1","ld_proxy",TRUE,1,NA,"ok","","separated",3007,2007,10604,"0.2.0","1.1.6","ae5e9f06ffa72127f5bd2b6bac8174e333d51221","{""nit"":500,""nburn"":250,""nthin"":1,""nchains"":1,""ncores"":1,""convergence_control"":{""warn"":false},""seed"":10604,""convergence"":""core"",""verbose"":false}",54.3000000000002,"reported","ok",""
6,"st_csr_sbayesr","D1","01_finemapping","separated","15:84492592","locus6:CS1","exact",TRUE,1,NA,"ok","","separated",3007,2007,10604,"0.2.0","1.1.6","ae5e9f06ffa72127f5bd2b6bac8174e333d51221","{""nit"":500,""nburn"":250,""nthin"":1,""nchains"":1,""ncores"":1,""convergence_control"":{""warn"":false},""seed"":10604,""convergence"":""core"",""verbose"":false}",54.3000000000002,"reported","ok",""
6,"st_csr_sbayesr","D1","01_finemapping","separated","15:84492592","locus6:CS1","ld_proxy",TRUE,1,NA,"ok","","separated",3007,2007,10604,"0.2.0","1.1.6","ae5e9f06ffa72127f5bd2b6bac8174e333d51221","{""nit"":500,""nburn"":250,""nthin"":1,""nchains"":1,""ncores"":1,""convergence_control"":{""warn"":false},""seed"":10604,""convergence"":""core"",""verbose"":false}",54.3000000000002,"reported","ok",""
7,"st_bed_bayesc","D1","01_finemapping","separated","1:103648978","locus1:CS1","exact",TRUE,1,NA,"ok","","separated",3008,2008,10701,"0.2.0","1.1.6","ae5e9f06ffa72127f5bd2b6bac8174e333d51221","{""nit"":500,""nburn"":250,""nthin"":1,""nchains"":1,""ncores"":1,""convergence_control"":{""warn"":false},""seed"":10701,""convergence"":""core"",""verbose"":false}",64.3600000000001,"reported","ok",""
7,"st_bed_bayesc","D1","01_finemapping","separated","1:103648978","locus1:CS1","ld_proxy",TRUE,1,NA,"ok","","separated",3008,2008,10701,"0.2.0","1.1.6","ae5e9f06ffa72127f5bd2b6bac8174e333d51221","{""nit"":500,""nburn"":250,""nthin"":1,""nchains"":1,""ncores"":1,""convergence_control"":{""warn"":false},""seed"":10701,""convergence"":""core"",""verbose"":false}",64.3600000000001,"reported","ok",""
7,"st_bed_bayesc","D1","01_finemapping","separated","3:21428273","locus2:CS1","exact",TRUE,1,NA,"ok","","separated",3008,2008,10701,"0.2.0","1.1.6","ae5e9f06ffa72127f5bd2b6bac8174e333d51221","{""nit"":500,""nburn"":250,""nthin"":1,""nchains"":1,""ncores"":1,""convergence_control"":{""warn"":false},""seed"":10701,""convergence"":""core"",""verbose"":false}",64.3600000000001,"reported","ok",""
7,"st_bed_bayesc","D1","01_finemapping","separated","3:21428273","locus2:CS1","ld_proxy",TRUE,1,NA,"ok","","separated",3008,2008,10701,"0.2.0","1.1.6","ae5e9f06ffa72127f5bd2b6bac8174e333d51221","{""nit"":500,""nburn"":250,""nthin"":1,""nchains"":1,""ncores"":1,""convergence_control"":{""warn"":false},""seed"":10701,""convergence"":""core"",""verbose"":false}",64.3600000000001,"reported","ok",""
7,"st_bed_bayesc","D1","01_finemapping","separated","4:184693389","locus3:CS1","exact",TRUE,1,NA,"ok","","separated",3008,2008,10701,"0.2.0","1.1.6","ae5e9f06ffa72127f5bd2b6bac8174e333d51221","{""nit"":500,""nburn"":250,""nthin"":1,""nchains"":1,""ncores"":1,""convergence_control"":{""warn"":false},""seed"":10701,""convergence"":""core"",""verbose"":false}",64.3600000000001,"reported","ok",""
7,"st_bed_bayesc","D1","01_finemapping","separated","4:184693389","locus3:CS1","ld_proxy",TRUE,1,NA,"ok","","separated",3008,2008,10701,"0.2.0","1.1.6","ae5e9f06ffa72127f5bd2b6bac8174e333d51221","{""nit"":500,""nburn"":250,""nthin"":1,""nchains"":1,""ncores"":1,""convergence_control"":{""warn"":false},""seed"":10701,""convergence"":""core"",""verbose"":false}",64.3600000000001,"reported","ok",""
7,"st_bed_bayesc","D1","01_finemapping","separated","9:134202251","locus4:CS1","exact",TRUE,1,NA,"ok","","separated",3008,2008,10701,"0.2.0","1.1.6","ae5e9f06ffa72127f5bd2b6bac8174e333d51221","{""nit"":500,""nburn"":250,""nthin"":1,""nchains"":1,""ncores"":1,""convergence_control"":{""warn"":false},""seed"":10701,""convergence"":""core"",""verbose"":false}",64.3600000000001,"reported","ok",""
7,"st_bed_bayesc","D1","01_finemapping","separated","9:134202251","locus4:CS1","ld_proxy",TRUE,1,NA,"ok","","separated",3008,2008,10701,"0.2.0","1.1.6","ae5e9f06ffa72127f5bd2b6bac8174e333d51221","{""nit"":500,""nburn"":250,""nthin"":1,""nchains"":1,""ncores"":1,""convergence_control"":{""warn"":false},""seed"":10701,""convergence"":""core"",""verbose"":false}",64.3600000000001,"reported","ok",""
7,"st_bed_bayesc","D1","01_finemapping","separated","11:51518624","locus5:CS1","exact",TRUE,1,NA,"ok","","separated",3008,2008,10701,"0.2.0","1.1.6","ae5e9f06ffa72127f5bd2b6bac8174e333d51221","{""nit"":500,""nburn"":250,""nthin"":1,""nchains"":1,""ncores"":1,""convergence_control"":{""warn"":false},""seed"":10701,""convergence"":""core"",""verbose"":false}",64.3600000000001,"reported","ok",""
7,"st_bed_bayesc","D1","01_finemapping","separated","11:51518624","locus5:CS1","ld_proxy",TRUE,1,NA,"ok","","separated",3008,2008,10701,"0.2.0","1.1.6","ae5e9f06ffa72127f5bd2b6bac8174e333d51221","{""nit"":500,""nburn"":250,""nthin"":1,""nchains"":1,""ncores"":1,""convergence_control"":{""warn"":false},""seed"":10701,""convergence"":""core"",""verbose"":false}",64.3600000000001,"reported","ok",""
7,"st_bed_bayesr","D1","01_finemapping","separated","1:103648978","locus1:CS1","exact",TRUE,1,NA,"ok","","separated",3008,2008,10702,"0.2.0","1.1.6","ae5e9f06ffa72127f5bd2b6bac8174e333d51221","{""nit"":500,""nburn"":250,""nthin"":1,""nchains"":1,""ncores"":1,""convergence_control"":{""warn"":false},""seed"":10702,""convergence"":""core"",""verbose"":false}",91.7399999999998,"reported","ok",""
7,"st_bed_bayesr","D1","01_finemapping","separated","1:103648978","locus1:CS1","ld_proxy",TRUE,1,NA,"ok","","separated",3008,2008,10702,"0.2.0","1.1.6","ae5e9f06ffa72127f5bd2b6bac8174e333d51221","{""nit"":500,""nburn"":250,""nthin"":1,""nchains"":1,""ncores"":1,""convergence_control"":{""warn"":false},""seed"":10702,""convergence"":""core"",""verbose"":false}",91.7399999999998,"reported","ok",""
7,"st_bed_bayesr","D1","01_finemapping","separated","3:21428273","locus2:CS1","exact",TRUE,1,NA,"ok","","separated",3008,2008,10702,"0.2.0","1.1.6","ae5e9f06ffa72127f5bd2b6bac8174e333d51221","{""nit"":500,""nburn"":250,""nthin"":1,""nchains"":1,""ncores"":1,""convergence_control"":{""warn"":false},""seed"":10702,""convergence"":""core"",""verbose"":false}",91.7399999999998,"reported","ok",""
7,"st_bed_bayesr","D1","01_finemapping","separated","3:21428273","locus2:CS1","ld_proxy",TRUE,1,NA,"ok","","separated",3008,2008,10702,"0.2.0","1.1.6","ae5e9f06ffa72127f5bd2b6bac8174e333d51221","{""nit"":500,""nburn"":250,""nthin"":1,""nchains"":1,""ncores"":1,""convergence_control"":{""warn"":false},""seed"":10702,""convergence"":""core"",""verbose"":false}",91.7399999999998,"reported","ok",""
7,"st_bed_bayesr","D1","01_finemapping","separated","4:184693389","locus3:CS1","exact",TRUE,1,NA,"ok","","separated",3008,2008,10702,"0.2.0","1.1.6","ae5e9f06ffa72127f5bd2b6bac8174e333d51221","{""nit"":500,""nburn"":250,""nthin"":1,""nchains"":1,""ncores"":1,""convergence_control"":{""warn"":false},""seed"":10702,""convergence"":""core"",""verbose"":false}",91.7399999999998,"reported","ok",""
7,"st_bed_bayesr","D1","01_finemapping","separated","4:184693389","locus3:CS1","ld_proxy",TRUE,1,NA,"ok","","separated",3008,2008,10702,"0.2.0","1.1.6","ae5e9f06ffa72127f5bd2b6bac8174e333d51221","{""nit"":500,""nburn"":250,""nthin"":1,""nchains"":1,""ncores"":1,""convergence_control"":{""warn"":false},""seed"":10702,""convergence"":""core"",""verbose"":false}",91.7399999999998,"reported","ok",""
7,"st_bed_bayesr","D1","01_finemapping","separated","9:134202251","locus4:CS1","exact",TRUE,1,NA,"ok","","separated",3008,2008,10702,"0.2.0","1.1.6","ae5e9f06ffa72127f5bd2b6bac8174e333d51221","{""nit"":500,""nburn"":250,""nthin"":1,""nchains"":1,""ncores"":1,""convergence_control"":{""warn"":false},""seed"":10702,""convergence"":""core"",""verbose"":false}",91.7399999999998,"reported","ok",""
7,"st_bed_bayesr","D1","01_finemapping","separated","9:134202251","locus4:CS1","ld_proxy",TRUE,1,NA,"ok","","separated",3008,2008,10702,"0.2.0","1.1.6","ae5e9f06ffa72127f5bd2b6bac8174e333d51221","{""nit"":500,""nburn"":250,""nthin"":1,""nchains"":1,""ncores"":1,""convergence_control"":{""warn"":false},""seed"":10702,""convergence"":""core"",""verbose"":false}",91.7399999999998,"reported","ok",""
7,"st_bed_bayesr","D1","01_finemapping","separated","11:51518624","locus5:CS1","exact",TRUE,1,NA,"ok","","separated",3008,2008,10702,"0.2.0","1.1.6","ae5e9f06ffa72127f5bd2b6bac8174e333d51221","{""nit"":500,""nburn"":250,""nthin"":1,""nchains"":1,""ncores"":1,""convergence_control"":{""warn"":false},""seed"":10702,""convergence"":""core"",""verbose"":false}",91.7399999999998,"reported","ok",""
7,"st_bed_bayesr","D1","01_finemapping","separated","11:51518624","locus5:CS1","ld_proxy",TRUE,1,NA,"ok","","separated",3008,2008,10702,"0.2.0","1.1.6","ae5e9f06ffa72127f5bd2b6bac8174e333d51221","{""nit"":500,""nburn"":250,""nthin"":1,""nchains"":1,""ncores"":1,""convergence_control"":{""warn"":false},""seed"":10702,""convergence"":""core"",""verbose"":false}",91.7399999999998,"reported","ok",""
7,"st_csr_sbayesc","D1","01_finemapping","separated","1:103648978","locus1:CS1","exact",TRUE,1,NA,"ok","","separated",3008,2008,10703,"0.2.0","1.1.6","ae5e9f06ffa72127f5bd2b6bac8174e333d51221","{""nit"":500,""nburn"":250,""nthin"":1,""nchains"":1,""ncores"":1,""convergence_control"":{""warn"":false},""seed"":10703,""convergence"":""core"",""verbose"":false}",20.4199999999996,"reported","ok",""
7,"st_csr_sbayesc","D1","01_finemapping","separated","1:103648978","locus1:CS1","ld_proxy",TRUE,1,NA,"ok","","separated",3008,2008,10703,"0.2.0","1.1.6","ae5e9f06ffa72127f5bd2b6bac8174e333d51221","{""nit"":500,""nburn"":250,""nthin"":1,""nchains"":1,""ncores"":1,""convergence_control"":{""warn"":false},""seed"":10703,""convergence"":""core"",""verbose"":false}",20.4199999999996,"reported","ok",""
7,"st_csr_sbayesc","D1","01_finemapping","separated","3:21428273","locus2:CS1","exact",TRUE,1,NA,"ok","","separated",3008,2008,10703,"0.2.0","1.1.6","ae5e9f06ffa72127f5bd2b6bac8174e333d51221","{""nit"":500,""nburn"":250,""nthin"":1,""nchains"":1,""ncores"":1,""convergence_control"":{""warn"":false},""seed"":10703,""convergence"":""core"",""verbose"":false}",20.4199999999996,"reported","ok",""
7,"st_csr_sbayesc","D1","01_finemapping","separated","3:21428273","locus2:CS1","ld_proxy",TRUE,1,NA,"ok","","separated",3008,2008,10703,"0.2.0","1.1.6","ae5e9f06ffa72127f5bd2b6bac8174e333d51221","{""nit"":500,""nburn"":250,""nthin"":1,""nchains"":1,""ncores"":1,""convergence_control"":{""warn"":false},""seed"":10703,""convergence"":""core"",""verbose"":false}",20.4199999999996,"reported","ok",""
7,"st_csr_sbayesc","D1","01_finemapping","separated","4:184693389","locus3:CS1","exact",TRUE,1,NA,"ok","","separated",3008,2008,10703,"0.2.0","1.1.6","ae5e9f06ffa72127f5bd2b6bac8174e333d51221","{""nit"":500,""nburn"":250,""nthin"":1,""nchains"":1,""ncores"":1,""convergence_control"":{""warn"":false},""seed"":10703,""convergence"":""core"",""verbose"":false}",20.4199999999996,"reported","ok",""
7,"st_csr_sbayesc","D1","01_finemapping","separated","4:184693389","locus3:CS1","ld_proxy",TRUE,1,NA,"ok","","separated",3008,2008,10703,"0.2.0","1.1.6","ae5e9f06ffa72127f5bd2b6bac8174e333d51221","{""nit"":500,""nburn"":250,""nthin"":1,""nchains"":1,""ncores"":1,""convergence_control"":{""warn"":false},""seed"":10703,""convergence"":""core"",""verbose"":false}",20.4199999999996,"reported","ok",""
7,"st_csr_sbayesc","D1","01_finemapping","separated","9:134202251","locus4:CS1","exact",TRUE,1,NA,"ok","","separated",3008,2008,10703,"0.2.0","1.1.6","ae5e9f06ffa72127f5bd2b6bac8174e333d51221","{""nit"":500,""nburn"":250,""nthin"":1,""nchains"":1,""ncores"":1,""convergence_control"":{""warn"":false},""seed"":10703,""convergence"":""core"",""verbose"":false}",20.4199999999996,"reported","ok",""
7,"st_csr_sbayesc","D1","01_finemapping","separated","9:134202251","locus4:CS1","ld_proxy",TRUE,1,NA,"ok","","separated",3008,2008,10703,"0.2.0","1.1.6","ae5e9f06ffa72127f5bd2b6bac8174e333d51221","{""nit"":500,""nburn"":250,""nthin"":1,""nchains"":1,""ncores"":1,""convergence_control"":{""warn"":false},""seed"":10703,""convergence"":""core"",""verbose"":false}",20.4199999999996,"reported","ok",""
7,"st_csr_sbayesc","D1","01_finemapping","separated","11:51518624","locus5:CS1","exact",TRUE,1,NA,"ok","","separated",3008,2008,10703,"0.2.0","1.1.6","ae5e9f06ffa72127f5bd2b6bac8174e333d51221","{""nit"":500,""nburn"":250,""nthin"":1,""nchains"":1,""ncores"":1,""convergence_control"":{""warn"":false},""seed"":10703,""convergence"":""core"",""verbose"":false}",20.4199999999996,"reported","ok",""
7,"st_csr_sbayesc","D1","01_finemapping","separated","11:51518624","locus5:CS1","ld_proxy",TRUE,1,NA,"ok","","separated",3008,2008,10703,"0.2.0","1.1.6","ae5e9f06ffa72127f5bd2b6bac8174e333d51221","{""nit"":500,""nburn"":250,""nthin"":1,""nchains"":1,""ncores"":1,""convergence_control"":{""warn"":false},""seed"":10703,""convergence"":""core"",""verbose"":false}",20.4199999999996,"reported","ok",""
7,"st_csr_sbayesr","D1","01_finemapping","separated","1:103648978","locus1:CS1","exact",TRUE,1,NA,"ok","","separated",3008,2008,10704,"0.2.0","1.1.6","ae5e9f06ffa72127f5bd2b6bac8174e333d51221","{""nit"":500,""nburn"":250,""nthin"":1,""nchains"":1,""ncores"":1,""convergence_control"":{""warn"":false},""seed"":10704,""convergence"":""core"",""verbose"":false}",54.3400000000001,"reported","ok",""
7,"st_csr_sbayesr","D1","01_finemapping","separated","1:103648978","locus1:CS1","ld_proxy",TRUE,1,NA,"ok","","separated",3008,2008,10704,"0.2.0","1.1.6","ae5e9f06ffa72127f5bd2b6bac8174e333d51221","{""nit"":500,""nburn"":250,""nthin"":1,""nchains"":1,""ncores"":1,""convergence_control"":{""warn"":false},""seed"":10704,""convergence"":""core"",""verbose"":false}",54.3400000000001,"reported","ok",""
7,"st_csr_sbayesr","D1","01_finemapping","separated","3:21428273","locus2:CS1","exact",TRUE,1,NA,"ok","","separated",3008,2008,10704,"0.2.0","1.1.6","ae5e9f06ffa72127f5bd2b6bac8174e333d51221","{""nit"":500,""nburn"":250,""nthin"":1,""nchains"":1,""ncores"":1,""convergence_control"":{""warn"":false},""seed"":10704,""convergence"":""core"",""verbose"":false}",54.3400000000001,"reported","ok",""
7,"st_csr_sbayesr","D1","01_finemapping","separated","3:21428273","locus2:CS1","ld_proxy",TRUE,1,NA,"ok","","separated",3008,2008,10704,"0.2.0","1.1.6","ae5e9f06ffa72127f5bd2b6bac8174e333d51221","{""nit"":500,""nburn"":250,""nthin"":1,""nchains"":1,""ncores"":1,""convergence_control"":{""warn"":false},""seed"":10704,""convergence"":""core"",""verbose"":false}",54.3400000000001,"reported","ok",""
7,"st_csr_sbayesr","D1","01_finemapping","separated","4:184693389","locus3:CS1","exact",TRUE,1,NA,"ok","","separated",3008,2008,10704,"0.2.0","1.1.6","ae5e9f06ffa72127f5bd2b6bac8174e333d51221","{""nit"":500,""nburn"":250,""nthin"":1,""nchains"":1,""ncores"":1,""convergence_control"":{""warn"":false},""seed"":10704,""convergence"":""core"",""verbose"":false}",54.3400000000001,"reported","ok",""
7,"st_csr_sbayesr","D1","01_finemapping","separated","4:184693389","locus3:CS1","ld_proxy",TRUE,1,NA,"ok","","separated",3008,2008,10704,"0.2.0","1.1.6","ae5e9f06ffa72127f5bd2b6bac8174e333d51221","{""nit"":500,""nburn"":250,""nthin"":1,""nchains"":1,""ncores"":1,""convergence_control"":{""warn"":false},""seed"":10704,""convergence"":""core"",""verbose"":false}",54.3400000000001,"reported","ok",""
7,"st_csr_sbayesr","D1","01_finemapping","separated","9:134202251","locus4:CS1","exact",TRUE,1,NA,"ok","","separated",3008,2008,10704,"0.2.0","1.1.6","ae5e9f06ffa72127f5bd2b6bac8174e333d51221","{""nit"":500,""nburn"":250,""nthin"":1,""nchains"":1,""ncores"":1,""convergence_control"":{""warn"":false},""seed"":10704,""convergence"":""core"",""verbose"":false}",54.3400000000001,"reported","ok",""
7,"st_csr_sbayesr","D1","01_finemapping","separated","9:134202251","locus4:CS1","ld_proxy",TRUE,1,NA,"ok","","separated",3008,2008,10704,"0.2.0","1.1.6","ae5e9f06ffa72127f5bd2b6bac8174e333d51221","{""nit"":500,""nburn"":250,""nthin"":1,""nchains"":1,""ncores"":1,""convergence_control"":{""warn"":false},""seed"":10704,""convergence"":""core"",""verbose"":false}",54.3400000000001,"reported","ok",""
7,"st_csr_sbayesr","D1","01_finemapping","separated","11:51518624","locus5:CS1","exact",TRUE,1,NA,"ok","","separated",3008,2008,10704,"0.2.0","1.1.6","ae5e9f06ffa72127f5bd2b6bac8174e333d51221","{""nit"":500,""nburn"":250,""nthin"":1,""nchains"":1,""ncores"":1,""convergence_control"":{""warn"":false},""seed"":10704,""convergence"":""core"",""verbose"":false}",54.3400000000001,"reported","ok",""
7,"st_csr_sbayesr","D1","01_finemapping","separated","11:51518624","locus5:CS1","ld_proxy",TRUE,1,NA,"ok","","separated",3008,2008,10704,"0.2.0","1.1.6","ae5e9f06ffa72127f5bd2b6bac8174e333d51221","{""nit"":500,""nburn"":250,""nthin"":1,""nchains"":1,""ncores"":1,""convergence_control"":{""warn"":false},""seed"":10704,""convergence"":""core"",""verbose"":false}",54.3400000000001,"reported","ok",""
8,"st_bed_bayesc","D1","01_finemapping","separated","2:217442886","locus1:CS1","exact",TRUE,1,NA,"ok","","separated",3009,2009,10801,"0.2.0","1.1.6","ae5e9f06ffa72127f5bd2b6bac8174e333d51221","{""nit"":500,""nburn"":250,""nthin"":1,""nchains"":1,""ncores"":1,""convergence_control"":{""warn"":false},""seed"":10801,""convergence"":""core"",""verbose"":false}",66.3299999999999,"reported","ok",""
8,"st_bed_bayesc","D1","01_finemapping","separated","2:217442886","locus1:CS1","ld_proxy",TRUE,1,NA,"ok","","separated",3009,2009,10801,"0.2.0","1.1.6","ae5e9f06ffa72127f5bd2b6bac8174e333d51221","{""nit"":500,""nburn"":250,""nthin"":1,""nchains"":1,""ncores"":1,""convergence_control"":{""warn"":false},""seed"":10801,""convergence"":""core"",""verbose"":false}",66.3299999999999,"reported","ok",""
8,"st_bed_bayesc","D1","01_finemapping","separated","4:33617710","locus2:CS1","exact",TRUE,1,NA,"ok","","separated",3009,2009,10801,"0.2.0","1.1.6","ae5e9f06ffa72127f5bd2b6bac8174e333d51221","{""nit"":500,""nburn"":250,""nthin"":1,""nchains"":1,""ncores"":1,""convergence_control"":{""warn"":false},""seed"":10801,""convergence"":""core"",""verbose"":false}",66.3299999999999,"reported","ok",""
8,"st_bed_bayesc","D1","01_finemapping","separated","4:33617710","locus2:CS1","ld_proxy",TRUE,1,NA,"ok","","separated",3009,2009,10801,"0.2.0","1.1.6","ae5e9f06ffa72127f5bd2b6bac8174e333d51221","{""nit"":500,""nburn"":250,""nthin"":1,""nchains"":1,""ncores"":1,""convergence_control"":{""warn"":false},""seed"":10801,""convergence"":""core"",""verbose"":false}",66.3299999999999,"reported","ok",""
8,"st_bed_bayesc","D1","01_finemapping","separated","6:81512076","locus3:CS1","exact",TRUE,1,NA,"ok","","separated",3009,2009,10801,"0.2.0","1.1.6","ae5e9f06ffa72127f5bd2b6bac8174e333d51221","{""nit"":500,""nburn"":250,""nthin"":1,""nchains"":1,""ncores"":1,""convergence_control"":{""warn"":false},""seed"":10801,""convergence"":""core"",""verbose"":false}",66.3299999999999,"reported","ok",""
8,"st_bed_bayesc","D1","01_finemapping","separated","6:81512076","locus3:CS1","ld_proxy",TRUE,1,NA,"ok","","separated",3009,2009,10801,"0.2.0","1.1.6","ae5e9f06ffa72127f5bd2b6bac8174e333d51221","{""nit"":500,""nburn"":250,""nthin"":1,""nchains"":1,""ncores"":1,""convergence_control"":{""warn"":false},""seed"":10801,""convergence"":""core"",""verbose"":false}",66.3299999999999,"reported","ok",""
8,"st_bed_bayesc","D1","01_finemapping","separated","15:62893088","locus4:CS1","exact",TRUE,1,NA,"ok","","separated",3009,2009,10801,"0.2.0","1.1.6","ae5e9f06ffa72127f5bd2b6bac8174e333d51221","{""nit"":500,""nburn"":250,""nthin"":1,""nchains"":1,""ncores"":1,""convergence_control"":{""warn"":false},""seed"":10801,""convergence"":""core"",""verbose"":false}",66.3299999999999,"reported","ok",""
8,"st_bed_bayesc","D1","01_finemapping","separated","15:62893088","locus4:CS1","ld_proxy",TRUE,1,NA,"ok","","separated",3009,2009,10801,"0.2.0","1.1.6","ae5e9f06ffa72127f5bd2b6bac8174e333d51221","{""nit"":500,""nburn"":250,""nthin"":1,""nchains"":1,""ncores"":1,""convergence_control"":{""warn"":false},""seed"":10801,""convergence"":""core"",""verbose"":false}",66.3299999999999,"reported","ok",""
8,"st_bed_bayesc","D1","01_finemapping","separated","21:40652142","locus5:CS1","exact",TRUE,1,NA,"ok","","separated",3009,2009,10801,"0.2.0","1.1.6","ae5e9f06ffa72127f5bd2b6bac8174e333d51221","{""nit"":500,""nburn"":250,""nthin"":1,""nchains"":1,""ncores"":1,""convergence_control"":{""warn"":false},""seed"":10801,""convergence"":""core"",""verbose"":false}",66.3299999999999,"reported","ok",""
8,"st_bed_bayesc","D1","01_finemapping","separated","21:40652142","locus5:CS1","ld_proxy",TRUE,1,NA,"ok","","separated",3009,2009,10801,"0.2.0","1.1.6","ae5e9f06ffa72127f5bd2b6bac8174e333d51221","{""nit"":500,""nburn"":250,""nthin"":1,""nchains"":1,""ncores"":1,""convergence_control"":{""warn"":false},""seed"":10801,""convergence"":""core"",""verbose"":false}",66.3299999999999,"reported","ok",""
8,"st_bed_bayesc","D1","01_finemapping","separated","8:77456282","locus6:CS1","exact",TRUE,1,NA,"ok","","separated",3009,2009,10801,"0.2.0","1.1.6","ae5e9f06ffa72127f5bd2b6bac8174e333d51221","{""nit"":500,""nburn"":250,""nthin"":1,""nchains"":1,""ncores"":1,""convergence_control"":{""warn"":false},""seed"":10801,""convergence"":""core"",""verbose"":false}",66.3299999999999,"reported","ok",""
8,"st_bed_bayesc","D1","01_finemapping","separated","8:77456282","locus6:CS1","ld_proxy",TRUE,1,NA,"ok","","separated",3009,2009,10801,"0.2.0","1.1.6","ae5e9f06ffa72127f5bd2b6bac8174e333d51221","{""nit"":500,""nburn"":250,""nthin"":1,""nchains"":1,""ncores"":1,""convergence_control"":{""warn"":false},""seed"":10801,""convergence"":""core"",""verbose"":false}",66.3299999999999,"reported","ok",""
8,"st_bed_bayesc","D1","01_finemapping","separated","1:48832833","locus7:CS1","exact",TRUE,1,NA,"ok","","separated",3009,2009,10801,"0.2.0","1.1.6","ae5e9f06ffa72127f5bd2b6bac8174e333d51221","{""nit"":500,""nburn"":250,""nthin"":1,""nchains"":1,""ncores"":1,""convergence_control"":{""warn"":false},""seed"":10801,""convergence"":""core"",""verbose"":false}",66.3299999999999,"reported","ok",""
8,"st_bed_bayesc","D1","01_finemapping","separated","1:48832833","locus7:CS1","ld_proxy",TRUE,1,NA,"ok","","separated",3009,2009,10801,"0.2.0","1.1.6","ae5e9f06ffa72127f5bd2b6bac8174e333d51221","{""nit"":500,""nburn"":250,""nthin"":1,""nchains"":1,""ncores"":1,""convergence_control"":{""warn"":false},""seed"":10801,""convergence"":""core"",""verbose"":false}",66.3299999999999,"reported","ok",""
8,"st_bed_bayesr","D1","01_finemapping","separated","2:217442886","locus1:CS1","exact",TRUE,1,NA,"ok","","separated",3009,2009,10802,"0.2.0","1.1.6","ae5e9f06ffa72127f5bd2b6bac8174e333d51221","{""nit"":500,""nburn"":250,""nthin"":1,""nchains"":1,""ncores"":1,""convergence_control"":{""warn"":false},""seed"":10802,""convergence"":""core"",""verbose"":false}",93.9699999999998,"reported","ok",""
8,"st_bed_bayesr","D1","01_finemapping","separated","2:217442886","locus1:CS1","ld_proxy",TRUE,1,NA,"ok","","separated",3009,2009,10802,"0.2.0","1.1.6","ae5e9f06ffa72127f5bd2b6bac8174e333d51221","{""nit"":500,""nburn"":250,""nthin"":1,""nchains"":1,""ncores"":1,""convergence_control"":{""warn"":false},""seed"":10802,""convergence"":""core"",""verbose"":false}",93.9699999999998,"reported","ok",""
8,"st_bed_bayesr","D1","01_finemapping","separated","4:33617710","locus2:CS1","exact",TRUE,1,NA,"ok","","separated",3009,2009,10802,"0.2.0","1.1.6","ae5e9f06ffa72127f5bd2b6bac8174e333d51221","{""nit"":500,""nburn"":250,""nthin"":1,""nchains"":1,""ncores"":1,""convergence_control"":{""warn"":false},""seed"":10802,""convergence"":""core"",""verbose"":false}",93.9699999999998,"reported","ok",""
8,"st_bed_bayesr","D1","01_finemapping","separated","4:33617710","locus2:CS1","ld_proxy",TRUE,1,NA,"ok","","separated",3009,2009,10802,"0.2.0","1.1.6","ae5e9f06ffa72127f5bd2b6bac8174e333d51221","{""nit"":500,""nburn"":250,""nthin"":1,""nchains"":1,""ncores"":1,""convergence_control"":{""warn"":false},""seed"":10802,""convergence"":""core"",""verbose"":false}",93.9699999999998,"reported","ok",""
8,"st_bed_bayesr","D1","01_finemapping","separated","6:81512076","locus3:CS1","exact",TRUE,1,NA,"ok","","separated",3009,2009,10802,"0.2.0","1.1.6","ae5e9f06ffa72127f5bd2b6bac8174e333d51221","{""nit"":500,""nburn"":250,""nthin"":1,""nchains"":1,""ncores"":1,""convergence_control"":{""warn"":false},""seed"":10802,""convergence"":""core"",""verbose"":false}",93.9699999999998,"reported","ok",""
8,"st_bed_bayesr","D1","01_finemapping","separated","6:81512076","locus3:CS1","ld_proxy",TRUE,1,NA,"ok","","separated",3009,2009,10802,"0.2.0","1.1.6","ae5e9f06ffa72127f5bd2b6bac8174e333d51221","{""nit"":500,""nburn"":250,""nthin"":1,""nchains"":1,""ncores"":1,""convergence_control"":{""warn"":false},""seed"":10802,""convergence"":""core"",""verbose"":false}",93.9699999999998,"reported","ok",""
8,"st_bed_bayesr","D1","01_finemapping","separated","8:77456282","locus4:CS1","exact",TRUE,1,NA,"ok","","separated",3009,2009,10802,"0.2.0","1.1.6","ae5e9f06ffa72127f5bd2b6bac8174e333d51221","{""nit"":500,""nburn"":250,""nthin"":1,""nchains"":1,""ncores"":1,""convergence_control"":{""warn"":false},""seed"":10802,""convergence"":""core"",""verbose"":false}",93.9699999999998,"reported","ok",""
8,"st_bed_bayesr","D1","01_finemapping","separated","8:77456282","locus4:CS1","ld_proxy",TRUE,1,NA,"ok","","separated",3009,2009,10802,"0.2.0","1.1.6","ae5e9f06ffa72127f5bd2b6bac8174e333d51221","{""nit"":500,""nburn"":250,""nthin"":1,""nchains"":1,""ncores"":1,""convergence_control"":{""warn"":false},""seed"":10802,""convergence"":""core"",""verbose"":false}",93.9699999999998,"reported","ok",""
8,"st_bed_bayesr","D1","01_finemapping","separated","15:62893088","locus5:CS1","exact",TRUE,1,NA,"ok","","separated",3009,2009,10802,"0.2.0","1.1.6","ae5e9f06ffa72127f5bd2b6bac8174e333d51221","{""nit"":500,""nburn"":250,""nthin"":1,""nchains"":1,""ncores"":1,""convergence_control"":{""warn"":false},""seed"":10802,""convergence"":""core"",""verbose"":false}",93.9699999999998,"reported","ok",""
8,"st_bed_bayesr","D1","01_finemapping","separated","15:62893088","locus5:CS1","ld_proxy",TRUE,1,NA,"ok","","separated",3009,2009,10802,"0.2.0","1.1.6","ae5e9f06ffa72127f5bd2b6bac8174e333d51221","{""nit"":500,""nburn"":250,""nthin"":1,""nchains"":1,""ncores"":1,""convergence_control"":{""warn"":false},""seed"":10802,""convergence"":""core"",""verbose"":false}",93.9699999999998,"reported","ok",""
8,"st_bed_bayesr","D1","01_finemapping","separated","21:40652142","locus6:CS1","exact",TRUE,1,NA,"ok","","separated",3009,2009,10802,"0.2.0","1.1.6","ae5e9f06ffa72127f5bd2b6bac8174e333d51221","{""nit"":500,""nburn"":250,""nthin"":1,""nchains"":1,""ncores"":1,""convergence_control"":{""warn"":false},""seed"":10802,""convergence"":""core"",""verbose"":false}",93.9699999999998,"reported","ok",""
8,"st_bed_bayesr","D1","01_finemapping","separated","21:40652142","locus6:CS1","ld_proxy",TRUE,1,NA,"ok","","separated",3009,2009,10802,"0.2.0","1.1.6","ae5e9f06ffa72127f5bd2b6bac8174e333d51221","{""nit"":500,""nburn"":250,""nthin"":1,""nchains"":1,""ncores"":1,""convergence_control"":{""warn"":false},""seed"":10802,""convergence"":""core"",""verbose"":false}",93.9699999999998,"reported","ok",""
8,"st_bed_bayesr","D1","01_finemapping","separated","1:48832833","locus7:CS1","exact",TRUE,1,NA,"ok","","separated",3009,2009,10802,"0.2.0","1.1.6","ae5e9f06ffa72127f5bd2b6bac8174e333d51221","{""nit"":500,""nburn"":250,""nthin"":1,""nchains"":1,""ncores"":1,""convergence_control"":{""warn"":false},""seed"":10802,""convergence"":""core"",""verbose"":false}",93.9699999999998,"reported","ok",""
8,"st_bed_bayesr","D1","01_finemapping","separated","1:48832833","locus7:CS1","ld_proxy",TRUE,1,NA,"ok","","separated",3009,2009,10802,"0.2.0","1.1.6","ae5e9f06ffa72127f5bd2b6bac8174e333d51221","{""nit"":500,""nburn"":250,""nthin"":1,""nchains"":1,""ncores"":1,""convergence_control"":{""warn"":false},""seed"":10802,""convergence"":""core"",""verbose"":false}",93.9699999999998,"reported","ok",""
8,"st_csr_sbayesc","D1","01_finemapping","separated","2:217442886","locus1:CS1","exact",TRUE,1,NA,"ok","","separated",3009,2009,10803,"0.2.0","1.1.6","ae5e9f06ffa72127f5bd2b6bac8174e333d51221","{""nit"":500,""nburn"":250,""nthin"":1,""nchains"":1,""ncores"":1,""convergence_control"":{""warn"":false},""seed"":10803,""convergence"":""core"",""verbose"":false}",20.6599999999999,"reported","ok",""
8,"st_csr_sbayesc","D1","01_finemapping","separated","2:217442886","locus1:CS1","ld_proxy",TRUE,1,NA,"ok","","separated",3009,2009,10803,"0.2.0","1.1.6","ae5e9f06ffa72127f5bd2b6bac8174e333d51221","{""nit"":500,""nburn"":250,""nthin"":1,""nchains"":1,""ncores"":1,""convergence_control"":{""warn"":false},""seed"":10803,""convergence"":""core"",""verbose"":false}",20.6599999999999,"reported","ok",""
8,"st_csr_sbayesc","D1","01_finemapping","separated","4:33617710","locus2:CS1","exact",TRUE,1,NA,"ok","","separated",3009,2009,10803,"0.2.0","1.1.6","ae5e9f06ffa72127f5bd2b6bac8174e333d51221","{""nit"":500,""nburn"":250,""nthin"":1,""nchains"":1,""ncores"":1,""convergence_control"":{""warn"":false},""seed"":10803,""convergence"":""core"",""verbose"":false}",20.6599999999999,"reported","ok",""
8,"st_csr_sbayesc","D1","01_finemapping","separated","4:33617710","locus2:CS1","ld_proxy",TRUE,1,NA,"ok","","separated",3009,2009,10803,"0.2.0","1.1.6","ae5e9f06ffa72127f5bd2b6bac8174e333d51221","{""nit"":500,""nburn"":250,""nthin"":1,""nchains"":1,""ncores"":1,""convergence_control"":{""warn"":false},""seed"":10803,""convergence"":""core"",""verbose"":false}",20.6599999999999,"reported","ok",""
8,"st_csr_sbayesc","D1","01_finemapping","separated","6:81512076","locus3:CS1","exact",TRUE,1,NA,"ok","","separated",3009,2009,10803,"0.2.0","1.1.6","ae5e9f06ffa72127f5bd2b6bac8174e333d51221","{""nit"":500,""nburn"":250,""nthin"":1,""nchains"":1,""ncores"":1,""convergence_control"":{""warn"":false},""seed"":10803,""convergence"":""core"",""verbose"":false}",20.6599999999999,"reported","ok",""
8,"st_csr_sbayesc","D1","01_finemapping","separated","6:81512076","locus3:CS1","ld_proxy",TRUE,1,NA,"ok","","separated",3009,2009,10803,"0.2.0","1.1.6","ae5e9f06ffa72127f5bd2b6bac8174e333d51221","{""nit"":500,""nburn"":250,""nthin"":1,""nchains"":1,""ncores"":1,""convergence_control"":{""warn"":false},""seed"":10803,""convergence"":""core"",""verbose"":false}",20.6599999999999,"reported","ok",""
8,"st_csr_sbayesc","D1","01_finemapping","separated","8:77456282","locus4:CS1","exact",TRUE,1,NA,"ok","","separated",3009,2009,10803,"0.2.0","1.1.6","ae5e9f06ffa72127f5bd2b6bac8174e333d51221","{""nit"":500,""nburn"":250,""nthin"":1,""nchains"":1,""ncores"":1,""convergence_control"":{""warn"":false},""seed"":10803,""convergence"":""core"",""verbose"":false}",20.6599999999999,"reported","ok",""
8,"st_csr_sbayesc","D1","01_finemapping","separated","8:77456282","locus4:CS1","ld_proxy",TRUE,1,NA,"ok","","separated",3009,2009,10803,"0.2.0","1.1.6","ae5e9f06ffa72127f5bd2b6bac8174e333d51221","{""nit"":500,""nburn"":250,""nthin"":1,""nchains"":1,""ncores"":1,""convergence_control"":{""warn"":false},""seed"":10803,""convergence"":""core"",""verbose"":false}",20.6599999999999,"reported","ok",""
8,"st_csr_sbayesc","D1","01_finemapping","separated","15:62893088","locus5:CS1","exact",TRUE,1,NA,"ok","","separated",3009,2009,10803,"0.2.0","1.1.6","ae5e9f06ffa72127f5bd2b6bac8174e333d51221","{""nit"":500,""nburn"":250,""nthin"":1,""nchains"":1,""ncores"":1,""convergence_control"":{""warn"":false},""seed"":10803,""convergence"":""core"",""verbose"":false}",20.6599999999999,"reported","ok",""
8,"st_csr_sbayesc","D1","01_finemapping","separated","15:62893088","locus5:CS1","ld_proxy",TRUE,1,NA,"ok","","separated",3009,2009,10803,"0.2.0","1.1.6","ae5e9f06ffa72127f5bd2b6bac8174e333d51221","{""nit"":500,""nburn"":250,""nthin"":1,""nchains"":1,""ncores"":1,""convergence_control"":{""warn"":false},""seed"":10803,""convergence"":""core"",""verbose"":false}",20.6599999999999,"reported","ok",""
8,"st_csr_sbayesc","D1","01_finemapping","separated","21:40652142","locus6:CS1","exact",TRUE,1,NA,"ok","","separated",3009,2009,10803,"0.2.0","1.1.6","ae5e9f06ffa72127f5bd2b6bac8174e333d51221","{""nit"":500,""nburn"":250,""nthin"":1,""nchains"":1,""ncores"":1,""convergence_control"":{""warn"":false},""seed"":10803,""convergence"":""core"",""verbose"":false}",20.6599999999999,"reported","ok",""
8,"st_csr_sbayesc","D1","01_finemapping","separated","21:40652142","locus6:CS1","ld_proxy",TRUE,1,NA,"ok","","separated",3009,2009,10803,"0.2.0","1.1.6","ae5e9f06ffa72127f5bd2b6bac8174e333d51221","{""nit"":500,""nburn"":250,""nthin"":1,""nchains"":1,""ncores"":1,""convergence_control"":{""warn"":false},""seed"":10803,""convergence"":""core"",""verbose"":false}",20.6599999999999,"reported","ok",""
8,"st_csr_sbayesc","D1","01_finemapping","separated","1:48832833","locus7:CS1","exact",TRUE,1,NA,"ok","","separated",3009,2009,10803,"0.2.0","1.1.6","ae5e9f06ffa72127f5bd2b6bac8174e333d51221","{""nit"":500,""nburn"":250,""nthin"":1,""nchains"":1,""ncores"":1,""convergence_control"":{""warn"":false},""seed"":10803,""convergence"":""core"",""verbose"":false}",20.6599999999999,"reported","ok",""
8,"st_csr_sbayesc","D1","01_finemapping","separated","1:48832833","locus7:CS1","ld_proxy",TRUE,1,NA,"ok","","separated",3009,2009,10803,"0.2.0","1.1.6","ae5e9f06ffa72127f5bd2b6bac8174e333d51221","{""nit"":500,""nburn"":250,""nthin"":1,""nchains"":1,""ncores"":1,""convergence_control"":{""warn"":false},""seed"":10803,""convergence"":""core"",""verbose"":false}",20.6599999999999,"reported","ok",""
8,"st_csr_sbayesc","D1","01_finemapping","separated","2:158352774","locus8:CS1","exact",TRUE,1,NA,"ok","","separated",3009,2009,10803,"0.2.0","1.1.6","ae5e9f06ffa72127f5bd2b6bac8174e333d51221","{""nit"":500,""nburn"":250,""nthin"":1,""nchains"":1,""ncores"":1,""convergence_control"":{""warn"":false},""seed"":10803,""convergence"":""core"",""verbose"":false}",20.6599999999999,"reported","ok",""
8,"st_csr_sbayesc","D1","01_finemapping","separated","2:158352774","locus8:CS1","ld_proxy",TRUE,1,NA,"ok","","separated",3009,2009,10803,"0.2.0","1.1.6","ae5e9f06ffa72127f5bd2b6bac8174e333d51221","{""nit"":500,""nburn"":250,""nthin"":1,""nchains"":1,""ncores"":1,""convergence_control"":{""warn"":false},""seed"":10803,""convergence"":""core"",""verbose"":false}",20.6599999999999,"reported","ok",""
8,"st_csr_sbayesr","D1","01_finemapping","separated","2:217442886","locus1:CS1","exact",TRUE,1,NA,"ok","","separated",3009,2009,10804,"0.2.0","1.1.6","ae5e9f06ffa72127f5bd2b6bac8174e333d51221","{""nit"":500,""nburn"":250,""nthin"":1,""nchains"":1,""ncores"":1,""convergence_control"":{""warn"":false},""seed"":10804,""convergence"":""core"",""verbose"":false}",55.3300000000004,"reported","ok",""
8,"st_csr_sbayesr","D1","01_finemapping","separated","2:217442886","locus1:CS1","ld_proxy",TRUE,1,NA,"ok","","separated",3009,2009,10804,"0.2.0","1.1.6","ae5e9f06ffa72127f5bd2b6bac8174e333d51221","{""nit"":500,""nburn"":250,""nthin"":1,""nchains"":1,""ncores"":1,""convergence_control"":{""warn"":false},""seed"":10804,""convergence"":""core"",""verbose"":false}",55.3300000000004,"reported","ok",""
8,"st_csr_sbayesr","D1","01_finemapping","separated","4:33617710","locus2:CS1","exact",TRUE,1,NA,"ok","","separated",3009,2009,10804,"0.2.0","1.1.6","ae5e9f06ffa72127f5bd2b6bac8174e333d51221","{""nit"":500,""nburn"":250,""nthin"":1,""nchains"":1,""ncores"":1,""convergence_control"":{""warn"":false},""seed"":10804,""convergence"":""core"",""verbose"":false}",55.3300000000004,"reported","ok",""
8,"st_csr_sbayesr","D1","01_finemapping","separated","4:33617710","locus2:CS1","ld_proxy",TRUE,1,NA,"ok","","separated",3009,2009,10804,"0.2.0","1.1.6","ae5e9f06ffa72127f5bd2b6bac8174e333d51221","{""nit"":500,""nburn"":250,""nthin"":1,""nchains"":1,""ncores"":1,""convergence_control"":{""warn"":false},""seed"":10804,""convergence"":""core"",""verbose"":false}",55.3300000000004,"reported","ok",""
8,"st_csr_sbayesr","D1","01_finemapping","separated","6:81512076","locus3:CS1","exact",TRUE,1,NA,"ok","","separated",3009,2009,10804,"0.2.0","1.1.6","ae5e9f06ffa72127f5bd2b6bac8174e333d51221","{""nit"":500,""nburn"":250,""nthin"":1,""nchains"":1,""ncores"":1,""convergence_control"":{""warn"":false},""seed"":10804,""convergence"":""core"",""verbose"":false}",55.3300000000004,"reported","ok",""
8,"st_csr_sbayesr","D1","01_finemapping","separated","6:81512076","locus3:CS1","ld_proxy",TRUE,1,NA,"ok","","separated",3009,2009,10804,"0.2.0","1.1.6","ae5e9f06ffa72127f5bd2b6bac8174e333d51221","{""nit"":500,""nburn"":250,""nthin"":1,""nchains"":1,""ncores"":1,""convergence_control"":{""warn"":false},""seed"":10804,""convergence"":""core"",""verbose"":false}",55.3300000000004,"reported","ok",""
8,"st_csr_sbayesr","D1","01_finemapping","separated","15:62893088","locus4:CS1","exact",TRUE,1,NA,"ok","","separated",3009,2009,10804,"0.2.0","1.1.6","ae5e9f06ffa72127f5bd2b6bac8174e333d51221","{""nit"":500,""nburn"":250,""nthin"":1,""nchains"":1,""ncores"":1,""convergence_control"":{""warn"":false},""seed"":10804,""convergence"":""core"",""verbose"":false}",55.3300000000004,"reported","ok",""
8,"st_csr_sbayesr","D1","01_finemapping","separated","15:62893088","locus4:CS1","ld_proxy",TRUE,1,NA,"ok","","separated",3009,2009,10804,"0.2.0","1.1.6","ae5e9f06ffa72127f5bd2b6bac8174e333d51221","{""nit"":500,""nburn"":250,""nthin"":1,""nchains"":1,""ncores"":1,""convergence_control"":{""warn"":false},""seed"":10804,""convergence"":""core"",""verbose"":false}",55.3300000000004,"reported","ok",""
8,"st_csr_sbayesr","D1","01_finemapping","separated","21:40652142","locus5:CS1","exact",TRUE,1,NA,"ok","","separated",3009,2009,10804,"0.2.0","1.1.6","ae5e9f06ffa72127f5bd2b6bac8174e333d51221","{""nit"":500,""nburn"":250,""nthin"":1,""nchains"":1,""ncores"":1,""convergence_control"":{""warn"":false},""seed"":10804,""convergence"":""core"",""verbose"":false}",55.3300000000004,"reported","ok",""
8,"st_csr_sbayesr","D1","01_finemapping","separated","21:40652142","locus5:CS1","ld_proxy",TRUE,1,NA,"ok","","separated",3009,2009,10804,"0.2.0","1.1.6","ae5e9f06ffa72127f5bd2b6bac8174e333d51221","{""nit"":500,""nburn"":250,""nthin"":1,""nchains"":1,""ncores"":1,""convergence_control"":{""warn"":false},""seed"":10804,""convergence"":""core"",""verbose"":false}",55.3300000000004,"reported","ok",""
8,"st_csr_sbayesr","D1","01_finemapping","separated","8:77456282","locus6:CS1","exact",TRUE,1,NA,"ok","","separated",3009,2009,10804,"0.2.0","1.1.6","ae5e9f06ffa72127f5bd2b6bac8174e333d51221","{""nit"":500,""nburn"":250,""nthin"":1,""nchains"":1,""ncores"":1,""convergence_control"":{""warn"":false},""seed"":10804,""convergence"":""core"",""verbose"":false}",55.3300000000004,"reported","ok",""
8,"st_csr_sbayesr","D1","01_finemapping","separated","8:77456282","locus6:CS1","ld_proxy",TRUE,1,NA,"ok","","separated",3009,2009,10804,"0.2.0","1.1.6","ae5e9f06ffa72127f5bd2b6bac8174e333d51221","{""nit"":500,""nburn"":250,""nthin"":1,""nchains"":1,""ncores"":1,""convergence_control"":{""warn"":false},""seed"":10804,""convergence"":""core"",""verbose"":false}",55.3300000000004,"reported","ok",""
8,"st_csr_sbayesr","D1","01_finemapping","separated","1:48832833","locus7:CS1","exact",TRUE,1,NA,"ok","","separated",3009,2009,10804,"0.2.0","1.1.6","ae5e9f06ffa72127f5bd2b6bac8174e333d51221","{""nit"":500,""nburn"":250,""nthin"":1,""nchains"":1,""ncores"":1,""convergence_control"":{""warn"":false},""seed"":10804,""convergence"":""core"",""verbose"":false}",55.3300000000004,"reported","ok",""
8,"st_csr_sbayesr","D1","01_finemapping","separated","1:48832833","locus7:CS1","ld_proxy",TRUE,1,NA,"ok","","separated",3009,2009,10804,"0.2.0","1.1.6","ae5e9f06ffa72127f5bd2b6bac8174e333d51221","{""nit"":500,""nburn"":250,""nthin"":1,""nchains"":1,""ncores"":1,""convergence_control"":{""warn"":false},""seed"":10804,""convergence"":""core"",""verbose"":false}",55.3300000000004,"reported","ok",""
8,"st_csr_sbayesr","D1","01_finemapping","separated","2:158352774","locus8:CS1","exact",TRUE,1,NA,"ok","","separated",3009,2009,10804,"0.2.0","1.1.6","ae5e9f06ffa72127f5bd2b6bac8174e333d51221","{""nit"":500,""nburn"":250,""nthin"":1,""nchains"":1,""ncores"":1,""convergence_control"":{""warn"":false},""seed"":10804,""convergence"":""core"",""verbose"":false}",55.3300000000004,"reported","ok",""
8,"st_csr_sbayesr","D1","01_finemapping","separated","2:158352774","locus8:CS1","ld_proxy",TRUE,1,NA,"ok","","separated",3009,2009,10804,"0.2.0","1.1.6","ae5e9f06ffa72127f5bd2b6bac8174e333d51221","{""nit"":500,""nburn"":250,""nthin"":1,""nchains"":1,""ncores"":1,""convergence_control"":{""warn"":false},""seed"":10804,""convergence"":""core"",""verbose"":false}",55.3300000000004,"reported","ok",""
9,"st_bed_bayesc","D1","01_finemapping","separated","1:170366124","locus1:CS1","exact",TRUE,1,NA,"ok","","separated",3010,2010,10901,"0.2.0","1.1.6","ae5e9f06ffa72127f5bd2b6bac8174e333d51221","{""nit"":500,""nburn"":250,""nthin"":1,""nchains"":1,""ncores"":1,""convergence_control"":{""warn"":false},""seed"":10901,""convergence"":""core"",""verbose"":false}",65.8299999999999,"reported","ok",""
9,"st_bed_bayesc","D1","01_finemapping","separated","1:170366124","locus1:CS1","ld_proxy",TRUE,1,NA,"ok","","separated",3010,2010,10901,"0.2.0","1.1.6","ae5e9f06ffa72127f5bd2b6bac8174e333d51221","{""nit"":500,""nburn"":250,""nthin"":1,""nchains"":1,""ncores"":1,""convergence_control"":{""warn"":false},""seed"":10901,""convergence"":""core"",""verbose"":false}",65.8299999999999,"reported","ok",""
9,"st_bed_bayesc","D1","01_finemapping","separated","6:104710643","locus2:CS1","exact",TRUE,1,NA,"ok","","separated",3010,2010,10901,"0.2.0","1.1.6","ae5e9f06ffa72127f5bd2b6bac8174e333d51221","{""nit"":500,""nburn"":250,""nthin"":1,""nchains"":1,""ncores"":1,""convergence_control"":{""warn"":false},""seed"":10901,""convergence"":""core"",""verbose"":false}",65.8299999999999,"reported","ok",""
9,"st_bed_bayesc","D1","01_finemapping","separated","6:104710643","locus2:CS1","ld_proxy",TRUE,1,NA,"ok","","separated",3010,2010,10901,"0.2.0","1.1.6","ae5e9f06ffa72127f5bd2b6bac8174e333d51221","{""nit"":500,""nburn"":250,""nthin"":1,""nchains"":1,""ncores"":1,""convergence_control"":{""warn"":false},""seed"":10901,""convergence"":""core"",""verbose"":false}",65.8299999999999,"reported","ok",""
9,"st_bed_bayesc","D1","01_finemapping","separated","7:18975056","locus3:CS1","exact",TRUE,1,NA,"ok","","separated",3010,2010,10901,"0.2.0","1.1.6","ae5e9f06ffa72127f5bd2b6bac8174e333d51221","{""nit"":500,""nburn"":250,""nthin"":1,""nchains"":1,""ncores"":1,""convergence_control"":{""warn"":false},""seed"":10901,""convergence"":""core"",""verbose"":false}",65.8299999999999,"reported","ok",""
9,"st_bed_bayesc","D1","01_finemapping","separated","7:18975056","locus3:CS1","ld_proxy",TRUE,1,NA,"ok","","separated",3010,2010,10901,"0.2.0","1.1.6","ae5e9f06ffa72127f5bd2b6bac8174e333d51221","{""nit"":500,""nburn"":250,""nthin"":1,""nchains"":1,""ncores"":1,""convergence_control"":{""warn"":false},""seed"":10901,""convergence"":""core"",""verbose"":false}",65.8299999999999,"reported","ok",""
9,"st_bed_bayesc","D1","01_finemapping","separated","12:70021122","locus4:CS1","exact",TRUE,1,NA,"ok","","separated",3010,2010,10901,"0.2.0","1.1.6","ae5e9f06ffa72127f5bd2b6bac8174e333d51221","{""nit"":500,""nburn"":250,""nthin"":1,""nchains"":1,""ncores"":1,""convergence_control"":{""warn"":false},""seed"":10901,""convergence"":""core"",""verbose"":false}",65.8299999999999,"reported","ok",""
9,"st_bed_bayesc","D1","01_finemapping","separated","12:70021122","locus4:CS1","ld_proxy",TRUE,1,NA,"ok","","separated",3010,2010,10901,"0.2.0","1.1.6","ae5e9f06ffa72127f5bd2b6bac8174e333d51221","{""nit"":500,""nburn"":250,""nthin"":1,""nchains"":1,""ncores"":1,""convergence_control"":{""warn"":false},""seed"":10901,""convergence"":""core"",""verbose"":false}",65.8299999999999,"reported","ok",""
9,"st_bed_bayesc","D1","01_finemapping","separated","17:80128007","locus5:CS1","exact",TRUE,1,NA,"ok","","separated",3010,2010,10901,"0.2.0","1.1.6","ae5e9f06ffa72127f5bd2b6bac8174e333d51221","{""nit"":500,""nburn"":250,""nthin"":1,""nchains"":1,""ncores"":1,""convergence_control"":{""warn"":false},""seed"":10901,""convergence"":""core"",""verbose"":false}",65.8299999999999,"reported","ok",""
9,"st_bed_bayesc","D1","01_finemapping","separated","17:80128007","locus5:CS1","ld_proxy",TRUE,1,NA,"ok","","separated",3010,2010,10901,"0.2.0","1.1.6","ae5e9f06ffa72127f5bd2b6bac8174e333d51221","{""nit"":500,""nburn"":250,""nthin"":1,""nchains"":1,""ncores"":1,""convergence_control"":{""warn"":false},""seed"":10901,""convergence"":""core"",""verbose"":false}",65.8299999999999,"reported","ok",""
9,"st_bed_bayesc","D1","01_finemapping","separated","20:56478002","locus6:CS1","exact",TRUE,1,NA,"ok","","separated",3010,2010,10901,"0.2.0","1.1.6","ae5e9f06ffa72127f5bd2b6bac8174e333d51221","{""nit"":500,""nburn"":250,""nthin"":1,""nchains"":1,""ncores"":1,""convergence_control"":{""warn"":false},""seed"":10901,""convergence"":""core"",""verbose"":false}",65.8299999999999,"reported","ok",""
9,"st_bed_bayesc","D1","01_finemapping","separated","20:56478002","locus6:CS1","ld_proxy",TRUE,1,NA,"ok","","separated",3010,2010,10901,"0.2.0","1.1.6","ae5e9f06ffa72127f5bd2b6bac8174e333d51221","{""nit"":500,""nburn"":250,""nthin"":1,""nchains"":1,""ncores"":1,""convergence_control"":{""warn"":false},""seed"":10901,""convergence"":""core"",""verbose"":false}",65.8299999999999,"reported","ok",""
9,"st_bed_bayesr","D1","01_finemapping","separated","1:170366124","locus1:CS1","exact",TRUE,1,NA,"ok","","separated",3010,2010,10902,"0.2.0","1.1.6","ae5e9f06ffa72127f5bd2b6bac8174e333d51221","{""nit"":500,""nburn"":250,""nthin"":1,""nchains"":1,""ncores"":1,""convergence_control"":{""warn"":false},""seed"":10902,""convergence"":""core"",""verbose"":false}",88.5799999999999,"reported","ok",""
9,"st_bed_bayesr","D1","01_finemapping","separated","1:170366124","locus1:CS1","ld_proxy",TRUE,1,NA,"ok","","separated",3010,2010,10902,"0.2.0","1.1.6","ae5e9f06ffa72127f5bd2b6bac8174e333d51221","{""nit"":500,""nburn"":250,""nthin"":1,""nchains"":1,""ncores"":1,""convergence_control"":{""warn"":false},""seed"":10902,""convergence"":""core"",""verbose"":false}",88.5799999999999,"reported","ok",""
9,"st_bed_bayesr","D1","01_finemapping","separated","6:104710643","locus2:CS1","exact",TRUE,1,NA,"ok","","separated",3010,2010,10902,"0.2.0","1.1.6","ae5e9f06ffa72127f5bd2b6bac8174e333d51221","{""nit"":500,""nburn"":250,""nthin"":1,""nchains"":1,""ncores"":1,""convergence_control"":{""warn"":false},""seed"":10902,""convergence"":""core"",""verbose"":false}",88.5799999999999,"reported","ok",""
9,"st_bed_bayesr","D1","01_finemapping","separated","6:104710643","locus2:CS1","ld_proxy",TRUE,1,NA,"ok","","separated",3010,2010,10902,"0.2.0","1.1.6","ae5e9f06ffa72127f5bd2b6bac8174e333d51221","{""nit"":500,""nburn"":250,""nthin"":1,""nchains"":1,""ncores"":1,""convergence_control"":{""warn"":false},""seed"":10902,""convergence"":""core"",""verbose"":false}",88.5799999999999,"reported","ok",""
9,"st_bed_bayesr","D1","01_finemapping","separated","7:18975056","locus3:CS1","exact",TRUE,1,NA,"ok","","separated",3010,2010,10902,"0.2.0","1.1.6","ae5e9f06ffa72127f5bd2b6bac8174e333d51221","{""nit"":500,""nburn"":250,""nthin"":1,""nchains"":1,""ncores"":1,""convergence_control"":{""warn"":false},""seed"":10902,""convergence"":""core"",""verbose"":false}",88.5799999999999,"reported","ok",""
9,"st_bed_bayesr","D1","01_finemapping","separated","7:18975056","locus3:CS1","ld_proxy",TRUE,1,NA,"ok","","separated",3010,2010,10902,"0.2.0","1.1.6","ae5e9f06ffa72127f5bd2b6bac8174e333d51221","{""nit"":500,""nburn"":250,""nthin"":1,""nchains"":1,""ncores"":1,""convergence_control"":{""warn"":false},""seed"":10902,""convergence"":""core"",""verbose"":false}",88.5799999999999,"reported","ok",""
9,"st_bed_bayesr","D1","01_finemapping","separated","12:70021122","locus4:CS1","exact",TRUE,1,NA,"ok","","separated",3010,2010,10902,"0.2.0","1.1.6","ae5e9f06ffa72127f5bd2b6bac8174e333d51221","{""nit"":500,""nburn"":250,""nthin"":1,""nchains"":1,""ncores"":1,""convergence_control"":{""warn"":false},""seed"":10902,""convergence"":""core"",""verbose"":false}",88.5799999999999,"reported","ok",""
9,"st_bed_bayesr","D1","01_finemapping","separated","12:70021122","locus4:CS1","ld_proxy",TRUE,1,NA,"ok","","separated",3010,2010,10902,"0.2.0","1.1.6","ae5e9f06ffa72127f5bd2b6bac8174e333d51221","{""nit"":500,""nburn"":250,""nthin"":1,""nchains"":1,""ncores"":1,""convergence_control"":{""warn"":false},""seed"":10902,""convergence"":""core"",""verbose"":false}",88.5799999999999,"reported","ok",""
9,"st_bed_bayesr","D1","01_finemapping","separated","17:80128007","locus5:CS1","exact",TRUE,1,NA,"ok","","separated",3010,2010,10902,"0.2.0","1.1.6","ae5e9f06ffa72127f5bd2b6bac8174e333d51221","{""nit"":500,""nburn"":250,""nthin"":1,""nchains"":1,""ncores"":1,""convergence_control"":{""warn"":false},""seed"":10902,""convergence"":""core"",""verbose"":false}",88.5799999999999,"reported","ok",""
9,"st_bed_bayesr","D1","01_finemapping","separated","17:80128007","locus5:CS1","ld_proxy",TRUE,1,NA,"ok","","separated",3010,2010,10902,"0.2.0","1.1.6","ae5e9f06ffa72127f5bd2b6bac8174e333d51221","{""nit"":500,""nburn"":250,""nthin"":1,""nchains"":1,""ncores"":1,""convergence_control"":{""warn"":false},""seed"":10902,""convergence"":""core"",""verbose"":false}",88.5799999999999,"reported","ok",""
9,"st_bed_bayesr","D1","01_finemapping","separated","20:56478002","locus6:CS1","exact",TRUE,1,NA,"ok","","separated",3010,2010,10902,"0.2.0","1.1.6","ae5e9f06ffa72127f5bd2b6bac8174e333d51221","{""nit"":500,""nburn"":250,""nthin"":1,""nchains"":1,""ncores"":1,""convergence_control"":{""warn"":false},""seed"":10902,""convergence"":""core"",""verbose"":false}",88.5799999999999,"reported","ok",""
9,"st_bed_bayesr","D1","01_finemapping","separated","20:56478002","locus6:CS1","ld_proxy",TRUE,1,NA,"ok","","separated",3010,2010,10902,"0.2.0","1.1.6","ae5e9f06ffa72127f5bd2b6bac8174e333d51221","{""nit"":500,""nburn"":250,""nthin"":1,""nchains"":1,""ncores"":1,""convergence_control"":{""warn"":false},""seed"":10902,""convergence"":""core"",""verbose"":false}",88.5799999999999,"reported","ok",""
9,"st_csr_sbayesc","D1","01_finemapping","separated","1:170366124","locus1:CS1","exact",TRUE,1,NA,"ok","","separated",3010,2010,10903,"0.2.0","1.1.6","ae5e9f06ffa72127f5bd2b6bac8174e333d51221","{""nit"":500,""nburn"":250,""nthin"":1,""nchains"":1,""ncores"":1,""convergence_control"":{""warn"":false},""seed"":10903,""convergence"":""core"",""verbose"":false}",20.96,"reported","ok",""
9,"st_csr_sbayesc","D1","01_finemapping","separated","1:170366124","locus1:CS1","ld_proxy",TRUE,1,NA,"ok","","separated",3010,2010,10903,"0.2.0","1.1.6","ae5e9f06ffa72127f5bd2b6bac8174e333d51221","{""nit"":500,""nburn"":250,""nthin"":1,""nchains"":1,""ncores"":1,""convergence_control"":{""warn"":false},""seed"":10903,""convergence"":""core"",""verbose"":false}",20.96,"reported","ok",""
9,"st_csr_sbayesc","D1","01_finemapping","separated","6:104710643","locus2:CS1","exact",TRUE,1,NA,"ok","","separated",3010,2010,10903,"0.2.0","1.1.6","ae5e9f06ffa72127f5bd2b6bac8174e333d51221","{""nit"":500,""nburn"":250,""nthin"":1,""nchains"":1,""ncores"":1,""convergence_control"":{""warn"":false},""seed"":10903,""convergence"":""core"",""verbose"":false}",20.96,"reported","ok",""
9,"st_csr_sbayesc","D1","01_finemapping","separated","6:104710643","locus2:CS1","ld_proxy",TRUE,1,NA,"ok","","separated",3010,2010,10903,"0.2.0","1.1.6","ae5e9f06ffa72127f5bd2b6bac8174e333d51221","{""nit"":500,""nburn"":250,""nthin"":1,""nchains"":1,""ncores"":1,""convergence_control"":{""warn"":false},""seed"":10903,""convergence"":""core"",""verbose"":false}",20.96,"reported","ok",""
9,"st_csr_sbayesc","D1","01_finemapping","separated","7:18975056","locus3:CS1","exact",TRUE,1,NA,"ok","","separated",3010,2010,10903,"0.2.0","1.1.6","ae5e9f06ffa72127f5bd2b6bac8174e333d51221","{""nit"":500,""nburn"":250,""nthin"":1,""nchains"":1,""ncores"":1,""convergence_control"":{""warn"":false},""seed"":10903,""convergence"":""core"",""verbose"":false}",20.96,"reported","ok",""
9,"st_csr_sbayesc","D1","01_finemapping","separated","7:18975056","locus3:CS1","ld_proxy",TRUE,1,NA,"ok","","separated",3010,2010,10903,"0.2.0","1.1.6","ae5e9f06ffa72127f5bd2b6bac8174e333d51221","{""nit"":500,""nburn"":250,""nthin"":1,""nchains"":1,""ncores"":1,""convergence_control"":{""warn"":false},""seed"":10903,""convergence"":""core"",""verbose"":false}",20.96,"reported","ok",""
9,"st_csr_sbayesc","D1","01_finemapping","separated","12:70021122","locus4:CS1","exact",TRUE,1,NA,"ok","","separated",3010,2010,10903,"0.2.0","1.1.6","ae5e9f06ffa72127f5bd2b6bac8174e333d51221","{""nit"":500,""nburn"":250,""nthin"":1,""nchains"":1,""ncores"":1,""convergence_control"":{""warn"":false},""seed"":10903,""convergence"":""core"",""verbose"":false}",20.96,"reported","ok",""
9,"st_csr_sbayesc","D1","01_finemapping","separated","12:70021122","locus4:CS1","ld_proxy",TRUE,1,NA,"ok","","separated",3010,2010,10903,"0.2.0","1.1.6","ae5e9f06ffa72127f5bd2b6bac8174e333d51221","{""nit"":500,""nburn"":250,""nthin"":1,""nchains"":1,""ncores"":1,""convergence_control"":{""warn"":false},""seed"":10903,""convergence"":""core"",""verbose"":false}",20.96,"reported","ok",""
9,"st_csr_sbayesc","D1","01_finemapping","separated","17:80128007","locus5:CS1","exact",TRUE,1,NA,"ok","","separated",3010,2010,10903,"0.2.0","1.1.6","ae5e9f06ffa72127f5bd2b6bac8174e333d51221","{""nit"":500,""nburn"":250,""nthin"":1,""nchains"":1,""ncores"":1,""convergence_control"":{""warn"":false},""seed"":10903,""convergence"":""core"",""verbose"":false}",20.96,"reported","ok",""
9,"st_csr_sbayesc","D1","01_finemapping","separated","17:80128007","locus5:CS1","ld_proxy",TRUE,1,NA,"ok","","separated",3010,2010,10903,"0.2.0","1.1.6","ae5e9f06ffa72127f5bd2b6bac8174e333d51221","{""nit"":500,""nburn"":250,""nthin"":1,""nchains"":1,""ncores"":1,""convergence_control"":{""warn"":false},""seed"":10903,""convergence"":""core"",""verbose"":false}",20.96,"reported","ok",""
9,"st_csr_sbayesc","D1","01_finemapping","separated","20:56478002","locus6:CS1","exact",TRUE,1,NA,"ok","","separated",3010,2010,10903,"0.2.0","1.1.6","ae5e9f06ffa72127f5bd2b6bac8174e333d51221","{""nit"":500,""nburn"":250,""nthin"":1,""nchains"":1,""ncores"":1,""convergence_control"":{""warn"":false},""seed"":10903,""convergence"":""core"",""verbose"":false}",20.96,"reported","ok",""
9,"st_csr_sbayesc","D1","01_finemapping","separated","20:56478002","locus6:CS1","ld_proxy",TRUE,1,NA,"ok","","separated",3010,2010,10903,"0.2.0","1.1.6","ae5e9f06ffa72127f5bd2b6bac8174e333d51221","{""nit"":500,""nburn"":250,""nthin"":1,""nchains"":1,""ncores"":1,""convergence_control"":{""warn"":false},""seed"":10903,""convergence"":""core"",""verbose"":false}",20.96,"reported","ok",""
9,"st_csr_sbayesr","D1","01_finemapping","separated","1:170366124","locus1:CS1","exact",TRUE,1,NA,"ok","","separated",3010,2010,10904,"0.2.0","1.1.6","ae5e9f06ffa72127f5bd2b6bac8174e333d51221","{""nit"":500,""nburn"":250,""nthin"":1,""nchains"":1,""ncores"":1,""convergence_control"":{""warn"":false},""seed"":10904,""convergence"":""core"",""verbose"":false}",54.25,"reported","ok",""
9,"st_csr_sbayesr","D1","01_finemapping","separated","1:170366124","locus1:CS1","ld_proxy",TRUE,1,NA,"ok","","separated",3010,2010,10904,"0.2.0","1.1.6","ae5e9f06ffa72127f5bd2b6bac8174e333d51221","{""nit"":500,""nburn"":250,""nthin"":1,""nchains"":1,""ncores"":1,""convergence_control"":{""warn"":false},""seed"":10904,""convergence"":""core"",""verbose"":false}",54.25,"reported","ok",""
9,"st_csr_sbayesr","D1","01_finemapping","separated","6:104710643","locus2:CS1","exact",TRUE,1,NA,"ok","","separated",3010,2010,10904,"0.2.0","1.1.6","ae5e9f06ffa72127f5bd2b6bac8174e333d51221","{""nit"":500,""nburn"":250,""nthin"":1,""nchains"":1,""ncores"":1,""convergence_control"":{""warn"":false},""seed"":10904,""convergence"":""core"",""verbose"":false}",54.25,"reported","ok",""
9,"st_csr_sbayesr","D1","01_finemapping","separated","6:104710643","locus2:CS1","ld_proxy",TRUE,1,NA,"ok","","separated",3010,2010,10904,"0.2.0","1.1.6","ae5e9f06ffa72127f5bd2b6bac8174e333d51221","{""nit"":500,""nburn"":250,""nthin"":1,""nchains"":1,""ncores"":1,""convergence_control"":{""warn"":false},""seed"":10904,""convergence"":""core"",""verbose"":false}",54.25,"reported","ok",""
9,"st_csr_sbayesr","D1","01_finemapping","separated","7:18975056","locus3:CS1","exact",TRUE,1,NA,"ok","","separated",3010,2010,10904,"0.2.0","1.1.6","ae5e9f06ffa72127f5bd2b6bac8174e333d51221","{""nit"":500,""nburn"":250,""nthin"":1,""nchains"":1,""ncores"":1,""convergence_control"":{""warn"":false},""seed"":10904,""convergence"":""core"",""verbose"":false}",54.25,"reported","ok",""
9,"st_csr_sbayesr","D1","01_finemapping","separated","7:18975056","locus3:CS1","ld_proxy",TRUE,1,NA,"ok","","separated",3010,2010,10904,"0.2.0","1.1.6","ae5e9f06ffa72127f5bd2b6bac8174e333d51221","{""nit"":500,""nburn"":250,""nthin"":1,""nchains"":1,""ncores"":1,""convergence_control"":{""warn"":false},""seed"":10904,""convergence"":""core"",""verbose"":false}",54.25,"reported","ok",""
9,"st_csr_sbayesr","D1","01_finemapping","separated","12:70021122","locus4:CS1","exact",TRUE,1,NA,"ok","","separated",3010,2010,10904,"0.2.0","1.1.6","ae5e9f06ffa72127f5bd2b6bac8174e333d51221","{""nit"":500,""nburn"":250,""nthin"":1,""nchains"":1,""ncores"":1,""convergence_control"":{""warn"":false},""seed"":10904,""convergence"":""core"",""verbose"":false}",54.25,"reported","ok",""
9,"st_csr_sbayesr","D1","01_finemapping","separated","12:70021122","locus4:CS1","ld_proxy",TRUE,1,NA,"ok","","separated",3010,2010,10904,"0.2.0","1.1.6","ae5e9f06ffa72127f5bd2b6bac8174e333d51221","{""nit"":500,""nburn"":250,""nthin"":1,""nchains"":1,""ncores"":1,""convergence_control"":{""warn"":false},""seed"":10904,""convergence"":""core"",""verbose"":false}",54.25,"reported","ok",""
9,"st_csr_sbayesr","D1","01_finemapping","separated","17:80128007","locus5:CS1","exact",TRUE,1,NA,"ok","","separated",3010,2010,10904,"0.2.0","1.1.6","ae5e9f06ffa72127f5bd2b6bac8174e333d51221","{""nit"":500,""nburn"":250,""nthin"":1,""nchains"":1,""ncores"":1,""convergence_control"":{""warn"":false},""seed"":10904,""convergence"":""core"",""verbose"":false}",54.25,"reported","ok",""
9,"st_csr_sbayesr","D1","01_finemapping","separated","17:80128007","locus5:CS1","ld_proxy",TRUE,1,NA,"ok","","separated",3010,2010,10904,"0.2.0","1.1.6","ae5e9f06ffa72127f5bd2b6bac8174e333d51221","{""nit"":500,""nburn"":250,""nthin"":1,""nchains"":1,""ncores"":1,""convergence_control"":{""warn"":false},""seed"":10904,""convergence"":""core"",""verbose"":false}",54.25,"reported","ok",""
9,"st_csr_sbayesr","D1","01_finemapping","separated","20:56478002","locus6:CS1","exact",TRUE,1,NA,"ok","","separated",3010,2010,10904,"0.2.0","1.1.6","ae5e9f06ffa72127f5bd2b6bac8174e333d51221","{""nit"":500,""nburn"":250,""nthin"":1,""nchains"":1,""ncores"":1,""convergence_control"":{""warn"":false},""seed"":10904,""convergence"":""core"",""verbose"":false}",54.25,"reported","ok",""
9,"st_csr_sbayesr","D1","01_finemapping","separated","20:56478002","locus6:CS1","ld_proxy",TRUE,1,NA,"ok","","separated",3010,2010,10904,"0.2.0","1.1.6","ae5e9f06ffa72127f5bd2b6bac8174e333d51221","{""nit"":500,""nburn"":250,""nthin"":1,""nchains"":1,""ncores"":1,""convergence_control"":{""warn"":false},""seed"":10904,""convergence"":""core"",""verbose"":false}",54.25,"reported","ok",""
10,"st_bed_bayesc","D1","01_finemapping","separated","1:111409757","locus1:CS1","exact",TRUE,1,NA,"ok","","separated",3011,2011,11001,"0.2.0","1.1.6","ae5e9f06ffa72127f5bd2b6bac8174e333d51221","{""nit"":500,""nburn"":250,""nthin"":1,""nchains"":1,""ncores"":1,""convergence_control"":{""warn"":false},""seed"":11001,""convergence"":""core"",""verbose"":false}",67.7300000000005,"reported","ok",""
10,"st_bed_bayesc","D1","01_finemapping","separated","1:111409757","locus1:CS1","ld_proxy",TRUE,1,NA,"ok","","separated",3011,2011,11001,"0.2.0","1.1.6","ae5e9f06ffa72127f5bd2b6bac8174e333d51221","{""nit"":500,""nburn"":250,""nthin"":1,""nchains"":1,""ncores"":1,""convergence_control"":{""warn"":false},""seed"":11001,""convergence"":""core"",""verbose"":false}",67.7300000000005,"reported","ok",""
10,"st_bed_bayesc","D1","01_finemapping","separated","3:171209419","locus2:CS1","exact",TRUE,1,NA,"ok","","separated",3011,2011,11001,"0.2.0","1.1.6","ae5e9f06ffa72127f5bd2b6bac8174e333d51221","{""nit"":500,""nburn"":250,""nthin"":1,""nchains"":1,""ncores"":1,""convergence_control"":{""warn"":false},""seed"":11001,""convergence"":""core"",""verbose"":false}",67.7300000000005,"reported","ok",""
10,"st_bed_bayesc","D1","01_finemapping","separated","3:171209419","locus2:CS1","ld_proxy",TRUE,1,NA,"ok","","separated",3011,2011,11001,"0.2.0","1.1.6","ae5e9f06ffa72127f5bd2b6bac8174e333d51221","{""nit"":500,""nburn"":250,""nthin"":1,""nchains"":1,""ncores"":1,""convergence_control"":{""warn"":false},""seed"":11001,""convergence"":""core"",""verbose"":false}",67.7300000000005,"reported","ok",""
10,"st_bed_bayesc","D1","01_finemapping","separated","4:9139679","locus3:CS1","exact",TRUE,1,NA,"ok","","separated",3011,2011,11001,"0.2.0","1.1.6","ae5e9f06ffa72127f5bd2b6bac8174e333d51221","{""nit"":500,""nburn"":250,""nthin"":1,""nchains"":1,""ncores"":1,""convergence_control"":{""warn"":false},""seed"":11001,""convergence"":""core"",""verbose"":false}",67.7300000000005,"reported","ok",""
10,"st_bed_bayesc","D1","01_finemapping","separated","4:9139679","locus3:CS1","ld_proxy",TRUE,1,NA,"ok","","separated",3011,2011,11001,"0.2.0","1.1.6","ae5e9f06ffa72127f5bd2b6bac8174e333d51221","{""nit"":500,""nburn"":250,""nthin"":1,""nchains"":1,""ncores"":1,""convergence_control"":{""warn"":false},""seed"":11001,""convergence"":""core"",""verbose"":false}",67.7300000000005,"reported","ok",""
10,"st_bed_bayesc","D1","01_finemapping","separated","5:167295668","locus4:CS1","exact",TRUE,1,NA,"ok","","separated",3011,2011,11001,"0.2.0","1.1.6","ae5e9f06ffa72127f5bd2b6bac8174e333d51221","{""nit"":500,""nburn"":250,""nthin"":1,""nchains"":1,""ncores"":1,""convergence_control"":{""warn"":false},""seed"":11001,""convergence"":""core"",""verbose"":false}",67.7300000000005,"reported","ok",""
10,"st_bed_bayesc","D1","01_finemapping","separated","5:167295668","locus4:CS1","ld_proxy",TRUE,1,NA,"ok","","separated",3011,2011,11001,"0.2.0","1.1.6","ae5e9f06ffa72127f5bd2b6bac8174e333d51221","{""nit"":500,""nburn"":250,""nthin"":1,""nchains"":1,""ncores"":1,""convergence_control"":{""warn"":false},""seed"":11001,""convergence"":""core"",""verbose"":false}",67.7300000000005,"reported","ok",""
10,"st_bed_bayesc","D1","01_finemapping","separated","6:81657586","locus5:CS1","exact",TRUE,1,NA,"ok","","separated",3011,2011,11001,"0.2.0","1.1.6","ae5e9f06ffa72127f5bd2b6bac8174e333d51221","{""nit"":500,""nburn"":250,""nthin"":1,""nchains"":1,""ncores"":1,""convergence_control"":{""warn"":false},""seed"":11001,""convergence"":""core"",""verbose"":false}",67.7300000000005,"reported","ok",""
10,"st_bed_bayesc","D1","01_finemapping","separated","6:81657586","locus5:CS1","ld_proxy",TRUE,1,NA,"ok","","separated",3011,2011,11001,"0.2.0","1.1.6","ae5e9f06ffa72127f5bd2b6bac8174e333d51221","{""nit"":500,""nburn"":250,""nthin"":1,""nchains"":1,""ncores"":1,""convergence_control"":{""warn"":false},""seed"":11001,""convergence"":""core"",""verbose"":false}",67.7300000000005,"reported","ok",""
10,"st_bed_bayesc","D1","01_finemapping","separated","9:137273550","locus6:CS1","exact",TRUE,1,NA,"ok","","separated",3011,2011,11001,"0.2.0","1.1.6","ae5e9f06ffa72127f5bd2b6bac8174e333d51221","{""nit"":500,""nburn"":250,""nthin"":1,""nchains"":1,""ncores"":1,""convergence_control"":{""warn"":false},""seed"":11001,""convergence"":""core"",""verbose"":false}",67.7300000000005,"reported","ok",""
10,"st_bed_bayesc","D1","01_finemapping","separated","9:137273550","locus6:CS1","ld_proxy",TRUE,1,NA,"ok","","separated",3011,2011,11001,"0.2.0","1.1.6","ae5e9f06ffa72127f5bd2b6bac8174e333d51221","{""nit"":500,""nburn"":250,""nthin"":1,""nchains"":1,""ncores"":1,""convergence_control"":{""warn"":false},""seed"":11001,""convergence"":""core"",""verbose"":false}",67.7300000000005,"reported","ok",""
10,"st_bed_bayesc","D1","01_finemapping","separated","10:96392368","locus7:CS1","exact",TRUE,1,NA,"ok","","separated",3011,2011,11001,"0.2.0","1.1.6","ae5e9f06ffa72127f5bd2b6bac8174e333d51221","{""nit"":500,""nburn"":250,""nthin"":1,""nchains"":1,""ncores"":1,""convergence_control"":{""warn"":false},""seed"":11001,""convergence"":""core"",""verbose"":false}",67.7300000000005,"reported","ok",""
10,"st_bed_bayesc","D1","01_finemapping","separated","10:96392368","locus7:CS1","ld_proxy",TRUE,1,NA,"ok","","separated",3011,2011,11001,"0.2.0","1.1.6","ae5e9f06ffa72127f5bd2b6bac8174e333d51221","{""nit"":500,""nburn"":250,""nthin"":1,""nchains"":1,""ncores"":1,""convergence_control"":{""warn"":false},""seed"":11001,""convergence"":""core"",""verbose"":false}",67.7300000000005,"reported","ok",""
10,"st_bed_bayesr","D1","01_finemapping","separated","3:171209419","locus1:CS1","exact",TRUE,1,NA,"ok","","separated",3011,2011,11002,"0.2.0","1.1.6","ae5e9f06ffa72127f5bd2b6bac8174e333d51221","{""nit"":500,""nburn"":250,""nthin"":1,""nchains"":1,""ncores"":1,""convergence_control"":{""warn"":false},""seed"":11002,""convergence"":""core"",""verbose"":false}",89.3900000000003,"reported","ok",""
10,"st_bed_bayesr","D1","01_finemapping","separated","3:171209419","locus1:CS1","ld_proxy",TRUE,1,NA,"ok","","separated",3011,2011,11002,"0.2.0","1.1.6","ae5e9f06ffa72127f5bd2b6bac8174e333d51221","{""nit"":500,""nburn"":250,""nthin"":1,""nchains"":1,""ncores"":1,""convergence_control"":{""warn"":false},""seed"":11002,""convergence"":""core"",""verbose"":false}",89.3900000000003,"reported","ok",""
10,"st_bed_bayesr","D1","01_finemapping","separated","4:9139679","locus2:CS1","exact",TRUE,1,NA,"ok","","separated",3011,2011,11002,"0.2.0","1.1.6","ae5e9f06ffa72127f5bd2b6bac8174e333d51221","{""nit"":500,""nburn"":250,""nthin"":1,""nchains"":1,""ncores"":1,""convergence_control"":{""warn"":false},""seed"":11002,""convergence"":""core"",""verbose"":false}",89.3900000000003,"reported","ok",""
10,"st_bed_bayesr","D1","01_finemapping","separated","4:9139679","locus2:CS1","ld_proxy",TRUE,1,NA,"ok","","separated",3011,2011,11002,"0.2.0","1.1.6","ae5e9f06ffa72127f5bd2b6bac8174e333d51221","{""nit"":500,""nburn"":250,""nthin"":1,""nchains"":1,""ncores"":1,""convergence_control"":{""warn"":false},""seed"":11002,""convergence"":""core"",""verbose"":false}",89.3900000000003,"reported","ok",""
10,"st_bed_bayesr","D1","01_finemapping","separated","5:167295668","locus3:CS1","exact",TRUE,1,NA,"ok","","separated",3011,2011,11002,"0.2.0","1.1.6","ae5e9f06ffa72127f5bd2b6bac8174e333d51221","{""nit"":500,""nburn"":250,""nthin"":1,""nchains"":1,""ncores"":1,""convergence_control"":{""warn"":false},""seed"":11002,""convergence"":""core"",""verbose"":false}",89.3900000000003,"reported","ok",""
10,"st_bed_bayesr","D1","01_finemapping","separated","5:167295668","locus3:CS1","ld_proxy",TRUE,1,NA,"ok","","separated",3011,2011,11002,"0.2.0","1.1.6","ae5e9f06ffa72127f5bd2b6bac8174e333d51221","{""nit"":500,""nburn"":250,""nthin"":1,""nchains"":1,""ncores"":1,""convergence_control"":{""warn"":false},""seed"":11002,""convergence"":""core"",""verbose"":false}",89.3900000000003,"reported","ok",""
10,"st_bed_bayesr","D1","01_finemapping","separated","6:81657586","locus4:CS1","exact",TRUE,1,NA,"ok","","separated",3011,2011,11002,"0.2.0","1.1.6","ae5e9f06ffa72127f5bd2b6bac8174e333d51221","{""nit"":500,""nburn"":250,""nthin"":1,""nchains"":1,""ncores"":1,""convergence_control"":{""warn"":false},""seed"":11002,""convergence"":""core"",""verbose"":false}",89.3900000000003,"reported","ok",""
10,"st_bed_bayesr","D1","01_finemapping","separated","6:81657586","locus4:CS1","ld_proxy",TRUE,1,NA,"ok","","separated",3011,2011,11002,"0.2.0","1.1.6","ae5e9f06ffa72127f5bd2b6bac8174e333d51221","{""nit"":500,""nburn"":250,""nthin"":1,""nchains"":1,""ncores"":1,""convergence_control"":{""warn"":false},""seed"":11002,""convergence"":""core"",""verbose"":false}",89.3900000000003,"reported","ok",""
10,"st_bed_bayesr","D1","01_finemapping","separated","9:137273550","locus5:CS1","exact",TRUE,1,NA,"ok","","separated",3011,2011,11002,"0.2.0","1.1.6","ae5e9f06ffa72127f5bd2b6bac8174e333d51221","{""nit"":500,""nburn"":250,""nthin"":1,""nchains"":1,""ncores"":1,""convergence_control"":{""warn"":false},""seed"":11002,""convergence"":""core"",""verbose"":false}",89.3900000000003,"reported","ok",""
10,"st_bed_bayesr","D1","01_finemapping","separated","9:137273550","locus5:CS1","ld_proxy",TRUE,1,NA,"ok","","separated",3011,2011,11002,"0.2.0","1.1.6","ae5e9f06ffa72127f5bd2b6bac8174e333d51221","{""nit"":500,""nburn"":250,""nthin"":1,""nchains"":1,""ncores"":1,""convergence_control"":{""warn"":false},""seed"":11002,""convergence"":""core"",""verbose"":false}",89.3900000000003,"reported","ok",""
10,"st_bed_bayesr","D1","01_finemapping","separated","10:96392368","locus6:CS1","exact",TRUE,1,NA,"ok","","separated",3011,2011,11002,"0.2.0","1.1.6","ae5e9f06ffa72127f5bd2b6bac8174e333d51221","{""nit"":500,""nburn"":250,""nthin"":1,""nchains"":1,""ncores"":1,""convergence_control"":{""warn"":false},""seed"":11002,""convergence"":""core"",""verbose"":false}",89.3900000000003,"reported","ok",""
10,"st_bed_bayesr","D1","01_finemapping","separated","10:96392368","locus6:CS1","ld_proxy",TRUE,1,NA,"ok","","separated",3011,2011,11002,"0.2.0","1.1.6","ae5e9f06ffa72127f5bd2b6bac8174e333d51221","{""nit"":500,""nburn"":250,""nthin"":1,""nchains"":1,""ncores"":1,""convergence_control"":{""warn"":false},""seed"":11002,""convergence"":""core"",""verbose"":false}",89.3900000000003,"reported","ok",""
10,"st_bed_bayesr","D1","01_finemapping","separated","1:111409757","locus7:CS1","exact",TRUE,1,NA,"ok","","separated",3011,2011,11002,"0.2.0","1.1.6","ae5e9f06ffa72127f5bd2b6bac8174e333d51221","{""nit"":500,""nburn"":250,""nthin"":1,""nchains"":1,""ncores"":1,""convergence_control"":{""warn"":false},""seed"":11002,""convergence"":""core"",""verbose"":false}",89.3900000000003,"reported","ok",""
10,"st_bed_bayesr","D1","01_finemapping","separated","1:111409757","locus7:CS1","ld_proxy",TRUE,1,NA,"ok","","separated",3011,2011,11002,"0.2.0","1.1.6","ae5e9f06ffa72127f5bd2b6bac8174e333d51221","{""nit"":500,""nburn"":250,""nthin"":1,""nchains"":1,""ncores"":1,""convergence_control"":{""warn"":false},""seed"":11002,""convergence"":""core"",""verbose"":false}",89.3900000000003,"reported","ok",""
10,"st_csr_sbayesc","D1","01_finemapping","separated","3:171209419","locus1:CS1","exact",TRUE,1,NA,"ok","","separated",3011,2011,11003,"0.2.0","1.1.6","ae5e9f06ffa72127f5bd2b6bac8174e333d51221","{""nit"":500,""nburn"":250,""nthin"":1,""nchains"":1,""ncores"":1,""convergence_control"":{""warn"":false},""seed"":11003,""convergence"":""core"",""verbose"":false}",21.4200000000001,"reported","ok",""
10,"st_csr_sbayesc","D1","01_finemapping","separated","3:171209419","locus1:CS1","ld_proxy",TRUE,1,NA,"ok","","separated",3011,2011,11003,"0.2.0","1.1.6","ae5e9f06ffa72127f5bd2b6bac8174e333d51221","{""nit"":500,""nburn"":250,""nthin"":1,""nchains"":1,""ncores"":1,""convergence_control"":{""warn"":false},""seed"":11003,""convergence"":""core"",""verbose"":false}",21.4200000000001,"reported","ok",""
10,"st_csr_sbayesc","D1","01_finemapping","separated","4:9139679","locus2:CS1","exact",TRUE,1,NA,"ok","","separated",3011,2011,11003,"0.2.0","1.1.6","ae5e9f06ffa72127f5bd2b6bac8174e333d51221","{""nit"":500,""nburn"":250,""nthin"":1,""nchains"":1,""ncores"":1,""convergence_control"":{""warn"":false},""seed"":11003,""convergence"":""core"",""verbose"":false}",21.4200000000001,"reported","ok",""
10,"st_csr_sbayesc","D1","01_finemapping","separated","4:9139679","locus2:CS1","ld_proxy",TRUE,1,NA,"ok","","separated",3011,2011,11003,"0.2.0","1.1.6","ae5e9f06ffa72127f5bd2b6bac8174e333d51221","{""nit"":500,""nburn"":250,""nthin"":1,""nchains"":1,""ncores"":1,""convergence_control"":{""warn"":false},""seed"":11003,""convergence"":""core"",""verbose"":false}",21.4200000000001,"reported","ok",""
10,"st_csr_sbayesc","D1","01_finemapping","separated","5:167295668","locus3:CS1","exact",TRUE,1,NA,"ok","","separated",3011,2011,11003,"0.2.0","1.1.6","ae5e9f06ffa72127f5bd2b6bac8174e333d51221","{""nit"":500,""nburn"":250,""nthin"":1,""nchains"":1,""ncores"":1,""convergence_control"":{""warn"":false},""seed"":11003,""convergence"":""core"",""verbose"":false}",21.4200000000001,"reported","ok",""
10,"st_csr_sbayesc","D1","01_finemapping","separated","5:167295668","locus3:CS1","ld_proxy",TRUE,1,NA,"ok","","separated",3011,2011,11003,"0.2.0","1.1.6","ae5e9f06ffa72127f5bd2b6bac8174e333d51221","{""nit"":500,""nburn"":250,""nthin"":1,""nchains"":1,""ncores"":1,""convergence_control"":{""warn"":false},""seed"":11003,""convergence"":""core"",""verbose"":false}",21.4200000000001,"reported","ok",""
10,"st_csr_sbayesc","D1","01_finemapping","separated","6:81657586","locus4:CS1","exact",TRUE,1,NA,"ok","","separated",3011,2011,11003,"0.2.0","1.1.6","ae5e9f06ffa72127f5bd2b6bac8174e333d51221","{""nit"":500,""nburn"":250,""nthin"":1,""nchains"":1,""ncores"":1,""convergence_control"":{""warn"":false},""seed"":11003,""convergence"":""core"",""verbose"":false}",21.4200000000001,"reported","ok",""
10,"st_csr_sbayesc","D1","01_finemapping","separated","6:81657586","locus4:CS1","ld_proxy",TRUE,1,NA,"ok","","separated",3011,2011,11003,"0.2.0","1.1.6","ae5e9f06ffa72127f5bd2b6bac8174e333d51221","{""nit"":500,""nburn"":250,""nthin"":1,""nchains"":1,""ncores"":1,""convergence_control"":{""warn"":false},""seed"":11003,""convergence"":""core"",""verbose"":false}",21.4200000000001,"reported","ok",""
10,"st_csr_sbayesc","D1","01_finemapping","separated","9:137273550","locus5:CS1","exact",TRUE,1,NA,"ok","","separated",3011,2011,11003,"0.2.0","1.1.6","ae5e9f06ffa72127f5bd2b6bac8174e333d51221","{""nit"":500,""nburn"":250,""nthin"":1,""nchains"":1,""ncores"":1,""convergence_control"":{""warn"":false},""seed"":11003,""convergence"":""core"",""verbose"":false}",21.4200000000001,"reported","ok",""
10,"st_csr_sbayesc","D1","01_finemapping","separated","9:137273550","locus5:CS1","ld_proxy",TRUE,1,NA,"ok","","separated",3011,2011,11003,"0.2.0","1.1.6","ae5e9f06ffa72127f5bd2b6bac8174e333d51221","{""nit"":500,""nburn"":250,""nthin"":1,""nchains"":1,""ncores"":1,""convergence_control"":{""warn"":false},""seed"":11003,""convergence"":""core"",""verbose"":false}",21.4200000000001,"reported","ok",""
10,"st_csr_sbayesc","D1","01_finemapping","separated","10:96392368","locus6:CS1","exact",TRUE,1,NA,"ok","","separated",3011,2011,11003,"0.2.0","1.1.6","ae5e9f06ffa72127f5bd2b6bac8174e333d51221","{""nit"":500,""nburn"":250,""nthin"":1,""nchains"":1,""ncores"":1,""convergence_control"":{""warn"":false},""seed"":11003,""convergence"":""core"",""verbose"":false}",21.4200000000001,"reported","ok",""
10,"st_csr_sbayesc","D1","01_finemapping","separated","10:96392368","locus6:CS1","ld_proxy",TRUE,1,NA,"ok","","separated",3011,2011,11003,"0.2.0","1.1.6","ae5e9f06ffa72127f5bd2b6bac8174e333d51221","{""nit"":500,""nburn"":250,""nthin"":1,""nchains"":1,""ncores"":1,""convergence_control"":{""warn"":false},""seed"":11003,""convergence"":""core"",""verbose"":false}",21.4200000000001,"reported","ok",""
10,"st_csr_sbayesc","D1","01_finemapping","separated","1:111409757","locus7:CS1","exact",TRUE,1,NA,"ok","","separated",3011,2011,11003,"0.2.0","1.1.6","ae5e9f06ffa72127f5bd2b6bac8174e333d51221","{""nit"":500,""nburn"":250,""nthin"":1,""nchains"":1,""ncores"":1,""convergence_control"":{""warn"":false},""seed"":11003,""convergence"":""core"",""verbose"":false}",21.4200000000001,"reported","ok",""
10,"st_csr_sbayesc","D1","01_finemapping","separated","1:111409757","locus7:CS1","ld_proxy",TRUE,1,NA,"ok","","separated",3011,2011,11003,"0.2.0","1.1.6","ae5e9f06ffa72127f5bd2b6bac8174e333d51221","{""nit"":500,""nburn"":250,""nthin"":1,""nchains"":1,""ncores"":1,""convergence_control"":{""warn"":false},""seed"":11003,""convergence"":""core"",""verbose"":false}",21.4200000000001,"reported","ok",""
10,"st_csr_sbayesr","D1","01_finemapping","separated","3:171209419","locus1:CS1","exact",TRUE,1,NA,"ok","","separated",3011,2011,11004,"0.2.0","1.1.6","ae5e9f06ffa72127f5bd2b6bac8174e333d51221","{""nit"":500,""nburn"":250,""nthin"":1,""nchains"":1,""ncores"":1,""convergence_control"":{""warn"":false},""seed"":11004,""convergence"":""core"",""verbose"":false}",56.1999999999998,"reported","ok",""
10,"st_csr_sbayesr","D1","01_finemapping","separated","3:171209419","locus1:CS1","ld_proxy",TRUE,1,NA,"ok","","separated",3011,2011,11004,"0.2.0","1.1.6","ae5e9f06ffa72127f5bd2b6bac8174e333d51221","{""nit"":500,""nburn"":250,""nthin"":1,""nchains"":1,""ncores"":1,""convergence_control"":{""warn"":false},""seed"":11004,""convergence"":""core"",""verbose"":false}",56.1999999999998,"reported","ok",""
10,"st_csr_sbayesr","D1","01_finemapping","separated","4:9139679","locus2:CS1","exact",TRUE,1,NA,"ok","","separated",3011,2011,11004,"0.2.0","1.1.6","ae5e9f06ffa72127f5bd2b6bac8174e333d51221","{""nit"":500,""nburn"":250,""nthin"":1,""nchains"":1,""ncores"":1,""convergence_control"":{""warn"":false},""seed"":11004,""convergence"":""core"",""verbose"":false}",56.1999999999998,"reported","ok",""
10,"st_csr_sbayesr","D1","01_finemapping","separated","4:9139679","locus2:CS1","ld_proxy",TRUE,1,NA,"ok","","separated",3011,2011,11004,"0.2.0","1.1.6","ae5e9f06ffa72127f5bd2b6bac8174e333d51221","{""nit"":500,""nburn"":250,""nthin"":1,""nchains"":1,""ncores"":1,""convergence_control"":{""warn"":false},""seed"":11004,""convergence"":""core"",""verbose"":false}",56.1999999999998,"reported","ok",""
10,"st_csr_sbayesr","D1","01_finemapping","separated","5:167295668","locus3:CS1","exact",TRUE,1,NA,"ok","","separated",3011,2011,11004,"0.2.0","1.1.6","ae5e9f06ffa72127f5bd2b6bac8174e333d51221","{""nit"":500,""nburn"":250,""nthin"":1,""nchains"":1,""ncores"":1,""convergence_control"":{""warn"":false},""seed"":11004,""convergence"":""core"",""verbose"":false}",56.1999999999998,"reported","ok",""
10,"st_csr_sbayesr","D1","01_finemapping","separated","5:167295668","locus3:CS1","ld_proxy",TRUE,1,NA,"ok","","separated",3011,2011,11004,"0.2.0","1.1.6","ae5e9f06ffa72127f5bd2b6bac8174e333d51221","{""nit"":500,""nburn"":250,""nthin"":1,""nchains"":1,""ncores"":1,""convergence_control"":{""warn"":false},""seed"":11004,""convergence"":""core"",""verbose"":false}",56.1999999999998,"reported","ok",""
10,"st_csr_sbayesr","D1","01_finemapping","separated","6:81657586","locus4:CS1","exact",TRUE,1,NA,"ok","","separated",3011,2011,11004,"0.2.0","1.1.6","ae5e9f06ffa72127f5bd2b6bac8174e333d51221","{""nit"":500,""nburn"":250,""nthin"":1,""nchains"":1,""ncores"":1,""convergence_control"":{""warn"":false},""seed"":11004,""convergence"":""core"",""verbose"":false}",56.1999999999998,"reported","ok",""
10,"st_csr_sbayesr","D1","01_finemapping","separated","6:81657586","locus4:CS1","ld_proxy",TRUE,1,NA,"ok","","separated",3011,2011,11004,"0.2.0","1.1.6","ae5e9f06ffa72127f5bd2b6bac8174e333d51221","{""nit"":500,""nburn"":250,""nthin"":1,""nchains"":1,""ncores"":1,""convergence_control"":{""warn"":false},""seed"":11004,""convergence"":""core"",""verbose"":false}",56.1999999999998,"reported","ok",""
10,"st_csr_sbayesr","D1","01_finemapping","separated","9:137273550","locus5:CS1","exact",TRUE,1,NA,"ok","","separated",3011,2011,11004,"0.2.0","1.1.6","ae5e9f06ffa72127f5bd2b6bac8174e333d51221","{""nit"":500,""nburn"":250,""nthin"":1,""nchains"":1,""ncores"":1,""convergence_control"":{""warn"":false},""seed"":11004,""convergence"":""core"",""verbose"":false}",56.1999999999998,"reported","ok",""
10,"st_csr_sbayesr","D1","01_finemapping","separated","9:137273550","locus5:CS1","ld_proxy",TRUE,1,NA,"ok","","separated",3011,2011,11004,"0.2.0","1.1.6","ae5e9f06ffa72127f5bd2b6bac8174e333d51221","{""nit"":500,""nburn"":250,""nthin"":1,""nchains"":1,""ncores"":1,""convergence_control"":{""warn"":false},""seed"":11004,""convergence"":""core"",""verbose"":false}",56.1999999999998,"reported","ok",""
10,"st_csr_sbayesr","D1","01_finemapping","separated","10:96392368","locus6:CS1","exact",TRUE,1,NA,"ok","","separated",3011,2011,11004,"0.2.0","1.1.6","ae5e9f06ffa72127f5bd2b6bac8174e333d51221","{""nit"":500,""nburn"":250,""nthin"":1,""nchains"":1,""ncores"":1,""convergence_control"":{""warn"":false},""seed"":11004,""convergence"":""core"",""verbose"":false}",56.1999999999998,"reported","ok",""
10,"st_csr_sbayesr","D1","01_finemapping","separated","10:96392368","locus6:CS1","ld_proxy",TRUE,1,NA,"ok","","separated",3011,2011,11004,"0.2.0","1.1.6","ae5e9f06ffa72127f5bd2b6bac8174e333d51221","{""nit"":500,""nburn"":250,""nthin"":1,""nchains"":1,""ncores"":1,""convergence_control"":{""warn"":false},""seed"":11004,""convergence"":""core"",""verbose"":false}",56.1999999999998,"reported","ok",""
10,"st_csr_sbayesr","D1","01_finemapping","separated","1:111409757","locus7:CS1","exact",TRUE,1,NA,"ok","","separated",3011,2011,11004,"0.2.0","1.1.6","ae5e9f06ffa72127f5bd2b6bac8174e333d51221","{""nit"":500,""nburn"":250,""nthin"":1,""nchains"":1,""ncores"":1,""convergence_control"":{""warn"":false},""seed"":11004,""convergence"":""core"",""verbose"":false}",56.1999999999998,"reported","ok",""
10,"st_csr_sbayesr","D1","01_finemapping","separated","1:111409757","locus7:CS1","ld_proxy",TRUE,1,NA,"ok","","separated",3011,2011,11004,"0.2.0","1.1.6","ae5e9f06ffa72127f5bd2b6bac8174e333d51221","{""nit"":500,""nburn"":250,""nthin"":1,""nchains"":1,""ncores"":1,""convergence_control"":{""warn"":false},""seed"":11004,""convergence"":""core"",""verbose"":false}",56.1999999999998,"reported","ok",""
