"replicate","method","trait","study","scenario","metric","value","status.x","reason.x","architecture","simulation_seed","causal_selection_seed","mcmc_seed","sblr_version","qgg_version","sblrbench_commit","method_controls","runtime","convergence_status","status.y","reason.y"
1,"st_bed_bayesc","D1","01_finemapping","separated","pip_brier",6.12604037798426e-05,"ok","","separated",3002,2002,10101,"0.2.0","1.1.6","ae5e9f06ffa72127f5bd2b6bac8174e333d51221","{""nit"":500,""nburn"":250,""nthin"":1,""nchains"":1,""ncores"":1,""convergence_control"":{""warn"":false},""seed"":10101,""convergence"":""core"",""verbose"":false}",65.2800000000001,"reported","ok",""
1,"st_bed_bayesc","D1","01_finemapping","separated","effect_rmse",0.000488917506790191,"ok","","separated",3002,2002,10101,"0.2.0","1.1.6","ae5e9f06ffa72127f5bd2b6bac8174e333d51221","{""nit"":500,""nburn"":250,""nthin"":1,""nchains"":1,""ncores"":1,""convergence_control"":{""warn"":false},""seed"":10101,""convergence"":""core"",""verbose"":false}",65.2800000000001,"reported","ok",""
1,"st_bed_bayesc","D1","01_finemapping","separated","average_precision",0.800425783543674,"ok","","separated",3002,2002,10101,"0.2.0","1.1.6","ae5e9f06ffa72127f5bd2b6bac8174e333d51221","{""nit"":500,""nburn"":250,""nthin"":1,""nchains"":1,""ncores"":1,""convergence_control"":{""warn"":false},""seed"":10101,""convergence"":""core"",""verbose"":false}",65.2800000000001,"reported","ok",""
1,"st_bed_bayesc","D1","01_finemapping","separated","causal_rank_mean",3434.8,"ok","","separated",3002,2002,10101,"0.2.0","1.1.6","ae5e9f06ffa72127f5bd2b6bac8174e333d51221","{""nit"":500,""nburn"":250,""nthin"":1,""nchains"":1,""ncores"":1,""convergence_control"":{""warn"":false},""seed"":10101,""convergence"":""core"",""verbose"":false}",65.2800000000001,"reported","ok",""
1,"st_bed_bayesc","D1","01_finemapping","separated","causal_rank_median",5.5,"ok","","separated",3002,2002,10101,"0.2.0","1.1.6","ae5e9f06ffa72127f5bd2b6bac8174e333d51221","{""nit"":500,""nburn"":250,""nthin"":1,""nchains"":1,""ncores"":1,""convergence_control"":{""warn"":false},""seed"":10101,""convergence"":""core"",""verbose"":false}",65.2800000000001,"reported","ok",""
1,"st_bed_bayesc","D1","01_finemapping","separated","causal_rank_best",1,"ok","","separated",3002,2002,10101,"0.2.0","1.1.6","ae5e9f06ffa72127f5bd2b6bac8174e333d51221","{""nit"":500,""nburn"":250,""nthin"":1,""nchains"":1,""ncores"":1,""convergence_control"":{""warn"":false},""seed"":10101,""convergence"":""core"",""verbose"":false}",65.2800000000001,"reported","ok",""
1,"st_bed_bayesc","D1","01_finemapping","separated","causal_rank_worst",32031,"ok","","separated",3002,2002,10101,"0.2.0","1.1.6","ae5e9f06ffa72127f5bd2b6bac8174e333d51221","{""nit"":500,""nburn"":250,""nthin"":1,""nchains"":1,""ncores"":1,""convergence_control"":{""warn"":false},""seed"":10101,""convergence"":""core"",""verbose"":false}",65.2800000000001,"reported","ok",""
1,"st_bed_bayesc","D1","01_finemapping","separated","causal_top_10_recall",0.8,"ok","","separated",3002,2002,10101,"0.2.0","1.1.6","ae5e9f06ffa72127f5bd2b6bac8174e333d51221","{""nit"":500,""nburn"":250,""nthin"":1,""nchains"":1,""ncores"":1,""convergence_control"":{""warn"":false},""seed"":10101,""convergence"":""core"",""verbose"":false}",65.2800000000001,"reported","ok",""
1,"st_bed_bayesc","D1","01_finemapping","separated","causal_top_20_recall",0.8,"ok","","separated",3002,2002,10101,"0.2.0","1.1.6","ae5e9f06ffa72127f5bd2b6bac8174e333d51221","{""nit"":500,""nburn"":250,""nthin"":1,""nchains"":1,""ncores"":1,""convergence_control"":{""warn"":false},""seed"":10101,""convergence"":""core"",""verbose"":false}",65.2800000000001,"reported","ok",""
1,"st_bed_bayesc","D1","01_finemapping","separated","causal_top_50_recall",0.8,"ok","","separated",3002,2002,10101,"0.2.0","1.1.6","ae5e9f06ffa72127f5bd2b6bac8174e333d51221","{""nit"":500,""nburn"":250,""nthin"":1,""nchains"":1,""ncores"":1,""convergence_control"":{""warn"":false},""seed"":10101,""convergence"":""core"",""verbose"":false}",65.2800000000001,"reported","ok",""
1,"st_bed_bayesr","D1","01_finemapping","separated","pip_brier",5.90162933326314e-05,"ok","","separated",3002,2002,10102,"0.2.0","1.1.6","ae5e9f06ffa72127f5bd2b6bac8174e333d51221","{""nit"":500,""nburn"":250,""nthin"":1,""nchains"":1,""ncores"":1,""convergence_control"":{""warn"":false},""seed"":10102,""convergence"":""core"",""verbose"":false}",86.0899999999999,"reported","ok",""
1,"st_bed_bayesr","D1","01_finemapping","separated","effect_rmse",0.00045678423054594,"ok","","separated",3002,2002,10102,"0.2.0","1.1.6","ae5e9f06ffa72127f5bd2b6bac8174e333d51221","{""nit"":500,""nburn"":250,""nthin"":1,""nchains"":1,""ncores"":1,""convergence_control"":{""warn"":false},""seed"":10102,""convergence"":""core"",""verbose"":false}",86.0899999999999,"reported","ok",""
1,"st_bed_bayesr","D1","01_finemapping","separated","average_precision",0.800323765856085,"ok","","separated",3002,2002,10102,"0.2.0","1.1.6","ae5e9f06ffa72127f5bd2b6bac8174e333d51221","{""nit"":500,""nburn"":250,""nthin"":1,""nchains"":1,""ncores"":1,""convergence_control"":{""warn"":false},""seed"":10102,""convergence"":""core"",""verbose"":false}",86.0899999999999,"reported","ok",""
1,"st_bed_bayesr","D1","01_finemapping","separated","causal_rank_mean",3528.3,"ok","","separated",3002,2002,10102,"0.2.0","1.1.6","ae5e9f06ffa72127f5bd2b6bac8174e333d51221","{""nit"":500,""nburn"":250,""nthin"":1,""nchains"":1,""ncores"":1,""convergence_control"":{""warn"":false},""seed"":10102,""convergence"":""core"",""verbose"":false}",86.0899999999999,"reported","ok",""
1,"st_bed_bayesr","D1","01_finemapping","separated","causal_rank_median",5.5,"ok","","separated",3002,2002,10102,"0.2.0","1.1.6","ae5e9f06ffa72127f5bd2b6bac8174e333d51221","{""nit"":500,""nburn"":250,""nthin"":1,""nchains"":1,""ncores"":1,""convergence_control"":{""warn"":false},""seed"":10102,""convergence"":""core"",""verbose"":false}",86.0899999999999,"reported","ok",""
1,"st_bed_bayesr","D1","01_finemapping","separated","causal_rank_best",1,"ok","","separated",3002,2002,10102,"0.2.0","1.1.6","ae5e9f06ffa72127f5bd2b6bac8174e333d51221","{""nit"":500,""nburn"":250,""nthin"":1,""nchains"":1,""ncores"":1,""convergence_control"":{""warn"":false},""seed"":10102,""convergence"":""core"",""verbose"":false}",86.0899999999999,"reported","ok",""
1,"st_bed_bayesr","D1","01_finemapping","separated","causal_rank_worst",32172,"ok","","separated",3002,2002,10102,"0.2.0","1.1.6","ae5e9f06ffa72127f5bd2b6bac8174e333d51221","{""nit"":500,""nburn"":250,""nthin"":1,""nchains"":1,""ncores"":1,""convergence_control"":{""warn"":false},""seed"":10102,""convergence"":""core"",""verbose"":false}",86.0899999999999,"reported","ok",""
1,"st_bed_bayesr","D1","01_finemapping","separated","causal_top_10_recall",0.8,"ok","","separated",3002,2002,10102,"0.2.0","1.1.6","ae5e9f06ffa72127f5bd2b6bac8174e333d51221","{""nit"":500,""nburn"":250,""nthin"":1,""nchains"":1,""ncores"":1,""convergence_control"":{""warn"":false},""seed"":10102,""convergence"":""core"",""verbose"":false}",86.0899999999999,"reported","ok",""
1,"st_bed_bayesr","D1","01_finemapping","separated","causal_top_20_recall",0.8,"ok","","separated",3002,2002,10102,"0.2.0","1.1.6","ae5e9f06ffa72127f5bd2b6bac8174e333d51221","{""nit"":500,""nburn"":250,""nthin"":1,""nchains"":1,""ncores"":1,""convergence_control"":{""warn"":false},""seed"":10102,""convergence"":""core"",""verbose"":false}",86.0899999999999,"reported","ok",""
1,"st_bed_bayesr","D1","01_finemapping","separated","causal_top_50_recall",0.8,"ok","","separated",3002,2002,10102,"0.2.0","1.1.6","ae5e9f06ffa72127f5bd2b6bac8174e333d51221","{""nit"":500,""nburn"":250,""nthin"":1,""nchains"":1,""ncores"":1,""convergence_control"":{""warn"":false},""seed"":10102,""convergence"":""core"",""verbose"":false}",86.0899999999999,"reported","ok",""
1,"st_csr_sbayesc","D1","01_finemapping","separated","pip_brier",9.42788555184123e-05,"ok","","separated",3002,2002,10103,"0.2.0","1.1.6","ae5e9f06ffa72127f5bd2b6bac8174e333d51221","{""nit"":500,""nburn"":250,""nthin"":1,""nchains"":1,""ncores"":1,""convergence_control"":{""warn"":false},""seed"":10103,""convergence"":""core"",""verbose"":false}",22.25,"reported","ok",""
1,"st_csr_sbayesc","D1","01_finemapping","separated","effect_rmse",0.00100033347080469,"ok","","separated",3002,2002,10103,"0.2.0","1.1.6","ae5e9f06ffa72127f5bd2b6bac8174e333d51221","{""nit"":500,""nburn"":250,""nthin"":1,""nchains"":1,""ncores"":1,""convergence_control"":{""warn"":false},""seed"":10103,""convergence"":""core"",""verbose"":false}",22.25,"reported","ok",""
1,"st_csr_sbayesc","D1","01_finemapping","separated","average_precision",0.800350770556986,"ok","","separated",3002,2002,10103,"0.2.0","1.1.6","ae5e9f06ffa72127f5bd2b6bac8174e333d51221","{""nit"":500,""nburn"":250,""nthin"":1,""nchains"":1,""ncores"":1,""convergence_control"":{""warn"":false},""seed"":10103,""convergence"":""core"",""verbose"":false}",22.25,"reported","ok",""
1,"st_csr_sbayesc","D1","01_finemapping","separated","causal_rank_mean",1108.5,"ok","","separated",3002,2002,10103,"0.2.0","1.1.6","ae5e9f06ffa72127f5bd2b6bac8174e333d51221","{""nit"":500,""nburn"":250,""nthin"":1,""nchains"":1,""ncores"":1,""convergence_control"":{""warn"":false},""seed"":10103,""convergence"":""core"",""verbose"":false}",22.25,"reported","ok",""
1,"st_csr_sbayesc","D1","01_finemapping","separated","causal_rank_median",5.5,"ok","","separated",3002,2002,10103,"0.2.0","1.1.6","ae5e9f06ffa72127f5bd2b6bac8174e333d51221","{""nit"":500,""nburn"":250,""nthin"":1,""nchains"":1,""ncores"":1,""convergence_control"":{""warn"":false},""seed"":10103,""convergence"":""core"",""verbose"":false}",22.25,"reported","ok",""
1,"st_csr_sbayesc","D1","01_finemapping","separated","causal_rank_best",1,"ok","","separated",3002,2002,10103,"0.2.0","1.1.6","ae5e9f06ffa72127f5bd2b6bac8174e333d51221","{""nit"":500,""nburn"":250,""nthin"":1,""nchains"":1,""ncores"":1,""convergence_control"":{""warn"":false},""seed"":10103,""convergence"":""core"",""verbose"":false}",22.25,"reported","ok",""
1,"st_csr_sbayesc","D1","01_finemapping","separated","causal_rank_worst",6452,"ok","","separated",3002,2002,10103,"0.2.0","1.1.6","ae5e9f06ffa72127f5bd2b6bac8174e333d51221","{""nit"":500,""nburn"":250,""nthin"":1,""nchains"":1,""ncores"":1,""convergence_control"":{""warn"":false},""seed"":10103,""convergence"":""core"",""verbose"":false}",22.25,"reported","ok",""
1,"st_csr_sbayesc","D1","01_finemapping","separated","causal_top_10_recall",0.8,"ok","","separated",3002,2002,10103,"0.2.0","1.1.6","ae5e9f06ffa72127f5bd2b6bac8174e333d51221","{""nit"":500,""nburn"":250,""nthin"":1,""nchains"":1,""ncores"":1,""convergence_control"":{""warn"":false},""seed"":10103,""convergence"":""core"",""verbose"":false}",22.25,"reported","ok",""
1,"st_csr_sbayesc","D1","01_finemapping","separated","causal_top_20_recall",0.8,"ok","","separated",3002,2002,10103,"0.2.0","1.1.6","ae5e9f06ffa72127f5bd2b6bac8174e333d51221","{""nit"":500,""nburn"":250,""nthin"":1,""nchains"":1,""ncores"":1,""convergence_control"":{""warn"":false},""seed"":10103,""convergence"":""core"",""verbose"":false}",22.25,"reported","ok",""
1,"st_csr_sbayesc","D1","01_finemapping","separated","causal_top_50_recall",0.8,"ok","","separated",3002,2002,10103,"0.2.0","1.1.6","ae5e9f06ffa72127f5bd2b6bac8174e333d51221","{""nit"":500,""nburn"":250,""nthin"":1,""nchains"":1,""ncores"":1,""convergence_control"":{""warn"":false},""seed"":10103,""convergence"":""core"",""verbose"":false}",22.25,"reported","ok",""
1,"st_csr_sbayesr","D1","01_finemapping","separated","pip_brier",8.70685162275276e-05,"ok","","separated",3002,2002,10104,"0.2.0","1.1.6","ae5e9f06ffa72127f5bd2b6bac8174e333d51221","{""nit"":500,""nburn"":250,""nthin"":1,""nchains"":1,""ncores"":1,""convergence_control"":{""warn"":false},""seed"":10104,""convergence"":""core"",""verbose"":false}",53.8300000000002,"reported","ok",""
1,"st_csr_sbayesr","D1","01_finemapping","separated","effect_rmse",0.000910473648591713,"ok","","separated",3002,2002,10104,"0.2.0","1.1.6","ae5e9f06ffa72127f5bd2b6bac8174e333d51221","{""nit"":500,""nburn"":250,""nthin"":1,""nchains"":1,""ncores"":1,""convergence_control"":{""warn"":false},""seed"":10104,""convergence"":""core"",""verbose"":false}",53.8300000000002,"reported","ok",""
1,"st_csr_sbayesr","D1","01_finemapping","separated","average_precision",0.80019874175371,"ok","","separated",3002,2002,10104,"0.2.0","1.1.6","ae5e9f06ffa72127f5bd2b6bac8174e333d51221","{""nit"":500,""nburn"":250,""nthin"":1,""nchains"":1,""ncores"":1,""convergence_control"":{""warn"":false},""seed"":10104,""convergence"":""core"",""verbose"":false}",53.8300000000002,"reported","ok",""
1,"st_csr_sbayesr","D1","01_finemapping","separated","causal_rank_mean",1930.9,"ok","","separated",3002,2002,10104,"0.2.0","1.1.6","ae5e9f06ffa72127f5bd2b6bac8174e333d51221","{""nit"":500,""nburn"":250,""nthin"":1,""nchains"":1,""ncores"":1,""convergence_control"":{""warn"":false},""seed"":10104,""convergence"":""core"",""verbose"":false}",53.8300000000002,"reported","ok",""
1,"st_csr_sbayesr","D1","01_finemapping","separated","causal_rank_median",5.5,"ok","","separated",3002,2002,10104,"0.2.0","1.1.6","ae5e9f06ffa72127f5bd2b6bac8174e333d51221","{""nit"":500,""nburn"":250,""nthin"":1,""nchains"":1,""ncores"":1,""convergence_control"":{""warn"":false},""seed"":10104,""convergence"":""core"",""verbose"":false}",53.8300000000002,"reported","ok",""
1,"st_csr_sbayesr","D1","01_finemapping","separated","causal_rank_best",1,"ok","","separated",3002,2002,10104,"0.2.0","1.1.6","ae5e9f06ffa72127f5bd2b6bac8174e333d51221","{""nit"":500,""nburn"":250,""nthin"":1,""nchains"":1,""ncores"":1,""convergence_control"":{""warn"":false},""seed"":10104,""convergence"":""core"",""verbose"":false}",53.8300000000002,"reported","ok",""
1,"st_csr_sbayesr","D1","01_finemapping","separated","causal_rank_worst",10782,"ok","","separated",3002,2002,10104,"0.2.0","1.1.6","ae5e9f06ffa72127f5bd2b6bac8174e333d51221","{""nit"":500,""nburn"":250,""nthin"":1,""nchains"":1,""ncores"":1,""convergence_control"":{""warn"":false},""seed"":10104,""convergence"":""core"",""verbose"":false}",53.8300000000002,"reported","ok",""
1,"st_csr_sbayesr","D1","01_finemapping","separated","causal_top_10_recall",0.8,"ok","","separated",3002,2002,10104,"0.2.0","1.1.6","ae5e9f06ffa72127f5bd2b6bac8174e333d51221","{""nit"":500,""nburn"":250,""nthin"":1,""nchains"":1,""ncores"":1,""convergence_control"":{""warn"":false},""seed"":10104,""convergence"":""core"",""verbose"":false}",53.8300000000002,"reported","ok",""
1,"st_csr_sbayesr","D1","01_finemapping","separated","causal_top_20_recall",0.8,"ok","","separated",3002,2002,10104,"0.2.0","1.1.6","ae5e9f06ffa72127f5bd2b6bac8174e333d51221","{""nit"":500,""nburn"":250,""nthin"":1,""nchains"":1,""ncores"":1,""convergence_control"":{""warn"":false},""seed"":10104,""convergence"":""core"",""verbose"":false}",53.8300000000002,"reported","ok",""
1,"st_csr_sbayesr","D1","01_finemapping","separated","causal_top_50_recall",0.8,"ok","","separated",3002,2002,10104,"0.2.0","1.1.6","ae5e9f06ffa72127f5bd2b6bac8174e333d51221","{""nit"":500,""nburn"":250,""nthin"":1,""nchains"":1,""ncores"":1,""convergence_control"":{""warn"":false},""seed"":10104,""convergence"":""core"",""verbose"":false}",53.8300000000002,"reported","ok",""
2,"st_bed_bayesc","D1","01_finemapping","separated","pip_brier",6.96447053249454e-05,"ok","","separated",3003,2003,10201,"0.2.0","1.1.6","ae5e9f06ffa72127f5bd2b6bac8174e333d51221","{""nit"":500,""nburn"":250,""nthin"":1,""nchains"":1,""ncores"":1,""convergence_control"":{""warn"":false},""seed"":10201,""convergence"":""core"",""verbose"":false}",76.8,"reported","ok",""
2,"st_bed_bayesc","D1","01_finemapping","separated","effect_rmse",0.000913517448370731,"ok","","separated",3003,2003,10201,"0.2.0","1.1.6","ae5e9f06ffa72127f5bd2b6bac8174e333d51221","{""nit"":500,""nburn"":250,""nthin"":1,""nchains"":1,""ncores"":1,""convergence_control"":{""warn"":false},""seed"":10201,""convergence"":""core"",""verbose"":false}",76.8,"reported","ok",""
2,"st_bed_bayesc","D1","01_finemapping","separated","average_precision",0.800110094450882,"ok","","separated",3003,2003,10201,"0.2.0","1.1.6","ae5e9f06ffa72127f5bd2b6bac8174e333d51221","{""nit"":500,""nburn"":250,""nthin"":1,""nchains"":1,""ncores"":1,""convergence_control"":{""warn"":false},""seed"":10201,""convergence"":""core"",""verbose"":false}",76.8,"reported","ok",""
2,"st_bed_bayesc","D1","01_finemapping","separated","causal_rank_mean",3575.3,"ok","","separated",3003,2003,10201,"0.2.0","1.1.6","ae5e9f06ffa72127f5bd2b6bac8174e333d51221","{""nit"":500,""nburn"":250,""nthin"":1,""nchains"":1,""ncores"":1,""convergence_control"":{""warn"":false},""seed"":10201,""convergence"":""core"",""verbose"":false}",76.8,"reported","ok",""
2,"st_bed_bayesc","D1","01_finemapping","separated","causal_rank_median",5.5,"ok","","separated",3003,2003,10201,"0.2.0","1.1.6","ae5e9f06ffa72127f5bd2b6bac8174e333d51221","{""nit"":500,""nburn"":250,""nthin"":1,""nchains"":1,""ncores"":1,""convergence_control"":{""warn"":false},""seed"":10201,""convergence"":""core"",""verbose"":false}",76.8,"reported","ok",""
2,"st_bed_bayesc","D1","01_finemapping","separated","causal_rank_best",1,"ok","","separated",3003,2003,10201,"0.2.0","1.1.6","ae5e9f06ffa72127f5bd2b6bac8174e333d51221","{""nit"":500,""nburn"":250,""nthin"":1,""nchains"":1,""ncores"":1,""convergence_control"":{""warn"":false},""seed"":10201,""convergence"":""core"",""verbose"":false}",76.8,"reported","ok",""
2,"st_bed_bayesc","D1","01_finemapping","separated","causal_rank_worst",21619,"ok","","separated",3003,2003,10201,"0.2.0","1.1.6","ae5e9f06ffa72127f5bd2b6bac8174e333d51221","{""nit"":500,""nburn"":250,""nthin"":1,""nchains"":1,""ncores"":1,""convergence_control"":{""warn"":false},""seed"":10201,""convergence"":""core"",""verbose"":false}",76.8,"reported","ok",""
2,"st_bed_bayesc","D1","01_finemapping","separated","causal_top_10_recall",0.8,"ok","","separated",3003,2003,10201,"0.2.0","1.1.6","ae5e9f06ffa72127f5bd2b6bac8174e333d51221","{""nit"":500,""nburn"":250,""nthin"":1,""nchains"":1,""ncores"":1,""convergence_control"":{""warn"":false},""seed"":10201,""convergence"":""core"",""verbose"":false}",76.8,"reported","ok",""
2,"st_bed_bayesc","D1","01_finemapping","separated","causal_top_20_recall",0.8,"ok","","separated",3003,2003,10201,"0.2.0","1.1.6","ae5e9f06ffa72127f5bd2b6bac8174e333d51221","{""nit"":500,""nburn"":250,""nthin"":1,""nchains"":1,""ncores"":1,""convergence_control"":{""warn"":false},""seed"":10201,""convergence"":""core"",""verbose"":false}",76.8,"reported","ok",""
2,"st_bed_bayesc","D1","01_finemapping","separated","causal_top_50_recall",0.8,"ok","","separated",3003,2003,10201,"0.2.0","1.1.6","ae5e9f06ffa72127f5bd2b6bac8174e333d51221","{""nit"":500,""nburn"":250,""nthin"":1,""nchains"":1,""ncores"":1,""convergence_control"":{""warn"":false},""seed"":10201,""convergence"":""core"",""verbose"":false}",76.8,"reported","ok",""
2,"st_bed_bayesr","D1","01_finemapping","separated","pip_brier",7.3315364165197e-05,"ok","","separated",3003,2003,10202,"0.2.0","1.1.6","ae5e9f06ffa72127f5bd2b6bac8174e333d51221","{""nit"":500,""nburn"":250,""nthin"":1,""nchains"":1,""ncores"":1,""convergence_control"":{""warn"":false},""seed"":10202,""convergence"":""core"",""verbose"":false}",91.0599999999999,"reported","ok",""
2,"st_bed_bayesr","D1","01_finemapping","separated","effect_rmse",0.000939847511265261,"ok","","separated",3003,2003,10202,"0.2.0","1.1.6","ae5e9f06ffa72127f5bd2b6bac8174e333d51221","{""nit"":500,""nburn"":250,""nthin"":1,""nchains"":1,""ncores"":1,""convergence_control"":{""warn"":false},""seed"":10202,""convergence"":""core"",""verbose"":false}",91.0599999999999,"reported","ok",""
2,"st_bed_bayesr","D1","01_finemapping","separated","average_precision",0.800106004329982,"ok","","separated",3003,2003,10202,"0.2.0","1.1.6","ae5e9f06ffa72127f5bd2b6bac8174e333d51221","{""nit"":500,""nburn"":250,""nthin"":1,""nchains"":1,""ncores"":1,""convergence_control"":{""warn"":false},""seed"":10202,""convergence"":""core"",""verbose"":false}",91.0599999999999,"reported","ok",""
2,"st_bed_bayesr","D1","01_finemapping","separated","causal_rank_mean",3695.6,"ok","","separated",3003,2003,10202,"0.2.0","1.1.6","ae5e9f06ffa72127f5bd2b6bac8174e333d51221","{""nit"":500,""nburn"":250,""nthin"":1,""nchains"":1,""ncores"":1,""convergence_control"":{""warn"":false},""seed"":10202,""convergence"":""core"",""verbose"":false}",91.0599999999999,"reported","ok",""
2,"st_bed_bayesr","D1","01_finemapping","separated","causal_rank_median",5.5,"ok","","separated",3003,2003,10202,"0.2.0","1.1.6","ae5e9f06ffa72127f5bd2b6bac8174e333d51221","{""nit"":500,""nburn"":250,""nthin"":1,""nchains"":1,""ncores"":1,""convergence_control"":{""warn"":false},""seed"":10202,""convergence"":""core"",""verbose"":false}",91.0599999999999,"reported","ok",""
2,"st_bed_bayesr","D1","01_finemapping","separated","causal_rank_best",1,"ok","","separated",3003,2003,10202,"0.2.0","1.1.6","ae5e9f06ffa72127f5bd2b6bac8174e333d51221","{""nit"":500,""nburn"":250,""nthin"":1,""nchains"":1,""ncores"":1,""convergence_control"":{""warn"":false},""seed"":10202,""convergence"":""core"",""verbose"":false}",91.0599999999999,"reported","ok",""
2,"st_bed_bayesr","D1","01_finemapping","separated","causal_rank_worst",22113,"ok","","separated",3003,2003,10202,"0.2.0","1.1.6","ae5e9f06ffa72127f5bd2b6bac8174e333d51221","{""nit"":500,""nburn"":250,""nthin"":1,""nchains"":1,""ncores"":1,""convergence_control"":{""warn"":false},""seed"":10202,""convergence"":""core"",""verbose"":false}",91.0599999999999,"reported","ok",""
2,"st_bed_bayesr","D1","01_finemapping","separated","causal_top_10_recall",0.8,"ok","","separated",3003,2003,10202,"0.2.0","1.1.6","ae5e9f06ffa72127f5bd2b6bac8174e333d51221","{""nit"":500,""nburn"":250,""nthin"":1,""nchains"":1,""ncores"":1,""convergence_control"":{""warn"":false},""seed"":10202,""convergence"":""core"",""verbose"":false}",91.0599999999999,"reported","ok",""
2,"st_bed_bayesr","D1","01_finemapping","separated","causal_top_20_recall",0.8,"ok","","separated",3003,2003,10202,"0.2.0","1.1.6","ae5e9f06ffa72127f5bd2b6bac8174e333d51221","{""nit"":500,""nburn"":250,""nthin"":1,""nchains"":1,""ncores"":1,""convergence_control"":{""warn"":false},""seed"":10202,""convergence"":""core"",""verbose"":false}",91.0599999999999,"reported","ok",""
2,"st_bed_bayesr","D1","01_finemapping","separated","causal_top_50_recall",0.8,"ok","","separated",3003,2003,10202,"0.2.0","1.1.6","ae5e9f06ffa72127f5bd2b6bac8174e333d51221","{""nit"":500,""nburn"":250,""nthin"":1,""nchains"":1,""ncores"":1,""convergence_control"":{""warn"":false},""seed"":10202,""convergence"":""core"",""verbose"":false}",91.0599999999999,"reported","ok",""
2,"st_csr_sbayesc","D1","01_finemapping","separated","pip_brier",9.68727330157142e-05,"ok","","separated",3003,2003,10203,"0.2.0","1.1.6","ae5e9f06ffa72127f5bd2b6bac8174e333d51221","{""nit"":500,""nburn"":250,""nthin"":1,""nchains"":1,""ncores"":1,""convergence_control"":{""warn"":false},""seed"":10203,""convergence"":""core"",""verbose"":false}",20.96,"reported","ok",""
2,"st_csr_sbayesc","D1","01_finemapping","separated","effect_rmse",0.00114466307708383,"ok","","separated",3003,2003,10203,"0.2.0","1.1.6","ae5e9f06ffa72127f5bd2b6bac8174e333d51221","{""nit"":500,""nburn"":250,""nthin"":1,""nchains"":1,""ncores"":1,""convergence_control"":{""warn"":false},""seed"":10203,""convergence"":""core"",""verbose"":false}",20.96,"reported","ok",""
2,"st_csr_sbayesc","D1","01_finemapping","separated","average_precision",0.800094784560829,"ok","","separated",3003,2003,10203,"0.2.0","1.1.6","ae5e9f06ffa72127f5bd2b6bac8174e333d51221","{""nit"":500,""nburn"":250,""nthin"":1,""nchains"":1,""ncores"":1,""convergence_control"":{""warn"":false},""seed"":10203,""convergence"":""core"",""verbose"":false}",20.96,"reported","ok",""
2,"st_csr_sbayesc","D1","01_finemapping","separated","causal_rank_mean",4085.4,"ok","","separated",3003,2003,10203,"0.2.0","1.1.6","ae5e9f06ffa72127f5bd2b6bac8174e333d51221","{""nit"":500,""nburn"":250,""nthin"":1,""nchains"":1,""ncores"":1,""convergence_control"":{""warn"":false},""seed"":10203,""convergence"":""core"",""verbose"":false}",20.96,"reported","ok",""
2,"st_csr_sbayesc","D1","01_finemapping","separated","causal_rank_median",5.5,"ok","","separated",3003,2003,10203,"0.2.0","1.1.6","ae5e9f06ffa72127f5bd2b6bac8174e333d51221","{""nit"":500,""nburn"":250,""nthin"":1,""nchains"":1,""ncores"":1,""convergence_control"":{""warn"":false},""seed"":10203,""convergence"":""core"",""verbose"":false}",20.96,"reported","ok",""
2,"st_csr_sbayesc","D1","01_finemapping","separated","causal_rank_best",1,"ok","","separated",3003,2003,10203,"0.2.0","1.1.6","ae5e9f06ffa72127f5bd2b6bac8174e333d51221","{""nit"":500,""nburn"":250,""nthin"":1,""nchains"":1,""ncores"":1,""convergence_control"":{""warn"":false},""seed"":10203,""convergence"":""core"",""verbose"":false}",20.96,"reported","ok",""
2,"st_csr_sbayesc","D1","01_finemapping","separated","causal_rank_worst",23711,"ok","","separated",3003,2003,10203,"0.2.0","1.1.6","ae5e9f06ffa72127f5bd2b6bac8174e333d51221","{""nit"":500,""nburn"":250,""nthin"":1,""nchains"":1,""ncores"":1,""convergence_control"":{""warn"":false},""seed"":10203,""convergence"":""core"",""verbose"":false}",20.96,"reported","ok",""
2,"st_csr_sbayesc","D1","01_finemapping","separated","causal_top_10_recall",0.8,"ok","","separated",3003,2003,10203,"0.2.0","1.1.6","ae5e9f06ffa72127f5bd2b6bac8174e333d51221","{""nit"":500,""nburn"":250,""nthin"":1,""nchains"":1,""ncores"":1,""convergence_control"":{""warn"":false},""seed"":10203,""convergence"":""core"",""verbose"":false}",20.96,"reported","ok",""
2,"st_csr_sbayesc","D1","01_finemapping","separated","causal_top_20_recall",0.8,"ok","","separated",3003,2003,10203,"0.2.0","1.1.6","ae5e9f06ffa72127f5bd2b6bac8174e333d51221","{""nit"":500,""nburn"":250,""nthin"":1,""nchains"":1,""ncores"":1,""convergence_control"":{""warn"":false},""seed"":10203,""convergence"":""core"",""verbose"":false}",20.96,"reported","ok",""
2,"st_csr_sbayesc","D1","01_finemapping","separated","causal_top_50_recall",0.8,"ok","","separated",3003,2003,10203,"0.2.0","1.1.6","ae5e9f06ffa72127f5bd2b6bac8174e333d51221","{""nit"":500,""nburn"":250,""nthin"":1,""nchains"":1,""ncores"":1,""convergence_control"":{""warn"":false},""seed"":10203,""convergence"":""core"",""verbose"":false}",20.96,"reported","ok",""
2,"st_csr_sbayesr","D1","01_finemapping","separated","pip_brier",8.06540496433366e-05,"ok","","separated",3003,2003,10204,"0.2.0","1.1.6","ae5e9f06ffa72127f5bd2b6bac8174e333d51221","{""nit"":500,""nburn"":250,""nthin"":1,""nchains"":1,""ncores"":1,""convergence_control"":{""warn"":false},""seed"":10204,""convergence"":""core"",""verbose"":false}",54.8099999999999,"reported","ok",""
2,"st_csr_sbayesr","D1","01_finemapping","separated","effect_rmse",0.00100568455251724,"ok","","separated",3003,2003,10204,"0.2.0","1.1.6","ae5e9f06ffa72127f5bd2b6bac8174e333d51221","{""nit"":500,""nburn"":250,""nthin"":1,""nchains"":1,""ncores"":1,""convergence_control"":{""warn"":false},""seed"":10204,""convergence"":""core"",""verbose"":false}",54.8099999999999,"reported","ok",""
2,"st_csr_sbayesr","D1","01_finemapping","separated","average_precision",0.800236123250757,"ok","","separated",3003,2003,10204,"0.2.0","1.1.6","ae5e9f06ffa72127f5bd2b6bac8174e333d51221","{""nit"":500,""nburn"":250,""nthin"":1,""nchains"":1,""ncores"":1,""convergence_control"":{""warn"":false},""seed"":10204,""convergence"":""core"",""verbose"":false}",54.8099999999999,"reported","ok",""
2,"st_csr_sbayesr","D1","01_finemapping","separated","causal_rank_mean",3004.4,"ok","","separated",3003,2003,10204,"0.2.0","1.1.6","ae5e9f06ffa72127f5bd2b6bac8174e333d51221","{""nit"":500,""nburn"":250,""nthin"":1,""nchains"":1,""ncores"":1,""convergence_control"":{""warn"":false},""seed"":10204,""convergence"":""core"",""verbose"":false}",54.8099999999999,"reported","ok",""
2,"st_csr_sbayesr","D1","01_finemapping","separated","causal_rank_median",5.5,"ok","","separated",3003,2003,10204,"0.2.0","1.1.6","ae5e9f06ffa72127f5bd2b6bac8174e333d51221","{""nit"":500,""nburn"":250,""nthin"":1,""nchains"":1,""ncores"":1,""convergence_control"":{""warn"":false},""seed"":10204,""convergence"":""core"",""verbose"":false}",54.8099999999999,"reported","ok",""
2,"st_csr_sbayesr","D1","01_finemapping","separated","causal_rank_best",1,"ok","","separated",3003,2003,10204,"0.2.0","1.1.6","ae5e9f06ffa72127f5bd2b6bac8174e333d51221","{""nit"":500,""nburn"":250,""nthin"":1,""nchains"":1,""ncores"":1,""convergence_control"":{""warn"":false},""seed"":10204,""convergence"":""core"",""verbose"":false}",54.8099999999999,"reported","ok",""
2,"st_csr_sbayesr","D1","01_finemapping","separated","causal_rank_worst",25435,"ok","","separated",3003,2003,10204,"0.2.0","1.1.6","ae5e9f06ffa72127f5bd2b6bac8174e333d51221","{""nit"":500,""nburn"":250,""nthin"":1,""nchains"":1,""ncores"":1,""convergence_control"":{""warn"":false},""seed"":10204,""convergence"":""core"",""verbose"":false}",54.8099999999999,"reported","ok",""
2,"st_csr_sbayesr","D1","01_finemapping","separated","causal_top_10_recall",0.8,"ok","","separated",3003,2003,10204,"0.2.0","1.1.6","ae5e9f06ffa72127f5bd2b6bac8174e333d51221","{""nit"":500,""nburn"":250,""nthin"":1,""nchains"":1,""ncores"":1,""convergence_control"":{""warn"":false},""seed"":10204,""convergence"":""core"",""verbose"":false}",54.8099999999999,"reported","ok",""
2,"st_csr_sbayesr","D1","01_finemapping","separated","causal_top_20_recall",0.8,"ok","","separated",3003,2003,10204,"0.2.0","1.1.6","ae5e9f06ffa72127f5bd2b6bac8174e333d51221","{""nit"":500,""nburn"":250,""nthin"":1,""nchains"":1,""ncores"":1,""convergence_control"":{""warn"":false},""seed"":10204,""convergence"":""core"",""verbose"":false}",54.8099999999999,"reported","ok",""
2,"st_csr_sbayesr","D1","01_finemapping","separated","causal_top_50_recall",0.8,"ok","","separated",3003,2003,10204,"0.2.0","1.1.6","ae5e9f06ffa72127f5bd2b6bac8174e333d51221","{""nit"":500,""nburn"":250,""nthin"":1,""nchains"":1,""ncores"":1,""convergence_control"":{""warn"":false},""seed"":10204,""convergence"":""core"",""verbose"":false}",54.8099999999999,"reported","ok",""
3,"st_bed_bayesc","D1","01_finemapping","separated","pip_brier",1.20274801926772e-05,"ok","","separated",3004,2004,10301,"0.2.0","1.1.6","ae5e9f06ffa72127f5bd2b6bac8174e333d51221","{""nit"":500,""nburn"":250,""nthin"":1,""nchains"":1,""ncores"":1,""convergence_control"":{""warn"":false},""seed"":10301,""convergence"":""core"",""verbose"":false}",69.28,"reported","ok",""
3,"st_bed_bayesc","D1","01_finemapping","separated","effect_rmse",0.000888335274812261,"ok","","separated",3004,2004,10301,"0.2.0","1.1.6","ae5e9f06ffa72127f5bd2b6bac8174e333d51221","{""nit"":500,""nburn"":250,""nthin"":1,""nchains"":1,""ncores"":1,""convergence_control"":{""warn"":false},""seed"":10301,""convergence"":""core"",""verbose"":false}",69.28,"reported","ok",""
3,"st_bed_bayesc","D1","01_finemapping","separated","average_precision",1,"ok","","separated",3004,2004,10301,"0.2.0","1.1.6","ae5e9f06ffa72127f5bd2b6bac8174e333d51221","{""nit"":500,""nburn"":250,""nthin"":1,""nchains"":1,""ncores"":1,""convergence_control"":{""warn"":false},""seed"":10301,""convergence"":""core"",""verbose"":false}",69.28,"reported","ok",""
3,"st_bed_bayesc","D1","01_finemapping","separated","causal_rank_mean",5.5,"ok","","separated",3004,2004,10301,"0.2.0","1.1.6","ae5e9f06ffa72127f5bd2b6bac8174e333d51221","{""nit"":500,""nburn"":250,""nthin"":1,""nchains"":1,""ncores"":1,""convergence_control"":{""warn"":false},""seed"":10301,""convergence"":""core"",""verbose"":false}",69.28,"reported","ok",""
3,"st_bed_bayesc","D1","01_finemapping","separated","causal_rank_median",5.5,"ok","","separated",3004,2004,10301,"0.2.0","1.1.6","ae5e9f06ffa72127f5bd2b6bac8174e333d51221","{""nit"":500,""nburn"":250,""nthin"":1,""nchains"":1,""ncores"":1,""convergence_control"":{""warn"":false},""seed"":10301,""convergence"":""core"",""verbose"":false}",69.28,"reported","ok",""
3,"st_bed_bayesc","D1","01_finemapping","separated","causal_rank_best",1,"ok","","separated",3004,2004,10301,"0.2.0","1.1.6","ae5e9f06ffa72127f5bd2b6bac8174e333d51221","{""nit"":500,""nburn"":250,""nthin"":1,""nchains"":1,""ncores"":1,""convergence_control"":{""warn"":false},""seed"":10301,""convergence"":""core"",""verbose"":false}",69.28,"reported","ok",""
3,"st_bed_bayesc","D1","01_finemapping","separated","causal_rank_worst",10,"ok","","separated",3004,2004,10301,"0.2.0","1.1.6","ae5e9f06ffa72127f5bd2b6bac8174e333d51221","{""nit"":500,""nburn"":250,""nthin"":1,""nchains"":1,""ncores"":1,""convergence_control"":{""warn"":false},""seed"":10301,""convergence"":""core"",""verbose"":false}",69.28,"reported","ok",""
3,"st_bed_bayesc","D1","01_finemapping","separated","causal_top_10_recall",1,"ok","","separated",3004,2004,10301,"0.2.0","1.1.6","ae5e9f06ffa72127f5bd2b6bac8174e333d51221","{""nit"":500,""nburn"":250,""nthin"":1,""nchains"":1,""ncores"":1,""convergence_control"":{""warn"":false},""seed"":10301,""convergence"":""core"",""verbose"":false}",69.28,"reported","ok",""
3,"st_bed_bayesc","D1","01_finemapping","separated","causal_top_20_recall",1,"ok","","separated",3004,2004,10301,"0.2.0","1.1.6","ae5e9f06ffa72127f5bd2b6bac8174e333d51221","{""nit"":500,""nburn"":250,""nthin"":1,""nchains"":1,""ncores"":1,""convergence_control"":{""warn"":false},""seed"":10301,""convergence"":""core"",""verbose"":false}",69.28,"reported","ok",""
3,"st_bed_bayesc","D1","01_finemapping","separated","causal_top_50_recall",1,"ok","","separated",3004,2004,10301,"0.2.0","1.1.6","ae5e9f06ffa72127f5bd2b6bac8174e333d51221","{""nit"":500,""nburn"":250,""nthin"":1,""nchains"":1,""ncores"":1,""convergence_control"":{""warn"":false},""seed"":10301,""convergence"":""core"",""verbose"":false}",69.28,"reported","ok",""
3,"st_bed_bayesr","D1","01_finemapping","separated","pip_brier",1.38422257903188e-05,"ok","","separated",3004,2004,10302,"0.2.0","1.1.6","ae5e9f06ffa72127f5bd2b6bac8174e333d51221","{""nit"":500,""nburn"":250,""nthin"":1,""nchains"":1,""ncores"":1,""convergence_control"":{""warn"":false},""seed"":10302,""convergence"":""core"",""verbose"":false}",92.7199999999998,"reported","ok",""
3,"st_bed_bayesr","D1","01_finemapping","separated","effect_rmse",0.000946505254067811,"ok","","separated",3004,2004,10302,"0.2.0","1.1.6","ae5e9f06ffa72127f5bd2b6bac8174e333d51221","{""nit"":500,""nburn"":250,""nthin"":1,""nchains"":1,""ncores"":1,""convergence_control"":{""warn"":false},""seed"":10302,""convergence"":""core"",""verbose"":false}",92.7199999999998,"reported","ok",""
3,"st_bed_bayesr","D1","01_finemapping","separated","average_precision",1,"ok","","separated",3004,2004,10302,"0.2.0","1.1.6","ae5e9f06ffa72127f5bd2b6bac8174e333d51221","{""nit"":500,""nburn"":250,""nthin"":1,""nchains"":1,""ncores"":1,""convergence_control"":{""warn"":false},""seed"":10302,""convergence"":""core"",""verbose"":false}",92.7199999999998,"reported","ok",""
3,"st_bed_bayesr","D1","01_finemapping","separated","causal_rank_mean",5.5,"ok","","separated",3004,2004,10302,"0.2.0","1.1.6","ae5e9f06ffa72127f5bd2b6bac8174e333d51221","{""nit"":500,""nburn"":250,""nthin"":1,""nchains"":1,""ncores"":1,""convergence_control"":{""warn"":false},""seed"":10302,""convergence"":""core"",""verbose"":false}",92.7199999999998,"reported","ok",""
3,"st_bed_bayesr","D1","01_finemapping","separated","causal_rank_median",5.5,"ok","","separated",3004,2004,10302,"0.2.0","1.1.6","ae5e9f06ffa72127f5bd2b6bac8174e333d51221","{""nit"":500,""nburn"":250,""nthin"":1,""nchains"":1,""ncores"":1,""convergence_control"":{""warn"":false},""seed"":10302,""convergence"":""core"",""verbose"":false}",92.7199999999998,"reported","ok",""
3,"st_bed_bayesr","D1","01_finemapping","separated","causal_rank_best",1,"ok","","separated",3004,2004,10302,"0.2.0","1.1.6","ae5e9f06ffa72127f5bd2b6bac8174e333d51221","{""nit"":500,""nburn"":250,""nthin"":1,""nchains"":1,""ncores"":1,""convergence_control"":{""warn"":false},""seed"":10302,""convergence"":""core"",""verbose"":false}",92.7199999999998,"reported","ok",""
3,"st_bed_bayesr","D1","01_finemapping","separated","causal_rank_worst",10,"ok","","separated",3004,2004,10302,"0.2.0","1.1.6","ae5e9f06ffa72127f5bd2b6bac8174e333d51221","{""nit"":500,""nburn"":250,""nthin"":1,""nchains"":1,""ncores"":1,""convergence_control"":{""warn"":false},""seed"":10302,""convergence"":""core"",""verbose"":false}",92.7199999999998,"reported","ok",""
3,"st_bed_bayesr","D1","01_finemapping","separated","causal_top_10_recall",1,"ok","","separated",3004,2004,10302,"0.2.0","1.1.6","ae5e9f06ffa72127f5bd2b6bac8174e333d51221","{""nit"":500,""nburn"":250,""nthin"":1,""nchains"":1,""ncores"":1,""convergence_control"":{""warn"":false},""seed"":10302,""convergence"":""core"",""verbose"":false}",92.7199999999998,"reported","ok",""
3,"st_bed_bayesr","D1","01_finemapping","separated","causal_top_20_recall",1,"ok","","separated",3004,2004,10302,"0.2.0","1.1.6","ae5e9f06ffa72127f5bd2b6bac8174e333d51221","{""nit"":500,""nburn"":250,""nthin"":1,""nchains"":1,""ncores"":1,""convergence_control"":{""warn"":false},""seed"":10302,""convergence"":""core"",""verbose"":false}",92.7199999999998,"reported","ok",""
3,"st_bed_bayesr","D1","01_finemapping","separated","causal_top_50_recall",1,"ok","","separated",3004,2004,10302,"0.2.0","1.1.6","ae5e9f06ffa72127f5bd2b6bac8174e333d51221","{""nit"":500,""nburn"":250,""nthin"":1,""nchains"":1,""ncores"":1,""convergence_control"":{""warn"":false},""seed"":10302,""convergence"":""core"",""verbose"":false}",92.7199999999998,"reported","ok",""
3,"st_csr_sbayesc","D1","01_finemapping","separated","pip_brier",2.46045642388987e-05,"ok","","separated",3004,2004,10303,"0.2.0","1.1.6","ae5e9f06ffa72127f5bd2b6bac8174e333d51221","{""nit"":500,""nburn"":250,""nthin"":1,""nchains"":1,""ncores"":1,""convergence_control"":{""warn"":false},""seed"":10303,""convergence"":""core"",""verbose"":false}",20.7199999999998,"reported","ok",""
3,"st_csr_sbayesc","D1","01_finemapping","separated","effect_rmse",0.000997244224626782,"ok","","separated",3004,2004,10303,"0.2.0","1.1.6","ae5e9f06ffa72127f5bd2b6bac8174e333d51221","{""nit"":500,""nburn"":250,""nthin"":1,""nchains"":1,""ncores"":1,""convergence_control"":{""warn"":false},""seed"":10303,""convergence"":""core"",""verbose"":false}",20.7199999999998,"reported","ok",""
3,"st_csr_sbayesc","D1","01_finemapping","separated","average_precision",1,"ok","","separated",3004,2004,10303,"0.2.0","1.1.6","ae5e9f06ffa72127f5bd2b6bac8174e333d51221","{""nit"":500,""nburn"":250,""nthin"":1,""nchains"":1,""ncores"":1,""convergence_control"":{""warn"":false},""seed"":10303,""convergence"":""core"",""verbose"":false}",20.7199999999998,"reported","ok",""
3,"st_csr_sbayesc","D1","01_finemapping","separated","causal_rank_mean",5.5,"ok","","separated",3004,2004,10303,"0.2.0","1.1.6","ae5e9f06ffa72127f5bd2b6bac8174e333d51221","{""nit"":500,""nburn"":250,""nthin"":1,""nchains"":1,""ncores"":1,""convergence_control"":{""warn"":false},""seed"":10303,""convergence"":""core"",""verbose"":false}",20.7199999999998,"reported","ok",""
3,"st_csr_sbayesc","D1","01_finemapping","separated","causal_rank_median",5.5,"ok","","separated",3004,2004,10303,"0.2.0","1.1.6","ae5e9f06ffa72127f5bd2b6bac8174e333d51221","{""nit"":500,""nburn"":250,""nthin"":1,""nchains"":1,""ncores"":1,""convergence_control"":{""warn"":false},""seed"":10303,""convergence"":""core"",""verbose"":false}",20.7199999999998,"reported","ok",""
3,"st_csr_sbayesc","D1","01_finemapping","separated","causal_rank_best",1,"ok","","separated",3004,2004,10303,"0.2.0","1.1.6","ae5e9f06ffa72127f5bd2b6bac8174e333d51221","{""nit"":500,""nburn"":250,""nthin"":1,""nchains"":1,""ncores"":1,""convergence_control"":{""warn"":false},""seed"":10303,""convergence"":""core"",""verbose"":false}",20.7199999999998,"reported","ok",""
3,"st_csr_sbayesc","D1","01_finemapping","separated","causal_rank_worst",10,"ok","","separated",3004,2004,10303,"0.2.0","1.1.6","ae5e9f06ffa72127f5bd2b6bac8174e333d51221","{""nit"":500,""nburn"":250,""nthin"":1,""nchains"":1,""ncores"":1,""convergence_control"":{""warn"":false},""seed"":10303,""convergence"":""core"",""verbose"":false}",20.7199999999998,"reported","ok",""
3,"st_csr_sbayesc","D1","01_finemapping","separated","causal_top_10_recall",1,"ok","","separated",3004,2004,10303,"0.2.0","1.1.6","ae5e9f06ffa72127f5bd2b6bac8174e333d51221","{""nit"":500,""nburn"":250,""nthin"":1,""nchains"":1,""ncores"":1,""convergence_control"":{""warn"":false},""seed"":10303,""convergence"":""core"",""verbose"":false}",20.7199999999998,"reported","ok",""
3,"st_csr_sbayesc","D1","01_finemapping","separated","causal_top_20_recall",1,"ok","","separated",3004,2004,10303,"0.2.0","1.1.6","ae5e9f06ffa72127f5bd2b6bac8174e333d51221","{""nit"":500,""nburn"":250,""nthin"":1,""nchains"":1,""ncores"":1,""convergence_control"":{""warn"":false},""seed"":10303,""convergence"":""core"",""verbose"":false}",20.7199999999998,"reported","ok",""
3,"st_csr_sbayesc","D1","01_finemapping","separated","causal_top_50_recall",1,"ok","","separated",3004,2004,10303,"0.2.0","1.1.6","ae5e9f06ffa72127f5bd2b6bac8174e333d51221","{""nit"":500,""nburn"":250,""nthin"":1,""nchains"":1,""ncores"":1,""convergence_control"":{""warn"":false},""seed"":10303,""convergence"":""core"",""verbose"":false}",20.7199999999998,"reported","ok",""
3,"st_csr_sbayesr","D1","01_finemapping","separated","pip_brier",2.2193993314206e-05,"ok","","separated",3004,2004,10304,"0.2.0","1.1.6","ae5e9f06ffa72127f5bd2b6bac8174e333d51221","{""nit"":500,""nburn"":250,""nthin"":1,""nchains"":1,""ncores"":1,""convergence_control"":{""warn"":false},""seed"":10304,""convergence"":""core"",""verbose"":false}",54.52,"reported","ok",""
3,"st_csr_sbayesr","D1","01_finemapping","separated","effect_rmse",0.00100922989457538,"ok","","separated",3004,2004,10304,"0.2.0","1.1.6","ae5e9f06ffa72127f5bd2b6bac8174e333d51221","{""nit"":500,""nburn"":250,""nthin"":1,""nchains"":1,""ncores"":1,""convergence_control"":{""warn"":false},""seed"":10304,""convergence"":""core"",""verbose"":false}",54.52,"reported","ok",""
3,"st_csr_sbayesr","D1","01_finemapping","separated","average_precision",1,"ok","","separated",3004,2004,10304,"0.2.0","1.1.6","ae5e9f06ffa72127f5bd2b6bac8174e333d51221","{""nit"":500,""nburn"":250,""nthin"":1,""nchains"":1,""ncores"":1,""convergence_control"":{""warn"":false},""seed"":10304,""convergence"":""core"",""verbose"":false}",54.52,"reported","ok",""
3,"st_csr_sbayesr","D1","01_finemapping","separated","causal_rank_mean",5.5,"ok","","separated",3004,2004,10304,"0.2.0","1.1.6","ae5e9f06ffa72127f5bd2b6bac8174e333d51221","{""nit"":500,""nburn"":250,""nthin"":1,""nchains"":1,""ncores"":1,""convergence_control"":{""warn"":false},""seed"":10304,""convergence"":""core"",""verbose"":false}",54.52,"reported","ok",""
3,"st_csr_sbayesr","D1","01_finemapping","separated","causal_rank_median",5.5,"ok","","separated",3004,2004,10304,"0.2.0","1.1.6","ae5e9f06ffa72127f5bd2b6bac8174e333d51221","{""nit"":500,""nburn"":250,""nthin"":1,""nchains"":1,""ncores"":1,""convergence_control"":{""warn"":false},""seed"":10304,""convergence"":""core"",""verbose"":false}",54.52,"reported","ok",""
3,"st_csr_sbayesr","D1","01_finemapping","separated","causal_rank_best",1,"ok","","separated",3004,2004,10304,"0.2.0","1.1.6","ae5e9f06ffa72127f5bd2b6bac8174e333d51221","{""nit"":500,""nburn"":250,""nthin"":1,""nchains"":1,""ncores"":1,""convergence_control"":{""warn"":false},""seed"":10304,""convergence"":""core"",""verbose"":false}",54.52,"reported","ok",""
3,"st_csr_sbayesr","D1","01_finemapping","separated","causal_rank_worst",10,"ok","","separated",3004,2004,10304,"0.2.0","1.1.6","ae5e9f06ffa72127f5bd2b6bac8174e333d51221","{""nit"":500,""nburn"":250,""nthin"":1,""nchains"":1,""ncores"":1,""convergence_control"":{""warn"":false},""seed"":10304,""convergence"":""core"",""verbose"":false}",54.52,"reported","ok",""
3,"st_csr_sbayesr","D1","01_finemapping","separated","causal_top_10_recall",1,"ok","","separated",3004,2004,10304,"0.2.0","1.1.6","ae5e9f06ffa72127f5bd2b6bac8174e333d51221","{""nit"":500,""nburn"":250,""nthin"":1,""nchains"":1,""ncores"":1,""convergence_control"":{""warn"":false},""seed"":10304,""convergence"":""core"",""verbose"":false}",54.52,"reported","ok",""
3,"st_csr_sbayesr","D1","01_finemapping","separated","causal_top_20_recall",1,"ok","","separated",3004,2004,10304,"0.2.0","1.1.6","ae5e9f06ffa72127f5bd2b6bac8174e333d51221","{""nit"":500,""nburn"":250,""nthin"":1,""nchains"":1,""ncores"":1,""convergence_control"":{""warn"":false},""seed"":10304,""convergence"":""core"",""verbose"":false}",54.52,"reported","ok",""
3,"st_csr_sbayesr","D1","01_finemapping","separated","causal_top_50_recall",1,"ok","","separated",3004,2004,10304,"0.2.0","1.1.6","ae5e9f06ffa72127f5bd2b6bac8174e333d51221","{""nit"":500,""nburn"":250,""nthin"":1,""nchains"":1,""ncores"":1,""convergence_control"":{""warn"":false},""seed"":10304,""convergence"":""core"",""verbose"":false}",54.52,"reported","ok",""
4,"st_bed_bayesc","D1","01_finemapping","separated","pip_brier",0.000128036640256903,"ok","","separated",3005,2005,10401,"0.2.0","1.1.6","ae5e9f06ffa72127f5bd2b6bac8174e333d51221","{""nit"":500,""nburn"":250,""nthin"":1,""nchains"":1,""ncores"":1,""convergence_control"":{""warn"":false},""seed"":10401,""convergence"":""core"",""verbose"":false}",71.1599999999999,"reported","ok",""
4,"st_bed_bayesc","D1","01_finemapping","separated","effect_rmse",0.00121033593277304,"ok","","separated",3005,2005,10401,"0.2.0","1.1.6","ae5e9f06ffa72127f5bd2b6bac8174e333d51221","{""nit"":500,""nburn"":250,""nthin"":1,""nchains"":1,""ncores"":1,""convergence_control"":{""warn"":false},""seed"":10401,""convergence"":""core"",""verbose"":false}",71.1599999999999,"reported","ok",""
4,"st_bed_bayesc","D1","01_finemapping","separated","average_precision",0.616589176757793,"ok","","separated",3005,2005,10401,"0.2.0","1.1.6","ae5e9f06ffa72127f5bd2b6bac8174e333d51221","{""nit"":500,""nburn"":250,""nthin"":1,""nchains"":1,""ncores"":1,""convergence_control"":{""warn"":false},""seed"":10401,""convergence"":""core"",""verbose"":false}",71.1599999999999,"reported","ok",""
4,"st_bed_bayesc","D1","01_finemapping","separated","causal_rank_mean",4685,"ok","","separated",3005,2005,10401,"0.2.0","1.1.6","ae5e9f06ffa72127f5bd2b6bac8174e333d51221","{""nit"":500,""nburn"":250,""nthin"":1,""nchains"":1,""ncores"":1,""convergence_control"":{""warn"":false},""seed"":10401,""convergence"":""core"",""verbose"":false}",71.1599999999999,"reported","ok",""
4,"st_bed_bayesc","D1","01_finemapping","separated","causal_rank_median",6.5,"ok","","separated",3005,2005,10401,"0.2.0","1.1.6","ae5e9f06ffa72127f5bd2b6bac8174e333d51221","{""nit"":500,""nburn"":250,""nthin"":1,""nchains"":1,""ncores"":1,""convergence_control"":{""warn"":false},""seed"":10401,""convergence"":""core"",""verbose"":false}",71.1599999999999,"reported","ok",""
4,"st_bed_bayesc","D1","01_finemapping","separated","causal_rank_best",1,"ok","","separated",3005,2005,10401,"0.2.0","1.1.6","ae5e9f06ffa72127f5bd2b6bac8174e333d51221","{""nit"":500,""nburn"":250,""nthin"":1,""nchains"":1,""ncores"":1,""convergence_control"":{""warn"":false},""seed"":10401,""convergence"":""core"",""verbose"":false}",71.1599999999999,"reported","ok",""
4,"st_bed_bayesc","D1","01_finemapping","separated","causal_rank_worst",32898,"ok","","separated",3005,2005,10401,"0.2.0","1.1.6","ae5e9f06ffa72127f5bd2b6bac8174e333d51221","{""nit"":500,""nburn"":250,""nthin"":1,""nchains"":1,""ncores"":1,""convergence_control"":{""warn"":false},""seed"":10401,""convergence"":""core"",""verbose"":false}",71.1599999999999,"reported","ok",""
4,"st_bed_bayesc","D1","01_finemapping","separated","causal_top_10_recall",0.6,"ok","","separated",3005,2005,10401,"0.2.0","1.1.6","ae5e9f06ffa72127f5bd2b6bac8174e333d51221","{""nit"":500,""nburn"":250,""nthin"":1,""nchains"":1,""ncores"":1,""convergence_control"":{""warn"":false},""seed"":10401,""convergence"":""core"",""verbose"":false}",71.1599999999999,"reported","ok",""
4,"st_bed_bayesc","D1","01_finemapping","separated","causal_top_20_recall",0.7,"ok","","separated",3005,2005,10401,"0.2.0","1.1.6","ae5e9f06ffa72127f5bd2b6bac8174e333d51221","{""nit"":500,""nburn"":250,""nthin"":1,""nchains"":1,""ncores"":1,""convergence_control"":{""warn"":false},""seed"":10401,""convergence"":""core"",""verbose"":false}",71.1599999999999,"reported","ok",""
4,"st_bed_bayesc","D1","01_finemapping","separated","causal_top_50_recall",0.7,"ok","","separated",3005,2005,10401,"0.2.0","1.1.6","ae5e9f06ffa72127f5bd2b6bac8174e333d51221","{""nit"":500,""nburn"":250,""nthin"":1,""nchains"":1,""ncores"":1,""convergence_control"":{""warn"":false},""seed"":10401,""convergence"":""core"",""verbose"":false}",71.1599999999999,"reported","ok",""
4,"st_bed_bayesr","D1","01_finemapping","separated","pip_brier",0.000124903371851228,"ok","","separated",3005,2005,10402,"0.2.0","1.1.6","ae5e9f06ffa72127f5bd2b6bac8174e333d51221","{""nit"":500,""nburn"":250,""nthin"":1,""nchains"":1,""ncores"":1,""convergence_control"":{""warn"":false},""seed"":10402,""convergence"":""core"",""verbose"":false}",93.0300000000002,"reported","ok",""
4,"st_bed_bayesr","D1","01_finemapping","separated","effect_rmse",0.00119832914868747,"ok","","separated",3005,2005,10402,"0.2.0","1.1.6","ae5e9f06ffa72127f5bd2b6bac8174e333d51221","{""nit"":500,""nburn"":250,""nthin"":1,""nchains"":1,""ncores"":1,""convergence_control"":{""warn"":false},""seed"":10402,""convergence"":""core"",""verbose"":false}",93.0300000000002,"reported","ok",""
4,"st_bed_bayesr","D1","01_finemapping","separated","average_precision",0.64174275073099,"ok","","separated",3005,2005,10402,"0.2.0","1.1.6","ae5e9f06ffa72127f5bd2b6bac8174e333d51221","{""nit"":500,""nburn"":250,""nthin"":1,""nchains"":1,""ncores"":1,""convergence_control"":{""warn"":false},""seed"":10402,""convergence"":""core"",""verbose"":false}",93.0300000000002,"reported","ok",""
4,"st_bed_bayesr","D1","01_finemapping","separated","causal_rank_mean",1505.6,"ok","","separated",3005,2005,10402,"0.2.0","1.1.6","ae5e9f06ffa72127f5bd2b6bac8174e333d51221","{""nit"":500,""nburn"":250,""nthin"":1,""nchains"":1,""ncores"":1,""convergence_control"":{""warn"":false},""seed"":10402,""convergence"":""core"",""verbose"":false}",93.0300000000002,"reported","ok",""
4,"st_bed_bayesr","D1","01_finemapping","separated","causal_rank_median",6.5,"ok","","separated",3005,2005,10402,"0.2.0","1.1.6","ae5e9f06ffa72127f5bd2b6bac8174e333d51221","{""nit"":500,""nburn"":250,""nthin"":1,""nchains"":1,""ncores"":1,""convergence_control"":{""warn"":false},""seed"":10402,""convergence"":""core"",""verbose"":false}",93.0300000000002,"reported","ok",""
4,"st_bed_bayesr","D1","01_finemapping","separated","causal_rank_best",1,"ok","","separated",3005,2005,10402,"0.2.0","1.1.6","ae5e9f06ffa72127f5bd2b6bac8174e333d51221","{""nit"":500,""nburn"":250,""nthin"":1,""nchains"":1,""ncores"":1,""convergence_control"":{""warn"":false},""seed"":10402,""convergence"":""core"",""verbose"":false}",93.0300000000002,"reported","ok",""
4,"st_bed_bayesr","D1","01_finemapping","separated","causal_rank_worst",14396,"ok","","separated",3005,2005,10402,"0.2.0","1.1.6","ae5e9f06ffa72127f5bd2b6bac8174e333d51221","{""nit"":500,""nburn"":250,""nthin"":1,""nchains"":1,""ncores"":1,""convergence_control"":{""warn"":false},""seed"":10402,""convergence"":""core"",""verbose"":false}",93.0300000000002,"reported","ok",""
4,"st_bed_bayesr","D1","01_finemapping","separated","causal_top_10_recall",0.6,"ok","","separated",3005,2005,10402,"0.2.0","1.1.6","ae5e9f06ffa72127f5bd2b6bac8174e333d51221","{""nit"":500,""nburn"":250,""nthin"":1,""nchains"":1,""ncores"":1,""convergence_control"":{""warn"":false},""seed"":10402,""convergence"":""core"",""verbose"":false}",93.0300000000002,"reported","ok",""
4,"st_bed_bayesr","D1","01_finemapping","separated","causal_top_20_recall",0.7,"ok","","separated",3005,2005,10402,"0.2.0","1.1.6","ae5e9f06ffa72127f5bd2b6bac8174e333d51221","{""nit"":500,""nburn"":250,""nthin"":1,""nchains"":1,""ncores"":1,""convergence_control"":{""warn"":false},""seed"":10402,""convergence"":""core"",""verbose"":false}",93.0300000000002,"reported","ok",""
4,"st_bed_bayesr","D1","01_finemapping","separated","causal_top_50_recall",0.7,"ok","","separated",3005,2005,10402,"0.2.0","1.1.6","ae5e9f06ffa72127f5bd2b6bac8174e333d51221","{""nit"":500,""nburn"":250,""nthin"":1,""nchains"":1,""ncores"":1,""convergence_control"":{""warn"":false},""seed"":10402,""convergence"":""core"",""verbose"":false}",93.0300000000002,"reported","ok",""
4,"st_csr_sbayesc","D1","01_finemapping","separated","pip_brier",0.000168520965491827,"ok","","separated",3005,2005,10403,"0.2.0","1.1.6","ae5e9f06ffa72127f5bd2b6bac8174e333d51221","{""nit"":500,""nburn"":250,""nthin"":1,""nchains"":1,""ncores"":1,""convergence_control"":{""warn"":false},""seed"":10403,""convergence"":""core"",""verbose"":false}",20.3199999999997,"reported","ok",""
4,"st_csr_sbayesc","D1","01_finemapping","separated","effect_rmse",0.00152602591734244,"ok","","separated",3005,2005,10403,"0.2.0","1.1.6","ae5e9f06ffa72127f5bd2b6bac8174e333d51221","{""nit"":500,""nburn"":250,""nthin"":1,""nchains"":1,""ncores"":1,""convergence_control"":{""warn"":false},""seed"":10403,""convergence"":""core"",""verbose"":false}",20.3199999999997,"reported","ok",""
4,"st_csr_sbayesc","D1","01_finemapping","separated","average_precision",0.59233166981189,"ok","","separated",3005,2005,10403,"0.2.0","1.1.6","ae5e9f06ffa72127f5bd2b6bac8174e333d51221","{""nit"":500,""nburn"":250,""nthin"":1,""nchains"":1,""ncores"":1,""convergence_control"":{""warn"":false},""seed"":10403,""convergence"":""core"",""verbose"":false}",20.3199999999997,"reported","ok",""
4,"st_csr_sbayesc","D1","01_finemapping","separated","causal_rank_mean",5190.5,"ok","","separated",3005,2005,10403,"0.2.0","1.1.6","ae5e9f06ffa72127f5bd2b6bac8174e333d51221","{""nit"":500,""nburn"":250,""nthin"":1,""nchains"":1,""ncores"":1,""convergence_control"":{""warn"":false},""seed"":10403,""convergence"":""core"",""verbose"":false}",20.3199999999997,"reported","ok",""
4,"st_csr_sbayesc","D1","01_finemapping","separated","causal_rank_median",8.5,"ok","","separated",3005,2005,10403,"0.2.0","1.1.6","ae5e9f06ffa72127f5bd2b6bac8174e333d51221","{""nit"":500,""nburn"":250,""nthin"":1,""nchains"":1,""ncores"":1,""convergence_control"":{""warn"":false},""seed"":10403,""convergence"":""core"",""verbose"":false}",20.3199999999997,"reported","ok",""
4,"st_csr_sbayesc","D1","01_finemapping","separated","causal_rank_best",1,"ok","","separated",3005,2005,10403,"0.2.0","1.1.6","ae5e9f06ffa72127f5bd2b6bac8174e333d51221","{""nit"":500,""nburn"":250,""nthin"":1,""nchains"":1,""ncores"":1,""convergence_control"":{""warn"":false},""seed"":10403,""convergence"":""core"",""verbose"":false}",20.3199999999997,"reported","ok",""
4,"st_csr_sbayesc","D1","01_finemapping","separated","causal_rank_worst",33588,"ok","","separated",3005,2005,10403,"0.2.0","1.1.6","ae5e9f06ffa72127f5bd2b6bac8174e333d51221","{""nit"":500,""nburn"":250,""nthin"":1,""nchains"":1,""ncores"":1,""convergence_control"":{""warn"":false},""seed"":10403,""convergence"":""core"",""verbose"":false}",20.3199999999997,"reported","ok",""
4,"st_csr_sbayesc","D1","01_finemapping","separated","causal_top_10_recall",0.5,"ok","","separated",3005,2005,10403,"0.2.0","1.1.6","ae5e9f06ffa72127f5bd2b6bac8174e333d51221","{""nit"":500,""nburn"":250,""nthin"":1,""nchains"":1,""ncores"":1,""convergence_control"":{""warn"":false},""seed"":10403,""convergence"":""core"",""verbose"":false}",20.3199999999997,"reported","ok",""
4,"st_csr_sbayesc","D1","01_finemapping","separated","causal_top_20_recall",0.7,"ok","","separated",3005,2005,10403,"0.2.0","1.1.6","ae5e9f06ffa72127f5bd2b6bac8174e333d51221","{""nit"":500,""nburn"":250,""nthin"":1,""nchains"":1,""ncores"":1,""convergence_control"":{""warn"":false},""seed"":10403,""convergence"":""core"",""verbose"":false}",20.3199999999997,"reported","ok",""
4,"st_csr_sbayesc","D1","01_finemapping","separated","causal_top_50_recall",0.7,"ok","","separated",3005,2005,10403,"0.2.0","1.1.6","ae5e9f06ffa72127f5bd2b6bac8174e333d51221","{""nit"":500,""nburn"":250,""nthin"":1,""nchains"":1,""ncores"":1,""convergence_control"":{""warn"":false},""seed"":10403,""convergence"":""core"",""verbose"":false}",20.3199999999997,"reported","ok",""
4,"st_csr_sbayesr","D1","01_finemapping","separated","pip_brier",0.000154766234108078,"ok","","separated",3005,2005,10404,"0.2.0","1.1.6","ae5e9f06ffa72127f5bd2b6bac8174e333d51221","{""nit"":500,""nburn"":250,""nthin"":1,""nchains"":1,""ncores"":1,""convergence_control"":{""warn"":false},""seed"":10404,""convergence"":""core"",""verbose"":false}",54.6500000000001,"reported","ok",""
4,"st_csr_sbayesr","D1","01_finemapping","separated","effect_rmse",0.0014283297544707,"ok","","separated",3005,2005,10404,"0.2.0","1.1.6","ae5e9f06ffa72127f5bd2b6bac8174e333d51221","{""nit"":500,""nburn"":250,""nthin"":1,""nchains"":1,""ncores"":1,""convergence_control"":{""warn"":false},""seed"":10404,""convergence"":""core"",""verbose"":false}",54.6500000000001,"reported","ok",""
4,"st_csr_sbayesr","D1","01_finemapping","separated","average_precision",0.607811732665309,"ok","","separated",3005,2005,10404,"0.2.0","1.1.6","ae5e9f06ffa72127f5bd2b6bac8174e333d51221","{""nit"":500,""nburn"":250,""nthin"":1,""nchains"":1,""ncores"":1,""convergence_control"":{""warn"":false},""seed"":10404,""convergence"":""core"",""verbose"":false}",54.6500000000001,"reported","ok",""
4,"st_csr_sbayesr","D1","01_finemapping","separated","causal_rank_mean",5436.7,"ok","","separated",3005,2005,10404,"0.2.0","1.1.6","ae5e9f06ffa72127f5bd2b6bac8174e333d51221","{""nit"":500,""nburn"":250,""nthin"":1,""nchains"":1,""ncores"":1,""convergence_control"":{""warn"":false},""seed"":10404,""convergence"":""core"",""verbose"":false}",54.6500000000001,"reported","ok",""
4,"st_csr_sbayesr","D1","01_finemapping","separated","causal_rank_median",7.5,"ok","","separated",3005,2005,10404,"0.2.0","1.1.6","ae5e9f06ffa72127f5bd2b6bac8174e333d51221","{""nit"":500,""nburn"":250,""nthin"":1,""nchains"":1,""ncores"":1,""convergence_control"":{""warn"":false},""seed"":10404,""convergence"":""core"",""verbose"":false}",54.6500000000001,"reported","ok",""
4,"st_csr_sbayesr","D1","01_finemapping","separated","causal_rank_best",1,"ok","","separated",3005,2005,10404,"0.2.0","1.1.6","ae5e9f06ffa72127f5bd2b6bac8174e333d51221","{""nit"":500,""nburn"":250,""nthin"":1,""nchains"":1,""ncores"":1,""convergence_control"":{""warn"":false},""seed"":10404,""convergence"":""core"",""verbose"":false}",54.6500000000001,"reported","ok",""
4,"st_csr_sbayesr","D1","01_finemapping","separated","causal_rank_worst",34112,"ok","","separated",3005,2005,10404,"0.2.0","1.1.6","ae5e9f06ffa72127f5bd2b6bac8174e333d51221","{""nit"":500,""nburn"":250,""nthin"":1,""nchains"":1,""ncores"":1,""convergence_control"":{""warn"":false},""seed"":10404,""convergence"":""core"",""verbose"":false}",54.6500000000001,"reported","ok",""
4,"st_csr_sbayesr","D1","01_finemapping","separated","causal_top_10_recall",0.6,"ok","","separated",3005,2005,10404,"0.2.0","1.1.6","ae5e9f06ffa72127f5bd2b6bac8174e333d51221","{""nit"":500,""nburn"":250,""nthin"":1,""nchains"":1,""ncores"":1,""convergence_control"":{""warn"":false},""seed"":10404,""convergence"":""core"",""verbose"":false}",54.6500000000001,"reported","ok",""
4,"st_csr_sbayesr","D1","01_finemapping","separated","causal_top_20_recall",0.7,"ok","","separated",3005,2005,10404,"0.2.0","1.1.6","ae5e9f06ffa72127f5bd2b6bac8174e333d51221","{""nit"":500,""nburn"":250,""nthin"":1,""nchains"":1,""ncores"":1,""convergence_control"":{""warn"":false},""seed"":10404,""convergence"":""core"",""verbose"":false}",54.6500000000001,"reported","ok",""
4,"st_csr_sbayesr","D1","01_finemapping","separated","causal_top_50_recall",0.7,"ok","","separated",3005,2005,10404,"0.2.0","1.1.6","ae5e9f06ffa72127f5bd2b6bac8174e333d51221","{""nit"":500,""nburn"":250,""nthin"":1,""nchains"":1,""ncores"":1,""convergence_control"":{""warn"":false},""seed"":10404,""convergence"":""core"",""verbose"":false}",54.6500000000001,"reported","ok",""
5,"st_bed_bayesc","D1","01_finemapping","separated","pip_brier",6.92679845226501e-05,"ok","","separated",3006,2006,10501,"0.2.0","1.1.6","ae5e9f06ffa72127f5bd2b6bac8174e333d51221","{""nit"":500,""nburn"":250,""nthin"":1,""nchains"":1,""ncores"":1,""convergence_control"":{""warn"":false},""seed"":10501,""convergence"":""core"",""verbose"":false}",70.1700000000001,"reported","ok",""
5,"st_bed_bayesc","D1","01_finemapping","separated","effect_rmse",0.000971646516580823,"ok","","separated",3006,2006,10501,"0.2.0","1.1.6","ae5e9f06ffa72127f5bd2b6bac8174e333d51221","{""nit"":500,""nburn"":250,""nthin"":1,""nchains"":1,""ncores"":1,""convergence_control"":{""warn"":false},""seed"":10501,""convergence"":""core"",""verbose"":false}",70.1700000000001,"reported","ok",""
5,"st_bed_bayesc","D1","01_finemapping","separated","average_precision",0.801197325256308,"ok","","separated",3006,2006,10501,"0.2.0","1.1.6","ae5e9f06ffa72127f5bd2b6bac8174e333d51221","{""nit"":500,""nburn"":250,""nthin"":1,""nchains"":1,""ncores"":1,""convergence_control"":{""warn"":false},""seed"":10501,""convergence"":""core"",""verbose"":false}",70.1700000000001,"reported","ok",""
5,"st_bed_bayesc","D1","01_finemapping","separated","causal_rank_mean",3590.1,"ok","","separated",3006,2006,10501,"0.2.0","1.1.6","ae5e9f06ffa72127f5bd2b6bac8174e333d51221","{""nit"":500,""nburn"":250,""nthin"":1,""nchains"":1,""ncores"":1,""convergence_control"":{""warn"":false},""seed"":10501,""convergence"":""core"",""verbose"":false}",70.1700000000001,"reported","ok",""
5,"st_bed_bayesc","D1","01_finemapping","separated","causal_rank_median",5.5,"ok","","separated",3006,2006,10501,"0.2.0","1.1.6","ae5e9f06ffa72127f5bd2b6bac8174e333d51221","{""nit"":500,""nburn"":250,""nthin"":1,""nchains"":1,""ncores"":1,""convergence_control"":{""warn"":false},""seed"":10501,""convergence"":""core"",""verbose"":false}",70.1700000000001,"reported","ok",""
5,"st_bed_bayesc","D1","01_finemapping","separated","causal_rank_best",1,"ok","","separated",3006,2006,10501,"0.2.0","1.1.6","ae5e9f06ffa72127f5bd2b6bac8174e333d51221","{""nit"":500,""nburn"":250,""nthin"":1,""nchains"":1,""ncores"":1,""convergence_control"":{""warn"":false},""seed"":10501,""convergence"":""core"",""verbose"":false}",70.1700000000001,"reported","ok",""
5,"st_bed_bayesc","D1","01_finemapping","separated","causal_rank_worst",35095,"ok","","separated",3006,2006,10501,"0.2.0","1.1.6","ae5e9f06ffa72127f5bd2b6bac8174e333d51221","{""nit"":500,""nburn"":250,""nthin"":1,""nchains"":1,""ncores"":1,""convergence_control"":{""warn"":false},""seed"":10501,""convergence"":""core"",""verbose"":false}",70.1700000000001,"reported","ok",""
5,"st_bed_bayesc","D1","01_finemapping","separated","causal_top_10_recall",0.8,"ok","","separated",3006,2006,10501,"0.2.0","1.1.6","ae5e9f06ffa72127f5bd2b6bac8174e333d51221","{""nit"":500,""nburn"":250,""nthin"":1,""nchains"":1,""ncores"":1,""convergence_control"":{""warn"":false},""seed"":10501,""convergence"":""core"",""verbose"":false}",70.1700000000001,"reported","ok",""
5,"st_bed_bayesc","D1","01_finemapping","separated","causal_top_20_recall",0.8,"ok","","separated",3006,2006,10501,"0.2.0","1.1.6","ae5e9f06ffa72127f5bd2b6bac8174e333d51221","{""nit"":500,""nburn"":250,""nthin"":1,""nchains"":1,""ncores"":1,""convergence_control"":{""warn"":false},""seed"":10501,""convergence"":""core"",""verbose"":false}",70.1700000000001,"reported","ok",""
5,"st_bed_bayesc","D1","01_finemapping","separated","causal_top_50_recall",0.8,"ok","","separated",3006,2006,10501,"0.2.0","1.1.6","ae5e9f06ffa72127f5bd2b6bac8174e333d51221","{""nit"":500,""nburn"":250,""nthin"":1,""nchains"":1,""ncores"":1,""convergence_control"":{""warn"":false},""seed"":10501,""convergence"":""core"",""verbose"":false}",70.1700000000001,"reported","ok",""
5,"st_bed_bayesr","D1","01_finemapping","separated","pip_brier",7.17472032849885e-05,"ok","","separated",3006,2006,10502,"0.2.0","1.1.6","ae5e9f06ffa72127f5bd2b6bac8174e333d51221","{""nit"":500,""nburn"":250,""nthin"":1,""nchains"":1,""ncores"":1,""convergence_control"":{""warn"":false},""seed"":10502,""convergence"":""core"",""verbose"":false}",93.2000000000003,"reported","ok",""
5,"st_bed_bayesr","D1","01_finemapping","separated","effect_rmse",0.000991999898505687,"ok","","separated",3006,2006,10502,"0.2.0","1.1.6","ae5e9f06ffa72127f5bd2b6bac8174e333d51221","{""nit"":500,""nburn"":250,""nthin"":1,""nchains"":1,""ncores"":1,""convergence_control"":{""warn"":false},""seed"":10502,""convergence"":""core"",""verbose"":false}",93.2000000000003,"reported","ok",""
5,"st_bed_bayesr","D1","01_finemapping","separated","average_precision",0.80192314996897,"ok","","separated",3006,2006,10502,"0.2.0","1.1.6","ae5e9f06ffa72127f5bd2b6bac8174e333d51221","{""nit"":500,""nburn"":250,""nthin"":1,""nchains"":1,""ncores"":1,""convergence_control"":{""warn"":false},""seed"":10502,""convergence"":""core"",""verbose"":false}",93.2000000000003,"reported","ok",""
5,"st_bed_bayesr","D1","01_finemapping","separated","causal_rank_mean",3570.6,"ok","","separated",3006,2006,10502,"0.2.0","1.1.6","ae5e9f06ffa72127f5bd2b6bac8174e333d51221","{""nit"":500,""nburn"":250,""nthin"":1,""nchains"":1,""ncores"":1,""convergence_control"":{""warn"":false},""seed"":10502,""convergence"":""core"",""verbose"":false}",93.2000000000003,"reported","ok",""
5,"st_bed_bayesr","D1","01_finemapping","separated","causal_rank_median",5.5,"ok","","separated",3006,2006,10502,"0.2.0","1.1.6","ae5e9f06ffa72127f5bd2b6bac8174e333d51221","{""nit"":500,""nburn"":250,""nthin"":1,""nchains"":1,""ncores"":1,""convergence_control"":{""warn"":false},""seed"":10502,""convergence"":""core"",""verbose"":false}",93.2000000000003,"reported","ok",""
5,"st_bed_bayesr","D1","01_finemapping","separated","causal_rank_best",1,"ok","","separated",3006,2006,10502,"0.2.0","1.1.6","ae5e9f06ffa72127f5bd2b6bac8174e333d51221","{""nit"":500,""nburn"":250,""nthin"":1,""nchains"":1,""ncores"":1,""convergence_control"":{""warn"":false},""seed"":10502,""convergence"":""core"",""verbose"":false}",93.2000000000003,"reported","ok",""
5,"st_bed_bayesr","D1","01_finemapping","separated","causal_rank_worst",35195,"ok","","separated",3006,2006,10502,"0.2.0","1.1.6","ae5e9f06ffa72127f5bd2b6bac8174e333d51221","{""nit"":500,""nburn"":250,""nthin"":1,""nchains"":1,""ncores"":1,""convergence_control"":{""warn"":false},""seed"":10502,""convergence"":""core"",""verbose"":false}",93.2000000000003,"reported","ok",""
5,"st_bed_bayesr","D1","01_finemapping","separated","causal_top_10_recall",0.8,"ok","","separated",3006,2006,10502,"0.2.0","1.1.6","ae5e9f06ffa72127f5bd2b6bac8174e333d51221","{""nit"":500,""nburn"":250,""nthin"":1,""nchains"":1,""ncores"":1,""convergence_control"":{""warn"":false},""seed"":10502,""convergence"":""core"",""verbose"":false}",93.2000000000003,"reported","ok",""
5,"st_bed_bayesr","D1","01_finemapping","separated","causal_top_20_recall",0.8,"ok","","separated",3006,2006,10502,"0.2.0","1.1.6","ae5e9f06ffa72127f5bd2b6bac8174e333d51221","{""nit"":500,""nburn"":250,""nthin"":1,""nchains"":1,""ncores"":1,""convergence_control"":{""warn"":false},""seed"":10502,""convergence"":""core"",""verbose"":false}",93.2000000000003,"reported","ok",""
5,"st_bed_bayesr","D1","01_finemapping","separated","causal_top_50_recall",0.8,"ok","","separated",3006,2006,10502,"0.2.0","1.1.6","ae5e9f06ffa72127f5bd2b6bac8174e333d51221","{""nit"":500,""nburn"":250,""nthin"":1,""nchains"":1,""ncores"":1,""convergence_control"":{""warn"":false},""seed"":10502,""convergence"":""core"",""verbose"":false}",93.2000000000003,"reported","ok",""
5,"st_csr_sbayesc","D1","01_finemapping","separated","pip_brier",7.36444947487563e-05,"ok","","separated",3006,2006,10503,"0.2.0","1.1.6","ae5e9f06ffa72127f5bd2b6bac8174e333d51221","{""nit"":500,""nburn"":250,""nthin"":1,""nchains"":1,""ncores"":1,""convergence_control"":{""warn"":false},""seed"":10503,""convergence"":""core"",""verbose"":false}",22.25,"reported","ok",""
5,"st_csr_sbayesc","D1","01_finemapping","separated","effect_rmse",0.00082765834862071,"ok","","separated",3006,2006,10503,"0.2.0","1.1.6","ae5e9f06ffa72127f5bd2b6bac8174e333d51221","{""nit"":500,""nburn"":250,""nthin"":1,""nchains"":1,""ncores"":1,""convergence_control"":{""warn"":false},""seed"":10503,""convergence"":""core"",""verbose"":false}",22.25,"reported","ok",""
5,"st_csr_sbayesc","D1","01_finemapping","separated","average_precision",0.800061330553939,"ok","","separated",3006,2006,10503,"0.2.0","1.1.6","ae5e9f06ffa72127f5bd2b6bac8174e333d51221","{""nit"":500,""nburn"":250,""nthin"":1,""nchains"":1,""ncores"":1,""convergence_control"":{""warn"":false},""seed"":10503,""convergence"":""core"",""verbose"":false}",22.25,"reported","ok",""
5,"st_csr_sbayesc","D1","01_finemapping","separated","causal_rank_mean",6265.6,"ok","","separated",3006,2006,10503,"0.2.0","1.1.6","ae5e9f06ffa72127f5bd2b6bac8174e333d51221","{""nit"":500,""nburn"":250,""nthin"":1,""nchains"":1,""ncores"":1,""convergence_control"":{""warn"":false},""seed"":10503,""convergence"":""core"",""verbose"":false}",22.25,"reported","ok",""
5,"st_csr_sbayesc","D1","01_finemapping","separated","causal_rank_median",5.5,"ok","","separated",3006,2006,10503,"0.2.0","1.1.6","ae5e9f06ffa72127f5bd2b6bac8174e333d51221","{""nit"":500,""nburn"":250,""nthin"":1,""nchains"":1,""ncores"":1,""convergence_control"":{""warn"":false},""seed"":10503,""convergence"":""core"",""verbose"":false}",22.25,"reported","ok",""
5,"st_csr_sbayesc","D1","01_finemapping","separated","causal_rank_best",1,"ok","","separated",3006,2006,10503,"0.2.0","1.1.6","ae5e9f06ffa72127f5bd2b6bac8174e333d51221","{""nit"":500,""nburn"":250,""nthin"":1,""nchains"":1,""ncores"":1,""convergence_control"":{""warn"":false},""seed"":10503,""convergence"":""core"",""verbose"":false}",22.25,"reported","ok",""
5,"st_csr_sbayesc","D1","01_finemapping","separated","causal_rank_worst",35443,"ok","","separated",3006,2006,10503,"0.2.0","1.1.6","ae5e9f06ffa72127f5bd2b6bac8174e333d51221","{""nit"":500,""nburn"":250,""nthin"":1,""nchains"":1,""ncores"":1,""convergence_control"":{""warn"":false},""seed"":10503,""convergence"":""core"",""verbose"":false}",22.25,"reported","ok",""
5,"st_csr_sbayesc","D1","01_finemapping","separated","causal_top_10_recall",0.8,"ok","","separated",3006,2006,10503,"0.2.0","1.1.6","ae5e9f06ffa72127f5bd2b6bac8174e333d51221","{""nit"":500,""nburn"":250,""nthin"":1,""nchains"":1,""ncores"":1,""convergence_control"":{""warn"":false},""seed"":10503,""convergence"":""core"",""verbose"":false}",22.25,"reported","ok",""
5,"st_csr_sbayesc","D1","01_finemapping","separated","causal_top_20_recall",0.8,"ok","","separated",3006,2006,10503,"0.2.0","1.1.6","ae5e9f06ffa72127f5bd2b6bac8174e333d51221","{""nit"":500,""nburn"":250,""nthin"":1,""nchains"":1,""ncores"":1,""convergence_control"":{""warn"":false},""seed"":10503,""convergence"":""core"",""verbose"":false}",22.25,"reported","ok",""
5,"st_csr_sbayesc","D1","01_finemapping","separated","causal_top_50_recall",0.8,"ok","","separated",3006,2006,10503,"0.2.0","1.1.6","ae5e9f06ffa72127f5bd2b6bac8174e333d51221","{""nit"":500,""nburn"":250,""nthin"":1,""nchains"":1,""ncores"":1,""convergence_control"":{""warn"":false},""seed"":10503,""convergence"":""core"",""verbose"":false}",22.25,"reported","ok",""
5,"st_csr_sbayesr","D1","01_finemapping","separated","pip_brier",6.68427785528151e-05,"ok","","separated",3006,2006,10504,"0.2.0","1.1.6","ae5e9f06ffa72127f5bd2b6bac8174e333d51221","{""nit"":500,""nburn"":250,""nthin"":1,""nchains"":1,""ncores"":1,""convergence_control"":{""warn"":false},""seed"":10504,""convergence"":""core"",""verbose"":false}",56.6300000000001,"reported","ok",""
5,"st_csr_sbayesr","D1","01_finemapping","separated","effect_rmse",0.000756191809204212,"ok","","separated",3006,2006,10504,"0.2.0","1.1.6","ae5e9f06ffa72127f5bd2b6bac8174e333d51221","{""nit"":500,""nburn"":250,""nthin"":1,""nchains"":1,""ncores"":1,""convergence_control"":{""warn"":false},""seed"":10504,""convergence"":""core"",""verbose"":false}",56.6300000000001,"reported","ok",""
5,"st_csr_sbayesr","D1","01_finemapping","separated","average_precision",0.800059435361775,"ok","","separated",3006,2006,10504,"0.2.0","1.1.6","ae5e9f06ffa72127f5bd2b6bac8174e333d51221","{""nit"":500,""nburn"":250,""nthin"":1,""nchains"":1,""ncores"":1,""convergence_control"":{""warn"":false},""seed"":10504,""convergence"":""core"",""verbose"":false}",56.6300000000001,"reported","ok",""
5,"st_csr_sbayesr","D1","01_finemapping","separated","causal_rank_mean",6440,"ok","","separated",3006,2006,10504,"0.2.0","1.1.6","ae5e9f06ffa72127f5bd2b6bac8174e333d51221","{""nit"":500,""nburn"":250,""nthin"":1,""nchains"":1,""ncores"":1,""convergence_control"":{""warn"":false},""seed"":10504,""convergence"":""core"",""verbose"":false}",56.6300000000001,"reported","ok",""
5,"st_csr_sbayesr","D1","01_finemapping","separated","causal_rank_median",5.5,"ok","","separated",3006,2006,10504,"0.2.0","1.1.6","ae5e9f06ffa72127f5bd2b6bac8174e333d51221","{""nit"":500,""nburn"":250,""nthin"":1,""nchains"":1,""ncores"":1,""convergence_control"":{""warn"":false},""seed"":10504,""convergence"":""core"",""verbose"":false}",56.6300000000001,"reported","ok",""
5,"st_csr_sbayesr","D1","01_finemapping","separated","causal_rank_best",1,"ok","","separated",3006,2006,10504,"0.2.0","1.1.6","ae5e9f06ffa72127f5bd2b6bac8174e333d51221","{""nit"":500,""nburn"":250,""nthin"":1,""nchains"":1,""ncores"":1,""convergence_control"":{""warn"":false},""seed"":10504,""convergence"":""core"",""verbose"":false}",56.6300000000001,"reported","ok",""
5,"st_csr_sbayesr","D1","01_finemapping","separated","causal_rank_worst",35782,"ok","","separated",3006,2006,10504,"0.2.0","1.1.6","ae5e9f06ffa72127f5bd2b6bac8174e333d51221","{""nit"":500,""nburn"":250,""nthin"":1,""nchains"":1,""ncores"":1,""convergence_control"":{""warn"":false},""seed"":10504,""convergence"":""core"",""verbose"":false}",56.6300000000001,"reported","ok",""
5,"st_csr_sbayesr","D1","01_finemapping","separated","causal_top_10_recall",0.8,"ok","","separated",3006,2006,10504,"0.2.0","1.1.6","ae5e9f06ffa72127f5bd2b6bac8174e333d51221","{""nit"":500,""nburn"":250,""nthin"":1,""nchains"":1,""ncores"":1,""convergence_control"":{""warn"":false},""seed"":10504,""convergence"":""core"",""verbose"":false}",56.6300000000001,"reported","ok",""
5,"st_csr_sbayesr","D1","01_finemapping","separated","causal_top_20_recall",0.8,"ok","","separated",3006,2006,10504,"0.2.0","1.1.6","ae5e9f06ffa72127f5bd2b6bac8174e333d51221","{""nit"":500,""nburn"":250,""nthin"":1,""nchains"":1,""ncores"":1,""convergence_control"":{""warn"":false},""seed"":10504,""convergence"":""core"",""verbose"":false}",56.6300000000001,"reported","ok",""
5,"st_csr_sbayesr","D1","01_finemapping","separated","causal_top_50_recall",0.8,"ok","","separated",3006,2006,10504,"0.2.0","1.1.6","ae5e9f06ffa72127f5bd2b6bac8174e333d51221","{""nit"":500,""nburn"":250,""nthin"":1,""nchains"":1,""ncores"":1,""convergence_control"":{""warn"":false},""seed"":10504,""convergence"":""core"",""verbose"":false}",56.6300000000001,"reported","ok",""
6,"st_bed_bayesc","D1","01_finemapping","separated","pip_brier",0.000106523018609671,"ok","","separated",3007,2007,10601,"0.2.0","1.1.6","ae5e9f06ffa72127f5bd2b6bac8174e333d51221","{""nit"":500,""nburn"":250,""nthin"":1,""nchains"":1,""ncores"":1,""convergence_control"":{""warn"":false},""seed"":10601,""convergence"":""core"",""verbose"":false}",68.3799999999997,"reported","ok",""
6,"st_bed_bayesc","D1","01_finemapping","separated","effect_rmse",0.000622663138868382,"ok","","separated",3007,2007,10601,"0.2.0","1.1.6","ae5e9f06ffa72127f5bd2b6bac8174e333d51221","{""nit"":500,""nburn"":250,""nthin"":1,""nchains"":1,""ncores"":1,""convergence_control"":{""warn"":false},""seed"":10601,""convergence"":""core"",""verbose"":false}",68.3799999999997,"reported","ok",""
6,"st_bed_bayesc","D1","01_finemapping","separated","average_precision",0.635144022621381,"ok","","separated",3007,2007,10601,"0.2.0","1.1.6","ae5e9f06ffa72127f5bd2b6bac8174e333d51221","{""nit"":500,""nburn"":250,""nthin"":1,""nchains"":1,""ncores"":1,""convergence_control"":{""warn"":false},""seed"":10601,""convergence"":""core"",""verbose"":false}",68.3799999999997,"reported","ok",""
6,"st_bed_bayesc","D1","01_finemapping","separated","causal_rank_mean",8360.3,"ok","","separated",3007,2007,10601,"0.2.0","1.1.6","ae5e9f06ffa72127f5bd2b6bac8174e333d51221","{""nit"":500,""nburn"":250,""nthin"":1,""nchains"":1,""ncores"":1,""convergence_control"":{""warn"":false},""seed"":10601,""convergence"":""core"",""verbose"":false}",68.3799999999997,"reported","ok",""
6,"st_bed_bayesc","D1","01_finemapping","separated","causal_rank_median",5.5,"ok","","separated",3007,2007,10601,"0.2.0","1.1.6","ae5e9f06ffa72127f5bd2b6bac8174e333d51221","{""nit"":500,""nburn"":250,""nthin"":1,""nchains"":1,""ncores"":1,""convergence_control"":{""warn"":false},""seed"":10601,""convergence"":""core"",""verbose"":false}",68.3799999999997,"reported","ok",""
6,"st_bed_bayesc","D1","01_finemapping","separated","causal_rank_best",1,"ok","","separated",3007,2007,10601,"0.2.0","1.1.6","ae5e9f06ffa72127f5bd2b6bac8174e333d51221","{""nit"":500,""nburn"":250,""nthin"":1,""nchains"":1,""ncores"":1,""convergence_control"":{""warn"":false},""seed"":10601,""convergence"":""core"",""verbose"":false}",68.3799999999997,"reported","ok",""
6,"st_bed_bayesc","D1","01_finemapping","separated","causal_rank_worst",37811,"ok","","separated",3007,2007,10601,"0.2.0","1.1.6","ae5e9f06ffa72127f5bd2b6bac8174e333d51221","{""nit"":500,""nburn"":250,""nthin"":1,""nchains"":1,""ncores"":1,""convergence_control"":{""warn"":false},""seed"":10601,""convergence"":""core"",""verbose"":false}",68.3799999999997,"reported","ok",""
6,"st_bed_bayesc","D1","01_finemapping","separated","causal_top_10_recall",0.6,"ok","","separated",3007,2007,10601,"0.2.0","1.1.6","ae5e9f06ffa72127f5bd2b6bac8174e333d51221","{""nit"":500,""nburn"":250,""nthin"":1,""nchains"":1,""ncores"":1,""convergence_control"":{""warn"":false},""seed"":10601,""convergence"":""core"",""verbose"":false}",68.3799999999997,"reported","ok",""
6,"st_bed_bayesc","D1","01_finemapping","separated","causal_top_20_recall",0.7,"ok","","separated",3007,2007,10601,"0.2.0","1.1.6","ae5e9f06ffa72127f5bd2b6bac8174e333d51221","{""nit"":500,""nburn"":250,""nthin"":1,""nchains"":1,""ncores"":1,""convergence_control"":{""warn"":false},""seed"":10601,""convergence"":""core"",""verbose"":false}",68.3799999999997,"reported","ok",""
6,"st_bed_bayesc","D1","01_finemapping","separated","causal_top_50_recall",0.7,"ok","","separated",3007,2007,10601,"0.2.0","1.1.6","ae5e9f06ffa72127f5bd2b6bac8174e333d51221","{""nit"":500,""nburn"":250,""nthin"":1,""nchains"":1,""ncores"":1,""convergence_control"":{""warn"":false},""seed"":10601,""convergence"":""core"",""verbose"":false}",68.3799999999997,"reported","ok",""
6,"st_bed_bayesr","D1","01_finemapping","separated","pip_brier",0.000107234029112158,"ok","","separated",3007,2007,10602,"0.2.0","1.1.6","ae5e9f06ffa72127f5bd2b6bac8174e333d51221","{""nit"":500,""nburn"":250,""nthin"":1,""nchains"":1,""ncores"":1,""convergence_control"":{""warn"":false},""seed"":10602,""convergence"":""core"",""verbose"":false}",88.3699999999999,"reported","ok",""
6,"st_bed_bayesr","D1","01_finemapping","separated","effect_rmse",0.000635373765904221,"ok","","separated",3007,2007,10602,"0.2.0","1.1.6","ae5e9f06ffa72127f5bd2b6bac8174e333d51221","{""nit"":500,""nburn"":250,""nthin"":1,""nchains"":1,""ncores"":1,""convergence_control"":{""warn"":false},""seed"":10602,""convergence"":""core"",""verbose"":false}",88.3699999999999,"reported","ok",""
6,"st_bed_bayesr","D1","01_finemapping","separated","average_precision",0.623468092888109,"ok","","separated",3007,2007,10602,"0.2.0","1.1.6","ae5e9f06ffa72127f5bd2b6bac8174e333d51221","{""nit"":500,""nburn"":250,""nthin"":1,""nchains"":1,""ncores"":1,""convergence_control"":{""warn"":false},""seed"":10602,""convergence"":""core"",""verbose"":false}",88.3699999999999,"reported","ok",""
6,"st_bed_bayesr","D1","01_finemapping","separated","causal_rank_mean",8457.7,"ok","","separated",3007,2007,10602,"0.2.0","1.1.6","ae5e9f06ffa72127f5bd2b6bac8174e333d51221","{""nit"":500,""nburn"":250,""nthin"":1,""nchains"":1,""ncores"":1,""convergence_control"":{""warn"":false},""seed"":10602,""convergence"":""core"",""verbose"":false}",88.3699999999999,"reported","ok",""
6,"st_bed_bayesr","D1","01_finemapping","separated","causal_rank_median",5.5,"ok","","separated",3007,2007,10602,"0.2.0","1.1.6","ae5e9f06ffa72127f5bd2b6bac8174e333d51221","{""nit"":500,""nburn"":250,""nthin"":1,""nchains"":1,""ncores"":1,""convergence_control"":{""warn"":false},""seed"":10602,""convergence"":""core"",""verbose"":false}",88.3699999999999,"reported","ok",""
6,"st_bed_bayesr","D1","01_finemapping","separated","causal_rank_best",1,"ok","","separated",3007,2007,10602,"0.2.0","1.1.6","ae5e9f06ffa72127f5bd2b6bac8174e333d51221","{""nit"":500,""nburn"":250,""nthin"":1,""nchains"":1,""ncores"":1,""convergence_control"":{""warn"":false},""seed"":10602,""convergence"":""core"",""verbose"":false}",88.3699999999999,"reported","ok",""
6,"st_bed_bayesr","D1","01_finemapping","separated","causal_rank_worst",37812,"ok","","separated",3007,2007,10602,"0.2.0","1.1.6","ae5e9f06ffa72127f5bd2b6bac8174e333d51221","{""nit"":500,""nburn"":250,""nthin"":1,""nchains"":1,""ncores"":1,""convergence_control"":{""warn"":false},""seed"":10602,""convergence"":""core"",""verbose"":false}",88.3699999999999,"reported","ok",""
6,"st_bed_bayesr","D1","01_finemapping","separated","causal_top_10_recall",0.6,"ok","","separated",3007,2007,10602,"0.2.0","1.1.6","ae5e9f06ffa72127f5bd2b6bac8174e333d51221","{""nit"":500,""nburn"":250,""nthin"":1,""nchains"":1,""ncores"":1,""convergence_control"":{""warn"":false},""seed"":10602,""convergence"":""core"",""verbose"":false}",88.3699999999999,"reported","ok",""
6,"st_bed_bayesr","D1","01_finemapping","separated","causal_top_20_recall",0.6,"ok","","separated",3007,2007,10602,"0.2.0","1.1.6","ae5e9f06ffa72127f5bd2b6bac8174e333d51221","{""nit"":500,""nburn"":250,""nthin"":1,""nchains"":1,""ncores"":1,""convergence_control"":{""warn"":false},""seed"":10602,""convergence"":""core"",""verbose"":false}",88.3699999999999,"reported","ok",""
6,"st_bed_bayesr","D1","01_finemapping","separated","causal_top_50_recall",0.7,"ok","","separated",3007,2007,10602,"0.2.0","1.1.6","ae5e9f06ffa72127f5bd2b6bac8174e333d51221","{""nit"":500,""nburn"":250,""nthin"":1,""nchains"":1,""ncores"":1,""convergence_control"":{""warn"":false},""seed"":10602,""convergence"":""core"",""verbose"":false}",88.3699999999999,"reported","ok",""
6,"st_csr_sbayesc","D1","01_finemapping","separated","pip_brier",0.000134333710615672,"ok","","separated",3007,2007,10603,"0.2.0","1.1.6","ae5e9f06ffa72127f5bd2b6bac8174e333d51221","{""nit"":500,""nburn"":250,""nthin"":1,""nchains"":1,""ncores"":1,""convergence_control"":{""warn"":false},""seed"":10603,""convergence"":""core"",""verbose"":false}",21.21,"reported","ok",""
6,"st_csr_sbayesc","D1","01_finemapping","separated","effect_rmse",0.000939566915789997,"ok","","separated",3007,2007,10603,"0.2.0","1.1.6","ae5e9f06ffa72127f5bd2b6bac8174e333d51221","{""nit"":500,""nburn"":250,""nthin"":1,""nchains"":1,""ncores"":1,""convergence_control"":{""warn"":false},""seed"":10603,""convergence"":""core"",""verbose"":false}",21.21,"reported","ok",""
6,"st_csr_sbayesc","D1","01_finemapping","separated","average_precision",0.600254924249256,"ok","","separated",3007,2007,10603,"0.2.0","1.1.6","ae5e9f06ffa72127f5bd2b6bac8174e333d51221","{""nit"":500,""nburn"":250,""nthin"":1,""nchains"":1,""ncores"":1,""convergence_control"":{""warn"":false},""seed"":10603,""convergence"":""core"",""verbose"":false}",21.21,"reported","ok",""
6,"st_csr_sbayesc","D1","01_finemapping","separated","causal_rank_mean",8406.1,"ok","","separated",3007,2007,10603,"0.2.0","1.1.6","ae5e9f06ffa72127f5bd2b6bac8174e333d51221","{""nit"":500,""nburn"":250,""nthin"":1,""nchains"":1,""ncores"":1,""convergence_control"":{""warn"":false},""seed"":10603,""convergence"":""core"",""verbose"":false}",21.21,"reported","ok",""
6,"st_csr_sbayesc","D1","01_finemapping","separated","causal_rank_median",5.5,"ok","","separated",3007,2007,10603,"0.2.0","1.1.6","ae5e9f06ffa72127f5bd2b6bac8174e333d51221","{""nit"":500,""nburn"":250,""nthin"":1,""nchains"":1,""ncores"":1,""convergence_control"":{""warn"":false},""seed"":10603,""convergence"":""core"",""verbose"":false}",21.21,"reported","ok",""
6,"st_csr_sbayesc","D1","01_finemapping","separated","causal_rank_best",1,"ok","","separated",3007,2007,10603,"0.2.0","1.1.6","ae5e9f06ffa72127f5bd2b6bac8174e333d51221","{""nit"":500,""nburn"":250,""nthin"":1,""nchains"":1,""ncores"":1,""convergence_control"":{""warn"":false},""seed"":10603,""convergence"":""core"",""verbose"":false}",21.21,"reported","ok",""
6,"st_csr_sbayesc","D1","01_finemapping","separated","causal_rank_worst",37829,"ok","","separated",3007,2007,10603,"0.2.0","1.1.6","ae5e9f06ffa72127f5bd2b6bac8174e333d51221","{""nit"":500,""nburn"":250,""nthin"":1,""nchains"":1,""ncores"":1,""convergence_control"":{""warn"":false},""seed"":10603,""convergence"":""core"",""verbose"":false}",21.21,"reported","ok",""
6,"st_csr_sbayesc","D1","01_finemapping","separated","causal_top_10_recall",0.6,"ok","","separated",3007,2007,10603,"0.2.0","1.1.6","ae5e9f06ffa72127f5bd2b6bac8174e333d51221","{""nit"":500,""nburn"":250,""nthin"":1,""nchains"":1,""ncores"":1,""convergence_control"":{""warn"":false},""seed"":10603,""convergence"":""core"",""verbose"":false}",21.21,"reported","ok",""
6,"st_csr_sbayesc","D1","01_finemapping","separated","causal_top_20_recall",0.6,"ok","","separated",3007,2007,10603,"0.2.0","1.1.6","ae5e9f06ffa72127f5bd2b6bac8174e333d51221","{""nit"":500,""nburn"":250,""nthin"":1,""nchains"":1,""ncores"":1,""convergence_control"":{""warn"":false},""seed"":10603,""convergence"":""core"",""verbose"":false}",21.21,"reported","ok",""
6,"st_csr_sbayesc","D1","01_finemapping","separated","causal_top_50_recall",0.6,"ok","","separated",3007,2007,10603,"0.2.0","1.1.6","ae5e9f06ffa72127f5bd2b6bac8174e333d51221","{""nit"":500,""nburn"":250,""nthin"":1,""nchains"":1,""ncores"":1,""convergence_control"":{""warn"":false},""seed"":10603,""convergence"":""core"",""verbose"":false}",21.21,"reported","ok",""
6,"st_csr_sbayesr","D1","01_finemapping","separated","pip_brier",0.000122051854386565,"ok","","separated",3007,2007,10604,"0.2.0","1.1.6","ae5e9f06ffa72127f5bd2b6bac8174e333d51221","{""nit"":500,""nburn"":250,""nthin"":1,""nchains"":1,""ncores"":1,""convergence_control"":{""warn"":false},""seed"":10604,""convergence"":""core"",""verbose"":false}",54.3000000000002,"reported","ok",""
6,"st_csr_sbayesr","D1","01_finemapping","separated","effect_rmse",0.000797815348649986,"ok","","separated",3007,2007,10604,"0.2.0","1.1.6","ae5e9f06ffa72127f5bd2b6bac8174e333d51221","{""nit"":500,""nburn"":250,""nthin"":1,""nchains"":1,""ncores"":1,""convergence_control"":{""warn"":false},""seed"":10604,""convergence"":""core"",""verbose"":false}",54.3000000000002,"reported","ok",""
6,"st_csr_sbayesr","D1","01_finemapping","separated","average_precision",0.600415035849256,"ok","","separated",3007,2007,10604,"0.2.0","1.1.6","ae5e9f06ffa72127f5bd2b6bac8174e333d51221","{""nit"":500,""nburn"":250,""nthin"":1,""nchains"":1,""ncores"":1,""convergence_control"":{""warn"":false},""seed"":10604,""convergence"":""core"",""verbose"":false}",54.3000000000002,"reported","ok",""
6,"st_csr_sbayesr","D1","01_finemapping","separated","causal_rank_mean",5890.6,"ok","","separated",3007,2007,10604,"0.2.0","1.1.6","ae5e9f06ffa72127f5bd2b6bac8174e333d51221","{""nit"":500,""nburn"":250,""nthin"":1,""nchains"":1,""ncores"":1,""convergence_control"":{""warn"":false},""seed"":10604,""convergence"":""core"",""verbose"":false}",54.3000000000002,"reported","ok",""
6,"st_csr_sbayesr","D1","01_finemapping","separated","causal_rank_median",5.5,"ok","","separated",3007,2007,10604,"0.2.0","1.1.6","ae5e9f06ffa72127f5bd2b6bac8174e333d51221","{""nit"":500,""nburn"":250,""nthin"":1,""nchains"":1,""ncores"":1,""convergence_control"":{""warn"":false},""seed"":10604,""convergence"":""core"",""verbose"":false}",54.3000000000002,"reported","ok",""
6,"st_csr_sbayesr","D1","01_finemapping","separated","causal_rank_best",1,"ok","","separated",3007,2007,10604,"0.2.0","1.1.6","ae5e9f06ffa72127f5bd2b6bac8174e333d51221","{""nit"":500,""nburn"":250,""nthin"":1,""nchains"":1,""ncores"":1,""convergence_control"":{""warn"":false},""seed"":10604,""convergence"":""core"",""verbose"":false}",54.3000000000002,"reported","ok",""
6,"st_csr_sbayesr","D1","01_finemapping","separated","causal_rank_worst",37844,"ok","","separated",3007,2007,10604,"0.2.0","1.1.6","ae5e9f06ffa72127f5bd2b6bac8174e333d51221","{""nit"":500,""nburn"":250,""nthin"":1,""nchains"":1,""ncores"":1,""convergence_control"":{""warn"":false},""seed"":10604,""convergence"":""core"",""verbose"":false}",54.3000000000002,"reported","ok",""
6,"st_csr_sbayesr","D1","01_finemapping","separated","causal_top_10_recall",0.6,"ok","","separated",3007,2007,10604,"0.2.0","1.1.6","ae5e9f06ffa72127f5bd2b6bac8174e333d51221","{""nit"":500,""nburn"":250,""nthin"":1,""nchains"":1,""ncores"":1,""convergence_control"":{""warn"":false},""seed"":10604,""convergence"":""core"",""verbose"":false}",54.3000000000002,"reported","ok",""
6,"st_csr_sbayesr","D1","01_finemapping","separated","causal_top_20_recall",0.6,"ok","","separated",3007,2007,10604,"0.2.0","1.1.6","ae5e9f06ffa72127f5bd2b6bac8174e333d51221","{""nit"":500,""nburn"":250,""nthin"":1,""nchains"":1,""ncores"":1,""convergence_control"":{""warn"":false},""seed"":10604,""convergence"":""core"",""verbose"":false}",54.3000000000002,"reported","ok",""
6,"st_csr_sbayesr","D1","01_finemapping","separated","causal_top_50_recall",0.6,"ok","","separated",3007,2007,10604,"0.2.0","1.1.6","ae5e9f06ffa72127f5bd2b6bac8174e333d51221","{""nit"":500,""nburn"":250,""nthin"":1,""nchains"":1,""ncores"":1,""convergence_control"":{""warn"":false},""seed"":10604,""convergence"":""core"",""verbose"":false}",54.3000000000002,"reported","ok",""
7,"st_bed_bayesc","D1","01_finemapping","separated","pip_brier",0.000127736885051723,"ok","","separated",3008,2008,10701,"0.2.0","1.1.6","ae5e9f06ffa72127f5bd2b6bac8174e333d51221","{""nit"":500,""nburn"":250,""nthin"":1,""nchains"":1,""ncores"":1,""convergence_control"":{""warn"":false},""seed"":10701,""convergence"":""core"",""verbose"":false}",64.3600000000001,"reported","ok",""
7,"st_bed_bayesc","D1","01_finemapping","separated","effect_rmse",0.00103150309355913,"ok","","separated",3008,2008,10701,"0.2.0","1.1.6","ae5e9f06ffa72127f5bd2b6bac8174e333d51221","{""nit"":500,""nburn"":250,""nthin"":1,""nchains"":1,""ncores"":1,""convergence_control"":{""warn"":false},""seed"":10701,""convergence"":""core"",""verbose"":false}",64.3600000000001,"reported","ok",""
7,"st_bed_bayesc","D1","01_finemapping","separated","average_precision",0.641766947887427,"ok","","separated",3008,2008,10701,"0.2.0","1.1.6","ae5e9f06ffa72127f5bd2b6bac8174e333d51221","{""nit"":500,""nburn"":250,""nthin"":1,""nchains"":1,""ncores"":1,""convergence_control"":{""warn"":false},""seed"":10701,""convergence"":""core"",""verbose"":false}",64.3600000000001,"reported","ok",""
7,"st_bed_bayesc","D1","01_finemapping","separated","causal_rank_mean",3129,"ok","","separated",3008,2008,10701,"0.2.0","1.1.6","ae5e9f06ffa72127f5bd2b6bac8174e333d51221","{""nit"":500,""nburn"":250,""nthin"":1,""nchains"":1,""ncores"":1,""convergence_control"":{""warn"":false},""seed"":10701,""convergence"":""core"",""verbose"":false}",64.3600000000001,"reported","ok",""
7,"st_bed_bayesc","D1","01_finemapping","separated","causal_rank_median",6,"ok","","separated",3008,2008,10701,"0.2.0","1.1.6","ae5e9f06ffa72127f5bd2b6bac8174e333d51221","{""nit"":500,""nburn"":250,""nthin"":1,""nchains"":1,""ncores"":1,""convergence_control"":{""warn"":false},""seed"":10701,""convergence"":""core"",""verbose"":false}",64.3600000000001,"reported","ok",""
7,"st_bed_bayesc","D1","01_finemapping","separated","causal_rank_best",1,"ok","","separated",3008,2008,10701,"0.2.0","1.1.6","ae5e9f06ffa72127f5bd2b6bac8174e333d51221","{""nit"":500,""nburn"":250,""nthin"":1,""nchains"":1,""ncores"":1,""convergence_control"":{""warn"":false},""seed"":10701,""convergence"":""core"",""verbose"":false}",64.3600000000001,"reported","ok",""
7,"st_bed_bayesc","D1","01_finemapping","separated","causal_rank_worst",21911,"ok","","separated",3008,2008,10701,"0.2.0","1.1.6","ae5e9f06ffa72127f5bd2b6bac8174e333d51221","{""nit"":500,""nburn"":250,""nthin"":1,""nchains"":1,""ncores"":1,""convergence_control"":{""warn"":false},""seed"":10701,""convergence"":""core"",""verbose"":false}",64.3600000000001,"reported","ok",""
7,"st_bed_bayesc","D1","01_finemapping","separated","causal_top_10_recall",0.6,"ok","","separated",3008,2008,10701,"0.2.0","1.1.6","ae5e9f06ffa72127f5bd2b6bac8174e333d51221","{""nit"":500,""nburn"":250,""nthin"":1,""nchains"":1,""ncores"":1,""convergence_control"":{""warn"":false},""seed"":10701,""convergence"":""core"",""verbose"":false}",64.3600000000001,"reported","ok",""
7,"st_bed_bayesc","D1","01_finemapping","separated","causal_top_20_recall",0.7,"ok","","separated",3008,2008,10701,"0.2.0","1.1.6","ae5e9f06ffa72127f5bd2b6bac8174e333d51221","{""nit"":500,""nburn"":250,""nthin"":1,""nchains"":1,""ncores"":1,""convergence_control"":{""warn"":false},""seed"":10701,""convergence"":""core"",""verbose"":false}",64.3600000000001,"reported","ok",""
7,"st_bed_bayesc","D1","01_finemapping","separated","causal_top_50_recall",0.8,"ok","","separated",3008,2008,10701,"0.2.0","1.1.6","ae5e9f06ffa72127f5bd2b6bac8174e333d51221","{""nit"":500,""nburn"":250,""nthin"":1,""nchains"":1,""ncores"":1,""convergence_control"":{""warn"":false},""seed"":10701,""convergence"":""core"",""verbose"":false}",64.3600000000001,"reported","ok",""
7,"st_bed_bayesr","D1","01_finemapping","separated","pip_brier",0.000128214998289068,"ok","","separated",3008,2008,10702,"0.2.0","1.1.6","ae5e9f06ffa72127f5bd2b6bac8174e333d51221","{""nit"":500,""nburn"":250,""nthin"":1,""nchains"":1,""ncores"":1,""convergence_control"":{""warn"":false},""seed"":10702,""convergence"":""core"",""verbose"":false}",91.7399999999998,"reported","ok",""
7,"st_bed_bayesr","D1","01_finemapping","separated","effect_rmse",0.00105299527378843,"ok","","separated",3008,2008,10702,"0.2.0","1.1.6","ae5e9f06ffa72127f5bd2b6bac8174e333d51221","{""nit"":500,""nburn"":250,""nthin"":1,""nchains"":1,""ncores"":1,""convergence_control"":{""warn"":false},""seed"":10702,""convergence"":""core"",""verbose"":false}",91.7399999999998,"reported","ok",""
7,"st_bed_bayesr","D1","01_finemapping","separated","average_precision",0.624615458034919,"ok","","separated",3008,2008,10702,"0.2.0","1.1.6","ae5e9f06ffa72127f5bd2b6bac8174e333d51221","{""nit"":500,""nburn"":250,""nthin"":1,""nchains"":1,""ncores"":1,""convergence_control"":{""warn"":false},""seed"":10702,""convergence"":""core"",""verbose"":false}",91.7399999999998,"reported","ok",""
7,"st_bed_bayesr","D1","01_finemapping","separated","causal_rank_mean",3267.9,"ok","","separated",3008,2008,10702,"0.2.0","1.1.6","ae5e9f06ffa72127f5bd2b6bac8174e333d51221","{""nit"":500,""nburn"":250,""nthin"":1,""nchains"":1,""ncores"":1,""convergence_control"":{""warn"":false},""seed"":10702,""convergence"":""core"",""verbose"":false}",91.7399999999998,"reported","ok",""
7,"st_bed_bayesr","D1","01_finemapping","separated","causal_rank_median",6.5,"ok","","separated",3008,2008,10702,"0.2.0","1.1.6","ae5e9f06ffa72127f5bd2b6bac8174e333d51221","{""nit"":500,""nburn"":250,""nthin"":1,""nchains"":1,""ncores"":1,""convergence_control"":{""warn"":false},""seed"":10702,""convergence"":""core"",""verbose"":false}",91.7399999999998,"reported","ok",""
7,"st_bed_bayesr","D1","01_finemapping","separated","causal_rank_best",1,"ok","","separated",3008,2008,10702,"0.2.0","1.1.6","ae5e9f06ffa72127f5bd2b6bac8174e333d51221","{""nit"":500,""nburn"":250,""nthin"":1,""nchains"":1,""ncores"":1,""convergence_control"":{""warn"":false},""seed"":10702,""convergence"":""core"",""verbose"":false}",91.7399999999998,"reported","ok",""
7,"st_bed_bayesr","D1","01_finemapping","separated","causal_rank_worst",22415,"ok","","separated",3008,2008,10702,"0.2.0","1.1.6","ae5e9f06ffa72127f5bd2b6bac8174e333d51221","{""nit"":500,""nburn"":250,""nthin"":1,""nchains"":1,""ncores"":1,""convergence_control"":{""warn"":false},""seed"":10702,""convergence"":""core"",""verbose"":false}",91.7399999999998,"reported","ok",""
7,"st_bed_bayesr","D1","01_finemapping","separated","causal_top_10_recall",0.6,"ok","","separated",3008,2008,10702,"0.2.0","1.1.6","ae5e9f06ffa72127f5bd2b6bac8174e333d51221","{""nit"":500,""nburn"":250,""nthin"":1,""nchains"":1,""ncores"":1,""convergence_control"":{""warn"":false},""seed"":10702,""convergence"":""core"",""verbose"":false}",91.7399999999998,"reported","ok",""
7,"st_bed_bayesr","D1","01_finemapping","separated","causal_top_20_recall",0.6,"ok","","separated",3008,2008,10702,"0.2.0","1.1.6","ae5e9f06ffa72127f5bd2b6bac8174e333d51221","{""nit"":500,""nburn"":250,""nthin"":1,""nchains"":1,""ncores"":1,""convergence_control"":{""warn"":false},""seed"":10702,""convergence"":""core"",""verbose"":false}",91.7399999999998,"reported","ok",""
7,"st_bed_bayesr","D1","01_finemapping","separated","causal_top_50_recall",0.8,"ok","","separated",3008,2008,10702,"0.2.0","1.1.6","ae5e9f06ffa72127f5bd2b6bac8174e333d51221","{""nit"":500,""nburn"":250,""nthin"":1,""nchains"":1,""ncores"":1,""convergence_control"":{""warn"":false},""seed"":10702,""convergence"":""core"",""verbose"":false}",91.7399999999998,"reported","ok",""
7,"st_csr_sbayesc","D1","01_finemapping","separated","pip_brier",0.0001211047879761,"ok","","separated",3008,2008,10703,"0.2.0","1.1.6","ae5e9f06ffa72127f5bd2b6bac8174e333d51221","{""nit"":500,""nburn"":250,""nthin"":1,""nchains"":1,""ncores"":1,""convergence_control"":{""warn"":false},""seed"":10703,""convergence"":""core"",""verbose"":false}",20.4199999999996,"reported","ok",""
7,"st_csr_sbayesc","D1","01_finemapping","separated","effect_rmse",0.00103264599531941,"ok","","separated",3008,2008,10703,"0.2.0","1.1.6","ae5e9f06ffa72127f5bd2b6bac8174e333d51221","{""nit"":500,""nburn"":250,""nthin"":1,""nchains"":1,""ncores"":1,""convergence_control"":{""warn"":false},""seed"":10703,""convergence"":""core"",""verbose"":false}",20.4199999999996,"reported","ok",""
7,"st_csr_sbayesc","D1","01_finemapping","separated","average_precision",0.678512430841696,"ok","","separated",3008,2008,10703,"0.2.0","1.1.6","ae5e9f06ffa72127f5bd2b6bac8174e333d51221","{""nit"":500,""nburn"":250,""nthin"":1,""nchains"":1,""ncores"":1,""convergence_control"":{""warn"":false},""seed"":10703,""convergence"":""core"",""verbose"":false}",20.4199999999996,"reported","ok",""
7,"st_csr_sbayesc","D1","01_finemapping","separated","causal_rank_mean",1793.5,"ok","","separated",3008,2008,10703,"0.2.0","1.1.6","ae5e9f06ffa72127f5bd2b6bac8174e333d51221","{""nit"":500,""nburn"":250,""nthin"":1,""nchains"":1,""ncores"":1,""convergence_control"":{""warn"":false},""seed"":10703,""convergence"":""core"",""verbose"":false}",20.4199999999996,"reported","ok",""
7,"st_csr_sbayesc","D1","01_finemapping","separated","causal_rank_median",5.5,"ok","","separated",3008,2008,10703,"0.2.0","1.1.6","ae5e9f06ffa72127f5bd2b6bac8174e333d51221","{""nit"":500,""nburn"":250,""nthin"":1,""nchains"":1,""ncores"":1,""convergence_control"":{""warn"":false},""seed"":10703,""convergence"":""core"",""verbose"":false}",20.4199999999996,"reported","ok",""
7,"st_csr_sbayesc","D1","01_finemapping","separated","causal_rank_best",1,"ok","","separated",3008,2008,10703,"0.2.0","1.1.6","ae5e9f06ffa72127f5bd2b6bac8174e333d51221","{""nit"":500,""nburn"":250,""nthin"":1,""nchains"":1,""ncores"":1,""convergence_control"":{""warn"":false},""seed"":10703,""convergence"":""core"",""verbose"":false}",20.4199999999996,"reported","ok",""
7,"st_csr_sbayesc","D1","01_finemapping","separated","causal_rank_worst",12546,"ok","","separated",3008,2008,10703,"0.2.0","1.1.6","ae5e9f06ffa72127f5bd2b6bac8174e333d51221","{""nit"":500,""nburn"":250,""nthin"":1,""nchains"":1,""ncores"":1,""convergence_control"":{""warn"":false},""seed"":10703,""convergence"":""core"",""verbose"":false}",20.4199999999996,"reported","ok",""
7,"st_csr_sbayesc","D1","01_finemapping","separated","causal_top_10_recall",0.7,"ok","","separated",3008,2008,10703,"0.2.0","1.1.6","ae5e9f06ffa72127f5bd2b6bac8174e333d51221","{""nit"":500,""nburn"":250,""nthin"":1,""nchains"":1,""ncores"":1,""convergence_control"":{""warn"":false},""seed"":10703,""convergence"":""core"",""verbose"":false}",20.4199999999996,"reported","ok",""
7,"st_csr_sbayesc","D1","01_finemapping","separated","causal_top_20_recall",0.7,"ok","","separated",3008,2008,10703,"0.2.0","1.1.6","ae5e9f06ffa72127f5bd2b6bac8174e333d51221","{""nit"":500,""nburn"":250,""nthin"":1,""nchains"":1,""ncores"":1,""convergence_control"":{""warn"":false},""seed"":10703,""convergence"":""core"",""verbose"":false}",20.4199999999996,"reported","ok",""
7,"st_csr_sbayesc","D1","01_finemapping","separated","causal_top_50_recall",0.7,"ok","","separated",3008,2008,10703,"0.2.0","1.1.6","ae5e9f06ffa72127f5bd2b6bac8174e333d51221","{""nit"":500,""nburn"":250,""nthin"":1,""nchains"":1,""ncores"":1,""convergence_control"":{""warn"":false},""seed"":10703,""convergence"":""core"",""verbose"":false}",20.4199999999996,"reported","ok",""
7,"st_csr_sbayesr","D1","01_finemapping","separated","pip_brier",0.000120315969571741,"ok","","separated",3008,2008,10704,"0.2.0","1.1.6","ae5e9f06ffa72127f5bd2b6bac8174e333d51221","{""nit"":500,""nburn"":250,""nthin"":1,""nchains"":1,""ncores"":1,""convergence_control"":{""warn"":false},""seed"":10704,""convergence"":""core"",""verbose"":false}",54.3400000000001,"reported","ok",""
7,"st_csr_sbayesr","D1","01_finemapping","separated","effect_rmse",0.00101287513118355,"ok","","separated",3008,2008,10704,"0.2.0","1.1.6","ae5e9f06ffa72127f5bd2b6bac8174e333d51221","{""nit"":500,""nburn"":250,""nthin"":1,""nchains"":1,""ncores"":1,""convergence_control"":{""warn"":false},""seed"":10704,""convergence"":""core"",""verbose"":false}",54.3400000000001,"reported","ok",""
7,"st_csr_sbayesr","D1","01_finemapping","separated","average_precision",0.681334849331311,"ok","","separated",3008,2008,10704,"0.2.0","1.1.6","ae5e9f06ffa72127f5bd2b6bac8174e333d51221","{""nit"":500,""nburn"":250,""nthin"":1,""nchains"":1,""ncores"":1,""convergence_control"":{""warn"":false},""seed"":10704,""convergence"":""core"",""verbose"":false}",54.3400000000001,"reported","ok",""
7,"st_csr_sbayesr","D1","01_finemapping","separated","causal_rank_mean",4240.3,"ok","","separated",3008,2008,10704,"0.2.0","1.1.6","ae5e9f06ffa72127f5bd2b6bac8174e333d51221","{""nit"":500,""nburn"":250,""nthin"":1,""nchains"":1,""ncores"":1,""convergence_control"":{""warn"":false},""seed"":10704,""convergence"":""core"",""verbose"":false}",54.3400000000001,"reported","ok",""
7,"st_csr_sbayesr","D1","01_finemapping","separated","causal_rank_median",5.5,"ok","","separated",3008,2008,10704,"0.2.0","1.1.6","ae5e9f06ffa72127f5bd2b6bac8174e333d51221","{""nit"":500,""nburn"":250,""nthin"":1,""nchains"":1,""ncores"":1,""convergence_control"":{""warn"":false},""seed"":10704,""convergence"":""core"",""verbose"":false}",54.3400000000001,"reported","ok",""
7,"st_csr_sbayesr","D1","01_finemapping","separated","causal_rank_best",1,"ok","","separated",3008,2008,10704,"0.2.0","1.1.6","ae5e9f06ffa72127f5bd2b6bac8174e333d51221","{""nit"":500,""nburn"":250,""nthin"":1,""nchains"":1,""ncores"":1,""convergence_control"":{""warn"":false},""seed"":10704,""convergence"":""core"",""verbose"":false}",54.3400000000001,"reported","ok",""
7,"st_csr_sbayesr","D1","01_finemapping","separated","causal_rank_worst",25819,"ok","","separated",3008,2008,10704,"0.2.0","1.1.6","ae5e9f06ffa72127f5bd2b6bac8174e333d51221","{""nit"":500,""nburn"":250,""nthin"":1,""nchains"":1,""ncores"":1,""convergence_control"":{""warn"":false},""seed"":10704,""convergence"":""core"",""verbose"":false}",54.3400000000001,"reported","ok",""
7,"st_csr_sbayesr","D1","01_finemapping","separated","causal_top_10_recall",0.7,"ok","","separated",3008,2008,10704,"0.2.0","1.1.6","ae5e9f06ffa72127f5bd2b6bac8174e333d51221","{""nit"":500,""nburn"":250,""nthin"":1,""nchains"":1,""ncores"":1,""convergence_control"":{""warn"":false},""seed"":10704,""convergence"":""core"",""verbose"":false}",54.3400000000001,"reported","ok",""
7,"st_csr_sbayesr","D1","01_finemapping","separated","causal_top_20_recall",0.7,"ok","","separated",3008,2008,10704,"0.2.0","1.1.6","ae5e9f06ffa72127f5bd2b6bac8174e333d51221","{""nit"":500,""nburn"":250,""nthin"":1,""nchains"":1,""ncores"":1,""convergence_control"":{""warn"":false},""seed"":10704,""convergence"":""core"",""verbose"":false}",54.3400000000001,"reported","ok",""
7,"st_csr_sbayesr","D1","01_finemapping","separated","causal_top_50_recall",0.7,"ok","","separated",3008,2008,10704,"0.2.0","1.1.6","ae5e9f06ffa72127f5bd2b6bac8174e333d51221","{""nit"":500,""nburn"":250,""nthin"":1,""nchains"":1,""ncores"":1,""convergence_control"":{""warn"":false},""seed"":10704,""convergence"":""core"",""verbose"":false}",54.3400000000001,"reported","ok",""
8,"st_bed_bayesc","D1","01_finemapping","separated","pip_brier",4.08073491089995e-05,"ok","","separated",3009,2009,10801,"0.2.0","1.1.6","ae5e9f06ffa72127f5bd2b6bac8174e333d51221","{""nit"":500,""nburn"":250,""nthin"":1,""nchains"":1,""ncores"":1,""convergence_control"":{""warn"":false},""seed"":10801,""convergence"":""core"",""verbose"":false}",66.3299999999999,"reported","ok",""
8,"st_bed_bayesc","D1","01_finemapping","separated","effect_rmse",0.000619108855471753,"ok","","separated",3009,2009,10801,"0.2.0","1.1.6","ae5e9f06ffa72127f5bd2b6bac8174e333d51221","{""nit"":500,""nburn"":250,""nthin"":1,""nchains"":1,""ncores"":1,""convergence_control"":{""warn"":false},""seed"":10801,""convergence"":""core"",""verbose"":false}",66.3299999999999,"reported","ok",""
8,"st_bed_bayesc","D1","01_finemapping","separated","average_precision",0.900063391442155,"ok","","separated",3009,2009,10801,"0.2.0","1.1.6","ae5e9f06ffa72127f5bd2b6bac8174e333d51221","{""nit"":500,""nburn"":250,""nthin"":1,""nchains"":1,""ncores"":1,""convergence_control"":{""warn"":false},""seed"":10801,""convergence"":""core"",""verbose"":false}",66.3299999999999,"reported","ok",""
8,"st_bed_bayesc","D1","01_finemapping","separated","causal_rank_mean",1582,"ok","","separated",3009,2009,10801,"0.2.0","1.1.6","ae5e9f06ffa72127f5bd2b6bac8174e333d51221","{""nit"":500,""nburn"":250,""nthin"":1,""nchains"":1,""ncores"":1,""convergence_control"":{""warn"":false},""seed"":10801,""convergence"":""core"",""verbose"":false}",66.3299999999999,"reported","ok",""
8,"st_bed_bayesc","D1","01_finemapping","separated","causal_rank_median",5.5,"ok","","separated",3009,2009,10801,"0.2.0","1.1.6","ae5e9f06ffa72127f5bd2b6bac8174e333d51221","{""nit"":500,""nburn"":250,""nthin"":1,""nchains"":1,""ncores"":1,""convergence_control"":{""warn"":false},""seed"":10801,""convergence"":""core"",""verbose"":false}",66.3299999999999,"reported","ok",""
8,"st_bed_bayesc","D1","01_finemapping","separated","causal_rank_best",1,"ok","","separated",3009,2009,10801,"0.2.0","1.1.6","ae5e9f06ffa72127f5bd2b6bac8174e333d51221","{""nit"":500,""nburn"":250,""nthin"":1,""nchains"":1,""ncores"":1,""convergence_control"":{""warn"":false},""seed"":10801,""convergence"":""core"",""verbose"":false}",66.3299999999999,"reported","ok",""
8,"st_bed_bayesc","D1","01_finemapping","separated","causal_rank_worst",15775,"ok","","separated",3009,2009,10801,"0.2.0","1.1.6","ae5e9f06ffa72127f5bd2b6bac8174e333d51221","{""nit"":500,""nburn"":250,""nthin"":1,""nchains"":1,""ncores"":1,""convergence_control"":{""warn"":false},""seed"":10801,""convergence"":""core"",""verbose"":false}",66.3299999999999,"reported","ok",""
8,"st_bed_bayesc","D1","01_finemapping","separated","causal_top_10_recall",0.9,"ok","","separated",3009,2009,10801,"0.2.0","1.1.6","ae5e9f06ffa72127f5bd2b6bac8174e333d51221","{""nit"":500,""nburn"":250,""nthin"":1,""nchains"":1,""ncores"":1,""convergence_control"":{""warn"":false},""seed"":10801,""convergence"":""core"",""verbose"":false}",66.3299999999999,"reported","ok",""
8,"st_bed_bayesc","D1","01_finemapping","separated","causal_top_20_recall",0.9,"ok","","separated",3009,2009,10801,"0.2.0","1.1.6","ae5e9f06ffa72127f5bd2b6bac8174e333d51221","{""nit"":500,""nburn"":250,""nthin"":1,""nchains"":1,""ncores"":1,""convergence_control"":{""warn"":false},""seed"":10801,""convergence"":""core"",""verbose"":false}",66.3299999999999,"reported","ok",""
8,"st_bed_bayesc","D1","01_finemapping","separated","causal_top_50_recall",0.9,"ok","","separated",3009,2009,10801,"0.2.0","1.1.6","ae5e9f06ffa72127f5bd2b6bac8174e333d51221","{""nit"":500,""nburn"":250,""nthin"":1,""nchains"":1,""ncores"":1,""convergence_control"":{""warn"":false},""seed"":10801,""convergence"":""core"",""verbose"":false}",66.3299999999999,"reported","ok",""
8,"st_bed_bayesr","D1","01_finemapping","separated","pip_brier",4.22945434445e-05,"ok","","separated",3009,2009,10802,"0.2.0","1.1.6","ae5e9f06ffa72127f5bd2b6bac8174e333d51221","{""nit"":500,""nburn"":250,""nthin"":1,""nchains"":1,""ncores"":1,""convergence_control"":{""warn"":false},""seed"":10802,""convergence"":""core"",""verbose"":false}",93.9699999999998,"reported","ok",""
8,"st_bed_bayesr","D1","01_finemapping","separated","effect_rmse",0.000644628730059847,"ok","","separated",3009,2009,10802,"0.2.0","1.1.6","ae5e9f06ffa72127f5bd2b6bac8174e333d51221","{""nit"":500,""nburn"":250,""nthin"":1,""nchains"":1,""ncores"":1,""convergence_control"":{""warn"":false},""seed"":10802,""convergence"":""core"",""verbose"":false}",93.9699999999998,"reported","ok",""
8,"st_bed_bayesr","D1","01_finemapping","separated","average_precision",0.900060793969238,"ok","","separated",3009,2009,10802,"0.2.0","1.1.6","ae5e9f06ffa72127f5bd2b6bac8174e333d51221","{""nit"":500,""nburn"":250,""nthin"":1,""nchains"":1,""ncores"":1,""convergence_control"":{""warn"":false},""seed"":10802,""convergence"":""core"",""verbose"":false}",93.9699999999998,"reported","ok",""
8,"st_bed_bayesr","D1","01_finemapping","separated","causal_rank_mean",1649.4,"ok","","separated",3009,2009,10802,"0.2.0","1.1.6","ae5e9f06ffa72127f5bd2b6bac8174e333d51221","{""nit"":500,""nburn"":250,""nthin"":1,""nchains"":1,""ncores"":1,""convergence_control"":{""warn"":false},""seed"":10802,""convergence"":""core"",""verbose"":false}",93.9699999999998,"reported","ok",""
8,"st_bed_bayesr","D1","01_finemapping","separated","causal_rank_median",5.5,"ok","","separated",3009,2009,10802,"0.2.0","1.1.6","ae5e9f06ffa72127f5bd2b6bac8174e333d51221","{""nit"":500,""nburn"":250,""nthin"":1,""nchains"":1,""ncores"":1,""convergence_control"":{""warn"":false},""seed"":10802,""convergence"":""core"",""verbose"":false}",93.9699999999998,"reported","ok",""
8,"st_bed_bayesr","D1","01_finemapping","separated","causal_rank_best",1,"ok","","separated",3009,2009,10802,"0.2.0","1.1.6","ae5e9f06ffa72127f5bd2b6bac8174e333d51221","{""nit"":500,""nburn"":250,""nthin"":1,""nchains"":1,""ncores"":1,""convergence_control"":{""warn"":false},""seed"":10802,""convergence"":""core"",""verbose"":false}",93.9699999999998,"reported","ok",""
8,"st_bed_bayesr","D1","01_finemapping","separated","causal_rank_worst",16449,"ok","","separated",3009,2009,10802,"0.2.0","1.1.6","ae5e9f06ffa72127f5bd2b6bac8174e333d51221","{""nit"":500,""nburn"":250,""nthin"":1,""nchains"":1,""ncores"":1,""convergence_control"":{""warn"":false},""seed"":10802,""convergence"":""core"",""verbose"":false}",93.9699999999998,"reported","ok",""
8,"st_bed_bayesr","D1","01_finemapping","separated","causal_top_10_recall",0.9,"ok","","separated",3009,2009,10802,"0.2.0","1.1.6","ae5e9f06ffa72127f5bd2b6bac8174e333d51221","{""nit"":500,""nburn"":250,""nthin"":1,""nchains"":1,""ncores"":1,""convergence_control"":{""warn"":false},""seed"":10802,""convergence"":""core"",""verbose"":false}",93.9699999999998,"reported","ok",""
8,"st_bed_bayesr","D1","01_finemapping","separated","causal_top_20_recall",0.9,"ok","","separated",3009,2009,10802,"0.2.0","1.1.6","ae5e9f06ffa72127f5bd2b6bac8174e333d51221","{""nit"":500,""nburn"":250,""nthin"":1,""nchains"":1,""ncores"":1,""convergence_control"":{""warn"":false},""seed"":10802,""convergence"":""core"",""verbose"":false}",93.9699999999998,"reported","ok",""
8,"st_bed_bayesr","D1","01_finemapping","separated","causal_top_50_recall",0.9,"ok","","separated",3009,2009,10802,"0.2.0","1.1.6","ae5e9f06ffa72127f5bd2b6bac8174e333d51221","{""nit"":500,""nburn"":250,""nthin"":1,""nchains"":1,""ncores"":1,""convergence_control"":{""warn"":false},""seed"":10802,""convergence"":""core"",""verbose"":false}",93.9699999999998,"reported","ok",""
8,"st_csr_sbayesc","D1","01_finemapping","separated","pip_brier",4.67035876918217e-05,"ok","","separated",3009,2009,10803,"0.2.0","1.1.6","ae5e9f06ffa72127f5bd2b6bac8174e333d51221","{""nit"":500,""nburn"":250,""nthin"":1,""nchains"":1,""ncores"":1,""convergence_control"":{""warn"":false},""seed"":10803,""convergence"":""core"",""verbose"":false}",20.6599999999999,"reported","ok",""
8,"st_csr_sbayesc","D1","01_finemapping","separated","effect_rmse",0.000667152534818079,"ok","","separated",3009,2009,10803,"0.2.0","1.1.6","ae5e9f06ffa72127f5bd2b6bac8174e333d51221","{""nit"":500,""nburn"":250,""nthin"":1,""nchains"":1,""ncores"":1,""convergence_control"":{""warn"":false},""seed"":10803,""convergence"":""core"",""verbose"":false}",20.6599999999999,"reported","ok",""
8,"st_csr_sbayesc","D1","01_finemapping","separated","average_precision",0.900360880548538,"ok","","separated",3009,2009,10803,"0.2.0","1.1.6","ae5e9f06ffa72127f5bd2b6bac8174e333d51221","{""nit"":500,""nburn"":250,""nthin"":1,""nchains"":1,""ncores"":1,""convergence_control"":{""warn"":false},""seed"":10803,""convergence"":""core"",""verbose"":false}",20.6599999999999,"reported","ok",""
8,"st_csr_sbayesc","D1","01_finemapping","separated","causal_rank_mean",281.6,"ok","","separated",3009,2009,10803,"0.2.0","1.1.6","ae5e9f06ffa72127f5bd2b6bac8174e333d51221","{""nit"":500,""nburn"":250,""nthin"":1,""nchains"":1,""ncores"":1,""convergence_control"":{""warn"":false},""seed"":10803,""convergence"":""core"",""verbose"":false}",20.6599999999999,"reported","ok",""
8,"st_csr_sbayesc","D1","01_finemapping","separated","causal_rank_median",5.5,"ok","","separated",3009,2009,10803,"0.2.0","1.1.6","ae5e9f06ffa72127f5bd2b6bac8174e333d51221","{""nit"":500,""nburn"":250,""nthin"":1,""nchains"":1,""ncores"":1,""convergence_control"":{""warn"":false},""seed"":10803,""convergence"":""core"",""verbose"":false}",20.6599999999999,"reported","ok",""
8,"st_csr_sbayesc","D1","01_finemapping","separated","causal_rank_best",1,"ok","","separated",3009,2009,10803,"0.2.0","1.1.6","ae5e9f06ffa72127f5bd2b6bac8174e333d51221","{""nit"":500,""nburn"":250,""nthin"":1,""nchains"":1,""ncores"":1,""convergence_control"":{""warn"":false},""seed"":10803,""convergence"":""core"",""verbose"":false}",20.6599999999999,"reported","ok",""
8,"st_csr_sbayesc","D1","01_finemapping","separated","causal_rank_worst",2771,"ok","","separated",3009,2009,10803,"0.2.0","1.1.6","ae5e9f06ffa72127f5bd2b6bac8174e333d51221","{""nit"":500,""nburn"":250,""nthin"":1,""nchains"":1,""ncores"":1,""convergence_control"":{""warn"":false},""seed"":10803,""convergence"":""core"",""verbose"":false}",20.6599999999999,"reported","ok",""
8,"st_csr_sbayesc","D1","01_finemapping","separated","causal_top_10_recall",0.9,"ok","","separated",3009,2009,10803,"0.2.0","1.1.6","ae5e9f06ffa72127f5bd2b6bac8174e333d51221","{""nit"":500,""nburn"":250,""nthin"":1,""nchains"":1,""ncores"":1,""convergence_control"":{""warn"":false},""seed"":10803,""convergence"":""core"",""verbose"":false}",20.6599999999999,"reported","ok",""
8,"st_csr_sbayesc","D1","01_finemapping","separated","causal_top_20_recall",0.9,"ok","","separated",3009,2009,10803,"0.2.0","1.1.6","ae5e9f06ffa72127f5bd2b6bac8174e333d51221","{""nit"":500,""nburn"":250,""nthin"":1,""nchains"":1,""ncores"":1,""convergence_control"":{""warn"":false},""seed"":10803,""convergence"":""core"",""verbose"":false}",20.6599999999999,"reported","ok",""
8,"st_csr_sbayesc","D1","01_finemapping","separated","causal_top_50_recall",0.9,"ok","","separated",3009,2009,10803,"0.2.0","1.1.6","ae5e9f06ffa72127f5bd2b6bac8174e333d51221","{""nit"":500,""nburn"":250,""nthin"":1,""nchains"":1,""ncores"":1,""convergence_control"":{""warn"":false},""seed"":10803,""convergence"":""core"",""verbose"":false}",20.6599999999999,"reported","ok",""
8,"st_csr_sbayesr","D1","01_finemapping","separated","pip_brier",4.3241293990682e-05,"ok","","separated",3009,2009,10804,"0.2.0","1.1.6","ae5e9f06ffa72127f5bd2b6bac8174e333d51221","{""nit"":500,""nburn"":250,""nthin"":1,""nchains"":1,""ncores"":1,""convergence_control"":{""warn"":false},""seed"":10804,""convergence"":""core"",""verbose"":false}",55.3300000000004,"reported","ok",""
8,"st_csr_sbayesr","D1","01_finemapping","separated","effect_rmse",0.000621752003412864,"ok","","separated",3009,2009,10804,"0.2.0","1.1.6","ae5e9f06ffa72127f5bd2b6bac8174e333d51221","{""nit"":500,""nburn"":250,""nthin"":1,""nchains"":1,""ncores"":1,""convergence_control"":{""warn"":false},""seed"":10804,""convergence"":""core"",""verbose"":false}",55.3300000000004,"reported","ok",""
8,"st_csr_sbayesr","D1","01_finemapping","separated","average_precision",0.900196695515342,"ok","","separated",3009,2009,10804,"0.2.0","1.1.6","ae5e9f06ffa72127f5bd2b6bac8174e333d51221","{""nit"":500,""nburn"":250,""nthin"":1,""nchains"":1,""ncores"":1,""convergence_control"":{""warn"":false},""seed"":10804,""convergence"":""core"",""verbose"":false}",55.3300000000004,"reported","ok",""
8,"st_csr_sbayesr","D1","01_finemapping","separated","causal_rank_mean",512.9,"ok","","separated",3009,2009,10804,"0.2.0","1.1.6","ae5e9f06ffa72127f5bd2b6bac8174e333d51221","{""nit"":500,""nburn"":250,""nthin"":1,""nchains"":1,""ncores"":1,""convergence_control"":{""warn"":false},""seed"":10804,""convergence"":""core"",""verbose"":false}",55.3300000000004,"reported","ok",""
8,"st_csr_sbayesr","D1","01_finemapping","separated","causal_rank_median",5.5,"ok","","separated",3009,2009,10804,"0.2.0","1.1.6","ae5e9f06ffa72127f5bd2b6bac8174e333d51221","{""nit"":500,""nburn"":250,""nthin"":1,""nchains"":1,""ncores"":1,""convergence_control"":{""warn"":false},""seed"":10804,""convergence"":""core"",""verbose"":false}",55.3300000000004,"reported","ok",""
8,"st_csr_sbayesr","D1","01_finemapping","separated","causal_rank_best",1,"ok","","separated",3009,2009,10804,"0.2.0","1.1.6","ae5e9f06ffa72127f5bd2b6bac8174e333d51221","{""nit"":500,""nburn"":250,""nthin"":1,""nchains"":1,""ncores"":1,""convergence_control"":{""warn"":false},""seed"":10804,""convergence"":""core"",""verbose"":false}",55.3300000000004,"reported","ok",""
8,"st_csr_sbayesr","D1","01_finemapping","separated","causal_rank_worst",5084,"ok","","separated",3009,2009,10804,"0.2.0","1.1.6","ae5e9f06ffa72127f5bd2b6bac8174e333d51221","{""nit"":500,""nburn"":250,""nthin"":1,""nchains"":1,""ncores"":1,""convergence_control"":{""warn"":false},""seed"":10804,""convergence"":""core"",""verbose"":false}",55.3300000000004,"reported","ok",""
8,"st_csr_sbayesr","D1","01_finemapping","separated","causal_top_10_recall",0.9,"ok","","separated",3009,2009,10804,"0.2.0","1.1.6","ae5e9f06ffa72127f5bd2b6bac8174e333d51221","{""nit"":500,""nburn"":250,""nthin"":1,""nchains"":1,""ncores"":1,""convergence_control"":{""warn"":false},""seed"":10804,""convergence"":""core"",""verbose"":false}",55.3300000000004,"reported","ok",""
8,"st_csr_sbayesr","D1","01_finemapping","separated","causal_top_20_recall",0.9,"ok","","separated",3009,2009,10804,"0.2.0","1.1.6","ae5e9f06ffa72127f5bd2b6bac8174e333d51221","{""nit"":500,""nburn"":250,""nthin"":1,""nchains"":1,""ncores"":1,""convergence_control"":{""warn"":false},""seed"":10804,""convergence"":""core"",""verbose"":false}",55.3300000000004,"reported","ok",""
8,"st_csr_sbayesr","D1","01_finemapping","separated","causal_top_50_recall",0.9,"ok","","separated",3009,2009,10804,"0.2.0","1.1.6","ae5e9f06ffa72127f5bd2b6bac8174e333d51221","{""nit"":500,""nburn"":250,""nthin"":1,""nchains"":1,""ncores"":1,""convergence_control"":{""warn"":false},""seed"":10804,""convergence"":""core"",""verbose"":false}",55.3300000000004,"reported","ok",""
9,"st_bed_bayesc","D1","01_finemapping","separated","pip_brier",0.000107120317970046,"ok","","separated",3010,2010,10901,"0.2.0","1.1.6","ae5e9f06ffa72127f5bd2b6bac8174e333d51221","{""nit"":500,""nburn"":250,""nthin"":1,""nchains"":1,""ncores"":1,""convergence_control"":{""warn"":false},""seed"":10901,""convergence"":""core"",""verbose"":false}",65.8299999999999,"reported","ok",""
9,"st_bed_bayesc","D1","01_finemapping","separated","effect_rmse",0.00071144000257562,"ok","","separated",3010,2010,10901,"0.2.0","1.1.6","ae5e9f06ffa72127f5bd2b6bac8174e333d51221","{""nit"":500,""nburn"":250,""nthin"":1,""nchains"":1,""ncores"":1,""convergence_control"":{""warn"":false},""seed"":10901,""convergence"":""core"",""verbose"":false}",65.8299999999999,"reported","ok",""
9,"st_bed_bayesc","D1","01_finemapping","separated","average_precision",0.633883242187092,"ok","","separated",3010,2010,10901,"0.2.0","1.1.6","ae5e9f06ffa72127f5bd2b6bac8174e333d51221","{""nit"":500,""nburn"":250,""nthin"":1,""nchains"":1,""ncores"":1,""convergence_control"":{""warn"":false},""seed"":10901,""convergence"":""core"",""verbose"":false}",65.8299999999999,"reported","ok",""
9,"st_bed_bayesc","D1","01_finemapping","separated","causal_rank_mean",2331.7,"ok","","separated",3010,2010,10901,"0.2.0","1.1.6","ae5e9f06ffa72127f5bd2b6bac8174e333d51221","{""nit"":500,""nburn"":250,""nthin"":1,""nchains"":1,""ncores"":1,""convergence_control"":{""warn"":false},""seed"":10901,""convergence"":""core"",""verbose"":false}",65.8299999999999,"reported","ok",""
9,"st_bed_bayesc","D1","01_finemapping","separated","causal_rank_median",5.5,"ok","","separated",3010,2010,10901,"0.2.0","1.1.6","ae5e9f06ffa72127f5bd2b6bac8174e333d51221","{""nit"":500,""nburn"":250,""nthin"":1,""nchains"":1,""ncores"":1,""convergence_control"":{""warn"":false},""seed"":10901,""convergence"":""core"",""verbose"":false}",65.8299999999999,"reported","ok",""
9,"st_bed_bayesc","D1","01_finemapping","separated","causal_rank_best",1,"ok","","separated",3010,2010,10901,"0.2.0","1.1.6","ae5e9f06ffa72127f5bd2b6bac8174e333d51221","{""nit"":500,""nburn"":250,""nthin"":1,""nchains"":1,""ncores"":1,""convergence_control"":{""warn"":false},""seed"":10901,""convergence"":""core"",""verbose"":false}",65.8299999999999,"reported","ok",""
9,"st_bed_bayesc","D1","01_finemapping","separated","causal_rank_worst",16323,"ok","","separated",3010,2010,10901,"0.2.0","1.1.6","ae5e9f06ffa72127f5bd2b6bac8174e333d51221","{""nit"":500,""nburn"":250,""nthin"":1,""nchains"":1,""ncores"":1,""convergence_control"":{""warn"":false},""seed"":10901,""convergence"":""core"",""verbose"":false}",65.8299999999999,"reported","ok",""
9,"st_bed_bayesc","D1","01_finemapping","separated","causal_top_10_recall",0.6,"ok","","separated",3010,2010,10901,"0.2.0","1.1.6","ae5e9f06ffa72127f5bd2b6bac8174e333d51221","{""nit"":500,""nburn"":250,""nthin"":1,""nchains"":1,""ncores"":1,""convergence_control"":{""warn"":false},""seed"":10901,""convergence"":""core"",""verbose"":false}",65.8299999999999,"reported","ok",""
9,"st_bed_bayesc","D1","01_finemapping","separated","causal_top_20_recall",0.6,"ok","","separated",3010,2010,10901,"0.2.0","1.1.6","ae5e9f06ffa72127f5bd2b6bac8174e333d51221","{""nit"":500,""nburn"":250,""nthin"":1,""nchains"":1,""ncores"":1,""convergence_control"":{""warn"":false},""seed"":10901,""convergence"":""core"",""verbose"":false}",65.8299999999999,"reported","ok",""
9,"st_bed_bayesc","D1","01_finemapping","separated","causal_top_50_recall",0.7,"ok","","separated",3010,2010,10901,"0.2.0","1.1.6","ae5e9f06ffa72127f5bd2b6bac8174e333d51221","{""nit"":500,""nburn"":250,""nthin"":1,""nchains"":1,""ncores"":1,""convergence_control"":{""warn"":false},""seed"":10901,""convergence"":""core"",""verbose"":false}",65.8299999999999,"reported","ok",""
9,"st_bed_bayesr","D1","01_finemapping","separated","pip_brier",0.000105873601642494,"ok","","separated",3010,2010,10902,"0.2.0","1.1.6","ae5e9f06ffa72127f5bd2b6bac8174e333d51221","{""nit"":500,""nburn"":250,""nthin"":1,""nchains"":1,""ncores"":1,""convergence_control"":{""warn"":false},""seed"":10902,""convergence"":""core"",""verbose"":false}",88.5799999999999,"reported","ok",""
9,"st_bed_bayesr","D1","01_finemapping","separated","effect_rmse",0.000692893984225894,"ok","","separated",3010,2010,10902,"0.2.0","1.1.6","ae5e9f06ffa72127f5bd2b6bac8174e333d51221","{""nit"":500,""nburn"":250,""nthin"":1,""nchains"":1,""ncores"":1,""convergence_control"":{""warn"":false},""seed"":10902,""convergence"":""core"",""verbose"":false}",88.5799999999999,"reported","ok",""
9,"st_bed_bayesr","D1","01_finemapping","separated","average_precision",0.687937463413039,"ok","","separated",3010,2010,10902,"0.2.0","1.1.6","ae5e9f06ffa72127f5bd2b6bac8174e333d51221","{""nit"":500,""nburn"":250,""nthin"":1,""nchains"":1,""ncores"":1,""convergence_control"":{""warn"":false},""seed"":10902,""convergence"":""core"",""verbose"":false}",88.5799999999999,"reported","ok",""
9,"st_bed_bayesr","D1","01_finemapping","separated","causal_rank_mean",2593.8,"ok","","separated",3010,2010,10902,"0.2.0","1.1.6","ae5e9f06ffa72127f5bd2b6bac8174e333d51221","{""nit"":500,""nburn"":250,""nthin"":1,""nchains"":1,""ncores"":1,""convergence_control"":{""warn"":false},""seed"":10902,""convergence"":""core"",""verbose"":false}",88.5799999999999,"reported","ok",""
9,"st_bed_bayesr","D1","01_finemapping","separated","causal_rank_median",5.5,"ok","","separated",3010,2010,10902,"0.2.0","1.1.6","ae5e9f06ffa72127f5bd2b6bac8174e333d51221","{""nit"":500,""nburn"":250,""nthin"":1,""nchains"":1,""ncores"":1,""convergence_control"":{""warn"":false},""seed"":10902,""convergence"":""core"",""verbose"":false}",88.5799999999999,"reported","ok",""
9,"st_bed_bayesr","D1","01_finemapping","separated","causal_rank_best",1,"ok","","separated",3010,2010,10902,"0.2.0","1.1.6","ae5e9f06ffa72127f5bd2b6bac8174e333d51221","{""nit"":500,""nburn"":250,""nthin"":1,""nchains"":1,""ncores"":1,""convergence_control"":{""warn"":false},""seed"":10902,""convergence"":""core"",""verbose"":false}",88.5799999999999,"reported","ok",""
9,"st_bed_bayesr","D1","01_finemapping","separated","causal_rank_worst",16931,"ok","","separated",3010,2010,10902,"0.2.0","1.1.6","ae5e9f06ffa72127f5bd2b6bac8174e333d51221","{""nit"":500,""nburn"":250,""nthin"":1,""nchains"":1,""ncores"":1,""convergence_control"":{""warn"":false},""seed"":10902,""convergence"":""core"",""verbose"":false}",88.5799999999999,"reported","ok",""
9,"st_bed_bayesr","D1","01_finemapping","separated","causal_top_10_recall",0.7,"ok","","separated",3010,2010,10902,"0.2.0","1.1.6","ae5e9f06ffa72127f5bd2b6bac8174e333d51221","{""nit"":500,""nburn"":250,""nthin"":1,""nchains"":1,""ncores"":1,""convergence_control"":{""warn"":false},""seed"":10902,""convergence"":""core"",""verbose"":false}",88.5799999999999,"reported","ok",""
9,"st_bed_bayesr","D1","01_finemapping","separated","causal_top_20_recall",0.7,"ok","","separated",3010,2010,10902,"0.2.0","1.1.6","ae5e9f06ffa72127f5bd2b6bac8174e333d51221","{""nit"":500,""nburn"":250,""nthin"":1,""nchains"":1,""ncores"":1,""convergence_control"":{""warn"":false},""seed"":10902,""convergence"":""core"",""verbose"":false}",88.5799999999999,"reported","ok",""
9,"st_bed_bayesr","D1","01_finemapping","separated","causal_top_50_recall",0.7,"ok","","separated",3010,2010,10902,"0.2.0","1.1.6","ae5e9f06ffa72127f5bd2b6bac8174e333d51221","{""nit"":500,""nburn"":250,""nthin"":1,""nchains"":1,""ncores"":1,""convergence_control"":{""warn"":false},""seed"":10902,""convergence"":""core"",""verbose"":false}",88.5799999999999,"reported","ok",""
9,"st_csr_sbayesc","D1","01_finemapping","separated","pip_brier",0.000128151298991866,"ok","","separated",3010,2010,10903,"0.2.0","1.1.6","ae5e9f06ffa72127f5bd2b6bac8174e333d51221","{""nit"":500,""nburn"":250,""nthin"":1,""nchains"":1,""ncores"":1,""convergence_control"":{""warn"":false},""seed"":10903,""convergence"":""core"",""verbose"":false}",20.96,"reported","ok",""
9,"st_csr_sbayesc","D1","01_finemapping","separated","effect_rmse",0.00093768250108762,"ok","","separated",3010,2010,10903,"0.2.0","1.1.6","ae5e9f06ffa72127f5bd2b6bac8174e333d51221","{""nit"":500,""nburn"":250,""nthin"":1,""nchains"":1,""ncores"":1,""convergence_control"":{""warn"":false},""seed"":10903,""convergence"":""core"",""verbose"":false}",20.96,"reported","ok",""
9,"st_csr_sbayesc","D1","01_finemapping","separated","average_precision",0.615839850721441,"ok","","separated",3010,2010,10903,"0.2.0","1.1.6","ae5e9f06ffa72127f5bd2b6bac8174e333d51221","{""nit"":500,""nburn"":250,""nthin"":1,""nchains"":1,""ncores"":1,""convergence_control"":{""warn"":false},""seed"":10903,""convergence"":""core"",""verbose"":false}",20.96,"reported","ok",""
9,"st_csr_sbayesc","D1","01_finemapping","separated","causal_rank_mean",3348.7,"ok","","separated",3010,2010,10903,"0.2.0","1.1.6","ae5e9f06ffa72127f5bd2b6bac8174e333d51221","{""nit"":500,""nburn"":250,""nthin"":1,""nchains"":1,""ncores"":1,""convergence_control"":{""warn"":false},""seed"":10903,""convergence"":""core"",""verbose"":false}",20.96,"reported","ok",""
9,"st_csr_sbayesc","D1","01_finemapping","separated","causal_rank_median",5.5,"ok","","separated",3010,2010,10903,"0.2.0","1.1.6","ae5e9f06ffa72127f5bd2b6bac8174e333d51221","{""nit"":500,""nburn"":250,""nthin"":1,""nchains"":1,""ncores"":1,""convergence_control"":{""warn"":false},""seed"":10903,""convergence"":""core"",""verbose"":false}",20.96,"reported","ok",""
9,"st_csr_sbayesc","D1","01_finemapping","separated","causal_rank_best",1,"ok","","separated",3010,2010,10903,"0.2.0","1.1.6","ae5e9f06ffa72127f5bd2b6bac8174e333d51221","{""nit"":500,""nburn"":250,""nthin"":1,""nchains"":1,""ncores"":1,""convergence_control"":{""warn"":false},""seed"":10903,""convergence"":""core"",""verbose"":false}",20.96,"reported","ok",""
9,"st_csr_sbayesc","D1","01_finemapping","separated","causal_rank_worst",18699,"ok","","separated",3010,2010,10903,"0.2.0","1.1.6","ae5e9f06ffa72127f5bd2b6bac8174e333d51221","{""nit"":500,""nburn"":250,""nthin"":1,""nchains"":1,""ncores"":1,""convergence_control"":{""warn"":false},""seed"":10903,""convergence"":""core"",""verbose"":false}",20.96,"reported","ok",""
9,"st_csr_sbayesc","D1","01_finemapping","separated","causal_top_10_recall",0.6,"ok","","separated",3010,2010,10903,"0.2.0","1.1.6","ae5e9f06ffa72127f5bd2b6bac8174e333d51221","{""nit"":500,""nburn"":250,""nthin"":1,""nchains"":1,""ncores"":1,""convergence_control"":{""warn"":false},""seed"":10903,""convergence"":""core"",""verbose"":false}",20.96,"reported","ok",""
9,"st_csr_sbayesc","D1","01_finemapping","separated","causal_top_20_recall",0.6,"ok","","separated",3010,2010,10903,"0.2.0","1.1.6","ae5e9f06ffa72127f5bd2b6bac8174e333d51221","{""nit"":500,""nburn"":250,""nthin"":1,""nchains"":1,""ncores"":1,""convergence_control"":{""warn"":false},""seed"":10903,""convergence"":""core"",""verbose"":false}",20.96,"reported","ok",""
9,"st_csr_sbayesc","D1","01_finemapping","separated","causal_top_50_recall",0.7,"ok","","separated",3010,2010,10903,"0.2.0","1.1.6","ae5e9f06ffa72127f5bd2b6bac8174e333d51221","{""nit"":500,""nburn"":250,""nthin"":1,""nchains"":1,""ncores"":1,""convergence_control"":{""warn"":false},""seed"":10903,""convergence"":""core"",""verbose"":false}",20.96,"reported","ok",""
9,"st_csr_sbayesr","D1","01_finemapping","separated","pip_brier",0.000123500092127083,"ok","","separated",3010,2010,10904,"0.2.0","1.1.6","ae5e9f06ffa72127f5bd2b6bac8174e333d51221","{""nit"":500,""nburn"":250,""nthin"":1,""nchains"":1,""ncores"":1,""convergence_control"":{""warn"":false},""seed"":10904,""convergence"":""core"",""verbose"":false}",54.25,"reported","ok",""
9,"st_csr_sbayesr","D1","01_finemapping","separated","effect_rmse",0.000873525809143991,"ok","","separated",3010,2010,10904,"0.2.0","1.1.6","ae5e9f06ffa72127f5bd2b6bac8174e333d51221","{""nit"":500,""nburn"":250,""nthin"":1,""nchains"":1,""ncores"":1,""convergence_control"":{""warn"":false},""seed"":10904,""convergence"":""core"",""verbose"":false}",54.25,"reported","ok",""
9,"st_csr_sbayesr","D1","01_finemapping","separated","average_precision",0.615748186531252,"ok","","separated",3010,2010,10904,"0.2.0","1.1.6","ae5e9f06ffa72127f5bd2b6bac8174e333d51221","{""nit"":500,""nburn"":250,""nthin"":1,""nchains"":1,""ncores"":1,""convergence_control"":{""warn"":false},""seed"":10904,""convergence"":""core"",""verbose"":false}",54.25,"reported","ok",""
9,"st_csr_sbayesr","D1","01_finemapping","separated","causal_rank_mean",4477.7,"ok","","separated",3010,2010,10904,"0.2.0","1.1.6","ae5e9f06ffa72127f5bd2b6bac8174e333d51221","{""nit"":500,""nburn"":250,""nthin"":1,""nchains"":1,""ncores"":1,""convergence_control"":{""warn"":false},""seed"":10904,""convergence"":""core"",""verbose"":false}",54.25,"reported","ok",""
9,"st_csr_sbayesr","D1","01_finemapping","separated","causal_rank_median",5.5,"ok","","separated",3010,2010,10904,"0.2.0","1.1.6","ae5e9f06ffa72127f5bd2b6bac8174e333d51221","{""nit"":500,""nburn"":250,""nthin"":1,""nchains"":1,""ncores"":1,""convergence_control"":{""warn"":false},""seed"":10904,""convergence"":""core"",""verbose"":false}",54.25,"reported","ok",""
9,"st_csr_sbayesr","D1","01_finemapping","separated","causal_rank_best",1,"ok","","separated",3010,2010,10904,"0.2.0","1.1.6","ae5e9f06ffa72127f5bd2b6bac8174e333d51221","{""nit"":500,""nburn"":250,""nthin"":1,""nchains"":1,""ncores"":1,""convergence_control"":{""warn"":false},""seed"":10904,""convergence"":""core"",""verbose"":false}",54.25,"reported","ok",""
9,"st_csr_sbayesr","D1","01_finemapping","separated","causal_rank_worst",21423,"ok","","separated",3010,2010,10904,"0.2.0","1.1.6","ae5e9f06ffa72127f5bd2b6bac8174e333d51221","{""nit"":500,""nburn"":250,""nthin"":1,""nchains"":1,""ncores"":1,""convergence_control"":{""warn"":false},""seed"":10904,""convergence"":""core"",""verbose"":false}",54.25,"reported","ok",""
9,"st_csr_sbayesr","D1","01_finemapping","separated","causal_top_10_recall",0.6,"ok","","separated",3010,2010,10904,"0.2.0","1.1.6","ae5e9f06ffa72127f5bd2b6bac8174e333d51221","{""nit"":500,""nburn"":250,""nthin"":1,""nchains"":1,""ncores"":1,""convergence_control"":{""warn"":false},""seed"":10904,""convergence"":""core"",""verbose"":false}",54.25,"reported","ok",""
9,"st_csr_sbayesr","D1","01_finemapping","separated","causal_top_20_recall",0.6,"ok","","separated",3010,2010,10904,"0.2.0","1.1.6","ae5e9f06ffa72127f5bd2b6bac8174e333d51221","{""nit"":500,""nburn"":250,""nthin"":1,""nchains"":1,""ncores"":1,""convergence_control"":{""warn"":false},""seed"":10904,""convergence"":""core"",""verbose"":false}",54.25,"reported","ok",""
9,"st_csr_sbayesr","D1","01_finemapping","separated","causal_top_50_recall",0.7,"ok","","separated",3010,2010,10904,"0.2.0","1.1.6","ae5e9f06ffa72127f5bd2b6bac8174e333d51221","{""nit"":500,""nburn"":250,""nthin"":1,""nchains"":1,""ncores"":1,""convergence_control"":{""warn"":false},""seed"":10904,""convergence"":""core"",""verbose"":false}",54.25,"reported","ok",""
10,"st_bed_bayesc","D1","01_finemapping","separated","pip_brier",8.80964438946066e-05,"ok","","separated",3011,2011,11001,"0.2.0","1.1.6","ae5e9f06ffa72127f5bd2b6bac8174e333d51221","{""nit"":500,""nburn"":250,""nthin"":1,""nchains"":1,""ncores"":1,""convergence_control"":{""warn"":false},""seed"":11001,""convergence"":""core"",""verbose"":false}",67.7300000000005,"reported","ok",""
10,"st_bed_bayesc","D1","01_finemapping","separated","effect_rmse",0.000720779457692451,"ok","","separated",3011,2011,11001,"0.2.0","1.1.6","ae5e9f06ffa72127f5bd2b6bac8174e333d51221","{""nit"":500,""nburn"":250,""nthin"":1,""nchains"":1,""ncores"":1,""convergence_control"":{""warn"":false},""seed"":11001,""convergence"":""core"",""verbose"":false}",67.7300000000005,"reported","ok",""
10,"st_bed_bayesc","D1","01_finemapping","separated","average_precision",0.702412711769566,"ok","","separated",3011,2011,11001,"0.2.0","1.1.6","ae5e9f06ffa72127f5bd2b6bac8174e333d51221","{""nit"":500,""nburn"":250,""nthin"":1,""nchains"":1,""ncores"":1,""convergence_control"":{""warn"":false},""seed"":11001,""convergence"":""core"",""verbose"":false}",67.7300000000005,"reported","ok",""
10,"st_bed_bayesc","D1","01_finemapping","separated","causal_rank_mean",3677.4,"ok","","separated",3011,2011,11001,"0.2.0","1.1.6","ae5e9f06ffa72127f5bd2b6bac8174e333d51221","{""nit"":500,""nburn"":250,""nthin"":1,""nchains"":1,""ncores"":1,""convergence_control"":{""warn"":false},""seed"":11001,""convergence"":""core"",""verbose"":false}",67.7300000000005,"reported","ok",""
10,"st_bed_bayesc","D1","01_finemapping","separated","causal_rank_median",5.5,"ok","","separated",3011,2011,11001,"0.2.0","1.1.6","ae5e9f06ffa72127f5bd2b6bac8174e333d51221","{""nit"":500,""nburn"":250,""nthin"":1,""nchains"":1,""ncores"":1,""convergence_control"":{""warn"":false},""seed"":11001,""convergence"":""core"",""verbose"":false}",67.7300000000005,"reported","ok",""
10,"st_bed_bayesc","D1","01_finemapping","separated","causal_rank_best",1,"ok","","separated",3011,2011,11001,"0.2.0","1.1.6","ae5e9f06ffa72127f5bd2b6bac8174e333d51221","{""nit"":500,""nburn"":250,""nthin"":1,""nchains"":1,""ncores"":1,""convergence_control"":{""warn"":false},""seed"":11001,""convergence"":""core"",""verbose"":false}",67.7300000000005,"reported","ok",""
10,"st_bed_bayesc","D1","01_finemapping","separated","causal_rank_worst",32835,"ok","","separated",3011,2011,11001,"0.2.0","1.1.6","ae5e9f06ffa72127f5bd2b6bac8174e333d51221","{""nit"":500,""nburn"":250,""nthin"":1,""nchains"":1,""ncores"":1,""convergence_control"":{""warn"":false},""seed"":11001,""convergence"":""core"",""verbose"":false}",67.7300000000005,"reported","ok",""
10,"st_bed_bayesc","D1","01_finemapping","separated","causal_top_10_recall",0.7,"ok","","separated",3011,2011,11001,"0.2.0","1.1.6","ae5e9f06ffa72127f5bd2b6bac8174e333d51221","{""nit"":500,""nburn"":250,""nthin"":1,""nchains"":1,""ncores"":1,""convergence_control"":{""warn"":false},""seed"":11001,""convergence"":""core"",""verbose"":false}",67.7300000000005,"reported","ok",""
10,"st_bed_bayesc","D1","01_finemapping","separated","causal_top_20_recall",0.7,"ok","","separated",3011,2011,11001,"0.2.0","1.1.6","ae5e9f06ffa72127f5bd2b6bac8174e333d51221","{""nit"":500,""nburn"":250,""nthin"":1,""nchains"":1,""ncores"":1,""convergence_control"":{""warn"":false},""seed"":11001,""convergence"":""core"",""verbose"":false}",67.7300000000005,"reported","ok",""
10,"st_bed_bayesc","D1","01_finemapping","separated","causal_top_50_recall",0.7,"ok","","separated",3011,2011,11001,"0.2.0","1.1.6","ae5e9f06ffa72127f5bd2b6bac8174e333d51221","{""nit"":500,""nburn"":250,""nthin"":1,""nchains"":1,""ncores"":1,""convergence_control"":{""warn"":false},""seed"":11001,""convergence"":""core"",""verbose"":false}",67.7300000000005,"reported","ok",""
10,"st_bed_bayesr","D1","01_finemapping","separated","pip_brier",8.62030480903372e-05,"ok","","separated",3011,2011,11002,"0.2.0","1.1.6","ae5e9f06ffa72127f5bd2b6bac8174e333d51221","{""nit"":500,""nburn"":250,""nthin"":1,""nchains"":1,""ncores"":1,""convergence_control"":{""warn"":false},""seed"":11002,""convergence"":""core"",""verbose"":false}",89.3900000000003,"reported","ok",""
10,"st_bed_bayesr","D1","01_finemapping","separated","effect_rmse",0.000681466151582614,"ok","","separated",3011,2011,11002,"0.2.0","1.1.6","ae5e9f06ffa72127f5bd2b6bac8174e333d51221","{""nit"":500,""nburn"":250,""nthin"":1,""nchains"":1,""ncores"":1,""convergence_control"":{""warn"":false},""seed"":11002,""convergence"":""core"",""verbose"":false}",89.3900000000003,"reported","ok",""
10,"st_bed_bayesr","D1","01_finemapping","separated","average_precision",0.706290460931453,"ok","","separated",3011,2011,11002,"0.2.0","1.1.6","ae5e9f06ffa72127f5bd2b6bac8174e333d51221","{""nit"":500,""nburn"":250,""nthin"":1,""nchains"":1,""ncores"":1,""convergence_control"":{""warn"":false},""seed"":11002,""convergence"":""core"",""verbose"":false}",89.3900000000003,"reported","ok",""
10,"st_bed_bayesr","D1","01_finemapping","separated","causal_rank_mean",3762.8,"ok","","separated",3011,2011,11002,"0.2.0","1.1.6","ae5e9f06ffa72127f5bd2b6bac8174e333d51221","{""nit"":500,""nburn"":250,""nthin"":1,""nchains"":1,""ncores"":1,""convergence_control"":{""warn"":false},""seed"":11002,""convergence"":""core"",""verbose"":false}",89.3900000000003,"reported","ok",""
10,"st_bed_bayesr","D1","01_finemapping","separated","causal_rank_median",5.5,"ok","","separated",3011,2011,11002,"0.2.0","1.1.6","ae5e9f06ffa72127f5bd2b6bac8174e333d51221","{""nit"":500,""nburn"":250,""nthin"":1,""nchains"":1,""ncores"":1,""convergence_control"":{""warn"":false},""seed"":11002,""convergence"":""core"",""verbose"":false}",89.3900000000003,"reported","ok",""
10,"st_bed_bayesr","D1","01_finemapping","separated","causal_rank_best",1,"ok","","separated",3011,2011,11002,"0.2.0","1.1.6","ae5e9f06ffa72127f5bd2b6bac8174e333d51221","{""nit"":500,""nburn"":250,""nthin"":1,""nchains"":1,""ncores"":1,""convergence_control"":{""warn"":false},""seed"":11002,""convergence"":""core"",""verbose"":false}",89.3900000000003,"reported","ok",""
10,"st_bed_bayesr","D1","01_finemapping","separated","causal_rank_worst",32957,"ok","","separated",3011,2011,11002,"0.2.0","1.1.6","ae5e9f06ffa72127f5bd2b6bac8174e333d51221","{""nit"":500,""nburn"":250,""nthin"":1,""nchains"":1,""ncores"":1,""convergence_control"":{""warn"":false},""seed"":11002,""convergence"":""core"",""verbose"":false}",89.3900000000003,"reported","ok",""
10,"st_bed_bayesr","D1","01_finemapping","separated","causal_top_10_recall",0.7,"ok","","separated",3011,2011,11002,"0.2.0","1.1.6","ae5e9f06ffa72127f5bd2b6bac8174e333d51221","{""nit"":500,""nburn"":250,""nthin"":1,""nchains"":1,""ncores"":1,""convergence_control"":{""warn"":false},""seed"":11002,""convergence"":""core"",""verbose"":false}",89.3900000000003,"reported","ok",""
10,"st_bed_bayesr","D1","01_finemapping","separated","causal_top_20_recall",0.7,"ok","","separated",3011,2011,11002,"0.2.0","1.1.6","ae5e9f06ffa72127f5bd2b6bac8174e333d51221","{""nit"":500,""nburn"":250,""nthin"":1,""nchains"":1,""ncores"":1,""convergence_control"":{""warn"":false},""seed"":11002,""convergence"":""core"",""verbose"":false}",89.3900000000003,"reported","ok",""
10,"st_bed_bayesr","D1","01_finemapping","separated","causal_top_50_recall",0.7,"ok","","separated",3011,2011,11002,"0.2.0","1.1.6","ae5e9f06ffa72127f5bd2b6bac8174e333d51221","{""nit"":500,""nburn"":250,""nthin"":1,""nchains"":1,""ncores"":1,""convergence_control"":{""warn"":false},""seed"":11002,""convergence"":""core"",""verbose"":false}",89.3900000000003,"reported","ok",""
10,"st_csr_sbayesc","D1","01_finemapping","separated","pip_brier",0.000116610355084099,"ok","","separated",3011,2011,11003,"0.2.0","1.1.6","ae5e9f06ffa72127f5bd2b6bac8174e333d51221","{""nit"":500,""nburn"":250,""nthin"":1,""nchains"":1,""ncores"":1,""convergence_control"":{""warn"":false},""seed"":11003,""convergence"":""core"",""verbose"":false}",21.4200000000001,"reported","ok",""
10,"st_csr_sbayesc","D1","01_finemapping","separated","effect_rmse",0.00104331062994083,"ok","","separated",3011,2011,11003,"0.2.0","1.1.6","ae5e9f06ffa72127f5bd2b6bac8174e333d51221","{""nit"":500,""nburn"":250,""nthin"":1,""nchains"":1,""ncores"":1,""convergence_control"":{""warn"":false},""seed"":11003,""convergence"":""core"",""verbose"":false}",21.4200000000001,"reported","ok",""
10,"st_csr_sbayesc","D1","01_finemapping","separated","average_precision",0.718926226708542,"ok","","separated",3011,2011,11003,"0.2.0","1.1.6","ae5e9f06ffa72127f5bd2b6bac8174e333d51221","{""nit"":500,""nburn"":250,""nthin"":1,""nchains"":1,""ncores"":1,""convergence_control"":{""warn"":false},""seed"":11003,""convergence"":""core"",""verbose"":false}",21.4200000000001,"reported","ok",""
10,"st_csr_sbayesc","D1","01_finemapping","separated","causal_rank_mean",1245.4,"ok","","separated",3011,2011,11003,"0.2.0","1.1.6","ae5e9f06ffa72127f5bd2b6bac8174e333d51221","{""nit"":500,""nburn"":250,""nthin"":1,""nchains"":1,""ncores"":1,""convergence_control"":{""warn"":false},""seed"":11003,""convergence"":""core"",""verbose"":false}",21.4200000000001,"reported","ok",""
10,"st_csr_sbayesc","D1","01_finemapping","separated","causal_rank_median",5.5,"ok","","separated",3011,2011,11003,"0.2.0","1.1.6","ae5e9f06ffa72127f5bd2b6bac8174e333d51221","{""nit"":500,""nburn"":250,""nthin"":1,""nchains"":1,""ncores"":1,""convergence_control"":{""warn"":false},""seed"":11003,""convergence"":""core"",""verbose"":false}",21.4200000000001,"reported","ok",""
10,"st_csr_sbayesc","D1","01_finemapping","separated","causal_rank_best",1,"ok","","separated",3011,2011,11003,"0.2.0","1.1.6","ae5e9f06ffa72127f5bd2b6bac8174e333d51221","{""nit"":500,""nburn"":250,""nthin"":1,""nchains"":1,""ncores"":1,""convergence_control"":{""warn"":false},""seed"":11003,""convergence"":""core"",""verbose"":false}",21.4200000000001,"reported","ok",""
10,"st_csr_sbayesc","D1","01_finemapping","separated","causal_rank_worst",7680,"ok","","separated",3011,2011,11003,"0.2.0","1.1.6","ae5e9f06ffa72127f5bd2b6bac8174e333d51221","{""nit"":500,""nburn"":250,""nthin"":1,""nchains"":1,""ncores"":1,""convergence_control"":{""warn"":false},""seed"":11003,""convergence"":""core"",""verbose"":false}",21.4200000000001,"reported","ok",""
10,"st_csr_sbayesc","D1","01_finemapping","separated","causal_top_10_recall",0.7,"ok","","separated",3011,2011,11003,"0.2.0","1.1.6","ae5e9f06ffa72127f5bd2b6bac8174e333d51221","{""nit"":500,""nburn"":250,""nthin"":1,""nchains"":1,""ncores"":1,""convergence_control"":{""warn"":false},""seed"":11003,""convergence"":""core"",""verbose"":false}",21.4200000000001,"reported","ok",""
10,"st_csr_sbayesc","D1","01_finemapping","separated","causal_top_20_recall",0.7,"ok","","separated",3011,2011,11003,"0.2.0","1.1.6","ae5e9f06ffa72127f5bd2b6bac8174e333d51221","{""nit"":500,""nburn"":250,""nthin"":1,""nchains"":1,""ncores"":1,""convergence_control"":{""warn"":false},""seed"":11003,""convergence"":""core"",""verbose"":false}",21.4200000000001,"reported","ok",""
10,"st_csr_sbayesc","D1","01_finemapping","separated","causal_top_50_recall",0.8,"ok","","separated",3011,2011,11003,"0.2.0","1.1.6","ae5e9f06ffa72127f5bd2b6bac8174e333d51221","{""nit"":500,""nburn"":250,""nthin"":1,""nchains"":1,""ncores"":1,""convergence_control"":{""warn"":false},""seed"":11003,""convergence"":""core"",""verbose"":false}",21.4200000000001,"reported","ok",""
10,"st_csr_sbayesr","D1","01_finemapping","separated","pip_brier",0.000107784580558553,"ok","","separated",3011,2011,11004,"0.2.0","1.1.6","ae5e9f06ffa72127f5bd2b6bac8174e333d51221","{""nit"":500,""nburn"":250,""nthin"":1,""nchains"":1,""ncores"":1,""convergence_control"":{""warn"":false},""seed"":11004,""convergence"":""core"",""verbose"":false}",56.1999999999998,"reported","ok",""
10,"st_csr_sbayesr","D1","01_finemapping","separated","effect_rmse",0.000942668115086859,"ok","","separated",3011,2011,11004,"0.2.0","1.1.6","ae5e9f06ffa72127f5bd2b6bac8174e333d51221","{""nit"":500,""nburn"":250,""nthin"":1,""nchains"":1,""ncores"":1,""convergence_control"":{""warn"":false},""seed"":11004,""convergence"":""core"",""verbose"":false}",56.1999999999998,"reported","ok",""
10,"st_csr_sbayesr","D1","01_finemapping","separated","average_precision",0.723242805969584,"ok","","separated",3011,2011,11004,"0.2.0","1.1.6","ae5e9f06ffa72127f5bd2b6bac8174e333d51221","{""nit"":500,""nburn"":250,""nthin"":1,""nchains"":1,""ncores"":1,""convergence_control"":{""warn"":false},""seed"":11004,""convergence"":""core"",""verbose"":false}",56.1999999999998,"reported","ok",""
10,"st_csr_sbayesr","D1","01_finemapping","separated","causal_rank_mean",3663.9,"ok","","separated",3011,2011,11004,"0.2.0","1.1.6","ae5e9f06ffa72127f5bd2b6bac8174e333d51221","{""nit"":500,""nburn"":250,""nthin"":1,""nchains"":1,""ncores"":1,""convergence_control"":{""warn"":false},""seed"":11004,""convergence"":""core"",""verbose"":false}",56.1999999999998,"reported","ok",""
10,"st_csr_sbayesr","D1","01_finemapping","separated","causal_rank_median",5.5,"ok","","separated",3011,2011,11004,"0.2.0","1.1.6","ae5e9f06ffa72127f5bd2b6bac8174e333d51221","{""nit"":500,""nburn"":250,""nthin"":1,""nchains"":1,""ncores"":1,""convergence_control"":{""warn"":false},""seed"":11004,""convergence"":""core"",""verbose"":false}",56.1999999999998,"reported","ok",""
10,"st_csr_sbayesr","D1","01_finemapping","separated","causal_rank_best",1,"ok","","separated",3011,2011,11004,"0.2.0","1.1.6","ae5e9f06ffa72127f5bd2b6bac8174e333d51221","{""nit"":500,""nburn"":250,""nthin"":1,""nchains"":1,""ncores"":1,""convergence_control"":{""warn"":false},""seed"":11004,""convergence"":""core"",""verbose"":false}",56.1999999999998,"reported","ok",""
10,"st_csr_sbayesr","D1","01_finemapping","separated","causal_rank_worst",34050,"ok","","separated",3011,2011,11004,"0.2.0","1.1.6","ae5e9f06ffa72127f5bd2b6bac8174e333d51221","{""nit"":500,""nburn"":250,""nthin"":1,""nchains"":1,""ncores"":1,""convergence_control"":{""warn"":false},""seed"":11004,""convergence"":""core"",""verbose"":false}",56.1999999999998,"reported","ok",""
10,"st_csr_sbayesr","D1","01_finemapping","separated","causal_top_10_recall",0.7,"ok","","separated",3011,2011,11004,"0.2.0","1.1.6","ae5e9f06ffa72127f5bd2b6bac8174e333d51221","{""nit"":500,""nburn"":250,""nthin"":1,""nchains"":1,""ncores"":1,""convergence_control"":{""warn"":false},""seed"":11004,""convergence"":""core"",""verbose"":false}",56.1999999999998,"reported","ok",""
10,"st_csr_sbayesr","D1","01_finemapping","separated","causal_top_20_recall",0.7,"ok","","separated",3011,2011,11004,"0.2.0","1.1.6","ae5e9f06ffa72127f5bd2b6bac8174e333d51221","{""nit"":500,""nburn"":250,""nthin"":1,""nchains"":1,""ncores"":1,""convergence_control"":{""warn"":false},""seed"":11004,""convergence"":""core"",""verbose"":false}",56.1999999999998,"reported","ok",""
10,"st_csr_sbayesr","D1","01_finemapping","separated","causal_top_50_recall",0.8,"ok","","separated",3011,2011,11004,"0.2.0","1.1.6","ae5e9f06ffa72127f5bd2b6bac8174e333d51221","{""nit"":500,""nburn"":250,""nthin"":1,""nchains"":1,""ncores"":1,""convergence_control"":{""warn"":false},""seed"":11004,""convergence"":""core"",""verbose"":false}",56.1999999999998,"reported","ok",""
