"architecture","replicate","configuration","method","estimand","burnin_candidate","retained_draw_candidate","rhat","ess_bulk","ess_tail","mcse_mean","posterior_sd","relative_mcse","chain_count","draws_per_chain","rhat_pass","ess_bulk_pass","ess_tail_pass","relative_mcse_pass","chain_count_pass","finite_nonconstant_pass","overall_pass","limiting_diagnostic"
"sparse_homogeneous",1,"block_csr","sbayesc","global_nonnull_proportion",250,250,1.00359571144126,818.174061860546,883.257022663883,1.50252728953179e-06,4.29050803557748e-05,0.035019798985869,4,250,TRUE,TRUE,TRUE,TRUE,TRUE,TRUE,TRUE,"rhat"
"sparse_homogeneous",1,"block_csr","sbayesc","global_nonnull_proportion",250,500,1.00049411402091,1620.61773463035,1643.32973945122,1.08721243609748e-06,4.3816315027594e-05,0.0248129591777126,4,500,TRUE,TRUE,TRUE,TRUE,TRUE,TRUE,TRUE,"rhat"
"sparse_homogeneous",1,"block_csr","sbayesc","global_nonnull_proportion",250,1000,1.00067478605791,3198.29318314936,3665.97343057813,7.78153873311742e-07,4.40576125645974e-05,0.0176621888480864,4,1000,TRUE,TRUE,TRUE,TRUE,TRUE,TRUE,TRUE,"rhat"
"sparse_homogeneous",1,"block_csr","sbayesc","global_nonnull_proportion",250,2000,0.999856920688101,6623.83715748881,7592.67404673559,5.44575849546424e-07,4.41979383920719e-05,0.0123212952766165,4,2000,TRUE,TRUE,TRUE,TRUE,TRUE,TRUE,TRUE,"rhat"
"sparse_homogeneous",1,"block_csr","sbayesc","global_nonnull_proportion",500,250,1.00275983490215,885.227205979534,850.726266417121,1.49855998543464e-06,4.46602795719539e-05,0.0335546485556646,4,250,TRUE,TRUE,TRUE,TRUE,TRUE,TRUE,TRUE,"rhat"
"sparse_homogeneous",1,"block_csr","sbayesc","global_nonnull_proportion",500,500,1.00169731374983,1439.94719703116,1687.95869151266,1.18044883525244e-06,4.47933713048969e-05,0.0263532036295602,4,500,TRUE,TRUE,TRUE,TRUE,TRUE,TRUE,TRUE,"rhat"
"sparse_homogeneous",1,"block_csr","sbayesc","global_nonnull_proportion",500,1000,0.99969870188151,3431.68733472204,3810.41377184132,7.52756179940013e-07,4.42695220884151e-05,0.0170039373462539,4,1000,TRUE,TRUE,TRUE,TRUE,TRUE,TRUE,TRUE,"rhat"
"sparse_homogeneous",1,"block_csr","sbayesc","global_nonnull_proportion",500,2000,1.00000522330826,6893.47067408493,7809.23320922909,5.34540317437062e-07,4.44370872354215e-05,0.012029148413917,4,2000,TRUE,TRUE,TRUE,TRUE,TRUE,TRUE,TRUE,"rhat"
"sparse_homogeneous",1,"block_csr","sbayesc","global_nonnull_proportion",1000,250,1.00096564642221,975.551195236687,855.554344622606,1.40040156092174e-06,4.37260159885176e-05,0.032026735783326,4,250,TRUE,TRUE,TRUE,TRUE,TRUE,TRUE,TRUE,"rhat"
"sparse_homogeneous",1,"block_csr","sbayesc","global_nonnull_proportion",1000,500,1.00110314310289,1874.34162503163,1952.62817834509,1.00856637929452e-06,4.37501017740547e-05,0.0230528921853304,4,500,TRUE,TRUE,TRUE,TRUE,TRUE,TRUE,TRUE,"rhat"
"sparse_homogeneous",1,"block_csr","sbayesc","global_nonnull_proportion",1000,1000,1.00013659956568,3517.88259395603,3740.61130299553,7.44347146354492e-07,4.42266083941095e-05,0.0168303013362795,4,1000,TRUE,TRUE,TRUE,TRUE,TRUE,TRUE,TRUE,"rhat"
"sparse_homogeneous",1,"block_csr","sbayesc","global_nonnull_proportion",1000,2000,0.999903097661618,7251.12567115871,7928.67900122636,5.2346751819488e-07,4.45719553165765e-05,0.0117443247548128,4,2000,TRUE,TRUE,TRUE,TRUE,TRUE,TRUE,TRUE,"rhat"
"sparse_homogeneous",1,"block_csr","sbayesc","heritability",250,250,0.999294146101609,897.97625180174,954.501669105784,0.000599641867422227,0.0180413369439237,0.03323710816366,4,250,TRUE,TRUE,TRUE,TRUE,TRUE,TRUE,TRUE,"rhat"
"sparse_homogeneous",1,"block_csr","sbayesc","heritability",250,500,0.999482465742041,2067.4923172045,1941.32627003176,0.000402533342352365,0.0182801845022817,0.02202020128966,4,500,TRUE,TRUE,TRUE,TRUE,TRUE,TRUE,TRUE,"rhat"
"sparse_homogeneous",1,"block_csr","sbayesc","heritability",250,1000,0.999983747519742,4401.53139471167,4044.97386288623,0.000278998155902135,0.018528475671284,0.0150578040445353,4,1000,TRUE,TRUE,TRUE,TRUE,TRUE,TRUE,TRUE,"rhat"
"sparse_homogeneous",1,"block_csr","sbayesc","heritability",250,2000,1.00029656138374,9043.10240245213,8140.01167212846,0.000191823663258983,0.0182424037991954,0.0105152624276108,4,2000,TRUE,TRUE,TRUE,TRUE,TRUE,TRUE,TRUE,"rhat"
"sparse_homogeneous",1,"block_csr","sbayesc","heritability",500,250,1.00104544572217,1177.14769173726,969.433545673937,0.000540401572527911,0.0185231304428433,0.0291744192049732,4,250,TRUE,TRUE,TRUE,TRUE,TRUE,TRUE,TRUE,"rhat"
"sparse_homogeneous",1,"block_csr","sbayesc","heritability",500,500,0.999351503169353,2320.41319192355,2137.50719204581,0.000390538445135847,0.0187967354839177,0.0207769293487152,4,500,TRUE,TRUE,TRUE,TRUE,TRUE,TRUE,TRUE,"rhat"
"sparse_homogeneous",1,"block_csr","sbayesc","heritability",500,1000,1.00032815342711,4461.68060420417,4129.73999151987,0.000277850343971713,0.0185569467455248,0.0149728480542587,4,1000,TRUE,TRUE,TRUE,TRUE,TRUE,TRUE,TRUE,"rhat"
"sparse_homogeneous",1,"block_csr","sbayesc","heritability",500,2000,1.00036103395522,9338.83120397023,8097.66118175557,0.0001895117499459,0.0183060287141322,0.0103524228496155,4,2000,TRUE,TRUE,TRUE,TRUE,TRUE,TRUE,TRUE,"rhat"
"sparse_homogeneous",1,"block_csr","sbayesc","heritability",1000,250,1.0004100031239,1130.42618705322,937.933815138898,0.000548840761117868,0.0184869471649226,0.0296880148042639,4,250,TRUE,TRUE,TRUE,TRUE,TRUE,TRUE,TRUE,"rhat"
"sparse_homogeneous",1,"block_csr","sbayesc","heritability",1000,500,1.00099936713429,2171.68874119291,2019.65995423757,0.000392672729899421,0.0183185522865117,0.021435794912055,4,500,TRUE,TRUE,TRUE,TRUE,TRUE,TRUE,TRUE,"rhat"
"sparse_homogeneous",1,"block_csr","sbayesc","heritability",1000,1000,1.00019531543729,4555.61509620436,3795.78500527984,0.000268630705297168,0.0181284306414892,0.0148181996891872,4,1000,TRUE,TRUE,TRUE,TRUE,TRUE,TRUE,TRUE,"rhat"
"sparse_homogeneous",1,"block_csr","sbayesc","heritability",1000,2000,1.0000218345213,9322.85625064911,8010.10267368752,0.000188209166381518,0.0181597454335075,0.0103640861635782,4,2000,TRUE,TRUE,TRUE,TRUE,TRUE,TRUE,TRUE,"rhat"
"sparse_homogeneous",1,"block_csr","sbayesc","vbs",250,250,0.999012815737314,644.172799883484,880.883245816599,9.76138994799231e-05,0.00253332528996741,0.0385319247656422,4,250,TRUE,TRUE,TRUE,TRUE,TRUE,TRUE,TRUE,"rhat"
"sparse_homogeneous",1,"block_csr","sbayesc","vbs",250,500,1.00144715718424,1044.64870185395,1569.94543094344,7.55204978458378e-05,0.00252003949573219,0.0299679818406558,4,500,TRUE,TRUE,TRUE,TRUE,TRUE,TRUE,TRUE,"rhat"
"sparse_homogeneous",1,"block_csr","sbayesc","vbs",250,1000,1.00043624111664,2200.11756242336,3045.81888497879,5.31983138507327e-05,0.00257579636008195,0.0206531520407305,4,1000,TRUE,TRUE,TRUE,TRUE,TRUE,TRUE,TRUE,"rhat"
"sparse_homogeneous",1,"block_csr","sbayesc","vbs",250,2000,1.0004532199325,4855.28374953646,5980.43248714953,3.53551766063304e-05,0.00251627395734019,0.0140506070506338,4,2000,TRUE,TRUE,TRUE,TRUE,TRUE,TRUE,TRUE,"rhat"
"sparse_homogeneous",1,"block_csr","sbayesc","vbs",500,250,1.00897772133129,434.34181421039,734.381929982548,0.000117581103561707,0.00250425859333787,0.0469524608498942,4,250,TRUE,TRUE,TRUE,TRUE,TRUE,TRUE,TRUE,"rhat"
"sparse_homogeneous",1,"block_csr","sbayesc","vbs",500,500,1.00120097878823,969.592187172641,1467.42922441322,7.75504440564094e-05,0.00254778198352972,0.0304384144945441,4,500,TRUE,TRUE,TRUE,TRUE,TRUE,TRUE,TRUE,"rhat"
"sparse_homogeneous",1,"block_csr","sbayesc","vbs",500,1000,1.00091054436973,2288.84577785064,3215.31248581801,5.15597463320023e-05,0.00256404820769768,0.02010872735435,4,1000,TRUE,TRUE,TRUE,TRUE,TRUE,TRUE,TRUE,"rhat"
"sparse_homogeneous",1,"block_csr","sbayesc","vbs",500,2000,1.00037012125185,4776.72458402309,6036.52635380231,3.61807417975282e-05,0.00253569505356023,0.0142685697740858,4,2000,TRUE,TRUE,TRUE,TRUE,TRUE,TRUE,TRUE,"rhat"
"sparse_homogeneous",1,"block_csr","sbayesc","vbs",1000,250,1.00489572721413,708.998952620957,890.224942188997,0.000102045842738584,0.00266787399127364,0.0382498735219002,4,250,TRUE,TRUE,TRUE,TRUE,TRUE,TRUE,TRUE,"rhat"
"sparse_homogeneous",1,"block_csr","sbayesc","vbs",1000,500,1.00098820224007,1279.19628594663,1674.91627030474,7.17933668043285e-05,0.00257839508208866,0.027844207159351,4,500,TRUE,TRUE,TRUE,TRUE,TRUE,TRUE,TRUE,"rhat"
"sparse_homogeneous",1,"block_csr","sbayesc","vbs",1000,1000,1.00092764216845,2457.758280878,3103.07824236439,5.03920753783755e-05,0.00252164816928319,0.0199837852053326,4,1000,TRUE,TRUE,TRUE,TRUE,TRUE,TRUE,TRUE,"rhat"
"sparse_homogeneous",1,"block_csr","sbayesc","vbs",1000,2000,1.00010845432667,4860.05747778687,6122.30438084561,3.61581707329421e-05,0.00254092933125342,0.0142302937308003,4,2000,TRUE,TRUE,TRUE,TRUE,TRUE,TRUE,TRUE,"rhat"
"sparse_homogeneous",1,"block_csr","sbayesc","ves",250,250,0.998816132886937,628.453170849849,838.50758949119,0.00119962778622974,0.0300387261032755,0.039936040633192,4,250,TRUE,TRUE,TRUE,TRUE,TRUE,TRUE,TRUE,"rhat"
"sparse_homogeneous",1,"block_csr","sbayesc","ves",250,500,1.00070928082536,1258.58715007207,1799.19141056832,0.000858316575512258,0.0303949240446066,0.0282388129758976,4,500,TRUE,TRUE,TRUE,TRUE,TRUE,TRUE,TRUE,"rhat"
"sparse_homogeneous",1,"block_csr","sbayesc","ves",250,1000,0.999589616265888,2789.65026991162,3537.78059058028,0.000577136981299995,0.0304455677443665,0.0189563547031172,4,1000,TRUE,TRUE,TRUE,TRUE,TRUE,TRUE,TRUE,"rhat"
"sparse_homogeneous",1,"block_csr","sbayesc","ves",250,2000,1.00003691341884,5515.34139811849,6684.33215259226,0.00040511285228502,0.0300903200661386,0.0134632284201225,4,2000,TRUE,TRUE,TRUE,TRUE,TRUE,TRUE,TRUE,"rhat"
"sparse_homogeneous",1,"block_csr","sbayesc","ves",500,250,1.00402519938764,632.896371630365,829.573250206205,0.00122251072203221,0.0307619976861568,0.0397409405755971,4,250,TRUE,TRUE,TRUE,TRUE,TRUE,TRUE,TRUE,"rhat"
"sparse_homogeneous",1,"block_csr","sbayesc","ves",500,500,1.00089914505685,1389.90275687919,1833.72191533518,0.000834833860724744,0.031079695345445,0.0268610696290849,4,500,TRUE,TRUE,TRUE,TRUE,TRUE,TRUE,TRUE,"rhat"
"sparse_homogeneous",1,"block_csr","sbayesc","ves",500,1000,0.999721372298899,2752.77453670234,2909.89466167269,0.000580764516503101,0.0304766113673015,0.0190560725240669,4,1000,TRUE,TRUE,TRUE,TRUE,TRUE,TRUE,TRUE,"rhat"
"sparse_homogeneous",1,"block_csr","sbayesc","ves",500,2000,1.00001957591981,5580.91527237217,6622.02090828973,0.000402085461695816,0.0300467699376866,0.0133819862344503,4,2000,TRUE,TRUE,TRUE,TRUE,TRUE,TRUE,TRUE,"rhat"
"sparse_homogeneous",1,"block_csr","sbayesc","ves",1000,250,1.00101988496601,764.944393308204,795.315088046821,0.00106617013306974,0.0295723381088894,0.0360529535792522,4,250,TRUE,TRUE,TRUE,TRUE,TRUE,TRUE,TRUE,"rhat"
"sparse_homogeneous",1,"block_csr","sbayesc","ves",1000,500,0.999505500806788,1375.09437728991,1213.0975454944,0.000806075130507235,0.0298689563334059,0.0269870537661106,4,500,TRUE,TRUE,TRUE,TRUE,TRUE,TRUE,TRUE,"rhat"
"sparse_homogeneous",1,"block_csr","sbayesc","ves",1000,1000,1.00014875901876,2887.00095949785,3213.97084664301,0.00055006704486011,0.0295909885122643,0.0185890053869653,4,1000,TRUE,TRUE,TRUE,TRUE,TRUE,TRUE,TRUE,"rhat"
"sparse_homogeneous",1,"block_csr","sbayesc","ves",1000,2000,1.0009647725887,5564.8543654897,6559.39772942791,0.000395877091404619,0.0295489939029879,0.0133973120270802,4,2000,TRUE,TRUE,TRUE,TRUE,TRUE,TRUE,TRUE,"rhat"
"sparse_homogeneous",1,"block_csr","sbayesc","vgs",250,250,0.999010876198192,1163.55537068622,992.773788615418,0.000900658038934148,0.0306586044197028,0.0293770070745731,4,250,TRUE,TRUE,TRUE,TRUE,TRUE,TRUE,TRUE,"rhat"
"sparse_homogeneous",1,"block_csr","sbayesc","vgs",250,500,0.999895720140525,2571.21831758154,2043.47077823692,0.000615895392735768,0.0311801830912459,0.0197527830716519,4,500,TRUE,TRUE,TRUE,TRUE,TRUE,TRUE,TRUE,"rhat"
"sparse_homogeneous",1,"block_csr","sbayesc","vgs",250,1000,1.00011286801328,5175.24442954473,4193.83566174549,0.000439240197429183,0.0316227407763024,0.013890010373748,4,1000,TRUE,TRUE,TRUE,TRUE,TRUE,TRUE,TRUE,"rhat"
"sparse_homogeneous",1,"block_csr","sbayesc","vgs",250,2000,1.0003474153735,10537.3265686735,8318.62275405169,0.00030357006391734,0.0311524992366389,0.00974464557759486,4,2000,TRUE,TRUE,TRUE,TRUE,TRUE,TRUE,TRUE,"rhat"
"sparse_homogeneous",1,"block_csr","sbayesc","vgs",500,250,1.00091880935486,1359.4365766476,1107.41072844561,0.000863861523882991,0.0317034440037386,0.0272481918299198,4,250,TRUE,TRUE,TRUE,TRUE,TRUE,TRUE,TRUE,"rhat"
"sparse_homogeneous",1,"block_csr","sbayesc","vgs",500,500,0.99924202232574,2749.2707439084,2102.79840735712,0.000608827596894949,0.0319046833422023,0.0190827030114922,4,500,TRUE,TRUE,TRUE,TRUE,TRUE,TRUE,TRUE,"rhat"
"sparse_homogeneous",1,"block_csr","sbayesc","vgs",500,1000,1.00086800219543,5306.34593130105,4187.26969454073,0.000433583014928779,0.031582336870957,0.0137286552512047,4,1000,TRUE,TRUE,TRUE,TRUE,TRUE,TRUE,TRUE,"rhat"
"sparse_homogeneous",1,"block_csr","sbayesc","vgs",500,2000,1.00019685213216,10958.3025182691,8413.92531147331,0.000299395003064003,0.0313255111331397,0.00955754566275118,4,2000,TRUE,TRUE,TRUE,TRUE,TRUE,TRUE,TRUE,"rhat"
"sparse_homogeneous",1,"block_csr","sbayesc","vgs",1000,250,1.00236446830989,1267.42619603635,1026.18415996848,0.000896500546145871,0.0320330099454359,0.0279867720102776,4,250,TRUE,TRUE,TRUE,TRUE,TRUE,TRUE,TRUE,"rhat"
"sparse_homogeneous",1,"block_csr","sbayesc","vgs",1000,500,1.00261287069242,2587.19362380372,2057.4952119186,0.000614567412005476,0.0312639794361914,0.0196573636206416,4,500,TRUE,TRUE,TRUE,TRUE,TRUE,TRUE,TRUE,"rhat"
"sparse_homogeneous",1,"block_csr","sbayesc","vgs",1000,1000,1.0002456553577,5202.55813242024,4101.68101127519,0.00043003169464677,0.0310283341495408,0.0138593226621267,4,1000,TRUE,TRUE,TRUE,TRUE,TRUE,TRUE,TRUE,"rhat"
"sparse_homogeneous",1,"block_csr","sbayesc","vgs",1000,2000,1.00027550092624,10965.2032110648,8367.89534970775,0.000298389452779037,0.0312364420865842,0.00955260691828898,4,2000,TRUE,TRUE,TRUE,TRUE,TRUE,TRUE,TRUE,"rhat"
"sparse_homogeneous",1,"block_csr","sbayesc","vld",250,250,0.999643541509468,1047.86041655299,1029.27296510158,3.30743642089757e-05,0.00107029025243629,0.0309022380926005,4,250,TRUE,TRUE,TRUE,TRUE,TRUE,TRUE,TRUE,"rhat"
"sparse_homogeneous",1,"block_csr","sbayesc","vld",250,500,0.999087314414557,2114.05780710002,2057.85653590382,2.40269041951399e-05,0.00110443132178012,0.0217550007151313,4,500,TRUE,TRUE,TRUE,TRUE,TRUE,TRUE,TRUE,"rhat"
"sparse_homogeneous",1,"block_csr","sbayesc","vld",250,1000,0.999845462404108,4049.99549482971,3703.60505901658,1.7369479988673e-05,0.00110429716411728,0.0157289908487245,4,1000,TRUE,TRUE,TRUE,TRUE,TRUE,TRUE,TRUE,"rhat"
"sparse_homogeneous",1,"block_csr","sbayesc","vld",250,2000,1.00000334638316,7581.10787065334,7515.74736133998,1.26145408180823e-05,0.00109668762400765,0.0115024009954491,4,2000,TRUE,TRUE,TRUE,TRUE,TRUE,TRUE,TRUE,"rhat"
"sparse_homogeneous",1,"block_csr","sbayesc","vld",500,250,0.999768218731756,1068.51261523504,994.437387122864,3.48024579549455e-05,0.00113798706811608,0.030582472270586,4,250,TRUE,TRUE,TRUE,TRUE,TRUE,TRUE,TRUE,"rhat"
"sparse_homogeneous",1,"block_csr","sbayesc","vld",500,500,1.0001595520751,2065.04620210811,1932.27956221799,2.46669405500221e-05,0.00111884268108497,0.0220468355087259,4,500,TRUE,TRUE,TRUE,TRUE,TRUE,TRUE,TRUE,"rhat"
"sparse_homogeneous",1,"block_csr","sbayesc","vld",500,1000,1.00015580527677,3821.7777898312,3388.33965124383,1.82358147453897e-05,0.00111507065714509,0.0163539544588849,4,1000,TRUE,TRUE,TRUE,TRUE,TRUE,TRUE,TRUE,"rhat"
"sparse_homogeneous",1,"block_csr","sbayesc","vld",500,2000,1.00049718952961,7412.62629166517,7468.44482916013,1.27920848831113e-05,0.00110007571501849,0.0116283676736708,4,2000,TRUE,TRUE,TRUE,TRUE,TRUE,TRUE,TRUE,"rhat"
"sparse_homogeneous",1,"block_csr","sbayesc","vld",1000,250,1.00165111224861,719.183470578066,769.828635233869,4.13995080766194e-05,0.00110931959230994,0.037319730367705,4,250,TRUE,TRUE,TRUE,TRUE,TRUE,TRUE,TRUE,"rhat"
"sparse_homogeneous",1,"block_csr","sbayesc","vld",1000,500,1.0004220502046,1616.74797651936,1550.72157626343,2.78214202524879e-05,0.00111156562999257,0.0250290396732344,4,500,TRUE,TRUE,TRUE,TRUE,TRUE,TRUE,TRUE,"rhat"
"sparse_homogeneous",1,"block_csr","sbayesc","vld",1000,1000,0.999882189090129,3460.85388369231,3536.81004664284,1.86215225415507e-05,0.00109397845952504,0.0170218365630668,4,1000,TRUE,TRUE,TRUE,TRUE,TRUE,TRUE,TRUE,"rhat"
"sparse_homogeneous",1,"block_csr","sbayesc","vld",1000,2000,1.00013294343614,7077.42715712373,7436.27535974463,1.28887690321116e-05,0.00108243166001418,0.0119072358174951,4,2000,TRUE,TRUE,TRUE,TRUE,TRUE,TRUE,TRUE,"rhat"
"sparse_homogeneous",1,"block_csr","sbayesc","vle",250,250,0.998878456598426,1171.61086788257,1035.49280796529,0.000897399199361691,0.0306594513499773,0.0292699040539861,4,250,TRUE,TRUE,TRUE,TRUE,TRUE,TRUE,TRUE,"rhat"
"sparse_homogeneous",1,"block_csr","sbayesc","vle",250,500,0.999849998219818,2574.64049971894,2089.01079017862,0.000615822055900737,0.0311636221742381,0.0197609267773056,4,500,TRUE,TRUE,TRUE,TRUE,TRUE,TRUE,TRUE,"rhat"
"sparse_homogeneous",1,"block_csr","sbayesc","vle",250,1000,1.00009503532147,5155.19960343561,4194.02508785135,0.000439795152512023,0.0315949466871919,0.0139197941008177,4,1000,TRUE,TRUE,TRUE,TRUE,TRUE,TRUE,TRUE,"rhat"
"sparse_homogeneous",1,"block_csr","sbayesc","vle",250,2000,1.00044019839962,10499.7790472209,8319.43539391865,0.000303988056235061,0.0311392031392166,0.00976222978076854,4,2000,TRUE,TRUE,TRUE,TRUE,TRUE,TRUE,TRUE,"rhat"
"sparse_homogeneous",1,"block_csr","sbayesc","vle",500,250,1.00091316885069,1357.81607890552,1107.07113800147,0.000864438730012203,0.0316702883530119,0.0272949434617318,4,250,TRUE,TRUE,TRUE,TRUE,TRUE,TRUE,TRUE,"rhat"
"sparse_homogeneous",1,"block_csr","sbayesc","vle",500,500,0.999193764998398,2745.13336501113,2103.25710574247,0.00060870107026332,0.0318544962698121,0.0191087959799312,4,500,TRUE,TRUE,TRUE,TRUE,TRUE,TRUE,TRUE,"rhat"
"sparse_homogeneous",1,"block_csr","sbayesc","vle",500,1000,1.0008039543125,5286.06640683177,4187.36197005854,0.000433826713573745,0.0315522247774347,0.0137494809521009,4,1000,TRUE,TRUE,TRUE,TRUE,TRUE,TRUE,TRUE,"rhat"
"sparse_homogeneous",1,"block_csr","sbayesc","vle",500,2000,1.00024983431098,10908.0389617872,8411.35118890118,0.000299861259053457,0.031304413006294,0.00957888138624952,4,2000,TRUE,TRUE,TRUE,TRUE,TRUE,TRUE,TRUE,"rhat"
"sparse_homogeneous",1,"block_csr","sbayesc","vle",1000,250,1.00214800073794,1251.97601431221,1027.61958277147,0.000900491397948046,0.0320224581435297,0.0281206206566623,4,250,TRUE,TRUE,TRUE,TRUE,TRUE,TRUE,TRUE,"rhat"
"sparse_homogeneous",1,"block_csr","sbayesc","vle",1000,500,1.00224447625242,2576.30266199692,2040.64179723778,0.000615648907037982,0.0312543310256993,0.0196980350189468,4,500,TRUE,TRUE,TRUE,TRUE,TRUE,TRUE,TRUE,"rhat"
"sparse_homogeneous",1,"block_csr","sbayesc","vle",1000,1000,1.00016417818415,5170.94601005282,4014.92891909849,0.000431155893860509,0.0310168428966592,0.0139007021216511,4,1000,TRUE,TRUE,TRUE,TRUE,TRUE,TRUE,TRUE,"rhat"
"sparse_homogeneous",1,"block_csr","sbayesc","vle",1000,2000,1.00032803848062,10923.5002105518,8322.0331193316,0.000298774348505197,0.0312166234687186,0.00957100145070434,4,2000,TRUE,TRUE,TRUE,TRUE,TRUE,TRUE,TRUE,"rhat"
"sparse_homogeneous",1,"full_csr","sbayesc","global_nonnull_proportion",250,250,1.00210037552852,908.006274785039,866.158354857938,1.42842242103035e-06,4.3008785211386e-05,0.0332123405487909,4,250,TRUE,TRUE,TRUE,TRUE,TRUE,TRUE,TRUE,"rhat"
"sparse_homogeneous",1,"full_csr","sbayesc","global_nonnull_proportion",250,500,1.00372278935508,1788.38304692923,1904.16171002448,1.04378603959266e-06,4.39525776438917e-05,0.0237480051352056,4,500,TRUE,TRUE,TRUE,TRUE,TRUE,TRUE,TRUE,"rhat"
"sparse_homogeneous",1,"full_csr","sbayesc","global_nonnull_proportion",250,1000,1.00119819557211,3165.15683972946,3713.21108803255,7.98080305431842e-07,4.49387566950403e-05,0.0177592876199871,4,1000,TRUE,TRUE,TRUE,TRUE,TRUE,TRUE,TRUE,"rhat"
"sparse_homogeneous",1,"full_csr","sbayesc","global_nonnull_proportion",250,2000,1.0002361074681,6653.25510355364,7329.2749720402,5.49894686069754e-07,4.47927357914834e-05,0.0122764255487674,4,2000,TRUE,TRUE,TRUE,TRUE,TRUE,TRUE,TRUE,"rhat"
"sparse_homogeneous",1,"full_csr","sbayesc","global_nonnull_proportion",500,250,1.00593232762942,909.359274545697,985.085237266203,1.49955771943027e-06,4.48247172351625e-05,0.0334538132513627,4,250,TRUE,TRUE,TRUE,TRUE,TRUE,TRUE,TRUE,"rhat"
"sparse_homogeneous",1,"full_csr","sbayesc","global_nonnull_proportion",500,500,1.00414779130087,1696.30502710588,1918.52021164545,1.08797897822484e-06,4.48817021338306e-05,0.0242410364691751,4,500,TRUE,TRUE,TRUE,TRUE,TRUE,TRUE,TRUE,"rhat"
"sparse_homogeneous",1,"full_csr","sbayesc","global_nonnull_proportion",500,1000,1.00276477921772,3197.74278069093,3668.57744211919,8.04187088616417e-07,4.54337427939137e-05,0.0177002166047422,4,1000,TRUE,TRUE,TRUE,TRUE,TRUE,TRUE,TRUE,"rhat"
"sparse_homogeneous",1,"full_csr","sbayesc","global_nonnull_proportion",500,2000,1.00081796522669,6209.52371999723,7411.56359650501,5.73586311218033e-07,4.51182019923888e-05,0.0127129691762716,4,2000,TRUE,TRUE,TRUE,TRUE,TRUE,TRUE,TRUE,"rhat"
"sparse_homogeneous",1,"full_csr","sbayesc","global_nonnull_proportion",1000,250,1.0053564413083,694.286650471986,893.357054885917,1.77555156935927e-06,4.68444590996386e-05,0.0379031288542077,4,250,TRUE,TRUE,TRUE,TRUE,TRUE,TRUE,TRUE,"rhat"
"sparse_homogeneous",1,"full_csr","sbayesc","global_nonnull_proportion",1000,500,1.00042334815095,1690.66198446644,1754.91879425645,1.11942810761451e-06,4.59639245867326e-05,0.0243544936094868,4,500,TRUE,TRUE,TRUE,TRUE,TRUE,TRUE,TRUE,"rhat"
"sparse_homogeneous",1,"full_csr","sbayesc","global_nonnull_proportion",1000,1000,1.00091036526927,3422.4975454028,3597.18771811331,7.82700406172107e-07,4.55800529652455e-05,0.0171719942223172,4,1000,TRUE,TRUE,TRUE,TRUE,TRUE,TRUE,TRUE,"rhat"
"sparse_homogeneous",1,"full_csr","sbayesc","global_nonnull_proportion",1000,2000,1.00008146240675,6195.90982323913,7415.53385949331,5.75414044958508e-07,4.51430085278385e-05,0.0127464709093029,4,2000,TRUE,TRUE,TRUE,TRUE,TRUE,TRUE,TRUE,"rhat"
"sparse_homogeneous",1,"full_csr","sbayesc","heritability",250,250,1.00038054110245,1096.40979795336,991.404914168972,0.000539926686430042,0.0178881264196384,0.030183523627007,4,250,TRUE,TRUE,TRUE,TRUE,TRUE,TRUE,TRUE,"rhat"
"sparse_homogeneous",1,"full_csr","sbayesc","heritability",250,500,1.00041146077649,2113.00714262063,1798.18872135339,0.0003839178526557,0.017645137393682,0.0217577139860166,4,500,TRUE,TRUE,TRUE,TRUE,TRUE,TRUE,TRUE,"rhat"
"sparse_homogeneous",1,"full_csr","sbayesc","heritability",250,1000,1.00164121038117,4416.03004741853,4045.04474882927,0.000270351237533965,0.0179738475692729,0.0150413669912357,4,1000,TRUE,TRUE,TRUE,TRUE,TRUE,TRUE,TRUE,"rhat"
"sparse_homogeneous",1,"full_csr","sbayesc","heritability",250,2000,0.999951129875302,8730.79195865336,7761.18441374281,0.000192353831998193,0.0179805006706989,0.0106979130070417,4,2000,TRUE,TRUE,TRUE,TRUE,TRUE,TRUE,TRUE,"rhat"
"sparse_homogeneous",1,"full_csr","sbayesc","heritability",500,250,1.00292975641673,1033.63632218058,969.588738089043,0.000540743352392669,0.0173814201797042,0.0311104240506239,4,250,TRUE,TRUE,TRUE,TRUE,TRUE,TRUE,TRUE,"rhat"
"sparse_homogeneous",1,"full_csr","sbayesc","heritability",500,500,1.00348878440389,2116.19295168586,1915.57047705316,0.000391487287839518,0.0180279405973376,0.0217155856336321,4,500,TRUE,TRUE,TRUE,TRUE,TRUE,TRUE,TRUE,"rhat"
"sparse_homogeneous",1,"full_csr","sbayesc","heritability",500,1000,1.00030776682046,4259.88414211589,3947.81875952839,0.000278762892081875,0.018204522728066,0.0153128371584334,4,1000,TRUE,TRUE,TRUE,TRUE,TRUE,TRUE,TRUE,"rhat"
"sparse_homogeneous",1,"full_csr","sbayesc","heritability",500,2000,1.00002656608325,8765.58792169669,7814.67486742637,0.000192548136775079,0.0180339579142556,0.0106769760520996,4,2000,TRUE,TRUE,TRUE,TRUE,TRUE,TRUE,TRUE,"rhat"
"sparse_homogeneous",1,"full_csr","sbayesc","heritability",1000,250,1.00342649096174,1177.32353140914,1052.00404115179,0.000521765690810307,0.0179391067371272,0.0290853774636643,4,250,TRUE,TRUE,TRUE,TRUE,TRUE,TRUE,TRUE,"rhat"
"sparse_homogeneous",1,"full_csr","sbayesc","heritability",1000,500,1.00026759574542,2043.90634872352,1954.01303113812,0.000406491030761124,0.0183834311971172,0.0221118150579456,4,500,TRUE,TRUE,TRUE,TRUE,TRUE,TRUE,TRUE,"rhat"
"sparse_homogeneous",1,"full_csr","sbayesc","heritability",1000,1000,1.00113231715516,4189.38878904887,4029.44145782284,0.00027927090673363,0.0180845494435781,0.015442513931847,4,1000,TRUE,TRUE,TRUE,TRUE,TRUE,TRUE,TRUE,"rhat"
"sparse_homogeneous",1,"full_csr","sbayesc","heritability",1000,2000,1.00008069933857,8809.17241900818,7825.96670076897,0.000192463746799189,0.0180760167507918,0.0106474645079513,4,2000,TRUE,TRUE,TRUE,TRUE,TRUE,TRUE,TRUE,"rhat"
"sparse_homogeneous",1,"full_csr","sbayesc","vbs",250,250,1.00050670221815,578.160749433232,727.823586944983,0.000115338522995894,0.00275161415274866,0.0419166774820807,4,250,TRUE,TRUE,TRUE,TRUE,TRUE,TRUE,TRUE,"rhat"
"sparse_homogeneous",1,"full_csr","sbayesc","vbs",250,500,1.00014519092812,1145.49630445041,1369.805861595,7.85977701248977e-05,0.00270438888841191,0.0290630428418349,4,500,TRUE,TRUE,TRUE,TRUE,TRUE,TRUE,TRUE,"rhat"
"sparse_homogeneous",1,"full_csr","sbayesc","vbs",250,1000,0.999757970475041,2108.6262154982,2875.53239947396,5.88620533365725e-05,0.00274418006130231,0.0214497780836722,4,1000,TRUE,TRUE,TRUE,TRUE,TRUE,TRUE,TRUE,"rhat"
"sparse_homogeneous",1,"full_csr","sbayesc","vbs",250,2000,1.00051128349277,4316.4818052793,5859.33824812304,4.00045817635458e-05,0.00263466341958952,0.0151839439778529,4,2000,TRUE,TRUE,TRUE,TRUE,TRUE,TRUE,TRUE,"rhat"
"sparse_homogeneous",1,"full_csr","sbayesc","vbs",500,250,1.00093469834756,573.35803734098,753.839440989758,0.00010650560039531,0.00265747479290618,0.0400777462422651,4,250,TRUE,TRUE,TRUE,TRUE,TRUE,TRUE,TRUE,"rhat"
"sparse_homogeneous",1,"full_csr","sbayesc","vbs",500,500,1.00377551022946,1110.16259793624,1447.03084867692,7.8402461118934e-05,0.00274309229652063,0.0285817802114717,4,500,TRUE,TRUE,TRUE,TRUE,TRUE,TRUE,TRUE,"rhat"
"sparse_homogeneous",1,"full_csr","sbayesc","vbs",500,1000,1.00154989703059,2056.07383621158,2666.05795043203,5.8101783590483e-05,0.00270186333607629,0.0215043384373615,4,1000,TRUE,TRUE,TRUE,TRUE,TRUE,TRUE,TRUE,"rhat"
"sparse_homogeneous",1,"full_csr","sbayesc","vbs",500,2000,1.00042844762474,4151.87059580342,6205.74759535673,3.95707936469531e-05,0.00261406388283713,0.0151376536383669,4,2000,TRUE,TRUE,TRUE,TRUE,TRUE,TRUE,TRUE,"rhat"
"sparse_homogeneous",1,"full_csr","sbayesc","vbs",1000,250,1.00133442484251,407.648584244229,695.245054782736,0.000133656411607742,0.00274044451350094,0.0487717999577356,4,250,TRUE,TRUE,TRUE,TRUE,TRUE,TRUE,TRUE,"rhat"
"sparse_homogeneous",1,"full_csr","sbayesc","vbs",1000,500,1.00264307036113,923.11184453111,1496.06029639629,8.63115551627863e-05,0.00266060187659549,0.0324406127508377,4,500,TRUE,TRUE,TRUE,TRUE,TRUE,TRUE,TRUE,"rhat"
"sparse_homogeneous",1,"full_csr","sbayesc","vbs",1000,1000,1.00105073338778,2101.98710440057,3294.93900570899,5.56325729652378e-05,0.00256220127414132,0.0217128035672693,4,1000,TRUE,TRUE,TRUE,TRUE,TRUE,TRUE,TRUE,"rhat"
"sparse_homogeneous",1,"full_csr","sbayesc","vbs",1000,2000,1.0008474038392,4137.17958933152,6406.53677573565,3.95648397943483e-05,0.00258019064632931,0.0153340761275276,4,2000,TRUE,TRUE,TRUE,TRUE,TRUE,TRUE,TRUE,"rhat"
"sparse_homogeneous",1,"full_csr","sbayesc","ves",250,250,1.00276677166431,738.243113163212,913.928373095717,0.0010681322776416,0.0290504800772186,0.0367681454765088,4,250,TRUE,TRUE,TRUE,TRUE,TRUE,TRUE,TRUE,"rhat"
"sparse_homogeneous",1,"full_csr","sbayesc","ves",250,500,1.00321180284642,1477.43707614384,1875.33608700336,0.000779880302443259,0.0299772952798111,0.0260156993872789,4,500,TRUE,TRUE,TRUE,TRUE,TRUE,TRUE,TRUE,"rhat"
"sparse_homogeneous",1,"full_csr","sbayesc","ves",250,1000,1.00046157516455,3042.37596341358,3467.45506419402,0.000539729721815102,0.0297776413248715,0.018125334909058,4,1000,TRUE,TRUE,TRUE,TRUE,TRUE,TRUE,TRUE,"rhat"
"sparse_homogeneous",1,"full_csr","sbayesc","ves",250,2000,1.00016551951377,6041.50175118498,7291.64797821702,0.000383762502759248,0.0298288040700268,0.012865500804468,4,2000,TRUE,TRUE,TRUE,TRUE,TRUE,TRUE,TRUE,"rhat"
"sparse_homogeneous",1,"full_csr","sbayesc","ves",500,250,1.00302587605773,747.36363598207,903.74086479163,0.00112969915654942,0.030871370275048,0.0365937483980914,4,250,TRUE,TRUE,TRUE,TRUE,TRUE,TRUE,TRUE,"rhat"
"sparse_homogeneous",1,"full_csr","sbayesc","ves",500,500,1.00100129048232,1524.06922283399,1780.63598706023,0.000783696788539108,0.0305858112044669,0.025622887138748,4,500,TRUE,TRUE,TRUE,TRUE,TRUE,TRUE,TRUE,"rhat"
"sparse_homogeneous",1,"full_csr","sbayesc","ves",500,1000,1.00124758054371,3020.15212054642,3457.2649954621,0.000550369750595019,0.0302417535147604,0.0181990025917775,4,1000,TRUE,TRUE,TRUE,TRUE,TRUE,TRUE,TRUE,"rhat"
"sparse_homogeneous",1,"full_csr","sbayesc","ves",500,2000,0.999989105031046,6042.73362518429,7139.62827898166,0.000386788431600648,0.0300724347814477,0.0128618927736196,4,2000,TRUE,TRUE,TRUE,TRUE,TRUE,TRUE,TRUE,"rhat"
"sparse_homogeneous",1,"full_csr","sbayesc","ves",1000,250,0.999830206038885,785.10496835042,731.791224630835,0.00102626035053551,0.0288100475617431,0.0356216125064049,4,250,TRUE,TRUE,TRUE,TRUE,TRUE,TRUE,TRUE,"rhat"
"sparse_homogeneous",1,"full_csr","sbayesc","ves",1000,500,0.99994924922944,1502.63048649525,1663.78986325854,0.000770903619899117,0.0298618752644847,0.0258156466421239,4,500,TRUE,TRUE,TRUE,TRUE,TRUE,TRUE,TRUE,"rhat"
"sparse_homogeneous",1,"full_csr","sbayesc","ves",1000,1000,0.999595657338575,3051.64709065097,3625.35299345825,0.000538470366042059,0.0297612608633252,0.0180929957408362,4,1000,TRUE,TRUE,TRUE,TRUE,TRUE,TRUE,TRUE,"rhat"
"sparse_homogeneous",1,"full_csr","sbayesc","ves",1000,2000,0.999963963808044,6083.57493748334,6946.15960268036,0.000383056781237921,0.0298927368641932,0.0128143763810655,4,2000,TRUE,TRUE,TRUE,TRUE,TRUE,TRUE,TRUE,"rhat"
"sparse_homogeneous",1,"full_csr","sbayesc","vgs",250,250,1.0002079166029,1325.5043099193,997.244879924926,0.000848218748431942,0.0309508252248902,0.0274053677815937,4,250,TRUE,TRUE,TRUE,TRUE,TRUE,TRUE,TRUE,"rhat"
"sparse_homogeneous",1,"full_csr","sbayesc","vgs",250,500,1.00024826516402,2484.06352229291,1906.39748927711,0.000605623157537013,0.0302211909651262,0.0200396853398621,4,500,TRUE,TRUE,TRUE,TRUE,TRUE,TRUE,TRUE,"rhat"
"sparse_homogeneous",1,"full_csr","sbayesc","vgs",250,1000,1.00193940737093,5030.08269320383,4003.30272280188,0.000432977833548249,0.030730137530207,0.0140896809564436,4,1000,TRUE,TRUE,TRUE,TRUE,TRUE,TRUE,TRUE,"rhat"
"sparse_homogeneous",1,"full_csr","sbayesc","vgs",250,2000,1.00065750492311,9800.87288686322,7963.29391718215,0.000310939172608844,0.0308074475090453,0.0100929871751806,4,2000,TRUE,TRUE,TRUE,TRUE,TRUE,TRUE,TRUE,"rhat"
"sparse_homogeneous",1,"full_csr","sbayesc","vgs",500,250,1.00308471837745,1153.35389486434,953.482589904177,0.000869080595562592,0.029455195622535,0.0295051714033667,4,250,TRUE,TRUE,TRUE,TRUE,TRUE,TRUE,TRUE,"rhat"
"sparse_homogeneous",1,"full_csr","sbayesc","vgs",500,500,1.0026735976446,2393.78113752569,1998.31497172039,0.000623061822040608,0.0305409587659224,0.0204008599342278,4,500,TRUE,TRUE,TRUE,TRUE,TRUE,TRUE,TRUE,"rhat"
"sparse_homogeneous",1,"full_csr","sbayesc","vgs",500,1000,1.00043122064247,4735.06092637895,4011.78284804549,0.000450852540931942,0.031045317747212,0.0145224005952534,4,1000,TRUE,TRUE,TRUE,TRUE,TRUE,TRUE,TRUE,"rhat"
"sparse_homogeneous",1,"full_csr","sbayesc","vgs",500,2000,1.0002805292894,9815.70869320784,8104.34856361602,0.000310665768709645,0.0308023628439152,0.0100857771945575,4,2000,TRUE,TRUE,TRUE,TRUE,TRUE,TRUE,TRUE,"rhat"
"sparse_homogeneous",1,"full_csr","sbayesc","vgs",1000,250,1.00599384529779,1329.49039044955,989.38233204457,0.000845407493356569,0.0308785304117123,0.0273784886160224,4,250,TRUE,TRUE,TRUE,TRUE,TRUE,TRUE,TRUE,"rhat"
"sparse_homogeneous",1,"full_csr","sbayesc","vgs",1000,500,1.00017159909273,2343.30098238213,2011.87347297946,0.000649654044192566,0.031546610905708,0.0205934655273863,4,500,TRUE,TRUE,TRUE,TRUE,TRUE,TRUE,TRUE,"rhat"
"sparse_homogeneous",1,"full_csr","sbayesc","vgs",1000,1000,1.00134286670747,4788.73244212821,3863.68992351769,0.000448150726098677,0.031056228061433,0.0144303012333687,4,1000,TRUE,TRUE,TRUE,TRUE,TRUE,TRUE,TRUE,"rhat"
"sparse_homogeneous",1,"full_csr","sbayesc","vgs",1000,2000,1.00016237219252,9987.46776064985,7982.85769058584,0.000309210339516557,0.0309292252464792,0.00999735160038502,4,2000,TRUE,TRUE,TRUE,TRUE,TRUE,TRUE,TRUE,"rhat"
"sparse_homogeneous",1,"full_csr","sbayesc","vld",250,250,1.00336854595536,934.916579578053,921.719621795913,3.1332148579398e-05,0.000959661119717819,0.032649179940322,4,250,TRUE,TRUE,TRUE,TRUE,TRUE,TRUE,TRUE,"rhat"
"sparse_homogeneous",1,"full_csr","sbayesc","vld",250,500,0.99973677807525,1908.73580075199,1958.14391242657,2.23866687513581e-05,0.000978913726276958,0.0228688883917278,4,500,TRUE,TRUE,TRUE,TRUE,TRUE,TRUE,TRUE,"rhat"
"sparse_homogeneous",1,"full_csr","sbayesc","vld",250,1000,0.999990096652846,3642.19528653174,3944.61599695114,1.59439365719515e-05,0.000963382189855851,0.0165499598599982,4,1000,TRUE,TRUE,TRUE,TRUE,TRUE,TRUE,TRUE,"rhat"
"sparse_homogeneous",1,"full_csr","sbayesc","vld",250,2000,0.999877017452717,7267.98493704361,8187.41553445823,1.13051569001957e-05,0.000963916830823242,0.0117283530473686,4,2000,TRUE,TRUE,TRUE,TRUE,TRUE,TRUE,TRUE,"rhat"
"sparse_homogeneous",1,"full_csr","sbayesc","vld",500,250,0.999593048706612,989.718508722514,992.922820074092,3.17734874590721e-05,0.00099822435125645,0.0318300063698899,4,250,TRUE,TRUE,TRUE,TRUE,TRUE,TRUE,TRUE,"rhat"
"sparse_homogeneous",1,"full_csr","sbayesc","vld",500,500,1.00414295348398,1924.01705728429,1987.09563730323,2.20795171911101e-05,0.000968732201996757,0.0227921784220651,4,500,TRUE,TRUE,TRUE,TRUE,TRUE,TRUE,TRUE,"rhat"
"sparse_homogeneous",1,"full_csr","sbayesc","vld",500,1000,1.00010917844208,3649.53537051401,3973.67250902896,1.59765844925648e-05,0.000964603522222766,0.0165628510828464,4,1000,TRUE,TRUE,TRUE,TRUE,TRUE,TRUE,TRUE,"rhat"
"sparse_homogeneous",1,"full_csr","sbayesc","vld",500,2000,0.999839008369067,7185.31586081906,8142.56468168649,1.14125211975927e-05,0.000966828946505843,0.0118040747940347,4,2000,TRUE,TRUE,TRUE,TRUE,TRUE,TRUE,TRUE,"rhat"
"sparse_homogeneous",1,"full_csr","sbayesc","vld",1000,250,0.99969767022878,827.51417862221,1067.04425468721,3.3209475080104e-05,0.000956808767013128,0.0347085815107799,4,250,TRUE,TRUE,TRUE,TRUE,TRUE,TRUE,TRUE,"rhat"
"sparse_homogeneous",1,"full_csr","sbayesc","vld",1000,500,1.00044763804892,1787.84854529208,1953.6676253318,2.2767824294633e-05,0.000960476942391644,0.0237047067865469,4,500,TRUE,TRUE,TRUE,TRUE,TRUE,TRUE,TRUE,"rhat"
"sparse_homogeneous",1,"full_csr","sbayesc","vld",1000,1000,0.99958937213119,3410.60366004207,4071.50970018319,1.65433795139633e-05,0.000965888652669795,0.0171276259103325,4,1000,TRUE,TRUE,TRUE,TRUE,TRUE,TRUE,TRUE,"rhat"
"sparse_homogeneous",1,"full_csr","sbayesc","vld",1000,2000,0.999864255540001,7154.4195130006,8015.18904531391,1.14677643629334e-05,0.000969175551697326,0.0118324944772387,4,2000,TRUE,TRUE,TRUE,TRUE,TRUE,TRUE,TRUE,"rhat"
"sparse_homogeneous",1,"full_csr","sbayesc","vle",250,250,1.00084108736403,1317.68417610376,997.244879924926,0.000850002059785464,0.0309170177116064,0.0274930159083995,4,250,TRUE,TRUE,TRUE,TRUE,TRUE,TRUE,TRUE,"rhat"
"sparse_homogeneous",1,"full_csr","sbayesc","vle",250,500,1.00013526752938,2474.73182886461,1809.26555122585,0.000606101525041885,0.0301825532902332,0.0200811879370727,4,500,TRUE,TRUE,TRUE,TRUE,TRUE,TRUE,TRUE,"rhat"
"sparse_homogeneous",1,"full_csr","sbayesc","vle",250,1000,1.00184517018996,5007.33965273255,3960.32015951634,0.00043320362811445,0.0306898334220159,0.0141155418524913,4,1000,TRUE,TRUE,TRUE,TRUE,TRUE,TRUE,TRUE,"rhat"
"sparse_homogeneous",1,"full_csr","sbayesc","vle",250,2000,1.00054029594359,9764.26174440991,7871.72562422349,0.000311031588492976,0.0307637318857449,0.0101103334812608,4,2000,TRUE,TRUE,TRUE,TRUE,TRUE,TRUE,TRUE,"rhat"
"sparse_homogeneous",1,"full_csr","sbayesc","vle",500,250,1.00320085772998,1147.99323749566,953.653357479133,0.000863728312995318,0.0294109072058285,0.0293676188548223,4,250,TRUE,TRUE,TRUE,TRUE,TRUE,TRUE,TRUE,"rhat"
"sparse_homogeneous",1,"full_csr","sbayesc","vle",500,500,1.00239051433319,2383.94846801875,1953.2913988686,0.000623814328361547,0.0304845725837227,0.0204632794718806,4,500,TRUE,TRUE,TRUE,TRUE,TRUE,TRUE,TRUE,"rhat"
"sparse_homogeneous",1,"full_csr","sbayesc","vle",500,1000,1.00039443110056,4718.04715475443,3948.63912855591,0.000450833671039735,0.0309937040195589,0.0145459758780439,4,1000,TRUE,TRUE,TRUE,TRUE,TRUE,TRUE,TRUE,"rhat"
"sparse_homogeneous",1,"full_csr","sbayesc","vle",500,2000,1.00019438376166,9777.95084691579,8088.75324263172,0.000310707372195213,0.030755434480039,0.0101025193578998,4,2000,TRUE,TRUE,TRUE,TRUE,TRUE,TRUE,TRUE,"rhat"
"sparse_homogeneous",1,"full_csr","sbayesc","vle",1000,250,1.00594767901703,1334.2546112841,963.335978906202,0.000843533365779069,0.0308638590099454,0.0273307808173713,4,250,TRUE,TRUE,TRUE,TRUE,TRUE,TRUE,TRUE,"rhat"
"sparse_homogeneous",1,"full_csr","sbayesc","vle",1000,500,0.999964814116643,2346.52202088239,2038.73253235006,0.000648555078085569,0.0314998473645678,0.0205891498641066,4,500,TRUE,TRUE,TRUE,TRUE,TRUE,TRUE,TRUE,"rhat"
"sparse_homogeneous",1,"full_csr","sbayesc","vle",1000,1000,1.00122218223139,4787.5097808387,3944.30784303478,0.000447902157760558,0.0310175122596753,0.0144402992093876,4,1000,TRUE,TRUE,TRUE,TRUE,TRUE,TRUE,TRUE,"rhat"
"sparse_homogeneous",1,"full_csr","sbayesc","vle",1000,2000,1.00017228276066,9975.50054724444,8207.03791801562,0.000309028915351886,0.0308901246304615,0.01000413300525,4,2000,TRUE,TRUE,TRUE,TRUE,TRUE,TRUE,TRUE,"rhat"
"sparse_homogeneous",1,"low_rank_0995","sbayesc","global_nonnull_proportion",250,250,1.00555556055016,892.177146741001,819.319654489566,1.50156772889725e-06,4.47931899263181e-05,0.0335222325395274,4,250,TRUE,TRUE,TRUE,TRUE,TRUE,TRUE,TRUE,"rhat"
"sparse_homogeneous",1,"low_rank_0995","sbayesc","global_nonnull_proportion",250,500,1.00206714194468,1800.56767970776,1879.1053545795,1.04819650119834e-06,4.44371117952271e-05,0.0235883129855195,4,500,TRUE,TRUE,TRUE,TRUE,TRUE,TRUE,TRUE,"rhat"
"sparse_homogeneous",1,"low_rank_0995","sbayesc","global_nonnull_proportion",250,1000,1.00036539219453,3653.25714951005,3700.65191999613,7.30099314488855e-07,4.41124163050415e-05,0.0165508801295343,4,1000,TRUE,TRUE,TRUE,TRUE,TRUE,TRUE,TRUE,"rhat"
"sparse_homogeneous",1,"low_rank_0995","sbayesc","global_nonnull_proportion",250,2000,1.00011758958552,7103.7437846048,7444.81394275237,5.23428734895225e-07,4.4124315944405e-05,0.0118625914916103,4,2000,TRUE,TRUE,TRUE,TRUE,TRUE,TRUE,TRUE,"rhat"
"sparse_homogeneous",1,"low_rank_0995","sbayesc","global_nonnull_proportion",500,250,0.998974682417233,925.714202337389,994.912116569732,1.44959582639043e-06,4.40618870081477e-05,0.032899086371911,4,250,TRUE,TRUE,TRUE,TRUE,TRUE,TRUE,TRUE,"rhat"
"sparse_homogeneous",1,"low_rank_0995","sbayesc","global_nonnull_proportion",500,500,1.00144693245407,1781.89203902413,1884.71032337757,1.04586704797482e-06,4.41202011697495e-05,0.0237049473992859,4,500,TRUE,TRUE,TRUE,TRUE,TRUE,TRUE,TRUE,"rhat"
"sparse_homogeneous",1,"low_rank_0995","sbayesc","global_nonnull_proportion",500,1000,1.00079913780901,3673.36844514345,3842.42582800285,7.22616665552976e-07,4.37973258762612e-05,0.016499104707775,4,1000,TRUE,TRUE,TRUE,TRUE,TRUE,TRUE,TRUE,"rhat"
"sparse_homogeneous",1,"low_rank_0995","sbayesc","global_nonnull_proportion",500,2000,1.00032821676787,7006.16826320395,7546.38650488949,5.27252349162461e-07,4.41468046199811e-05,0.0119431599569003,4,2000,TRUE,TRUE,TRUE,TRUE,TRUE,TRUE,TRUE,"rhat"
"sparse_homogeneous",1,"low_rank_0995","sbayesc","global_nonnull_proportion",1000,250,1.0037232277007,1003.39811428227,945.69927885372,1.36936909439042e-06,4.34331598307161e-05,0.0315281941200602,4,250,TRUE,TRUE,TRUE,TRUE,TRUE,TRUE,TRUE,"rhat"
"sparse_homogeneous",1,"low_rank_0995","sbayesc","global_nonnull_proportion",1000,500,1.00158980452244,1910.89893904862,1926.81320932142,9.9476735335732e-07,4.34787837276089e-05,0.0228793739859297,4,500,TRUE,TRUE,TRUE,TRUE,TRUE,TRUE,TRUE,"rhat"
"sparse_homogeneous",1,"low_rank_0995","sbayesc","global_nonnull_proportion",1000,1000,1.00085858731202,3656.74034403964,3849.56644297152,7.2210322681453e-07,4.36818815241787e-05,0.0165309552065616,4,1000,TRUE,TRUE,TRUE,TRUE,TRUE,TRUE,TRUE,"rhat"
"sparse_homogeneous",1,"low_rank_0995","sbayesc","global_nonnull_proportion",1000,2000,1.00078350447033,6333.97040794473,7705.28286716265,5.60678882546426e-07,4.45525940881251e-05,0.0125846517811601,4,2000,TRUE,TRUE,TRUE,TRUE,TRUE,TRUE,TRUE,"rhat"
"sparse_homogeneous",1,"low_rank_0995","sbayesc","heritability",250,250,1.00433878910689,1146.67684436418,1016.47424395434,0.000549073905577551,0.0185604637306891,0.0295829842155115,4,250,TRUE,TRUE,TRUE,TRUE,TRUE,TRUE,TRUE,"rhat"
"sparse_homogeneous",1,"low_rank_0995","sbayesc","heritability",250,500,1.00060718507839,2241.97648803491,2047.65300721931,0.000387627439973588,0.018355765700394,0.0211174759092326,4,500,TRUE,TRUE,TRUE,TRUE,TRUE,TRUE,TRUE,"rhat"
"sparse_homogeneous",1,"low_rank_0995","sbayesc","heritability",250,1000,0.999882197609461,4513.88873483429,4038.45172644485,0.000270985614391468,0.0181934761180214,0.0148946585376857,4,1000,TRUE,TRUE,TRUE,TRUE,TRUE,TRUE,TRUE,"rhat"
"sparse_homogeneous",1,"low_rank_0995","sbayesc","heritability",250,2000,1.00007964397134,9010.39028299883,8229.97574475217,0.000189880717963796,0.0180163741917251,0.0105393413759694,4,2000,TRUE,TRUE,TRUE,TRUE,TRUE,TRUE,TRUE,"rhat"
"sparse_homogeneous",1,"low_rank_0995","sbayesc","heritability",500,250,1.00065526184814,1095.09717177859,1037.75528788452,0.000547872518329258,0.0181318867378559,0.0302159684896667,4,250,TRUE,TRUE,TRUE,TRUE,TRUE,TRUE,TRUE,"rhat"
"sparse_homogeneous",1,"low_rank_0995","sbayesc","heritability",500,500,0.999439261667787,2214.43704479349,2099.94690608571,0.000385602905805116,0.0181353271281038,0.0212625282732043,4,500,TRUE,TRUE,TRUE,TRUE,TRUE,TRUE,TRUE,"rhat"
"sparse_homogeneous",1,"low_rank_0995","sbayesc","heritability",500,1000,0.999889517385969,4471.27131903716,4218.81721009661,0.000268152073359898,0.0179329920921382,0.0149530023758531,4,1000,TRUE,TRUE,TRUE,TRUE,TRUE,TRUE,TRUE,"rhat"
"sparse_homogeneous",1,"low_rank_0995","sbayesc","heritability",500,2000,0.999797499519807,8922.35093734059,8185.01980586068,0.000190521447456348,0.0179970850745053,0.0105862391974932,4,2000,TRUE,TRUE,TRUE,TRUE,TRUE,TRUE,TRUE,"rhat"
"sparse_homogeneous",1,"low_rank_0995","sbayesc","heritability",1000,250,0.999398398843545,1181.04928122204,984.694651812079,0.000523982215260658,0.0179332515984972,0.0292184723100951,4,250,TRUE,TRUE,TRUE,TRUE,TRUE,TRUE,TRUE,"rhat"
"sparse_homogeneous",1,"low_rank_0995","sbayesc","heritability",1000,500,0.999815433037222,2329.83114358722,2011.25886711689,0.000367922603496244,0.0177282714022275,0.0207534392467625,4,500,TRUE,TRUE,TRUE,TRUE,TRUE,TRUE,TRUE,"rhat"
"sparse_homogeneous",1,"low_rank_0995","sbayesc","heritability",1000,1000,1.00036992541693,4473.84912286464,3926.13577517476,0.000266467856294259,0.0178206047546343,0.0149527953716028,4,1000,TRUE,TRUE,TRUE,TRUE,TRUE,TRUE,TRUE,"rhat"
"sparse_homogeneous",1,"low_rank_0995","sbayesc","heritability",1000,2000,1.00036370676728,8824.1149017872,8272.47829813598,0.000191732759489605,0.0180388365449296,0.0106288872351636,4,2000,TRUE,TRUE,TRUE,TRUE,TRUE,TRUE,TRUE,"rhat"
"sparse_homogeneous",1,"low_rank_0995","sbayesc","vbs",250,250,1.00945227603534,657.41783642377,880.622247129565,9.61869631636287e-05,0.00249592792940957,0.0385375563253474,4,250,TRUE,TRUE,TRUE,TRUE,TRUE,TRUE,TRUE,"rhat"
"sparse_homogeneous",1,"low_rank_0995","sbayesc","vbs",250,500,1.0017611921412,1269.00063194082,1806.40364206348,7.28622356558495e-05,0.00263114002052549,0.0276922684036015,4,500,TRUE,TRUE,TRUE,TRUE,TRUE,TRUE,TRUE,"rhat"
"sparse_homogeneous",1,"low_rank_0995","sbayesc","vbs",250,1000,1.00072287603124,2437.03502343779,3212.81494872695,5.37148307168932e-05,0.0026633681710782,0.020168008050929,4,1000,TRUE,TRUE,TRUE,TRUE,TRUE,TRUE,TRUE,"rhat"
"sparse_homogeneous",1,"low_rank_0995","sbayesc","vbs",250,2000,1.00060911496469,4659.68134050173,6444.537934627,3.88359654097998e-05,0.00267109559328615,0.0145393394034324,4,2000,TRUE,TRUE,TRUE,TRUE,TRUE,TRUE,TRUE,"rhat"
"sparse_homogeneous",1,"low_rank_0995","sbayesc","vbs",500,250,1.0002630446187,623.62879403813,791.877050406565,0.00010885743806666,0.00275650394190343,0.0394911236700397,4,250,TRUE,TRUE,TRUE,TRUE,TRUE,TRUE,TRUE,"rhat"
"sparse_homogeneous",1,"low_rank_0995","sbayesc","vbs",500,500,1.00029251313634,1163.06353461413,1369.78867540921,7.91707093983322e-05,0.0027600144458211,0.0286848895005617,4,500,TRUE,TRUE,TRUE,TRUE,TRUE,TRUE,TRUE,"rhat"
"sparse_homogeneous",1,"low_rank_0995","sbayesc","vbs",500,1000,1.00068188028558,2428.83400752772,3049.28636860798,5.47915901872511e-05,0.00272484599527391,0.0201081419949179,4,1000,TRUE,TRUE,TRUE,TRUE,TRUE,TRUE,TRUE,"rhat"
"sparse_homogeneous",1,"low_rank_0995","sbayesc","vbs",500,2000,1.00100971246164,4740.92458050238,6186.16989588804,3.83690876806674e-05,0.00266140559789682,0.0144168508967549,4,2000,TRUE,TRUE,TRUE,TRUE,TRUE,TRUE,TRUE,"rhat"
"sparse_homogeneous",1,"low_rank_0995","sbayesc","vbs",1000,250,1.00367113982499,664.060511857974,538.474743268206,0.00010617960807596,0.00262500385682221,0.0404493150743405,4,250,TRUE,TRUE,TRUE,TRUE,TRUE,TRUE,TRUE,"rhat"
"sparse_homogeneous",1,"low_rank_0995","sbayesc","vbs",1000,500,1.00291407552882,1292.69162885586,1448.6191781691,7.5096484007703e-05,0.00268814183308273,0.0279362060005529,4,500,TRUE,TRUE,TRUE,TRUE,TRUE,TRUE,TRUE,"rhat"
"sparse_homogeneous",1,"low_rank_0995","sbayesc","vbs",1000,1000,1.0005305602716,2374.03960116489,3043.63861569293,5.51560521680424e-05,0.00267755758306333,0.0205993897262667,4,1000,TRUE,TRUE,TRUE,TRUE,TRUE,TRUE,TRUE,"rhat"
"sparse_homogeneous",1,"low_rank_0995","sbayesc","vbs",1000,2000,1.00109165921832,4503.85511485967,6370.06427426052,3.86917014707436e-05,0.00261654433688977,0.0147873288158135,4,2000,TRUE,TRUE,TRUE,TRUE,TRUE,TRUE,TRUE,"rhat"
"sparse_homogeneous",1,"low_rank_0995","sbayesc","ves",250,250,1.00079188542804,740.057625214551,810.264208977359,0.00112286589076248,0.0305342065049688,0.036774032119674,4,250,TRUE,TRUE,TRUE,TRUE,TRUE,TRUE,TRUE,"rhat"
"sparse_homogeneous",1,"low_rank_0995","sbayesc","ves",250,500,0.999923117898313,1501.66960796202,1742.81125300056,0.000775039046284671,0.0300327126430224,0.0258064949209554,4,500,TRUE,TRUE,TRUE,TRUE,TRUE,TRUE,TRUE,"rhat"
"sparse_homogeneous",1,"low_rank_0995","sbayesc","ves",250,1000,1.00045079504671,2763.99307575447,3394.78080188276,0.00055937992212336,0.0294383679995103,0.0190017300596509,4,1000,TRUE,TRUE,TRUE,TRUE,TRUE,TRUE,TRUE,"rhat"
"sparse_homogeneous",1,"low_rank_0995","sbayesc","ves",250,2000,1.00045226180325,5226.75788978163,6801.76073546395,0.000409022107748015,0.0295705536941403,0.0138320747044066,4,2000,TRUE,TRUE,TRUE,TRUE,TRUE,TRUE,TRUE,"rhat"
"sparse_homogeneous",1,"low_rank_0995","sbayesc","ves",500,250,0.999226492284709,778.205718385439,915.413604954656,0.00105752681402957,0.0295299484547322,0.0358120101581179,4,250,TRUE,TRUE,TRUE,TRUE,TRUE,TRUE,TRUE,"rhat"
"sparse_homogeneous",1,"low_rank_0995","sbayesc","ves",500,500,1.00025928948488,1371.38685070213,1785.17263091824,0.000795748585231292,0.0295033217002834,0.0269714913227431,4,500,TRUE,TRUE,TRUE,TRUE,TRUE,TRUE,TRUE,"rhat"
"sparse_homogeneous",1,"low_rank_0995","sbayesc","ves",500,1000,1.00148395699219,2797.78027994942,3389.89995220244,0.000551712989709241,0.0291698021421178,0.0189138406568974,4,1000,TRUE,TRUE,TRUE,TRUE,TRUE,TRUE,TRUE,"rhat"
"sparse_homogeneous",1,"low_rank_0995","sbayesc","ves",500,2000,1.00013499460279,5451.91573238658,6543.86456921765,0.000399297127278111,0.0294654546187977,0.0135513648930221,4,2000,TRUE,TRUE,TRUE,TRUE,TRUE,TRUE,TRUE,"rhat"
"sparse_homogeneous",1,"low_rank_0995","sbayesc","ves",1000,250,1.00358599581864,774.881870659699,779.068188150116,0.0010175297465903,0.0281646623307666,0.0361278873021947,4,250,TRUE,TRUE,TRUE,TRUE,TRUE,TRUE,TRUE,"rhat"
"sparse_homogeneous",1,"low_rank_0995","sbayesc","ves",1000,500,1.00134285798767,1531.18601851938,1773.10074133115,0.000736052401040317,0.0287935803510567,0.0255630731595803,4,500,TRUE,TRUE,TRUE,TRUE,TRUE,TRUE,TRUE,"rhat"
"sparse_homogeneous",1,"low_rank_0995","sbayesc","ves",1000,1000,1.00048036378103,2738.0603388944,3277.8306331968,0.000564382383771411,0.0295277763198998,0.0191136094251382,4,1000,TRUE,TRUE,TRUE,TRUE,TRUE,TRUE,TRUE,"rhat"
"sparse_homogeneous",1,"low_rank_0995","sbayesc","ves",1000,2000,1.00058988195135,5306.49878032873,6540.79732353918,0.00040594679112307,0.0295950962676459,0.0137166910170473,4,2000,TRUE,TRUE,TRUE,TRUE,TRUE,TRUE,TRUE,"rhat"
"sparse_homogeneous",1,"low_rank_0995","sbayesc","vgs",250,250,1.00305320540643,1401.5874740511,1020.57791927773,0.000830451381547344,0.0310121223559212,0.0267782827636363,4,250,TRUE,TRUE,TRUE,TRUE,TRUE,TRUE,TRUE,"rhat"
"sparse_homogeneous",1,"low_rank_0995","sbayesc","vgs",250,500,1.00000157834705,2663.99308630322,1910.5056073432,0.000601566633029132,0.0309984153676974,0.0194063672575988,4,500,TRUE,TRUE,TRUE,TRUE,TRUE,TRUE,TRUE,"rhat"
"sparse_homogeneous",1,"low_rank_0995","sbayesc","vgs",250,1000,0.999803389544922,5175.49765524554,3858.30431842252,0.000433648937957271,0.0311056219925946,0.0139411755875035,4,1000,TRUE,TRUE,TRUE,TRUE,TRUE,TRUE,TRUE,"rhat"
"sparse_homogeneous",1,"low_rank_0995","sbayesc","vgs",250,2000,0.999777326136738,10386.4509114268,8323.67888113286,0.000302411754992832,0.0307730116226119,0.00982717449632459,4,2000,TRUE,TRUE,TRUE,TRUE,TRUE,TRUE,TRUE,"rhat"
"sparse_homogeneous",1,"low_rank_0995","sbayesc","vgs",500,250,0.999383704522918,1256.54774164054,972.967391446999,0.000872690812332417,0.0309529914512919,0.0281940701500757,4,250,TRUE,TRUE,TRUE,TRUE,TRUE,TRUE,TRUE,"rhat"
"sparse_homogeneous",1,"low_rank_0995","sbayesc","vgs",500,500,0.999853227669798,2548.73119683032,2087.6470759681,0.000616854983652239,0.0311043221392261,0.0198318092543902,4,500,TRUE,TRUE,TRUE,TRUE,TRUE,TRUE,TRUE,"rhat"
"sparse_homogeneous",1,"low_rank_0995","sbayesc","vgs",500,1000,0.999382381404604,5066.16704230374,4033.70633285011,0.000434574384353573,0.0309127750436956,0.0140580838743625,4,1000,TRUE,TRUE,TRUE,TRUE,TRUE,TRUE,TRUE,"rhat"
"sparse_homogeneous",1,"low_rank_0995","sbayesc","vgs",500,2000,0.999855373828519,10097.6319729751,8273.47476814515,0.000306498502700008,0.0308237506591656,0.00994358233977178,4,2000,TRUE,TRUE,TRUE,TRUE,TRUE,TRUE,TRUE,"rhat"
"sparse_homogeneous",1,"low_rank_0995","sbayesc","vgs",1000,250,0.99854880896298,1310.07436424417,952.380203918002,0.000863171769041707,0.0311802037395117,0.027683326775312,4,250,TRUE,TRUE,TRUE,TRUE,TRUE,TRUE,TRUE,"rhat"
"sparse_homogeneous",1,"low_rank_0995","sbayesc","vgs",1000,500,0.99910527024523,2572.78242922961,2003.94855948412,0.000606137882515477,0.0307274511152028,0.0197262662706046,4,500,TRUE,TRUE,TRUE,TRUE,TRUE,TRUE,TRUE,"rhat"
"sparse_homogeneous",1,"low_rank_0995","sbayesc","vgs",1000,1000,0.999405316652135,5101.78209487334,4011.02936515918,0.000427598496005441,0.0305642777567636,0.0139901390573778,4,1000,TRUE,TRUE,TRUE,TRUE,TRUE,TRUE,TRUE,"rhat"
"sparse_homogeneous",1,"low_rank_0995","sbayesc","vgs",1000,2000,1.00046237635299,10133.4898268675,8272.12383568755,0.000305153140459732,0.0307979518822078,0.0099082283661863,4,2000,TRUE,TRUE,TRUE,TRUE,TRUE,TRUE,TRUE,"rhat"
"sparse_homogeneous",1,"low_rank_0995","sbayesc","vld",250,250,1.00025814428025,983.674488669519,989.326709363439,3.72524031902849e-05,0.0011547559648505,0.0322599790121956,4,250,TRUE,TRUE,TRUE,TRUE,TRUE,TRUE,TRUE,"rhat"
"sparse_homogeneous",1,"low_rank_0995","sbayesc","vld",250,500,1.00130722746429,2043.85531008965,1766.4324569909,2.5403632993616e-05,0.00115394538676275,0.0220145886322078,4,500,TRUE,TRUE,TRUE,TRUE,TRUE,TRUE,TRUE,"rhat"
"sparse_homogeneous",1,"low_rank_0995","sbayesc","vld",250,1000,1.00171244369804,3775.94312721853,3675.86622256521,1.88074826505218e-05,0.00115423713332929,0.0162942969927448,4,1000,TRUE,TRUE,TRUE,TRUE,TRUE,TRUE,TRUE,"rhat"
"sparse_homogeneous",1,"low_rank_0995","sbayesc","vld",250,2000,1.00063094013137,7672.88418445005,7739.48466378976,1.30927324012076e-05,0.00114104111197255,0.0114743739413331,4,2000,TRUE,TRUE,TRUE,TRUE,TRUE,TRUE,TRUE,"rhat"
"sparse_homogeneous",1,"low_rank_0995","sbayesc","vld",500,250,1.0026019085048,1096.02290158624,865.912300684173,3.49890353461787e-05,0.00115368348272288,0.0303281063395299,4,250,TRUE,TRUE,TRUE,TRUE,TRUE,TRUE,TRUE,"rhat"
"sparse_homogeneous",1,"low_rank_0995","sbayesc","vld",500,500,1.00162336719571,1923.31139202549,1803.15052769456,2.63715253458677e-05,0.00115676720742286,0.0227976080032734,4,500,TRUE,TRUE,TRUE,TRUE,TRUE,TRUE,TRUE,"rhat"
"sparse_homogeneous",1,"low_rank_0995","sbayesc","vld",500,1000,1.00090732647626,3748.1930660412,3740.43777131173,1.88310867176728e-05,0.00115270677162321,0.0163364067785908,4,1000,TRUE,TRUE,TRUE,TRUE,TRUE,TRUE,TRUE,"rhat"
"sparse_homogeneous",1,"low_rank_0995","sbayesc","vld",500,2000,1.00037305363451,7808.19095789251,7677.78073771166,1.29053709954007e-05,0.00113896697151635,0.0113307684227394,4,2000,TRUE,TRUE,TRUE,TRUE,TRUE,TRUE,TRUE,"rhat"
"sparse_homogeneous",1,"low_rank_0995","sbayesc","vld",1000,250,1.00229226107866,967.789354862162,976.81833435646,3.73229017815103e-05,0.0011491996781246,0.0324772991952262,4,250,TRUE,TRUE,TRUE,TRUE,TRUE,TRUE,TRUE,"rhat"
"sparse_homogeneous",1,"low_rank_0995","sbayesc","vld",1000,500,1.00247575390772,1860.29244102143,2005.45666581648,2.66981589081832e-05,0.00114878534425516,0.023240337319496,4,500,TRUE,TRUE,TRUE,TRUE,TRUE,TRUE,TRUE,"rhat"
"sparse_homogeneous",1,"low_rank_0995","sbayesc","vld",1000,1000,1.00073360274449,3833.26490484969,3858.3265751915,1.82597140160917e-05,0.001130286011727,0.0161549500096813,4,1000,TRUE,TRUE,TRUE,TRUE,TRUE,TRUE,TRUE,"rhat"
"sparse_homogeneous",1,"low_rank_0995","sbayesc","vld",1000,2000,1.00034259305084,7766.42093873596,7849.71760620682,1.2850329481915e-05,0.00113190826121871,0.0113528012138362,4,2000,TRUE,TRUE,TRUE,TRUE,TRUE,TRUE,TRUE,"rhat"
"sparse_homogeneous",1,"low_rank_0995","sbayesc","vle",250,250,1.00309311406797,1391.99892123858,979.772883536867,0.000833023713710748,0.0309855436767421,0.026884269722723,4,250,TRUE,TRUE,TRUE,TRUE,TRUE,TRUE,TRUE,"rhat"
"sparse_homogeneous",1,"low_rank_0995","sbayesc","vle",250,500,1.00016420906052,2641.09093160248,1990.39167009483,0.00060352535574977,0.030954088186807,0.0194974360771835,4,500,TRUE,TRUE,TRUE,TRUE,TRUE,TRUE,TRUE,"rhat"
"sparse_homogeneous",1,"low_rank_0995","sbayesc","vle",250,1000,0.999748129531123,5118.71020344145,4007.40943029382,0.00043544267045426,0.0310700843497764,0.014014853180062,4,1000,TRUE,TRUE,TRUE,TRUE,TRUE,TRUE,TRUE,"rhat"
"sparse_homogeneous",1,"low_rank_0995","sbayesc","vle",250,2000,0.999751076729002,10259.1614186536,8366.9809122951,0.000304166974990912,0.0307604278656981,0.0098882556614272,4,2000,TRUE,TRUE,TRUE,TRUE,TRUE,TRUE,TRUE,"rhat"
"sparse_homogeneous",1,"low_rank_0995","sbayesc","vle",500,250,0.999252151500885,1287.36745052506,937.282747370375,0.000874910636728987,0.0308912300988743,0.0283222983975919,4,250,TRUE,TRUE,TRUE,TRUE,TRUE,TRUE,TRUE,"rhat"
"sparse_homogeneous",1,"low_rank_0995","sbayesc","vle",500,500,0.99980377152367,2520.79647668514,2042.82247957535,0.000618851119106009,0.031061232647376,0.0199235853300332,4,500,TRUE,TRUE,TRUE,TRUE,TRUE,TRUE,TRUE,"rhat"
"sparse_homogeneous",1,"low_rank_0995","sbayesc","vle",500,1000,0.999376741818024,5010.86753168731,4084.69473848376,0.000436839371459038,0.0308996793761997,0.0141373431788911,4,1000,TRUE,TRUE,TRUE,TRUE,TRUE,TRUE,TRUE,"rhat"
"sparse_homogeneous",1,"low_rank_0995","sbayesc","vle",500,2000,0.999881995188146,9989.76819403892,8318.9313072728,0.000308372428386306,0.0308156960318867,0.0100069921531941,4,2000,TRUE,TRUE,TRUE,TRUE,TRUE,TRUE,TRUE,"rhat"
"sparse_homogeneous",1,"low_rank_0995","sbayesc","vle",1000,250,0.998586542346736,1297.67912913078,952.127742630758,0.000867451857161531,0.0311492812246728,0.0278482142462548,4,250,TRUE,TRUE,TRUE,TRUE,TRUE,TRUE,TRUE,"rhat"
"sparse_homogeneous",1,"low_rank_0995","sbayesc","vle",1000,500,0.999367440464343,2539.04404712319,1970.26258929696,0.000610745155895949,0.0307447644182561,0.0198650133592597,4,500,TRUE,TRUE,TRUE,TRUE,TRUE,TRUE,TRUE,"rhat"
"sparse_homogeneous",1,"low_rank_0995","sbayesc","vle",1000,1000,0.999470720602488,5025.78226340335,4011.51379967464,0.000431165438658649,0.0305710804276807,0.0141037029973023,4,1000,TRUE,TRUE,TRUE,TRUE,TRUE,TRUE,TRUE,"rhat"
"sparse_homogeneous",1,"low_rank_0995","sbayesc","vle",1000,2000,1.00048707741774,9808.1204134675,8271.45574120491,0.000310554670004985,0.0307999701832392,0.0100829535924026,4,2000,TRUE,TRUE,TRUE,TRUE,TRUE,TRUE,TRUE,"rhat"
"sparse_homogeneous",1,"low_rank_0999","sbayesc","global_nonnull_proportion",250,250,1.0032338173776,892.173530212677,877.788991832221,1.47829900587726e-06,4.40399939732931e-05,0.0335671936461602,4,250,TRUE,TRUE,TRUE,TRUE,TRUE,TRUE,TRUE,"rhat"
"sparse_homogeneous",1,"low_rank_0999","sbayesc","global_nonnull_proportion",250,500,1.00024237247812,1537.26054678633,1692.86894967042,1.11916595997834e-06,4.39718452323729e-05,0.0254518761735836,4,500,TRUE,TRUE,TRUE,TRUE,TRUE,TRUE,TRUE,"rhat"
"sparse_homogeneous",1,"low_rank_0999","sbayesc","global_nonnull_proportion",250,1000,1.00084034194343,3228.99794295894,3667.75080529199,7.83035003456901e-07,4.44603457451991e-05,0.0176119863742052,4,1000,TRUE,TRUE,TRUE,TRUE,TRUE,TRUE,TRUE,"rhat"
"sparse_homogeneous",1,"low_rank_0999","sbayesc","global_nonnull_proportion",250,2000,0.999993097989924,6940.09765649804,7713.09091246094,5.41379841091986e-07,4.50687684850863e-05,0.0120123060666975,4,2000,TRUE,TRUE,TRUE,TRUE,TRUE,TRUE,TRUE,"rhat"
"sparse_homogeneous",1,"low_rank_0999","sbayesc","global_nonnull_proportion",500,250,1.00429208139819,755.547861806351,822.143803785162,1.59708454105182e-06,4.3916473955827e-05,0.0363664109886925,4,250,TRUE,TRUE,TRUE,TRUE,TRUE,TRUE,TRUE,"rhat"
"sparse_homogeneous",1,"low_rank_0999","sbayesc","global_nonnull_proportion",500,500,1.00139622928233,1559.79888346054,1832.13663236313,1.12656206411975e-06,4.43790668211662e-05,0.0253849876713147,4,500,TRUE,TRUE,TRUE,TRUE,TRUE,TRUE,TRUE,"rhat"
"sparse_homogeneous",1,"low_rank_0999","sbayesc","global_nonnull_proportion",500,1000,0.999520828607796,3373.69101656925,3829.56253903751,7.72679550327402e-07,4.4846774573604e-05,0.0172293226809267,4,1000,TRUE,TRUE,TRUE,TRUE,TRUE,TRUE,TRUE,"rhat"
"sparse_homogeneous",1,"low_rank_0999","sbayesc","global_nonnull_proportion",500,2000,0.999632270379275,7042.79858413209,7627.24797056306,5.40690061655465e-07,4.53189967036466e-05,0.0119307597472024,4,2000,TRUE,TRUE,TRUE,TRUE,TRUE,TRUE,TRUE,"rhat"
"sparse_homogeneous",1,"low_rank_0999","sbayesc","global_nonnull_proportion",1000,250,0.998444137897481,764.718530346275,887.044718735127,1.63194341816251e-06,4.50792884296452e-05,0.0362016232955733,4,250,TRUE,TRUE,TRUE,TRUE,TRUE,TRUE,TRUE,"rhat"
"sparse_homogeneous",1,"low_rank_0999","sbayesc","global_nonnull_proportion",1000,500,0.999305831769021,1750.84037871774,1931.00131927496,1.0831051301898e-06,4.53202533189246e-05,0.0238989204797211,4,500,TRUE,TRUE,TRUE,TRUE,TRUE,TRUE,TRUE,"rhat"
"sparse_homogeneous",1,"low_rank_0999","sbayesc","global_nonnull_proportion",1000,1000,1.00015605174705,3500.85981225608,3647.90057837122,7.74528580085622e-07,4.57628924505104e-05,0.0169248169993456,4,1000,TRUE,TRUE,TRUE,TRUE,TRUE,TRUE,TRUE,"rhat"
"sparse_homogeneous",1,"low_rank_0999","sbayesc","global_nonnull_proportion",1000,2000,1.00021670976509,7083.32897181507,7630.28664811988,5.38046148943632e-07,4.52080822654779e-05,0.0119015477317537,4,2000,TRUE,TRUE,TRUE,TRUE,TRUE,TRUE,TRUE,"rhat"
"sparse_homogeneous",1,"low_rank_0999","sbayesc","heritability",250,250,1.00305292452651,1163.630734746,1036.28148744316,0.000523441183874446,0.0178739910319222,0.0292850758926534,4,250,TRUE,TRUE,TRUE,TRUE,TRUE,TRUE,TRUE,"rhat"
"sparse_homogeneous",1,"low_rank_0999","sbayesc","heritability",250,500,1.0026941798944,2294.40151399021,2099.79400532319,0.00037152285122507,0.0177979260801843,0.0208745024308599,4,500,TRUE,TRUE,TRUE,TRUE,TRUE,TRUE,TRUE,"rhat"
"sparse_homogeneous",1,"low_rank_0999","sbayesc","heritability",250,1000,1.00022365764752,4659.21199805459,4000.64277937481,0.000266079845310389,0.0181491332373728,0.0146607467051085,4,1000,TRUE,TRUE,TRUE,TRUE,TRUE,TRUE,TRUE,"rhat"
"sparse_homogeneous",1,"low_rank_0999","sbayesc","heritability",250,2000,1.0001262015419,9116.05191774151,8102.9376849071,0.000192816886643475,0.0184098882797415,0.0104735500679628,4,2000,TRUE,TRUE,TRUE,TRUE,TRUE,TRUE,TRUE,"rhat"
"sparse_homogeneous",1,"low_rank_0999","sbayesc","heritability",500,250,1.00604890843452,1156.62614777227,989.521176357917,0.00051993724954163,0.0176955288091322,0.0293824081297477,4,250,TRUE,TRUE,TRUE,TRUE,TRUE,TRUE,TRUE,"rhat"
"sparse_homogeneous",1,"low_rank_0999","sbayesc","heritability",500,500,1.00196794614036,2504.4059375226,2058.16639162814,0.000363049935999746,0.0181353530262233,0.0200189064681996,4,500,TRUE,TRUE,TRUE,TRUE,TRUE,TRUE,TRUE,"rhat"
"sparse_homogeneous",1,"low_rank_0999","sbayesc","heritability",500,1000,1.00093131196977,4648.84084912555,4058.16524773279,0.000272676478610004,0.0185765179440137,0.0146785570596063,4,1000,TRUE,TRUE,TRUE,TRUE,TRUE,TRUE,TRUE,"rhat"
"sparse_homogeneous",1,"low_rank_0999","sbayesc","heritability",500,2000,1.00037357268604,9061.04640182713,8230.40967255704,0.000193488850887583,0.0184183716062126,0.0105052094193994,4,2000,TRUE,TRUE,TRUE,TRUE,TRUE,TRUE,TRUE,"rhat"
"sparse_homogeneous",1,"low_rank_0999","sbayesc","heritability",1000,250,1.00179851988397,1069.20257390336,870.975063257527,0.000563824505608324,0.0184267478287432,0.0305981560527374,4,250,TRUE,TRUE,TRUE,TRUE,TRUE,TRUE,TRUE,"rhat"
"sparse_homogeneous",1,"low_rank_0999","sbayesc","heritability",1000,500,1.00064860656937,2217.95897660901,2031.06585004863,0.000404039103455515,0.0190117369279267,0.0212520878543199,4,500,TRUE,TRUE,TRUE,TRUE,TRUE,TRUE,TRUE,"rhat"
"sparse_homogeneous",1,"low_rank_0999","sbayesc","heritability",1000,1000,1.00123391759358,4437.99254030972,3862.69765356143,0.000277697494459387,0.0185095028164131,0.015002968864898,4,1000,TRUE,TRUE,TRUE,TRUE,TRUE,TRUE,TRUE,"rhat"
"sparse_homogeneous",1,"low_rank_0999","sbayesc","heritability",1000,2000,1.00010411437243,8923.42265145991,8097.71233834281,0.00019385796015586,0.0183170531804722,0.0105834687624608,4,2000,TRUE,TRUE,TRUE,TRUE,TRUE,TRUE,TRUE,"rhat"
"sparse_homogeneous",1,"low_rank_0999","sbayesc","vbs",250,250,1.00207532331232,605.609359812485,859.516972547801,0.000105891488061979,0.00261188978667287,0.0405420966084743,4,250,TRUE,TRUE,TRUE,TRUE,TRUE,TRUE,TRUE,"rhat"
"sparse_homogeneous",1,"low_rank_0999","sbayesc","vbs",250,500,1.00062747112945,1310.89688471004,1838.35700982911,6.99741401462238e-05,0.00255951699696682,0.0273388065909105,4,500,TRUE,TRUE,TRUE,TRUE,TRUE,TRUE,TRUE,"rhat"
"sparse_homogeneous",1,"low_rank_0999","sbayesc","vbs",250,1000,1.00119579556877,2643.34582781503,3454.24535048815,5.08853563829784e-05,0.00264599706813073,0.0192310705842643,4,1000,TRUE,TRUE,TRUE,TRUE,TRUE,TRUE,TRUE,"rhat"
"sparse_homogeneous",1,"low_rank_0999","sbayesc","vbs",250,2000,1.00032105500662,5019.33370236144,6713.50397787592,3.65897339397271e-05,0.00263130507483241,0.0139055460690196,4,2000,TRUE,TRUE,TRUE,TRUE,TRUE,TRUE,TRUE,"rhat"
"sparse_homogeneous",1,"low_rank_0999","sbayesc","vbs",500,250,1.00321794069444,714.200872184442,850.280671785465,9.39830466610814e-05,0.00250698494523411,0.0374884766818194,4,250,TRUE,TRUE,TRUE,TRUE,TRUE,TRUE,TRUE,"rhat"
"sparse_homogeneous",1,"low_rank_0999","sbayesc","vbs",500,500,1.00288466040772,1392.18622791836,1662.05873336766,6.94369227523172e-05,0.00259263032995649,0.0267824232209312,4,500,TRUE,TRUE,TRUE,TRUE,TRUE,TRUE,TRUE,"rhat"
"sparse_homogeneous",1,"low_rank_0999","sbayesc","vbs",500,1000,0.999834698248876,2561.51625643128,3404.05506105583,5.1541846922794e-05,0.00263765358078355,0.0195407946283389,4,1000,TRUE,TRUE,TRUE,TRUE,TRUE,TRUE,TRUE,"rhat"
"sparse_homogeneous",1,"low_rank_0999","sbayesc","vbs",500,2000,1.00019154635994,4925.7903147841,6596.94797561401,3.70468905634662e-05,0.00264226752897065,0.0140208703915377,4,2000,TRUE,TRUE,TRUE,TRUE,TRUE,TRUE,TRUE,"rhat"
"sparse_homogeneous",1,"low_rank_0999","sbayesc","vbs",1000,250,1.00047743985326,659.285494737273,953.141336616587,0.000103326233987481,0.00278135331701195,0.0371496254558862,4,250,TRUE,TRUE,TRUE,TRUE,TRUE,TRUE,TRUE,"rhat"
"sparse_homogeneous",1,"low_rank_0999","sbayesc","vbs",1000,500,0.999763389932976,1205.05883134468,1614.26116944001,7.58697253385285e-05,0.00268243659415808,0.0282838839522845,4,500,TRUE,TRUE,TRUE,TRUE,TRUE,TRUE,TRUE,"rhat"
"sparse_homogeneous",1,"low_rank_0999","sbayesc","vbs",1000,1000,1.00010054976318,2441.10496164913,3330.21489136434,5.1784029172603e-05,0.00260372427798248,0.0198884457968523,4,1000,TRUE,TRUE,TRUE,TRUE,TRUE,TRUE,TRUE,"rhat"
"sparse_homogeneous",1,"low_rank_0999","sbayesc","vbs",1000,2000,0.999832561326673,4787.86570572904,6226.76366800093,3.73502414809486e-05,0.00263883525109273,0.014154063413198,4,2000,TRUE,TRUE,TRUE,TRUE,TRUE,TRUE,TRUE,"rhat"
"sparse_homogeneous",1,"low_rank_0999","sbayesc","ves",250,250,1.01146870433971,718.408421730122,820.462543949219,0.00110220649529446,0.0295575634103672,0.0372901676634098,4,250,FALSE,TRUE,TRUE,TRUE,TRUE,TRUE,FALSE,"rhat"
"sparse_homogeneous",1,"low_rank_0999","sbayesc","ves",250,500,1.00219859988359,1444.75251145026,1685.16548915302,0.00077535494456884,0.0294422702141949,0.0263347540433557,4,500,TRUE,TRUE,TRUE,TRUE,TRUE,TRUE,TRUE,"rhat"
"sparse_homogeneous",1,"low_rank_0999","sbayesc","ves",250,1000,1.00048989878282,2951.67515218415,3551.93023272704,0.000549897677302441,0.0298913198465499,0.0183965673019925,4,1000,TRUE,TRUE,TRUE,TRUE,TRUE,TRUE,TRUE,"rhat"
"sparse_homogeneous",1,"low_rank_0999","sbayesc","ves",250,2000,1.00079127853853,5952.14029449821,7054.32799991689,0.000390391534803259,0.0301076370913215,0.0129665285129861,4,2000,TRUE,TRUE,TRUE,TRUE,TRUE,TRUE,TRUE,"rhat"
"sparse_homogeneous",1,"low_rank_0999","sbayesc","ves",500,250,1.00331736779407,735.675190205319,889.227642976869,0.00107786796690909,0.0292497068766487,0.0368505561937648,4,250,TRUE,TRUE,TRUE,TRUE,TRUE,TRUE,TRUE,"rhat"
"sparse_homogeneous",1,"low_rank_0999","sbayesc","ves",500,500,1.00167759779828,1537.09721590025,1818.79519535245,0.000758786502857309,0.0297571830446159,0.0254992719478734,4,500,TRUE,TRUE,TRUE,TRUE,TRUE,TRUE,TRUE,"rhat"
"sparse_homogeneous",1,"low_rank_0999","sbayesc","ves",500,1000,0.999248482082731,2873.71017234432,3508.29737633059,0.000560780151139663,0.0300773999525757,0.0186445687467623,4,1000,TRUE,TRUE,TRUE,TRUE,TRUE,TRUE,TRUE,"rhat"
"sparse_homogeneous",1,"low_rank_0999","sbayesc","ves",500,2000,1.00024977233274,5868.71474990417,6786.73160407157,0.000392308181835083,0.0300619017189114,0.0130500121217644,4,2000,TRUE,TRUE,TRUE,TRUE,TRUE,TRUE,TRUE,"rhat"
"sparse_homogeneous",1,"low_rank_0999","sbayesc","ves",1000,250,0.999151183161693,679.099757200868,926.695994953786,0.00116507907758089,0.030390021615341,0.0383375534353933,4,250,TRUE,TRUE,TRUE,TRUE,TRUE,TRUE,TRUE,"rhat"
"sparse_homogeneous",1,"low_rank_0999","sbayesc","ves",1000,500,1.00006814345012,1326.92243265617,1821.41330122027,0.000835900006051423,0.0304015222643867,0.0274953339106517,4,500,TRUE,TRUE,TRUE,TRUE,TRUE,TRUE,TRUE,"rhat"
"sparse_homogeneous",1,"low_rank_0999","sbayesc","ves",1000,1000,0.999580361666401,2889.8786711425,3554.98531476198,0.000565038489008659,0.0303098448566264,0.0186420779017986,4,1000,TRUE,TRUE,TRUE,TRUE,TRUE,TRUE,TRUE,"rhat"
"sparse_homogeneous",1,"low_rank_0999","sbayesc","ves",1000,2000,1.00023197738218,5759.07140323724,6618.52357542144,0.000396196666602109,0.0300596050677236,0.0131803683285089,4,2000,TRUE,TRUE,TRUE,TRUE,TRUE,TRUE,TRUE,"rhat"
"sparse_homogeneous",1,"low_rank_0999","sbayesc","vgs",250,250,0.99930048644116,1401.55858297069,1086.31100200614,0.000817300200812264,0.0304948319931009,0.0268012691788946,4,250,TRUE,TRUE,TRUE,TRUE,TRUE,TRUE,TRUE,"rhat"
"sparse_homogeneous",1,"low_rank_0999","sbayesc","vgs",250,500,1.00140547602293,2740.95935953184,2149.29546190633,0.000582251937418514,0.0304361547456574,0.0191302726078297,4,500,TRUE,TRUE,TRUE,TRUE,TRUE,TRUE,TRUE,"rhat"
"sparse_homogeneous",1,"low_rank_0999","sbayesc","vgs",250,1000,1.00028043066244,5355.15266606222,4144.80187478093,0.000426518300674358,0.0311597819251218,0.0136881028788744,4,1000,TRUE,TRUE,TRUE,TRUE,TRUE,TRUE,TRUE,"rhat"
"sparse_homogeneous",1,"low_rank_0999","sbayesc","vgs",250,2000,0.99983736979012,10553.7231052386,8274.8400750941,0.000306183539004183,0.031437856348928,0.00973932623159353,4,2000,TRUE,TRUE,TRUE,TRUE,TRUE,TRUE,TRUE,"rhat"
"sparse_homogeneous",1,"low_rank_0999","sbayesc","vgs",500,250,1.00157568217718,1374.53538629374,1039.88343957862,0.000821629266868203,0.0303648479408548,0.0270585668160956,4,250,TRUE,TRUE,TRUE,TRUE,TRUE,TRUE,TRUE,"rhat"
"sparse_homogeneous",1,"low_rank_0999","sbayesc","vgs",500,500,1.00160168249194,2895.46317342877,2112.48217584678,0.000579730635848242,0.0310703148870923,0.0186586662528187,4,500,TRUE,TRUE,TRUE,TRUE,TRUE,TRUE,TRUE,"rhat"
"sparse_homogeneous",1,"low_rank_0999","sbayesc","vgs",500,1000,1.00160288497113,5324.39633259132,3940.61103753176,0.000437613579777222,0.0318598713400647,0.0137355727242662,4,1000,TRUE,TRUE,TRUE,TRUE,TRUE,TRUE,TRUE,"rhat"
"sparse_homogeneous",1,"low_rank_0999","sbayesc","vgs",500,2000,1.00028253764718,10490.3923720763,8272.86832856874,0.000307525407431869,0.031478177255329,0.00976947950122516,4,2000,TRUE,TRUE,TRUE,TRUE,TRUE,TRUE,TRUE,"rhat"
"sparse_homogeneous",1,"low_rank_0999","sbayesc","vgs",1000,250,1.00112032776017,1175.14860991517,982.814253977051,0.000932266691072864,0.0319845989031717,0.0291473622631678,4,250,TRUE,TRUE,TRUE,TRUE,TRUE,TRUE,TRUE,"rhat"
"sparse_homogeneous",1,"low_rank_0999","sbayesc","vgs",1000,500,1.00039304996966,2520.63159318761,2009.35790874719,0.000651063230955916,0.0326378651213163,0.0199480949055916,4,500,TRUE,TRUE,TRUE,TRUE,TRUE,TRUE,TRUE,"rhat"
"sparse_homogeneous",1,"low_rank_0999","sbayesc","vgs",1000,1000,1.00135426698927,5204.27726982233,4014.68614340585,0.000438977228061584,0.0316553620327797,0.0138673892785372,4,1000,TRUE,TRUE,TRUE,TRUE,TRUE,TRUE,TRUE,"rhat"
"sparse_homogeneous",1,"low_rank_0999","sbayesc","vgs",1000,2000,1.00001385538804,10342.8214285213,8228.23029528349,0.000307608569602466,0.0312808392448471,0.00983376971425529,4,2000,TRUE,TRUE,TRUE,TRUE,TRUE,TRUE,TRUE,"rhat"
"sparse_homogeneous",1,"low_rank_0999","sbayesc","vld",250,250,0.999459281498475,920.944282893571,1009.07638646473,3.61141316506629e-05,0.00109375441070863,0.0330185015000442,4,250,TRUE,TRUE,TRUE,TRUE,TRUE,TRUE,TRUE,"rhat"
"sparse_homogeneous",1,"low_rank_0999","sbayesc","vld",250,500,1.00087706301593,1870.97677222729,1969.61186566578,2.56911055988923e-05,0.00110862859687037,0.0231737713346179,4,500,TRUE,TRUE,TRUE,TRUE,TRUE,TRUE,TRUE,"rhat"
"sparse_homogeneous",1,"low_rank_0999","sbayesc","vld",250,1000,1.00055448072923,3844.30200976758,3927.09854276893,1.76714086399243e-05,0.00109902785035298,0.0160791272343542,4,1000,TRUE,TRUE,TRUE,TRUE,TRUE,TRUE,TRUE,"rhat"
"sparse_homogeneous",1,"low_rank_0999","sbayesc","vld",250,2000,1.00036557872221,7757.01420472418,7767.11592395983,1.23924100672533e-05,0.00109137438567308,0.0113548661485312,4,2000,TRUE,TRUE,TRUE,TRUE,TRUE,TRUE,TRUE,"rhat"
"sparse_homogeneous",1,"low_rank_0999","sbayesc","vld",500,250,1.00586800505903,962.383623786493,993.868610197702,3.62739060887238e-05,0.00112334523822174,0.0322909688442225,4,250,TRUE,TRUE,TRUE,TRUE,TRUE,TRUE,TRUE,"rhat"
"sparse_homogeneous",1,"low_rank_0999","sbayesc","vld",500,500,1.00011996958076,2014.13692460003,1927.50944883066,2.44476737564121e-05,0.00109790178819038,0.0222676326966441,4,500,TRUE,TRUE,TRUE,TRUE,TRUE,TRUE,TRUE,"rhat"
"sparse_homogeneous",1,"low_rank_0999","sbayesc","vld",500,1000,1.00030714679131,3939.9322988886,3890.30215220735,1.73389555009062e-05,0.00108825247945116,0.0159328426337709,4,1000,TRUE,TRUE,TRUE,TRUE,TRUE,TRUE,TRUE,"rhat"
"sparse_homogeneous",1,"low_rank_0999","sbayesc","vld",500,2000,1.00019099071528,7874.91300767638,7689.60639298676,1.22560481171726e-05,0.0010888930925865,0.011255510940987,4,2000,TRUE,TRUE,TRUE,TRUE,TRUE,TRUE,TRUE,"rhat"
"sparse_homogeneous",1,"low_rank_0999","sbayesc","vld",1000,250,0.999422632762892,975.137118574183,876.441414177668,3.54840516133137e-05,0.00110708971715411,0.0320516495307439,4,250,TRUE,TRUE,TRUE,TRUE,TRUE,TRUE,TRUE,"rhat"
"sparse_homogeneous",1,"low_rank_0999","sbayesc","vld",1000,500,1.00097387772534,1942.44293102143,1872.03148510244,2.44759562064849e-05,0.0010780968319109,0.0227029293492143,4,500,TRUE,TRUE,TRUE,TRUE,TRUE,TRUE,TRUE,"rhat"
"sparse_homogeneous",1,"low_rank_0999","sbayesc","vld",1000,1000,1.00001267812972,3867.24578630508,3773.82983212797,1.74730203147352e-05,0.00108728795117095,0.0160702786193093,4,1000,TRUE,TRUE,TRUE,TRUE,TRUE,TRUE,TRUE,"rhat"
"sparse_homogeneous",1,"low_rank_0999","sbayesc","vld",1000,2000,1.0000661684424,7890.45920929618,7769.89164444184,1.22490696803747e-05,0.00109001663131337,0.0112375071430017,4,2000,TRUE,TRUE,TRUE,TRUE,TRUE,TRUE,TRUE,"rhat"
"sparse_homogeneous",1,"low_rank_0999","sbayesc","vle",250,250,0.999493999283981,1390.39325844137,1080.9405767975,0.000820178462277716,0.030483336571708,0.0269057968883542,4,250,TRUE,TRUE,TRUE,TRUE,TRUE,TRUE,TRUE,"rhat"
"sparse_homogeneous",1,"low_rank_0999","sbayesc","vle",250,500,1.00137612871191,2716.23178450789,2148.08603759782,0.000584812984219722,0.0304329950248381,0.0192164124412475,4,500,TRUE,TRUE,TRUE,TRUE,TRUE,TRUE,TRUE,"rhat"
"sparse_homogeneous",1,"low_rank_0999","sbayesc","vle",250,1000,1.00020668007903,5308.37680057523,4145.48849857329,0.000428190816145424,0.0311428278994829,0.0137492593006473,4,1000,TRUE,TRUE,TRUE,TRUE,TRUE,TRUE,TRUE,"rhat"
"sparse_homogeneous",1,"low_rank_0999","sbayesc","vle",250,2000,0.999844916646116,10488.8446566401,8319.62151849996,0.000306844870082952,0.031405936933775,0.00977028231095252,4,2000,TRUE,TRUE,TRUE,TRUE,TRUE,TRUE,TRUE,"rhat"
"sparse_homogeneous",1,"low_rank_0999","sbayesc","vle",500,250,1.00116788230577,1356.05212900481,1073.09614548794,0.000825784605642149,0.0303714793501754,0.0271894758935205,4,250,TRUE,TRUE,TRUE,TRUE,TRUE,TRUE,TRUE,"rhat"
"sparse_homogeneous",1,"low_rank_0999","sbayesc","vle",500,500,1.00127198281279,2862.66826418746,2112.66999805778,0.000582683695265804,0.0310727851544101,0.0187522197437492,4,500,TRUE,TRUE,TRUE,TRUE,TRUE,TRUE,TRUE,"rhat"
"sparse_homogeneous",1,"low_rank_0999","sbayesc","vle",500,1000,1.00151128532932,5289.79266347109,3976.50300466438,0.000438514365898226,0.0318223883304045,0.0137800582830312,4,1000,TRUE,TRUE,TRUE,TRUE,TRUE,TRUE,TRUE,"rhat"
"sparse_homogeneous",1,"low_rank_0999","sbayesc","vle",500,2000,1.00030048275503,10427.0641692507,8317.98487414024,0.000308098647516777,0.0314397886996407,0.00979964116362834,4,2000,TRUE,TRUE,TRUE,TRUE,TRUE,TRUE,TRUE,"rhat"
"sparse_homogeneous",1,"low_rank_0999","sbayesc","vle",1000,250,1.00061734474264,1166.73570201452,939.765186895694,0.0009343211200237,0.031925500159404,0.029265668990576,4,250,TRUE,TRUE,TRUE,TRUE,TRUE,TRUE,TRUE,"rhat"
"sparse_homogeneous",1,"low_rank_0999","sbayesc","vle",1000,500,1.00016018671745,2510.19972702271,1915.89654141165,0.000650883298219073,0.0325620987874249,0.0199889848153902,4,500,TRUE,TRUE,TRUE,TRUE,TRUE,TRUE,TRUE,"rhat"
"sparse_homogeneous",1,"low_rank_0999","sbayesc","vle",1000,1000,1.00133359224174,5181.19872159489,4014.63759354225,0.000439215412747951,0.031604890270835,0.0138970712754937,4,1000,TRUE,TRUE,TRUE,TRUE,TRUE,TRUE,TRUE,"rhat"
"sparse_homogeneous",1,"low_rank_0999","sbayesc","vle",1000,2000,1.0000457581683,10296.6292398208,8227.41185148085,0.000307843422478956,0.0312333602106589,0.00985623770233661,4,2000,TRUE,TRUE,TRUE,TRUE,TRUE,TRUE,TRUE,"rhat"
"sparse_homogeneous",1,"low_rank_full","sbayesc","global_nonnull_proportion",250,250,1.00139320046748,948.450433754217,1016.66702363107,1.42288037337644e-06,4.37336953250257e-05,0.0325351050900615,4,250,TRUE,TRUE,TRUE,TRUE,TRUE,TRUE,TRUE,"rhat"
"sparse_homogeneous",1,"low_rank_full","sbayesc","global_nonnull_proportion",250,500,1.00111717007599,1730.39962569316,1842.63208209954,1.0588361269249e-06,4.40119898268734e-05,0.024057901746546,4,500,TRUE,TRUE,TRUE,TRUE,TRUE,TRUE,TRUE,"rhat"
"sparse_homogeneous",1,"low_rank_full","sbayesc","global_nonnull_proportion",250,1000,1.00025206615757,3384.57809880042,3788.44987267965,7.54047039997316e-07,4.3869446432317e-05,0.0171884329828661,4,1000,TRUE,TRUE,TRUE,TRUE,TRUE,TRUE,TRUE,"rhat"
"sparse_homogeneous",1,"low_rank_full","sbayesc","global_nonnull_proportion",250,2000,1.00019378920173,6877.46601223296,6902.96468894704,5.37461675105146e-07,4.45638050375415e-05,0.0120604978558805,4,2000,TRUE,TRUE,TRUE,TRUE,TRUE,TRUE,TRUE,"rhat"
"sparse_homogeneous",1,"low_rank_full","sbayesc","global_nonnull_proportion",500,250,1.00326656850659,827.733662658133,882.260865823458,1.54172488207123e-06,4.42747161747249e-05,0.0348217902964527,4,250,TRUE,TRUE,TRUE,TRUE,TRUE,TRUE,TRUE,"rhat"
"sparse_homogeneous",1,"low_rank_full","sbayesc","global_nonnull_proportion",500,500,1.00206644820375,1583.25191998788,1531.54006413301,1.0845649091491e-06,4.31021198759286e-05,0.0251626813778781,4,500,TRUE,TRUE,TRUE,TRUE,TRUE,TRUE,TRUE,"rhat"
"sparse_homogeneous",1,"low_rank_full","sbayesc","global_nonnull_proportion",500,1000,1.00117535203769,3439.09412988386,3738.76493173176,7.58791040321281e-07,4.45025826863867e-05,0.0170504944773328,4,1000,TRUE,TRUE,TRUE,TRUE,TRUE,TRUE,TRUE,"rhat"
"sparse_homogeneous",1,"low_rank_full","sbayesc","global_nonnull_proportion",500,2000,0.999945174785373,6881.13987686665,6883.64262139372,5.38355634447922e-07,4.4637742328731e-05,0.0120605480107673,4,2000,TRUE,TRUE,TRUE,TRUE,TRUE,TRUE,TRUE,"rhat"
"sparse_homogeneous",1,"low_rank_full","sbayesc","global_nonnull_proportion",1000,250,1.00119193621273,895.040678738127,990.126054757939,1.52162001491847e-06,4.5498756424544e-05,0.0334431121747679,4,250,TRUE,TRUE,TRUE,TRUE,TRUE,TRUE,TRUE,"rhat"
"sparse_homogeneous",1,"low_rank_full","sbayesc","global_nonnull_proportion",1000,500,1.00051906122647,1755.21387395285,1933.69244630704,1.09424667812025e-06,4.58689500518853e-05,0.0238559347201642,4,500,TRUE,TRUE,TRUE,TRUE,TRUE,TRUE,TRUE,"rhat"
"sparse_homogeneous",1,"low_rank_full","sbayesc","global_nonnull_proportion",1000,1000,1.00039768117366,3467.89659569388,3729.47692415621,7.63347738959034e-07,4.4977689234175e-05,0.0169716975673136,4,1000,TRUE,TRUE,TRUE,TRUE,TRUE,TRUE,TRUE,"rhat"
"sparse_homogeneous",1,"low_rank_full","sbayesc","global_nonnull_proportion",1000,2000,0.999953680052791,7032.60124392356,7641.14042509858,5.3704305423736e-07,4.50254049812293e-05,0.011927556330948,4,2000,TRUE,TRUE,TRUE,TRUE,TRUE,TRUE,TRUE,"rhat"
"sparse_homogeneous",1,"low_rank_full","sbayesc","heritability",250,250,1.00168657986181,1167.29762122742,954.093243415992,0.000539309130184035,0.0183488792949078,0.0293919384130291,4,250,TRUE,TRUE,TRUE,TRUE,TRUE,TRUE,TRUE,"rhat"
"sparse_homogeneous",1,"low_rank_full","sbayesc","heritability",250,500,1.00063615122393,2352.48822221625,1896.24218065974,0.000369229390093729,0.0178792947718927,0.0206512278478779,4,500,TRUE,TRUE,TRUE,TRUE,TRUE,TRUE,TRUE,"rhat"
"sparse_homogeneous",1,"low_rank_full","sbayesc","heritability",250,1000,1.00099870002197,4655.1040750435,3574.60402587598,0.00026289539473075,0.0179222447007915,0.0146686645071385,4,1000,TRUE,TRUE,TRUE,TRUE,TRUE,TRUE,TRUE,"rhat"
"sparse_homogeneous",1,"low_rank_full","sbayesc","heritability",250,2000,1.00045814125059,9349.98506638909,7531.76267717538,0.000187748313030022,0.0181516960953532,0.0103432931029561,4,2000,TRUE,TRUE,TRUE,TRUE,TRUE,TRUE,TRUE,"rhat"
"sparse_homogeneous",1,"low_rank_full","sbayesc","heritability",500,250,1.00009355919222,1163.83130678913,995.577884186048,0.000510218711473175,0.0174005206362214,0.0293220370895736,4,250,TRUE,TRUE,TRUE,TRUE,TRUE,TRUE,TRUE,"rhat"
"sparse_homogeneous",1,"low_rank_full","sbayesc","heritability",500,500,1.00082262388834,2363.18795359462,1901.80541782013,0.000367733125838991,0.0178880577373076,0.0205574652787508,4,500,TRUE,TRUE,TRUE,TRUE,TRUE,TRUE,TRUE,"rhat"
"sparse_homogeneous",1,"low_rank_full","sbayesc","heritability",500,1000,1.000659742822,4643.70978204633,3771.08895929199,0.000262199666385251,0.0178733152356506,0.0146698954798414,4,1000,TRUE,TRUE,TRUE,TRUE,TRUE,TRUE,TRUE,"rhat"
"sparse_homogeneous",1,"low_rank_full","sbayesc","heritability",500,2000,1.00006805804198,9439.10242939191,7232.61828296473,0.000185565179637492,0.0180280860360589,0.0102931159340117,4,2000,TRUE,TRUE,TRUE,TRUE,TRUE,TRUE,TRUE,"rhat"
"sparse_homogeneous",1,"low_rank_full","sbayesc","heritability",1000,250,1.00149756008468,1196.26703780363,948.572641582165,0.000506318474075642,0.0175519287484235,0.0288468852245722,4,250,TRUE,TRUE,TRUE,TRUE,TRUE,TRUE,TRUE,"rhat"
"sparse_homogeneous",1,"low_rank_full","sbayesc","heritability",1000,500,1.00043005218252,2284.269366215,1969.44921087685,0.000373920249372528,0.0178583982727919,0.0209380619505061,4,500,TRUE,TRUE,TRUE,TRUE,TRUE,TRUE,TRUE,"rhat"
"sparse_homogeneous",1,"low_rank_full","sbayesc","heritability",1000,1000,1.00051319133748,4679.39099594614,3503.87480729572,0.000266998819624355,0.0182684316295693,0.0146153115406027,4,1000,TRUE,TRUE,TRUE,TRUE,TRUE,TRUE,TRUE,"rhat"
"sparse_homogeneous",1,"low_rank_full","sbayesc","heritability",1000,2000,1.00033820743575,9510.61725968316,7538.90660269061,0.000185754497400021,0.0181122460255366,0.0102557406264316,4,2000,TRUE,TRUE,TRUE,TRUE,TRUE,TRUE,TRUE,"rhat"
"sparse_homogeneous",1,"low_rank_full","sbayesc","vbs",250,250,0.999660795513638,540.496041538386,771.460816403776,0.000109455974954893,0.00254741777880571,0.0429674220952515,4,250,TRUE,TRUE,TRUE,TRUE,TRUE,TRUE,TRUE,"rhat"
"sparse_homogeneous",1,"low_rank_full","sbayesc","vbs",250,500,1.00067369125869,1079.34605028232,1485.20636099462,7.80202349888367e-05,0.00259661662732433,0.0300468826117132,4,500,TRUE,TRUE,TRUE,TRUE,TRUE,TRUE,TRUE,"rhat"
"sparse_homogeneous",1,"low_rank_full","sbayesc","vbs",250,1000,1.00064466351658,2328.9597435346,3161.87726564139,5.35219572776798e-05,0.00261436633371452,0.0204722485091197,4,1000,TRUE,TRUE,TRUE,TRUE,TRUE,TRUE,TRUE,"rhat"
"sparse_homogeneous",1,"low_rank_full","sbayesc","vbs",250,2000,1.00051863887538,4771.0327291896,6466.74973709076,3.69591874864335e-05,0.00259550315822529,0.0142397004485654,4,2000,TRUE,TRUE,TRUE,TRUE,TRUE,TRUE,TRUE,"rhat"
"sparse_homogeneous",1,"low_rank_full","sbayesc","vbs",500,250,1.00098360923163,552.227521926427,741.394037297855,0.000110393753794314,0.00264417325130024,0.0417498186777395,4,250,TRUE,TRUE,TRUE,TRUE,TRUE,TRUE,TRUE,"rhat"
"sparse_homogeneous",1,"low_rank_full","sbayesc","vbs",500,500,1.00011918103844,1205.98835774245,1589.83941807361,7.44793277183197e-05,0.00262939297678903,0.0283256737869866,4,500,TRUE,TRUE,TRUE,TRUE,TRUE,TRUE,TRUE,"rhat"
"sparse_homogeneous",1,"low_rank_full","sbayesc","vbs",500,1000,1.00023308556601,2445.08239444778,3299.6821326224,5.26033646732424e-05,0.00261780727992511,0.0200944374617016,4,1000,TRUE,TRUE,TRUE,TRUE,TRUE,TRUE,TRUE,"rhat"
"sparse_homogeneous",1,"low_rank_full","sbayesc","vbs",500,2000,1.00141004064737,4870.829415392,6426.11403382319,3.68740285216729e-05,0.00261881025501221,0.0140804506363524,4,2000,TRUE,TRUE,TRUE,TRUE,TRUE,TRUE,TRUE,"rhat"
"sparse_homogeneous",1,"low_rank_full","sbayesc","vbs",1000,250,1.00345528706329,607.096957003291,832.232347547994,0.000106811255491101,0.00264968604126998,0.0403109099823415,4,250,TRUE,TRUE,TRUE,TRUE,TRUE,TRUE,TRUE,"rhat"
"sparse_homogeneous",1,"low_rank_full","sbayesc","vbs",1000,500,1.00148308632911,1220.23892419178,1676.01104303495,7.50898856716191e-05,0.0026058566628524,0.0288158158282678,4,500,TRUE,TRUE,TRUE,TRUE,TRUE,TRUE,TRUE,"rhat"
"sparse_homogeneous",1,"low_rank_full","sbayesc","vbs",1000,1000,1.00126322773721,2455.46458741173,3454.54007463882,5.15993402162635e-05,0.00260140698772745,0.019835166300272,4,1000,TRUE,TRUE,TRUE,TRUE,TRUE,TRUE,TRUE,"rhat"
"sparse_homogeneous",1,"low_rank_full","sbayesc","vbs",1000,2000,1.00084867224788,4875.33082834995,6605.64096457649,3.70592862892285e-05,0.00264315018365698,0.0140208780107812,4,2000,TRUE,TRUE,TRUE,TRUE,TRUE,TRUE,TRUE,"rhat"
"sparse_homogeneous",1,"low_rank_full","sbayesc","ves",250,250,1.00481475341526,686.175352238386,904.320550663485,0.00111077620696571,0.0287587921373636,0.0386238824516758,4,250,TRUE,TRUE,TRUE,TRUE,TRUE,TRUE,TRUE,"rhat"
"sparse_homogeneous",1,"low_rank_full","sbayesc","ves",250,500,1.00010328987619,1393.6047118979,1808.81716203769,0.000788160424122889,0.0295119535018278,0.0267064809543724,4,500,TRUE,TRUE,TRUE,TRUE,TRUE,TRUE,TRUE,"rhat"
"sparse_homogeneous",1,"low_rank_full","sbayesc","ves",250,1000,1.00091938810675,2745.08153942455,3486.09634103553,0.000566041923517577,0.0296305195384119,0.0191033411609196,4,1000,TRUE,TRUE,TRUE,TRUE,TRUE,TRUE,TRUE,"rhat"
"sparse_homogeneous",1,"low_rank_full","sbayesc","ves",250,2000,1.0004191091506,5850.25361265482,7066.08936149031,0.000386790769084671,0.0295918621610149,0.0130708492415945,4,2000,TRUE,TRUE,TRUE,TRUE,TRUE,TRUE,TRUE,"rhat"
"sparse_homogeneous",1,"low_rank_full","sbayesc","ves",500,250,1.00019688582118,686.980317845627,893.768621587009,0.00114985742386173,0.030252375631869,0.0380088307065188,4,250,TRUE,TRUE,TRUE,TRUE,TRUE,TRUE,TRUE,"rhat"
"sparse_homogeneous",1,"low_rank_full","sbayesc","ves",500,500,1.00069179851322,1402.14207256278,1775.78660931219,0.000810296436252122,0.0303918367057917,0.0266616474712009,4,500,TRUE,TRUE,TRUE,TRUE,TRUE,TRUE,TRUE,"rhat"
"sparse_homogeneous",1,"low_rank_full","sbayesc","ves",500,1000,1.00053171275369,2925.17636944079,3700.19165177446,0.000553214231562486,0.0299182079448842,0.0184908879763663,4,1000,TRUE,TRUE,TRUE,TRUE,TRUE,TRUE,TRUE,"rhat"
"sparse_homogeneous",1,"low_rank_full","sbayesc","ves",500,2000,1.00047206785744,5949.76666829839,7261.33808129415,0.000383993204018332,0.0296173464396673,0.0129651454359881,4,2000,TRUE,TRUE,TRUE,TRUE,TRUE,TRUE,TRUE,"rhat"
"sparse_homogeneous",1,"low_rank_full","sbayesc","ves",1000,250,1.00340743611343,724.983587604338,881.50936380628,0.00107759223766238,0.0289572541930502,0.0372132050393439,4,250,TRUE,TRUE,TRUE,TRUE,TRUE,TRUE,TRUE,"rhat"
"sparse_homogeneous",1,"low_rank_full","sbayesc","ves",1000,500,1.00172883213515,1483.39993778548,1892.76494135941,0.000764432184465477,0.0294273062731727,0.0259769676969166,4,500,TRUE,TRUE,TRUE,TRUE,TRUE,TRUE,TRUE,"rhat"
"sparse_homogeneous",1,"low_rank_full","sbayesc","ves",1000,1000,1.00135399708946,3040.30848985272,3536.75497835579,0.000534192913591601,0.0294205438571383,0.0181571393168516,4,1000,TRUE,TRUE,TRUE,TRUE,TRUE,TRUE,TRUE,"rhat"
"sparse_homogeneous",1,"low_rank_full","sbayesc","ves",1000,2000,0.99977319214851,5971.82391929363,7460.94028167792,0.000379124949779564,0.0292918585596161,0.0129430144901168,4,2000,TRUE,TRUE,TRUE,TRUE,TRUE,TRUE,TRUE,"rhat"
"sparse_homogeneous",1,"low_rank_full","sbayesc","vgs",250,250,1.00198190214908,1379.52913565804,876.119839722776,0.000839159952187581,0.0310056927708547,0.0270647057748179,4,250,TRUE,TRUE,TRUE,TRUE,TRUE,TRUE,TRUE,"rhat"
"sparse_homogeneous",1,"low_rank_full","sbayesc","vgs",250,500,0.999861616759073,2739.6066672174,1710.22029549082,0.000578608959585261,0.0302662541868182,0.0191172966437737,4,500,TRUE,TRUE,TRUE,TRUE,TRUE,TRUE,TRUE,"rhat"
"sparse_homogeneous",1,"low_rank_full","sbayesc","vgs",250,1000,1.00069937844412,5415.93191392083,3563.0002031559,0.000414697180572476,0.030530954572111,0.0135828435888895,4,1000,TRUE,TRUE,TRUE,TRUE,TRUE,TRUE,TRUE,"rhat"
"sparse_homogeneous",1,"low_rank_full","sbayesc","vgs",250,2000,1.00013174646053,10894.8633996735,7529.77205160787,0.000296714069547187,0.0309686811025572,0.00958110126048236,4,2000,TRUE,TRUE,TRUE,TRUE,TRUE,TRUE,TRUE,"rhat"
"sparse_homogeneous",1,"low_rank_full","sbayesc","vgs",500,250,0.998976176440468,1358.42954529009,973.866216651424,0.00080225206998828,0.0295184041009042,0.0271780299248531,4,250,TRUE,TRUE,TRUE,TRUE,TRUE,TRUE,TRUE,"rhat"
"sparse_homogeneous",1,"low_rank_full","sbayesc","vgs",500,500,1.00098707195878,2768.98312435637,1824.80162504854,0.000577580876575026,0.0303929491428816,0.0190037786020612,4,500,TRUE,TRUE,TRUE,TRUE,TRUE,TRUE,TRUE,"rhat"
"sparse_homogeneous",1,"low_rank_full","sbayesc","vgs",500,1000,1.00064594830747,5519.64888586565,3792.96090276771,0.000410324444010822,0.0304551608713884,0.013473067692652,4,1000,TRUE,TRUE,TRUE,TRUE,TRUE,TRUE,TRUE,"rhat"
"sparse_homogeneous",1,"low_rank_full","sbayesc","vgs",500,2000,1.00031658358023,10885.9766924888,8141.98446905516,0.000295382046193641,0.0308016698950562,0.00958980624102626,4,2000,TRUE,TRUE,TRUE,TRUE,TRUE,TRUE,TRUE,"rhat"
"sparse_homogeneous",1,"low_rank_full","sbayesc","vgs",1000,250,1.00254325955851,1338.8262277416,1031.34498212742,0.000825609140629725,0.0303236810035586,0.0272265474805924,4,250,TRUE,TRUE,TRUE,TRUE,TRUE,TRUE,TRUE,"rhat"
"sparse_homogeneous",1,"low_rank_full","sbayesc","vgs",1000,500,1.00115799072162,2740.46872976057,1972.32221957706,0.000584427241945585,0.0305219361308253,0.0191477775014197,4,500,TRUE,TRUE,TRUE,TRUE,TRUE,TRUE,TRUE,"rhat"
"sparse_homogeneous",1,"low_rank_full","sbayesc","vgs",1000,1000,1.00131811657513,5442.94357352587,3886.78053865557,0.000424323581651937,0.0313116827075917,0.0135516058212054,4,1000,TRUE,TRUE,TRUE,TRUE,TRUE,TRUE,TRUE,"rhat"
"sparse_homogeneous",1,"low_rank_full","sbayesc","vgs",1000,2000,1.00029912186925,10931.064704968,8462.02495554174,0.00029661274154248,0.0309825954674234,0.00957352788130206,4,2000,TRUE,TRUE,TRUE,TRUE,TRUE,TRUE,TRUE,"rhat"
"sparse_homogeneous",1,"low_rank_full","sbayesc","vld",250,250,1.00034009944995,751.363999388731,912.777027709022,3.91874947714297e-05,0.00107042502405708,0.0366092849949479,4,250,TRUE,TRUE,TRUE,TRUE,TRUE,TRUE,TRUE,"rhat"
"sparse_homogeneous",1,"low_rank_full","sbayesc","vld",250,500,1.00157659408318,1494.23889176891,1917.87725704487,2.76979888164846e-05,0.00107008276833512,0.0258839686387795,4,500,TRUE,TRUE,TRUE,TRUE,TRUE,TRUE,TRUE,"rhat"
"sparse_homogeneous",1,"low_rank_full","sbayesc","vld",250,1000,1.00018942446266,3568.99830829907,3853.69592745519,1.81564340739113e-05,0.00108283402109297,0.0167675135064421,4,1000,TRUE,TRUE,TRUE,TRUE,TRUE,TRUE,TRUE,"rhat"
"sparse_homogeneous",1,"low_rank_full","sbayesc","vld",250,2000,1.00011939692168,7689.12126770908,7807.28050793609,1.24233484512435e-05,0.00108814489674062,0.0114169983137869,4,2000,TRUE,TRUE,TRUE,TRUE,TRUE,TRUE,TRUE,"rhat"
"sparse_homogeneous",1,"low_rank_full","sbayesc","vld",500,250,1.00416822533567,839.802541756644,944.026628654796,3.6883614259869e-05,0.00106777747990708,0.0345424163310493,4,250,TRUE,TRUE,TRUE,TRUE,TRUE,TRUE,TRUE,"rhat"
"sparse_homogeneous",1,"low_rank_full","sbayesc","vld",500,500,1.00183478294346,1964.32566298876,2014.4991769177,2.41578996386496e-05,0.00106711444611968,0.0226385274105268,4,500,TRUE,TRUE,TRUE,TRUE,TRUE,TRUE,TRUE,"rhat"
"sparse_homogeneous",1,"low_rank_full","sbayesc","vld",500,1000,1.00053540990988,3916.99277074867,3928.86152334129,1.73139051150586e-05,0.00108199788314227,0.0160017920411975,4,1000,TRUE,TRUE,TRUE,TRUE,TRUE,TRUE,TRUE,"rhat"
"sparse_homogeneous",1,"low_rank_full","sbayesc","vld",500,2000,1.00061170215751,7931.54921534883,7886.31179575551,1.22418160130736e-05,0.00108876406037913,0.0112437730621001,4,2000,TRUE,TRUE,TRUE,TRUE,TRUE,TRUE,TRUE,"rhat"
"sparse_homogeneous",1,"low_rank_full","sbayesc","vld",1000,250,0.99700145267172,987.922817268576,987.868428431842,3.59446637328276e-05,0.00112461344838388,0.0319617943254027,4,250,TRUE,TRUE,TRUE,TRUE,TRUE,TRUE,TRUE,"rhat"
"sparse_homogeneous",1,"low_rank_full","sbayesc","vld",1000,500,1.00002247204793,1923.91732725399,1855.12251696373,2.49996201235346e-05,0.00109694166446545,0.0227902913467301,4,500,TRUE,TRUE,TRUE,TRUE,TRUE,TRUE,TRUE,"rhat"
"sparse_homogeneous",1,"low_rank_full","sbayesc","vld",1000,1000,1.00030804230785,3874.81392481036,3847.42610172566,1.77021134901704e-05,0.00110156753884083,0.0160699302276084,4,1000,TRUE,TRUE,TRUE,TRUE,TRUE,TRUE,TRUE,"rhat"
"sparse_homogeneous",1,"low_rank_full","sbayesc","vld",1000,2000,1.00003973295719,7954.62339043884,7931.40813102152,1.22851894809301e-05,0.00109555756912185,0.0112136411880002,4,2000,TRUE,TRUE,TRUE,TRUE,TRUE,TRUE,TRUE,"rhat"
"sparse_homogeneous",1,"low_rank_full","sbayesc","vle",250,250,1.00148260971616,1374.01455769056,900.157264005849,0.000840001695008536,0.0309909995753658,0.0271046983484921,4,250,TRUE,TRUE,TRUE,TRUE,TRUE,TRUE,TRUE,"rhat"
"sparse_homogeneous",1,"low_rank_full","sbayesc","vle",250,500,0.999859368651344,2718.62798498182,1841.71917681064,0.000580400515633537,0.0302347914541718,0.0191964451454304,4,500,TRUE,TRUE,TRUE,TRUE,TRUE,TRUE,TRUE,"rhat"
"sparse_homogeneous",1,"low_rank_full","sbayesc","vle",250,1000,1.00082009581779,5385.57851541996,3665.67074788494,0.0004155721341848,0.0305183430686793,0.0136171263705105,4,1000,TRUE,TRUE,TRUE,TRUE,TRUE,TRUE,TRUE,"rhat"
"sparse_homogeneous",1,"low_rank_full","sbayesc","vle",250,2000,1.00015641453262,10837.1833159606,7274.44430069041,0.000297417777034894,0.0309581154992208,0.0096071021197133,4,2000,TRUE,TRUE,TRUE,TRUE,TRUE,TRUE,TRUE,"rhat"
"sparse_homogeneous",1,"low_rank_full","sbayesc","vle",500,250,0.998903878707083,1341.9550089818,1003.9092820049,0.000805352199187116,0.0294705871650525,0.0273273211245054,4,250,TRUE,TRUE,TRUE,TRUE,TRUE,TRUE,TRUE,"rhat"
"sparse_homogeneous",1,"low_rank_full","sbayesc","vle",500,500,1.00105803542592,2755.94217017395,1824.41866235034,0.000579138678035841,0.0303792222803697,0.0190636439830807,4,500,TRUE,TRUE,TRUE,TRUE,TRUE,TRUE,TRUE,"rhat"
"sparse_homogeneous",1,"low_rank_full","sbayesc","vle",500,1000,1.00062875678583,5486.26923729933,3793.40522656627,0.000411362870527337,0.0304429728269126,0.0135125722729575,4,1000,TRUE,TRUE,TRUE,TRUE,TRUE,TRUE,TRUE,"rhat"
"sparse_homogeneous",1,"low_rank_full","sbayesc","vle",500,2000,1.00031121613905,10830.8714514037,7723.81225354618,0.000296027139842093,0.0307868884851218,0.009615364020471,4,2000,TRUE,TRUE,TRUE,TRUE,TRUE,TRUE,TRUE,"rhat"
"sparse_homogeneous",1,"low_rank_full","sbayesc","vle",1000,250,1.0028055070848,1334.62122467146,987.80144343102,0.000826287894040171,0.0303180648676879,0.0272539786970641,4,250,TRUE,TRUE,TRUE,TRUE,TRUE,TRUE,TRUE,"rhat"
"sparse_homogeneous",1,"low_rank_full","sbayesc","vle",1000,500,1.00108455551389,2713.75539310992,1931.57430111849,0.000586042050778045,0.030511320090613,0.0192073646449124,4,500,TRUE,TRUE,TRUE,TRUE,TRUE,TRUE,TRUE,"rhat"
"sparse_homogeneous",1,"low_rank_full","sbayesc","vle",1000,1000,1.00113891520027,5418.63251317665,3656.79500634148,0.000424949563852433,0.0312936887128065,0.0135794015129488,4,1000,TRUE,TRUE,TRUE,TRUE,TRUE,TRUE,TRUE,"rhat"
"sparse_homogeneous",1,"low_rank_full","sbayesc","vle",1000,2000,1.00029568996597,10887.9668673252,8508.63774352603,0.000297038516109,0.0309590842613834,0.00959455110497272,4,2000,TRUE,TRUE,TRUE,TRUE,TRUE,TRUE,TRUE,"rhat"
"sparse_mixture",1,"block_csr","sbayesr","global_nonnull_proportion",250,250,1.00326663309929,924.134681759989,922.513657595123,4.72508050472841e-06,0.000143586836917,0.0329074768006744,4,250,TRUE,TRUE,TRUE,TRUE,TRUE,TRUE,TRUE,"rhat"
"sparse_mixture",1,"block_csr","sbayesr","global_nonnull_proportion",250,500,1.00077907023761,1765.2554835601,1895.04624675402,3.41023332472655e-06,0.000143031591050158,0.0238425182834654,4,500,TRUE,TRUE,TRUE,TRUE,TRUE,TRUE,TRUE,"rhat"
"sparse_mixture",1,"block_csr","sbayesr","global_nonnull_proportion",250,1000,1.00069170888746,3339.92144513358,3779.95491924182,2.45843569720155e-06,0.000141935970715594,0.0173207375467045,4,1000,TRUE,TRUE,TRUE,TRUE,TRUE,TRUE,TRUE,"rhat"
"sparse_mixture",1,"block_csr","sbayesr","global_nonnull_proportion",250,2000,1.0001502124626,6827.84177721474,7498.76130381895,1.72124675098593e-06,0.000142211959955593,0.0121033895568517,4,2000,TRUE,TRUE,TRUE,TRUE,TRUE,TRUE,TRUE,"rhat"
"sparse_mixture",1,"block_csr","sbayesr","global_nonnull_proportion",500,250,0.998182822702558,854.628531159935,917.72707118397,4.87995375131407e-06,0.000142505409584523,0.0342439895126906,4,250,TRUE,TRUE,TRUE,TRUE,TRUE,TRUE,TRUE,"rhat"
"sparse_mixture",1,"block_csr","sbayesr","global_nonnull_proportion",500,500,0.999890485421184,1654.8243734279,1827.59064971415,3.48901697477904e-06,0.000141874941494117,0.024592200271841,4,500,TRUE,TRUE,TRUE,TRUE,TRUE,TRUE,TRUE,"rhat"
"sparse_mixture",1,"block_csr","sbayesr","global_nonnull_proportion",500,1000,0.999877468284699,3286.25949067844,3688.90790049586,2.48482117234282e-06,0.000142315928770899,0.0174598949942061,4,1000,TRUE,TRUE,TRUE,TRUE,TRUE,TRUE,TRUE,"rhat"
"sparse_mixture",1,"block_csr","sbayesr","global_nonnull_proportion",500,2000,1.0000013620214,6794.31679588441,7390.35121287265,1.71815152166247e-06,0.000141603789840437,0.0121335136834864,4,2000,TRUE,TRUE,TRUE,TRUE,TRUE,TRUE,TRUE,"rhat"
"sparse_mixture",1,"block_csr","sbayesr","global_nonnull_proportion",1000,250,0.999563892401481,858.161145015228,951.945215401504,4.79545986818715e-06,0.000140258417275521,0.0341901752589083,4,250,TRUE,TRUE,TRUE,TRUE,TRUE,TRUE,TRUE,"rhat"
"sparse_mixture",1,"block_csr","sbayesr","global_nonnull_proportion",1000,500,1.00029710139169,1648.32476495865,1893.30119195076,3.51983288110064e-06,0.000142789674823619,0.0246504719998033,4,500,TRUE,TRUE,TRUE,TRUE,TRUE,TRUE,TRUE,"rhat"
"sparse_mixture",1,"block_csr","sbayesr","global_nonnull_proportion",1000,1000,0.999376643236944,3500.18044097014,3773.3856139036,2.3860266993252e-06,0.00014113523496785,0.0169059604419033,4,1000,TRUE,TRUE,TRUE,TRUE,TRUE,TRUE,TRUE,"rhat"
"sparse_mixture",1,"block_csr","sbayesr","global_nonnull_proportion",1000,2000,0.99992167275244,6919.92634773909,7350.69132023414,1.69857170248283e-06,0.00014131761626337,0.0120195326484792,4,2000,TRUE,TRUE,TRUE,TRUE,TRUE,TRUE,TRUE,"rhat"
"sparse_mixture",1,"block_csr","sbayesr","heritability",250,250,1.0012914596514,845.236527801524,937.119404243197,0.000839529305565914,0.0244933963395386,0.0342757408539011,4,250,TRUE,TRUE,TRUE,TRUE,TRUE,TRUE,TRUE,"rhat"
"sparse_mixture",1,"block_csr","sbayesr","heritability",250,500,1.00157988904855,1532.59034676744,1924.42465954175,0.000609591000189991,0.0238087606960867,0.0256036426242961,4,500,TRUE,TRUE,TRUE,TRUE,TRUE,TRUE,TRUE,"rhat"
"sparse_mixture",1,"block_csr","sbayesr","heritability",250,1000,0.99982150193106,3179.87939876095,3691.65814237294,0.000424456639944468,0.0239408203761724,0.0177294108253248,4,1000,TRUE,TRUE,TRUE,TRUE,TRUE,TRUE,TRUE,"rhat"
"sparse_mixture",1,"block_csr","sbayesr","heritability",250,2000,1.00006829730222,6405.37801710121,7028.82053133137,0.000298290528024442,0.0238879746880491,0.0124870581085166,4,2000,TRUE,TRUE,TRUE,TRUE,TRUE,TRUE,TRUE,"rhat"
"sparse_mixture",1,"block_csr","sbayesr","heritability",500,250,1.00131279221798,761.750359664108,992.349884304395,0.000843577929157965,0.0231133763735599,0.0364973907543409,4,250,TRUE,TRUE,TRUE,TRUE,TRUE,TRUE,TRUE,"rhat"
"sparse_mixture",1,"block_csr","sbayesr","heritability",500,500,1.00103195122578,1687.21270000117,1813.31148263017,0.000577627207733309,0.0237368682440434,0.0243346005797652,4,500,TRUE,TRUE,TRUE,TRUE,TRUE,TRUE,TRUE,"rhat"
"sparse_mixture",1,"block_csr","sbayesr","heritability",500,1000,1.00053723919275,3076.30101540343,3642.03848980251,0.000432536779754058,0.0239990991271637,0.0180230423426389,4,1000,TRUE,TRUE,TRUE,TRUE,TRUE,TRUE,TRUE,"rhat"
"sparse_mixture",1,"block_csr","sbayesr","heritability",500,2000,1.00007863385838,6601.22909519144,7161.44485393673,0.000291813498889933,0.0237296811014385,0.0122974049942982,4,2000,TRUE,TRUE,TRUE,TRUE,TRUE,TRUE,TRUE,"rhat"
"sparse_mixture",1,"block_csr","sbayesr","heritability",1000,250,0.999620221129916,695.982368681329,929.94804525693,0.000901596952908475,0.0238055580684755,0.037873380254942,4,250,TRUE,TRUE,TRUE,TRUE,TRUE,TRUE,TRUE,"rhat"
"sparse_mixture",1,"block_csr","sbayesr","heritability",1000,500,1.00083635765354,1437.43059036815,1836.67016163303,0.000640831925519051,0.0242641085108446,0.0264106931945445,4,500,TRUE,TRUE,TRUE,TRUE,TRUE,TRUE,TRUE,"rhat"
"sparse_mixture",1,"block_csr","sbayesr","heritability",1000,1000,1.00011282875187,3033.5610134479,3200.02708638457,0.000434934718106989,0.0239583970325902,0.0181537486633749,4,1000,TRUE,TRUE,TRUE,TRUE,TRUE,TRUE,TRUE,"rhat"
"sparse_mixture",1,"block_csr","sbayesr","heritability",1000,2000,1.00016622790913,6255.68742339655,6644.68414173256,0.000298807449507178,0.0236401681765949,0.0126398191110592,4,2000,TRUE,TRUE,TRUE,TRUE,TRUE,TRUE,TRUE,"rhat"
"sparse_mixture",1,"block_csr","sbayesr","vbs",250,250,1.03885820465737,134.023187908043,227.816602269645,6.52246944744574e-05,0.000758275913579771,0.0860170991935322,4,250,FALSE,FALSE,FALSE,FALSE,TRUE,TRUE,FALSE,"rhat"
"sparse_mixture",1,"block_csr","sbayesr","vbs",250,500,1.03404798865919,221.306519341645,444.352132577207,5.23313354438647e-05,0.000776469920193729,0.067396474844522,4,500,FALSE,FALSE,TRUE,FALSE,TRUE,TRUE,FALSE,"rhat"
"sparse_mixture",1,"block_csr","sbayesr","vbs",250,1000,1.00530518519221,459.376117196418,871.772062665106,3.59909604056934e-05,0.000762123471698962,0.0472245794050413,4,1000,TRUE,TRUE,TRUE,TRUE,TRUE,TRUE,TRUE,"rhat"
"sparse_mixture",1,"block_csr","sbayesr","vbs",250,2000,1.00280097014903,917.050700173142,1753.67898337921,2.46341905779126e-05,0.000737428184274168,0.0334055452493444,4,2000,TRUE,TRUE,TRUE,TRUE,TRUE,TRUE,TRUE,"rhat"
"sparse_mixture",1,"block_csr","sbayesr","vbs",500,250,1.05642742365994,84.6779609666921,240.908718734243,8.51810074985622e-05,0.000791950086197927,0.107558555751294,4,250,FALSE,FALSE,FALSE,FALSE,TRUE,TRUE,FALSE,"rhat"
"sparse_mixture",1,"block_csr","sbayesr","vbs",500,500,1.03348728092699,188.270425017854,439.654092093813,5.46012571112809e-05,0.000752405796663697,0.0725688948083504,4,500,FALSE,FALSE,TRUE,FALSE,TRUE,TRUE,FALSE,"rhat"
"sparse_mixture",1,"block_csr","sbayesr","vbs",500,1000,1.00532256177892,451.353676628382,859.407027147699,3.68187453074284e-05,0.000766292228643572,0.0480479168797026,4,1000,TRUE,TRUE,TRUE,TRUE,TRUE,TRUE,TRUE,"rhat"
"sparse_mixture",1,"block_csr","sbayesr","vbs",500,2000,1.0036345407612,920.468293661979,1673.37756910433,2.43642234419275e-05,0.00072730355768798,0.0334993871326284,4,2000,TRUE,TRUE,TRUE,TRUE,TRUE,TRUE,TRUE,"rhat"
"sparse_mixture",1,"block_csr","sbayesr","vbs",1000,250,1.04167479044251,99.4604380889707,236.48415593808,8.04322288404845e-05,0.000785264702149486,0.102426899643291,4,250,FALSE,FALSE,FALSE,FALSE,TRUE,TRUE,FALSE,"rhat"
"sparse_mixture",1,"block_csr","sbayesr","vbs",1000,500,1.00570557766997,243.790596291547,445.757062641661,5.15644226099306e-05,0.000779822346842654,0.0661232943871187,4,500,TRUE,FALSE,TRUE,FALSE,TRUE,TRUE,FALSE,"ess_bulk"
"sparse_mixture",1,"block_csr","sbayesr","vbs",1000,1000,1.00492711863655,474.420016003941,899.630883028421,3.44832064864097e-05,0.000741285694564229,0.0465181059600522,4,1000,TRUE,TRUE,TRUE,TRUE,TRUE,TRUE,TRUE,"rhat"
"sparse_mixture",1,"block_csr","sbayesr","vbs",1000,2000,1.00169661149759,1047.55665153589,1801.54970777209,2.22297296092519e-05,0.000712432085963278,0.0312025946714558,4,2000,TRUE,TRUE,TRUE,TRUE,TRUE,TRUE,TRUE,"rhat"
"sparse_mixture",1,"block_csr","sbayesr","ves",250,250,1.00681504838229,641.513966878283,786.712414936754,0.00143329068317492,0.0364040471476819,0.0393717401079179,4,250,TRUE,TRUE,TRUE,TRUE,TRUE,TRUE,TRUE,"rhat"
"sparse_mixture",1,"block_csr","sbayesr","ves",250,500,1.00426633486772,1237.81921478462,1646.77211179067,0.00099329055061037,0.034969981267978,0.0284040915835413,4,500,TRUE,TRUE,TRUE,TRUE,TRUE,TRUE,TRUE,"rhat"
"sparse_mixture",1,"block_csr","sbayesr","ves",250,1000,0.999923306520291,2514.68600090811,3108.58538527221,0.000704620153218093,0.0353402407968528,0.0199381820081102,4,1000,TRUE,TRUE,TRUE,TRUE,TRUE,TRUE,TRUE,"rhat"
"sparse_mixture",1,"block_csr","sbayesr","ves",250,2000,1.00004741969537,5091.98763152264,6569.40769889601,0.000493908077918291,0.0352482533169962,0.0140122710046497,4,2000,TRUE,TRUE,TRUE,TRUE,TRUE,TRUE,TRUE,"rhat"
"sparse_mixture",1,"block_csr","sbayesr","ves",500,250,1.00059833035939,632.422952148503,871.854211039295,0.00133267682025687,0.0334871096101865,0.0397967109066793,4,250,TRUE,TRUE,TRUE,TRUE,TRUE,TRUE,TRUE,"rhat"
"sparse_mixture",1,"block_csr","sbayesr","ves",500,500,1.00226166812747,1281.98407433007,1628.31091981177,0.000982538450452483,0.0351900025060609,0.027920954262031,4,500,TRUE,TRUE,TRUE,TRUE,TRUE,TRUE,TRUE,"rhat"
"sparse_mixture",1,"block_csr","sbayesr","ves",500,1000,1.00023264081493,2580.26457597201,3396.46385183206,0.000690688997645223,0.0350784884568247,0.0196898164097161,4,1000,TRUE,TRUE,TRUE,TRUE,TRUE,TRUE,TRUE,"rhat"
"sparse_mixture",1,"block_csr","sbayesr","ves",500,2000,0.999698418359302,5113.08525562151,6768.23873608169,0.000490611979789332,0.0350850983924305,0.0139834859318844,4,2000,TRUE,TRUE,TRUE,TRUE,TRUE,TRUE,TRUE,"rhat"
"sparse_mixture",1,"block_csr","sbayesr","ves",1000,250,1.00741643790388,620.106827143577,648.607403596169,0.00138785786045172,0.0345661141597835,0.040150820946673,4,250,TRUE,TRUE,TRUE,TRUE,TRUE,TRUE,TRUE,"rhat"
"sparse_mixture",1,"block_csr","sbayesr","ves",1000,500,1.00079531579714,1307.53327299093,1636.28880479047,0.000968111040505485,0.0349721223759792,0.0276823645444646,4,500,TRUE,TRUE,TRUE,TRUE,TRUE,TRUE,TRUE,"rhat"
"sparse_mixture",1,"block_csr","sbayesr","ves",1000,1000,1.00001795869964,2496.32602689769,3163.27550022149,0.000702647934478079,0.0351040760306898,0.0200161352734021,4,1000,TRUE,TRUE,TRUE,TRUE,TRUE,TRUE,TRUE,"rhat"
"sparse_mixture",1,"block_csr","sbayesr","ves",1000,2000,1.00017651381147,5162.49147115961,6873.33509532408,0.000487341133734087,0.0350176288734683,0.0139170226372274,4,2000,TRUE,TRUE,TRUE,TRUE,TRUE,TRUE,TRUE,"rhat"
"sparse_mixture",1,"block_csr","sbayesr","vgs",250,250,1.0005185486435,966.100055950276,956.291311082757,0.00128344091769736,0.0398649445723023,0.0321947247504537,4,250,TRUE,TRUE,TRUE,TRUE,TRUE,TRUE,TRUE,"rhat"
"sparse_mixture",1,"block_csr","sbayesr","vgs",250,500,1.00209655627518,1605.75054001502,1695.84317232364,0.000986755619383933,0.0394113506525123,0.0250373459180352,4,500,TRUE,TRUE,TRUE,TRUE,TRUE,TRUE,TRUE,"rhat"
"sparse_mixture",1,"block_csr","sbayesr","vgs",250,1000,0.99960702779368,3296.24409596885,3604.80555107986,0.000683950911634459,0.0392246615886363,0.0174367574870959,4,1000,TRUE,TRUE,TRUE,TRUE,TRUE,TRUE,TRUE,"rhat"
"sparse_mixture",1,"block_csr","sbayesr","vgs",250,2000,0.99993949500981,6354.39429409756,7440.41588133328,0.000490453306343372,0.0391314489920991,0.0125334818662707,4,2000,TRUE,TRUE,TRUE,TRUE,TRUE,TRUE,TRUE,"rhat"
"sparse_mixture",1,"block_csr","sbayesr","vgs",500,250,1.00419394301668,730.990357000405,758.106956170775,0.0014534115107155,0.038969425499343,0.0372962006006478,4,250,TRUE,TRUE,TRUE,TRUE,TRUE,TRUE,TRUE,"rhat"
"sparse_mixture",1,"block_csr","sbayesr","vgs",500,500,1.00181362616342,1788.92970442977,1657.00937901105,0.000923550460159391,0.0389746614176278,0.0236961766072374,4,500,TRUE,TRUE,TRUE,TRUE,TRUE,TRUE,TRUE,"rhat"
"sparse_mixture",1,"block_csr","sbayesr","vgs",500,1000,1.00067202492513,3129.17246830062,3537.34010626067,0.000704399380160232,0.0394317952816133,0.0178637410528627,4,1000,TRUE,TRUE,TRUE,TRUE,TRUE,TRUE,TRUE,"rhat"
"sparse_mixture",1,"block_csr","sbayesr","vgs",500,2000,1.00019415382388,6643.01310712066,7588.27078957129,0.000476227556403262,0.0388328632920586,0.0122635189896144,4,2000,TRUE,TRUE,TRUE,TRUE,TRUE,TRUE,TRUE,"rhat"
"sparse_mixture",1,"block_csr","sbayesr","vgs",1000,250,0.999378736820422,691.561009211661,1034.21390027316,0.00148835415647854,0.0391057813310472,0.0380596961835127,4,250,TRUE,TRUE,TRUE,TRUE,TRUE,TRUE,TRUE,"rhat"
"sparse_mixture",1,"block_csr","sbayesr","vgs",1000,500,1.00018893227296,1388.61076096139,1668.18921580739,0.00106954213421046,0.0398934191130942,0.0268099891658422,4,500,TRUE,TRUE,TRUE,TRUE,TRUE,TRUE,TRUE,"rhat"
"sparse_mixture",1,"block_csr","sbayesr","vgs",1000,1000,0.99983219050083,3060.17679117603,3573.26683098149,0.000708980921068505,0.039288036084754,0.0180457205735369,4,1000,TRUE,TRUE,TRUE,TRUE,TRUE,TRUE,TRUE,"rhat"
"sparse_mixture",1,"block_csr","sbayesr","vgs",1000,2000,1.0005027868385,6459.89200349465,6754.66841923926,0.000479502498800854,0.0385283976636456,0.0124454305882879,4,2000,TRUE,TRUE,TRUE,TRUE,TRUE,TRUE,TRUE,"rhat"
"sparse_mixture",1,"block_csr","sbayesr","vld",250,250,0.999969772132488,1124.56181517378,1084.89651756294,4.66300117602743e-05,0.00156096111125058,0.029872628744041,4,250,TRUE,TRUE,TRUE,TRUE,TRUE,TRUE,TRUE,"rhat"
"sparse_mixture",1,"block_csr","sbayesr","vld",250,500,0.99911222788625,2166.98919092947,2103.08439681082,3.29260538769456e-05,0.00153241730850355,0.0214863495042998,4,500,TRUE,TRUE,TRUE,TRUE,TRUE,TRUE,TRUE,"rhat"
"sparse_mixture",1,"block_csr","sbayesr","vld",250,1000,0.999598537754411,4172.73154420708,4056.39965785905,2.36514467613041e-05,0.00152848245933629,0.0154738097364717,4,1000,TRUE,TRUE,TRUE,TRUE,TRUE,TRUE,TRUE,"rhat"
"sparse_mixture",1,"block_csr","sbayesr","vld",250,2000,1.00004996304279,8502.92359045891,7932.67984287881,1.68250644901092e-05,0.00155044805367971,0.0108517434364717,4,2000,TRUE,TRUE,TRUE,TRUE,TRUE,TRUE,TRUE,"rhat"
"sparse_mixture",1,"block_csr","sbayesr","vld",500,250,1.00002429987245,1065.70638815769,1037.9663353685,4.61213139246504e-05,0.00150409056066509,0.0306639208640842,4,250,TRUE,TRUE,TRUE,TRUE,TRUE,TRUE,TRUE,"rhat"
"sparse_mixture",1,"block_csr","sbayesr","vld",500,500,0.999924314015134,2046.75731240286,2020.26983118408,3.32902807860738e-05,0.00150404824973596,0.0221337851308414,4,500,TRUE,TRUE,TRUE,TRUE,TRUE,TRUE,TRUE,"rhat"
"sparse_mixture",1,"block_csr","sbayesr","vld",500,1000,0.999778450162685,4252.01219482097,4086.75837787772,2.34011800338152e-05,0.00152553700505226,0.0153396344738379,4,1000,TRUE,TRUE,TRUE,TRUE,TRUE,TRUE,TRUE,"rhat"
"sparse_mixture",1,"block_csr","sbayesr","vld",500,2000,0.999948576071749,8501.06268299891,7846.19034156937,1.67789605294438e-05,0.00154590949825752,0.0108537793113738,4,2000,TRUE,TRUE,TRUE,TRUE,TRUE,TRUE,TRUE,"rhat"
"sparse_mixture",1,"block_csr","sbayesr","vld",1000,250,1.00103355446628,962.663229817005,879.353479907943,4.99692369703621e-05,0.0015443184070975,0.032356822751519,4,250,TRUE,TRUE,TRUE,TRUE,TRUE,TRUE,TRUE,"rhat"
"sparse_mixture",1,"block_csr","sbayesr","vld",1000,500,0.999692938352547,2198.17363010801,2057.23891260559,3.30787009897673e-05,0.00154678012764384,0.0213855223496793,4,500,TRUE,TRUE,TRUE,TRUE,TRUE,TRUE,TRUE,"rhat"
"sparse_mixture",1,"block_csr","sbayesr","vld",1000,1000,0.999529628601741,4200.91265352051,3848.9006369295,2.4048869018583e-05,0.00155691825247923,0.0154464558304765,4,1000,TRUE,TRUE,TRUE,TRUE,TRUE,TRUE,TRUE,"rhat"
"sparse_mixture",1,"block_csr","sbayesr","vld",1000,2000,0.999829015010935,8533.99883060441,7891.60118362457,1.6891699674727e-05,0.00156001972629121,0.0108278756928833,4,2000,TRUE,TRUE,TRUE,TRUE,TRUE,TRUE,TRUE,"rhat"
"sparse_mixture",1,"block_csr","sbayesr","vle",250,250,1.00057631014072,988.843869323637,884.684390990673,0.00127492238940148,0.0400393393448356,0.0318417439014492,4,250,TRUE,TRUE,TRUE,TRUE,TRUE,TRUE,TRUE,"rhat"
"sparse_mixture",1,"block_csr","sbayesr","vle",250,500,1.00203631237507,1614.65352462425,1695.84317232364,0.000987672002086786,0.0395761493741156,0.0249562430329001,4,500,TRUE,TRUE,TRUE,TRUE,TRUE,TRUE,TRUE,"rhat"
"sparse_mixture",1,"block_csr","sbayesr","vle",250,1000,0.999583574243066,3291.43438406977,3573.10863121357,0.000687214277010515,0.0394240582107656,0.0174313428956651,4,1000,TRUE,TRUE,TRUE,TRUE,TRUE,TRUE,TRUE,"rhat"
"sparse_mixture",1,"block_csr","sbayesr","vle",250,2000,0.999921023542804,6370.75822211743,7477.89509496974,0.000492030389654572,0.039301540425406,0.0125193665268272,4,2000,TRUE,TRUE,TRUE,TRUE,TRUE,TRUE,TRUE,"rhat"
"sparse_mixture",1,"block_csr","sbayesr","vle",500,250,1.00483111193161,729.448456349748,772.121383648445,0.00145738191737925,0.0391246248233178,0.0372497352744113,4,250,TRUE,TRUE,TRUE,TRUE,TRUE,TRUE,TRUE,"rhat"
"sparse_mixture",1,"block_csr","sbayesr","vle",500,500,1.0017032427655,1788.43807743016,1661.16610768366,0.00092677386470182,0.0391614375533067,0.0236654709991249,4,500,TRUE,TRUE,TRUE,TRUE,TRUE,TRUE,TRUE,"rhat"
"sparse_mixture",1,"block_csr","sbayesr","vle",500,1000,1.00062290602526,3146.02170483106,3545.557783227,0.000706871235278747,0.0396133402727571,0.0178442724196343,4,1000,TRUE,TRUE,TRUE,TRUE,TRUE,TRUE,TRUE,"rhat"
"sparse_mixture",1,"block_csr","sbayesr","vle",500,2000,1.0001720720655,6630.56498000429,7124.11015293361,0.000478720693539592,0.0389989835444902,0.0122752095062546,4,2000,TRUE,TRUE,TRUE,TRUE,TRUE,TRUE,TRUE,"rhat"
"sparse_mixture",1,"block_csr","sbayesr","vle",1000,250,0.999487610518744,678.234716485857,1012.48801027702,0.00150793147261527,0.0393575011449524,0.0383136995171925,4,250,TRUE,TRUE,TRUE,TRUE,TRUE,TRUE,TRUE,"rhat"
"sparse_mixture",1,"block_csr","sbayesr","vle",1000,500,1.00011686364781,1380.90456449196,1667.32363517322,0.0010781577582132,0.0400699411269458,0.0269068964887541,4,500,TRUE,TRUE,TRUE,TRUE,TRUE,TRUE,TRUE,"rhat"
"sparse_mixture",1,"block_csr","sbayesr","vle",1000,1000,0.999834644397585,3040.41905644504,3619.44215167744,0.000714741895635508,0.0394570019074621,0.0181144501883793,4,1000,TRUE,TRUE,TRUE,TRUE,TRUE,TRUE,TRUE,"rhat"
"sparse_mixture",1,"block_csr","sbayesr","vle",1000,2000,1.00057239552612,6433.85546884246,6700.83220493036,0.000482657600782835,0.0386923365505746,0.0124742428039195,4,2000,TRUE,TRUE,TRUE,TRUE,TRUE,TRUE,TRUE,"rhat"
"sparse_mixture",1,"full_csr","sbayesr","global_nonnull_proportion",250,250,1.00154357858831,765.285007813548,666.428892046836,5.24337351413648e-06,0.00014428140388511,0.036341298136465,4,250,TRUE,TRUE,TRUE,TRUE,TRUE,TRUE,TRUE,"rhat"
"sparse_mixture",1,"full_csr","sbayesr","global_nonnull_proportion",250,500,1.00324109807057,1644.24891541821,1869.79054974853,3.51168450864879e-06,0.000142072479359205,0.0247175563099038,4,500,TRUE,TRUE,TRUE,TRUE,TRUE,TRUE,TRUE,"rhat"
"sparse_mixture",1,"full_csr","sbayesr","global_nonnull_proportion",250,1000,1.00104176491898,3186.13534244037,3810.5330705387,2.51333867443427e-06,0.000141834622082661,0.0177202056700198,4,1000,TRUE,TRUE,TRUE,TRUE,TRUE,TRUE,TRUE,"rhat"
"sparse_mixture",1,"full_csr","sbayesr","global_nonnull_proportion",250,2000,0.999956336707937,6789.62260271462,7535.84089680921,1.72923303218949e-06,0.000142395772311426,0.0121438509312452,4,2000,TRUE,TRUE,TRUE,TRUE,TRUE,TRUE,TRUE,"rhat"
"sparse_mixture",1,"full_csr","sbayesr","global_nonnull_proportion",500,250,1.00182478703346,899.403438193831,1035.6311489691,4.65781282612177e-06,0.00013955757984361,0.0333755632000883,4,250,TRUE,TRUE,TRUE,TRUE,TRUE,TRUE,TRUE,"rhat"
"sparse_mixture",1,"full_csr","sbayesr","global_nonnull_proportion",500,500,1.00034968913661,1692.90813191243,1843.48674966614,3.45654713699107e-06,0.000142411867579224,0.0242714823964244,4,500,TRUE,TRUE,TRUE,TRUE,TRUE,TRUE,TRUE,"rhat"
"sparse_mixture",1,"full_csr","sbayesr","global_nonnull_proportion",500,1000,0.999929165181681,3289.69945084465,3773.85027175169,2.44829295759695e-06,0.000140496336341991,0.0174260270505375,4,1000,TRUE,TRUE,TRUE,TRUE,TRUE,TRUE,TRUE,"rhat"
"sparse_mixture",1,"full_csr","sbayesr","global_nonnull_proportion",500,2000,1.00009685763316,6891.69846492081,7296.37246182538,1.70371805118841e-06,0.000141447498012044,0.0120448793731462,4,2000,TRUE,TRUE,TRUE,TRUE,TRUE,TRUE,TRUE,"rhat"
"sparse_mixture",1,"full_csr","sbayesr","global_nonnull_proportion",1000,250,1.00108933453301,811.404565843964,994.627197134094,4.82740687842085e-06,0.000137885451005056,0.0350102700700733,4,250,TRUE,TRUE,TRUE,TRUE,TRUE,TRUE,TRUE,"rhat"
"sparse_mixture",1,"full_csr","sbayesr","global_nonnull_proportion",1000,500,1.00076487361914,1637.13969698048,1930.60264558766,3.42387598844121e-06,0.000138542970805706,0.0247134587090881,4,500,TRUE,TRUE,TRUE,TRUE,TRUE,TRUE,TRUE,"rhat"
"sparse_mixture",1,"full_csr","sbayesr","global_nonnull_proportion",1000,1000,1.00030449268583,3558.18992884362,3850.48390602275,2.36840765511853e-06,0.000141338618050016,0.016756974758876,4,1000,TRUE,TRUE,TRUE,TRUE,TRUE,TRUE,TRUE,"rhat"
"sparse_mixture",1,"full_csr","sbayesr","global_nonnull_proportion",1000,2000,1.00105862905243,7015.37690484158,7276.97887983637,1.68050276693808e-06,0.000140793921799153,0.0119359042312591,4,2000,TRUE,TRUE,TRUE,TRUE,TRUE,TRUE,TRUE,"rhat"
"sparse_mixture",1,"full_csr","sbayesr","heritability",250,250,1.00434379395277,875.145749380899,867.6467235023,0.000795794364563003,0.0234455336870176,0.0339422584781533,4,250,TRUE,TRUE,TRUE,TRUE,TRUE,TRUE,TRUE,"rhat"
"sparse_mixture",1,"full_csr","sbayesr","heritability",250,500,1.0020866230639,1810.66856996729,1731.12021982666,0.000553215849096988,0.0235463017786705,0.0234948084118297,4,500,TRUE,TRUE,TRUE,TRUE,TRUE,TRUE,TRUE,"rhat"
"sparse_mixture",1,"full_csr","sbayesr","heritability",250,1000,1.00026386847731,3408.91046514496,3759.60438865427,0.000404832748066465,0.0236244806193845,0.0171361544234031,4,1000,TRUE,TRUE,TRUE,TRUE,TRUE,TRUE,TRUE,"rhat"
"sparse_mixture",1,"full_csr","sbayesr","heritability",250,2000,1.00026425791179,6415.89918693804,7106.61228054475,0.000296120181223085,0.0237121574407718,0.0124881163581481,4,2000,TRUE,TRUE,TRUE,TRUE,TRUE,TRUE,TRUE,"rhat"
"sparse_mixture",1,"full_csr","sbayesr","heritability",500,250,1.00207628967345,920.373053546011,947.573094986627,0.000778974540877701,0.0236138974407369,0.0329879700220039,4,250,TRUE,TRUE,TRUE,TRUE,TRUE,TRUE,TRUE,"rhat"
"sparse_mixture",1,"full_csr","sbayesr","heritability",500,500,1.00134569647272,1819.93461982831,1970.7260144044,0.000547299573065661,0.0233300361658826,0.0234590109151233,4,500,TRUE,TRUE,TRUE,TRUE,TRUE,TRUE,TRUE,"rhat"
"sparse_mixture",1,"full_csr","sbayesr","heritability",500,1000,1.00025025581464,3454.48426146097,3799.49435918277,0.000400566415861469,0.0235379512308724,0.0170178964147094,4,1000,TRUE,TRUE,TRUE,TRUE,TRUE,TRUE,TRUE,"rhat"
"sparse_mixture",1,"full_csr","sbayesr","heritability",500,2000,1.00012537466971,6429.16261458389,7553.55851971729,0.000295150002449993,0.0236577250650308,0.0124758404131707,4,2000,TRUE,TRUE,TRUE,TRUE,TRUE,TRUE,TRUE,"rhat"
"sparse_mixture",1,"full_csr","sbayesr","heritability",1000,250,1.00458646111833,797.114768436316,766.203719351851,0.000862987603273913,0.0243751393910722,0.0354044171575075,4,250,TRUE,TRUE,TRUE,TRUE,TRUE,TRUE,TRUE,"rhat"
"sparse_mixture",1,"full_csr","sbayesr","heritability",1000,500,1.00022838046397,1682.30149065177,1732.90384828752,0.000578860340102748,0.0237468227472862,0.0243763279939798,4,500,TRUE,TRUE,TRUE,TRUE,TRUE,TRUE,TRUE,"rhat"
"sparse_mixture",1,"full_csr","sbayesr","heritability",1000,1000,1.00011870512484,3173.06103061335,3322.89465391379,0.000421697027855168,0.0237635260198436,0.0177455579404771,4,1000,TRUE,TRUE,TRUE,TRUE,TRUE,TRUE,TRUE,"rhat"
"sparse_mixture",1,"full_csr","sbayesr","heritability",1000,2000,1.00038375908543,5982.02418739449,7357.93058665527,0.000306534581867411,0.023706885071461,0.0129301922603247,4,2000,TRUE,TRUE,TRUE,TRUE,TRUE,TRUE,TRUE,"rhat"
"sparse_mixture",1,"full_csr","sbayesr","vbs",250,250,1.0265081340345,146.692319964539,138.115677979017,6.71129559995915e-05,0.000791589211222926,0.0847825552042438,4,250,FALSE,FALSE,FALSE,FALSE,TRUE,TRUE,FALSE,"rhat"
"sparse_mixture",1,"full_csr","sbayesr","vbs",250,500,1.00759695752988,296.371242066247,482.61922814654,4.57549181278992e-05,0.000773038718942333,0.0591883912237938,4,500,TRUE,FALSE,TRUE,FALSE,TRUE,TRUE,FALSE,"ess_bulk"
"sparse_mixture",1,"full_csr","sbayesr","vbs",250,1000,1.01863878498599,480.724430468714,824.091378382373,3.4857445221226e-05,0.000755177249582304,0.0461579652200936,4,1000,FALSE,TRUE,TRUE,TRUE,TRUE,TRUE,FALSE,"rhat"
"sparse_mixture",1,"full_csr","sbayesr","vbs",250,2000,1.00902805584196,852.897112443078,1613.56495742748,2.5494671817195e-05,0.000745648637490397,0.0341912672207134,4,2000,TRUE,TRUE,TRUE,TRUE,TRUE,TRUE,TRUE,"rhat"
"sparse_mixture",1,"full_csr","sbayesr","vbs",500,250,1.00348024141919,156.402368312333,285.954124668351,6.11347005824402e-05,0.0007529953204583,0.081188685933973,4,250,TRUE,FALSE,FALSE,FALSE,TRUE,TRUE,FALSE,"ess_bulk"
"sparse_mixture",1,"full_csr","sbayesr","vbs",500,500,1.0182900659179,268.276265880893,394.2582555549,4.57934452369187e-05,0.000736134810225521,0.0622079605539772,4,500,FALSE,FALSE,FALSE,FALSE,TRUE,TRUE,FALSE,"rhat"
"sparse_mixture",1,"full_csr","sbayesr","vbs",500,1000,1.01136364640216,430.374375493794,735.519872346094,3.60527450121999e-05,0.000744354514364371,0.0484349114789564,4,1000,FALSE,TRUE,TRUE,TRUE,TRUE,TRUE,FALSE,"rhat"
"sparse_mixture",1,"full_csr","sbayesr","vbs",500,2000,1.00622771694914,900.667185466185,1672.63364387376,2.42401521351135e-05,0.000737126786026815,0.0328846442628551,4,2000,TRUE,TRUE,TRUE,TRUE,TRUE,TRUE,TRUE,"rhat"
"sparse_mixture",1,"full_csr","sbayesr","vbs",1000,250,1.07949316910492,43.985682810413,293.49448799659,0.000114507626314073,0.000755993216437115,0.151466473275688,4,250,FALSE,FALSE,FALSE,FALSE,TRUE,TRUE,FALSE,"rhat"
"sparse_mixture",1,"full_csr","sbayesr","vbs",1000,500,1.03518691015566,188.474299465854,389.809814192092,5.49415913980335e-05,0.000750745972256329,0.0731826655465222,4,500,FALSE,FALSE,FALSE,FALSE,TRUE,TRUE,FALSE,"rhat"
"sparse_mixture",1,"full_csr","sbayesr","vbs",1000,1000,1.01194054815023,429.327158106162,864.605201576587,3.56842714953036e-05,0.000747124356260828,0.0477621579276234,4,1000,FALSE,TRUE,TRUE,TRUE,TRUE,TRUE,FALSE,"rhat"
"sparse_mixture",1,"full_csr","sbayesr","vbs",1000,2000,1.00902619762348,891.32800408046,1751.84050671088,2.44800208632737e-05,0.000744568649365306,0.032878124648602,4,2000,TRUE,TRUE,TRUE,TRUE,TRUE,TRUE,TRUE,"rhat"
"sparse_mixture",1,"full_csr","sbayesr","ves",250,250,1.00121052204887,620.118682699441,791.319675062022,0.00137738307582506,0.0342821393105121,0.0401778623950316,4,250,TRUE,TRUE,TRUE,TRUE,TRUE,TRUE,TRUE,"rhat"
"sparse_mixture",1,"full_csr","sbayesr","ves",250,500,1.00027985226938,1290.73416708198,1561.75037491944,0.000978683934389464,0.0351201407367939,0.0278667429531152,4,500,TRUE,TRUE,TRUE,TRUE,TRUE,TRUE,TRUE,"rhat"
"sparse_mixture",1,"full_csr","sbayesr","ves",250,1000,1.00007305140518,2453.15573434108,3115.55172389628,0.000712133963451731,0.0352511707734971,0.0202017109737284,4,1000,TRUE,TRUE,TRUE,TRUE,TRUE,TRUE,TRUE,"rhat"
"sparse_mixture",1,"full_csr","sbayesr","ves",250,2000,1.00084580933632,4834.81360764142,6381.35356997122,0.000506197592705887,0.0351923986966178,0.0143837195375528,4,2000,TRUE,TRUE,TRUE,TRUE,TRUE,TRUE,TRUE,"rhat"
"sparse_mixture",1,"full_csr","sbayesr","ves",500,250,1.00195179292414,642.614028631582,727.734545728504,0.00141774493046988,0.0359162596646667,0.0394736240272984,4,250,TRUE,TRUE,TRUE,TRUE,TRUE,TRUE,TRUE,"rhat"
"sparse_mixture",1,"full_csr","sbayesr","ves",500,500,1.00101890403527,1290.26152361252,1632.76001195536,0.000988111357853292,0.0354763337379622,0.0278526908995656,4,500,TRUE,TRUE,TRUE,TRUE,TRUE,TRUE,TRUE,"rhat"
"sparse_mixture",1,"full_csr","sbayesr","ves",500,1000,1.00074951801063,2504.97836983047,3068.46600350506,0.00069989111910821,0.0350305767113084,0.0199794346771995,4,1000,TRUE,TRUE,TRUE,TRUE,TRUE,TRUE,TRUE,"rhat"
"sparse_mixture",1,"full_csr","sbayesr","ves",500,2000,1.00013852776377,4850.61127524451,6408.19823856906,0.000503927097056952,0.0350893852706433,0.0143612403913656,4,2000,TRUE,TRUE,TRUE,TRUE,TRUE,TRUE,TRUE,"rhat"
"sparse_mixture",1,"full_csr","sbayesr","ves",1000,250,1.00069386573944,573.604826036443,720.611186895142,0.00148965033440742,0.0357536328246106,0.0416643070010507,4,250,TRUE,TRUE,TRUE,TRUE,TRUE,TRUE,TRUE,"rhat"
"sparse_mixture",1,"full_csr","sbayesr","ves",1000,500,1.00092296091954,1214.83447366744,1436.57573391558,0.000991637526234951,0.0345878338472921,0.0286701251837021,4,500,TRUE,TRUE,TRUE,TRUE,TRUE,TRUE,TRUE,"rhat"
"sparse_mixture",1,"full_csr","sbayesr","ves",1000,1000,1.00073119132427,2394.99632796911,2935.94750009645,0.000710289053199681,0.0347868593814017,0.0204183150140719,4,1000,TRUE,TRUE,TRUE,TRUE,TRUE,TRUE,TRUE,"rhat"
"sparse_mixture",1,"full_csr","sbayesr","ves",1000,2000,1.00010612242252,4509.78698430387,6431.09035705444,0.000519773992850721,0.0349110447515721,0.0148885258676572,4,2000,TRUE,TRUE,TRUE,TRUE,TRUE,TRUE,TRUE,"rhat"
"sparse_mixture",1,"full_csr","sbayesr","vgs",250,250,1.00624623649194,997.293144768178,685.499178487269,0.00121757453096517,0.0381961504391562,0.0318768911779389,4,250,TRUE,TRUE,TRUE,TRUE,TRUE,TRUE,TRUE,"rhat"
"sparse_mixture",1,"full_csr","sbayesr","vgs",250,500,1.00291448657131,2083.18005105972,1836.83025150422,0.000836989885460337,0.0382384897107305,0.0218886753057473,4,500,TRUE,TRUE,TRUE,TRUE,TRUE,TRUE,TRUE,"rhat"
"sparse_mixture",1,"full_csr","sbayesr","vgs",250,1000,1.00098148206037,3831.79996835287,3299.00243181214,0.000619381496422624,0.0383474852470539,0.0161518152346172,4,1000,TRUE,TRUE,TRUE,TRUE,TRUE,TRUE,TRUE,"rhat"
"sparse_mixture",1,"full_csr","sbayesr","vgs",250,2000,1.00036099567102,7031.06043910433,6961.86841019589,0.000459451693201093,0.0385143631815836,0.0119293597309377,4,2000,TRUE,TRUE,TRUE,TRUE,TRUE,TRUE,TRUE,"rhat"
"sparse_mixture",1,"full_csr","sbayesr","vgs",500,250,1.00082369317096,1109.96882691399,970.052845229272,0.00114868965186347,0.0382365738525121,0.0300416469397663,4,250,TRUE,TRUE,TRUE,TRUE,TRUE,TRUE,TRUE,"rhat"
"sparse_mixture",1,"full_csr","sbayesr","vgs",500,500,1.00055719028125,2045.62054421748,1973.76348084526,0.000833218973304772,0.0377381464307821,0.0220789586163971,4,500,TRUE,TRUE,TRUE,TRUE,TRUE,TRUE,TRUE,"rhat"
"sparse_mixture",1,"full_csr","sbayesr","vgs",500,1000,1.00026260967551,3747.67730870592,3866.51554643109,0.00062754794689946,0.0383488107686093,0.0163642088065256,4,1000,TRUE,TRUE,TRUE,TRUE,TRUE,TRUE,TRUE,"rhat"
"sparse_mixture",1,"full_csr","sbayesr","vgs",500,2000,1.00030084137715,7046.29069055806,7136.1134231982,0.000458571603594463,0.038505276133407,0.0119093186607902,4,2000,TRUE,TRUE,TRUE,TRUE,TRUE,TRUE,TRUE,"rhat"
"sparse_mixture",1,"full_csr","sbayesr","vgs",1000,250,1.0070810540961,962.473207267145,729.749551429304,0.00127966055651776,0.0396927638455688,0.0322391396451124,4,250,TRUE,TRUE,TRUE,TRUE,TRUE,TRUE,TRUE,"rhat"
"sparse_mixture",1,"full_csr","sbayesr","vgs",1000,500,1.00205053691512,1762.38645643331,1693.58233553557,0.000929521373727757,0.038950147116564,0.0238643867235219,4,500,TRUE,TRUE,TRUE,TRUE,TRUE,TRUE,TRUE,"rhat"
"sparse_mixture",1,"full_csr","sbayesr","vgs",1000,1000,1.00089410559309,3453.83945204775,3261.10223802759,0.000661655389002755,0.0388082591853882,0.0170493447243281,4,1000,TRUE,TRUE,TRUE,TRUE,TRUE,TRUE,TRUE,"rhat"
"sparse_mixture",1,"full_csr","sbayesr","vgs",1000,2000,1.00080362429323,6404.17386009868,7153.42194403071,0.000483023814492273,0.0386907048433201,0.0124842340414397,4,2000,TRUE,TRUE,TRUE,TRUE,TRUE,TRUE,TRUE,"rhat"
"sparse_mixture",1,"full_csr","sbayesr","vld",250,250,1.00078758755783,1012.86402103359,1016.91730111975,3.95370677803731e-05,0.00125127504842629,0.031597423628081,4,250,TRUE,TRUE,TRUE,TRUE,TRUE,TRUE,TRUE,"rhat"
"sparse_mixture",1,"full_csr","sbayesr","vld",250,500,1.00020064987467,1982.08737339083,2002.46904358745,2.79094841154917e-05,0.00124332503280387,0.022447456118978,4,500,TRUE,TRUE,TRUE,TRUE,TRUE,TRUE,TRUE,"rhat"
"sparse_mixture",1,"full_csr","sbayesr","vld",250,1000,0.999814051850047,4073.39287620316,3839.28044869967,1.95310506191005e-05,0.00125309399148206,0.0155862614870579,4,1000,TRUE,TRUE,TRUE,TRUE,TRUE,TRUE,TRUE,"rhat"
"sparse_mixture",1,"full_csr","sbayesr","vld",250,2000,0.999824965317479,8121.32094433875,8289.28451562748,1.37840625183529e-05,0.00124364810935646,0.0110835713210593,4,2000,TRUE,TRUE,TRUE,TRUE,TRUE,TRUE,TRUE,"rhat"
"sparse_mixture",1,"full_csr","sbayesr","vld",500,250,1.00205085404543,982.123853006131,943.485514551808,3.90555335781696e-05,0.00123565714173334,0.0316070957380491,4,250,TRUE,TRUE,TRUE,TRUE,TRUE,TRUE,TRUE,"rhat"
"sparse_mixture",1,"full_csr","sbayesr","vld",500,500,0.999743413146442,1938.67422363653,1884.29237279527,2.83082385536198e-05,0.00125721301278255,0.0225166604750344,4,500,TRUE,TRUE,TRUE,TRUE,TRUE,TRUE,TRUE,"rhat"
"sparse_mixture",1,"full_csr","sbayesr","vld",500,1000,0.999795357110157,3976.96300591293,4046.33449971633,1.9528662406055e-05,0.00125515265079692,0.0155587946961319,4,1000,TRUE,TRUE,TRUE,TRUE,TRUE,TRUE,TRUE,"rhat"
"sparse_mixture",1,"full_csr","sbayesr","vld",500,2000,0.99995212273347,7857.81530681877,8172.96603915987,1.39869233367523e-05,0.00123913060322829,0.0112876909829459,4,2000,TRUE,TRUE,TRUE,TRUE,TRUE,TRUE,TRUE,"rhat"
"sparse_mixture",1,"full_csr","sbayesr","vld",1000,250,1.0018317068611,1159.30115746023,1027.54858681052,3.61271162375401e-05,0.00124688661540237,0.0289738584016172,4,250,TRUE,TRUE,TRUE,TRUE,TRUE,TRUE,TRUE,"rhat"
"sparse_mixture",1,"full_csr","sbayesr","vld",1000,500,0.999094755323503,2080.5898223464,1973.57733288592,2.69152624223963e-05,0.00125315404855982,0.0214780157741408,4,500,TRUE,TRUE,TRUE,TRUE,TRUE,TRUE,TRUE,"rhat"
"sparse_mixture",1,"full_csr","sbayesr","vld",1000,1000,0.999599335652639,4118.93124676043,3648.51275946939,1.9388043267753e-05,0.00124021915632867,0.0156327558470763,4,1000,TRUE,TRUE,TRUE,TRUE,TRUE,TRUE,TRUE,"rhat"
"sparse_mixture",1,"full_csr","sbayesr","vld",1000,2000,0.999847566198712,8092.22778444944,7746.36668818699,1.38809090659223e-05,0.00124430937833004,0.0111555126945612,4,2000,TRUE,TRUE,TRUE,TRUE,TRUE,TRUE,TRUE,"rhat"
"sparse_mixture",1,"full_csr","sbayesr","vle",250,250,1.00636621682937,973.691061306954,698.95009386872,0.00122954051286561,0.0382789246399622,0.0321205604501754,4,250,TRUE,TRUE,TRUE,TRUE,TRUE,TRUE,TRUE,"rhat"
"sparse_mixture",1,"full_csr","sbayesr","vle",250,500,1.00304430061629,2072.67522062145,1676.0655045345,0.000840196840967633,0.0383145089253478,0.021928947141269,4,500,TRUE,TRUE,TRUE,TRUE,TRUE,TRUE,TRUE,"rhat"
"sparse_mixture",1,"full_csr","sbayesr","vle",250,1000,1.00087494360945,3827.77723433363,3349.25921022005,0.000620466034439224,0.0384094708465538,0.0161539854823304,4,1000,TRUE,TRUE,TRUE,TRUE,TRUE,TRUE,TRUE,"rhat"
"sparse_mixture",1,"full_csr","sbayesr","vle",250,2000,1.00035953497877,7011.56724896141,7059.75156015434,0.000460471496157051,0.0385635988273231,0.0119405737576234,4,2000,TRUE,TRUE,TRUE,TRUE,TRUE,TRUE,TRUE,"rhat"
"sparse_mixture",1,"full_csr","sbayesr","vle",500,250,1.001922023897,1116.20964296455,970.052845229272,0.00114832888312813,0.0383075446088133,0.0299765723659546,4,250,TRUE,TRUE,TRUE,TRUE,TRUE,TRUE,TRUE,"rhat"
"sparse_mixture",1,"full_csr","sbayesr","vle",500,500,1.00043889576449,2061.64700723155,1973.81002612061,0.000832296574399742,0.0378105288250394,0.02201229658149,4,500,TRUE,TRUE,TRUE,TRUE,TRUE,TRUE,TRUE,"rhat"
"sparse_mixture",1,"full_csr","sbayesr","vle",500,1000,1.00023083958578,3751.4624403222,3906.3796840602,0.0006283920813992,0.0383989495617314,0.0163648247822242,4,1000,TRUE,TRUE,TRUE,TRUE,TRUE,TRUE,TRUE,"rhat"
"sparse_mixture",1,"full_csr","sbayesr","vle",500,2000,1.00030965244803,7035.3617431261,7274.15868831818,0.000459451923839186,0.0385528736627341,0.0119174494710442,4,2000,TRUE,TRUE,TRUE,TRUE,TRUE,TRUE,TRUE,"rhat"
"sparse_mixture",1,"full_csr","sbayesr","vle",1000,250,1.00696823558383,961.521527811768,713.396677333791,0.00128040800372438,0.0397163229943769,0.0322388355011028,4,250,TRUE,TRUE,TRUE,TRUE,TRUE,TRUE,TRUE,"rhat"
"sparse_mixture",1,"full_csr","sbayesr","vle",1000,500,1.00194811554879,1757.9317963767,1796.8547489617,0.000930594721096714,0.0389792927961332,0.0238740791415546,4,500,TRUE,TRUE,TRUE,TRUE,TRUE,TRUE,TRUE,"rhat"
"sparse_mixture",1,"full_csr","sbayesr","vle",1000,1000,1.00088005965473,3432.68181489172,3622.36742445895,0.000663394014596122,0.0388359436476731,0.0170819594501052,4,1000,TRUE,TRUE,TRUE,TRUE,TRUE,TRUE,TRUE,"rhat"
"sparse_mixture",1,"full_csr","sbayesr","vle",1000,2000,1.00078505124685,6388.55958599441,7104.93254799101,0.000484040605567252,0.0387333507831813,0.0124967397805777,4,2000,TRUE,TRUE,TRUE,TRUE,TRUE,TRUE,TRUE,"rhat"
"sparse_mixture",1,"low_rank_0995","sbayesr","global_nonnull_proportion",250,250,1.00294392670141,745.580621491731,917.959376773965,5.29828716118222e-06,0.000144903197002828,0.0365643220492838,4,250,TRUE,TRUE,TRUE,TRUE,TRUE,TRUE,TRUE,"rhat"
"sparse_mixture",1,"low_rank_0995","sbayesr","global_nonnull_proportion",250,500,1.00297443971376,1636.35580925701,1820.77333604008,3.44797933438131e-06,0.000139362439655913,0.0247410948236441,4,500,TRUE,TRUE,TRUE,TRUE,TRUE,TRUE,TRUE,"rhat"
"sparse_mixture",1,"low_rank_0995","sbayesr","global_nonnull_proportion",250,1000,1.00040199368356,3415.16657306294,3850.60363987396,2.42823111988519e-06,0.000142070630157357,0.017091717811033,4,1000,TRUE,TRUE,TRUE,TRUE,TRUE,TRUE,TRUE,"rhat"
"sparse_mixture",1,"low_rank_0995","sbayesr","global_nonnull_proportion",250,2000,1.00056020844584,6607.35750452839,7462.05505950639,1.73729183659007e-06,0.000141319804513552,0.0122933359734691,4,2000,TRUE,TRUE,TRUE,TRUE,TRUE,TRUE,TRUE,"rhat"
"sparse_mixture",1,"low_rank_0995","sbayesr","global_nonnull_proportion",500,250,1.00025985044206,908.576826638933,852.381094292901,4.42533704231824e-06,0.000133259583278381,0.0332083962252355,4,250,TRUE,TRUE,TRUE,TRUE,TRUE,TRUE,TRUE,"rhat"
"sparse_mixture",1,"low_rank_0995","sbayesr","global_nonnull_proportion",500,500,1.00213812304438,1754.33708676515,1818.89844200766,3.32378675176225e-06,0.000139490913870716,0.0238279803288322,4,500,TRUE,TRUE,TRUE,TRUE,TRUE,TRUE,TRUE,"rhat"
"sparse_mixture",1,"low_rank_0995","sbayesr","global_nonnull_proportion",500,1000,1.00088495719184,3541.70960778508,3701.7722626604,2.35128377259748e-06,0.000140029529337219,0.0167913423956108,4,1000,TRUE,TRUE,TRUE,TRUE,TRUE,TRUE,TRUE,"rhat"
"sparse_mixture",1,"low_rank_0995","sbayesr","global_nonnull_proportion",500,2000,1.00107824037751,6827.37324949211,7534.99624010074,1.70616929928356e-06,0.000141116037584241,0.0120905414330745,4,2000,TRUE,TRUE,TRUE,TRUE,TRUE,TRUE,TRUE,"rhat"
"sparse_mixture",1,"low_rank_0995","sbayesr","global_nonnull_proportion",1000,250,0.999331475243749,916.562641025246,1078.45083468759,4.75884904286211e-06,0.000143868110553025,0.0330778587733531,4,250,TRUE,TRUE,TRUE,TRUE,TRUE,TRUE,TRUE,"rhat"
"sparse_mixture",1,"low_rank_0995","sbayesr","global_nonnull_proportion",1000,500,1.00048590042011,1733.21923930788,1933.91349444445,3.37366031197696e-06,0.00014033124874205,0.024040691878815,4,500,TRUE,TRUE,TRUE,TRUE,TRUE,TRUE,TRUE,"rhat"
"sparse_mixture",1,"low_rank_0995","sbayesr","global_nonnull_proportion",1000,1000,1.00079325293755,3333.48493014642,3666.22414172203,2.45352563873921e-06,0.000141665109630451,0.0173191948613141,4,1000,TRUE,TRUE,TRUE,TRUE,TRUE,TRUE,TRUE,"rhat"
"sparse_mixture",1,"low_rank_0995","sbayesr","global_nonnull_proportion",1000,2000,1.00050041645919,6825.15267251847,7653.01937968879,1.71131161871046e-06,0.000141447133546227,0.0120985952546799,4,2000,TRUE,TRUE,TRUE,TRUE,TRUE,TRUE,TRUE,"rhat"
"sparse_mixture",1,"low_rank_0995","sbayesr","heritability",250,250,1.0071406829022,683.0325154853,1035.6517445824,0.000874825183664473,0.0229524105068844,0.0381147410814248,4,250,TRUE,TRUE,TRUE,TRUE,TRUE,TRUE,TRUE,"rhat"
"sparse_mixture",1,"low_rank_0995","sbayesr","heritability",250,500,1.00261859676337,1221.39443943431,1894.66839656428,0.000670065269618803,0.0234326270304934,0.0285953968689397,4,500,TRUE,TRUE,TRUE,TRUE,TRUE,TRUE,TRUE,"rhat"
"sparse_mixture",1,"low_rank_0995","sbayesr","heritability",250,1000,1.00235496950185,2678.59178552926,3928.96082768533,0.000452659305343557,0.0234463155315711,0.0193062020654818,4,1000,TRUE,TRUE,TRUE,TRUE,TRUE,TRUE,TRUE,"rhat"
"sparse_mixture",1,"low_rank_0995","sbayesr","heritability",250,2000,1.00017699851932,5586.52890963054,7969.78464263343,0.000314119766532928,0.0234891101006026,0.0133729956216975,4,2000,TRUE,TRUE,TRUE,TRUE,TRUE,TRUE,TRUE,"rhat"
"sparse_mixture",1,"low_rank_0995","sbayesr","heritability",500,250,1.00051998645049,617.31352830029,916.569005442379,0.000963215239810427,0.0239146196982432,0.0402772551671054,4,250,TRUE,TRUE,TRUE,TRUE,TRUE,TRUE,TRUE,"rhat"
"sparse_mixture",1,"low_rank_0995","sbayesr","heritability",500,500,1.00050624407916,1354.03772096512,1894.24879900395,0.000638941140207446,0.023572180816108,0.0271057287907289,4,500,TRUE,TRUE,TRUE,TRUE,TRUE,TRUE,TRUE,"rhat"
"sparse_mixture",1,"low_rank_0995","sbayesr","heritability",500,1000,0.999484200843946,2799.91476428827,3839.23011740067,0.000448249936807953,0.0237129717091026,0.0189031531900274,4,1000,TRUE,TRUE,TRUE,TRUE,TRUE,TRUE,TRUE,"rhat"
"sparse_mixture",1,"low_rank_0995","sbayesr","heritability",500,2000,1.00008896065967,5512.14444359629,7886.32399000093,0.000317315716765456,0.0235645095482625,0.013465831576743,4,2000,TRUE,TRUE,TRUE,TRUE,TRUE,TRUE,TRUE,"rhat"
"sparse_mixture",1,"low_rank_0995","sbayesr","heritability",1000,250,1.00045916919354,778.235344809108,963.151191821479,0.000851083758033536,0.0236805123489755,0.0359402594627712,4,250,TRUE,TRUE,TRUE,TRUE,TRUE,TRUE,TRUE,"rhat"
"sparse_mixture",1,"low_rank_0995","sbayesr","heritability",1000,500,1.00001070095503,1515.76078195064,1763.42254342619,0.000610421526233201,0.0238554584987444,0.025588337623665,4,500,TRUE,TRUE,TRUE,TRUE,TRUE,TRUE,TRUE,"rhat"
"sparse_mixture",1,"low_rank_0995","sbayesr","heritability",1000,1000,0.999983205314379,2963.06304846064,3746.11725931492,0.000436588934096357,0.0237537534060594,0.0183797872543792,4,1000,TRUE,TRUE,TRUE,TRUE,TRUE,TRUE,TRUE,"rhat"
"sparse_mixture",1,"low_rank_0995","sbayesr","heritability",1000,2000,1.00020393709732,5688.24037954218,7273.13779910597,0.000311385319118002,0.0234833216719965,0.0132598498401239,4,2000,TRUE,TRUE,TRUE,TRUE,TRUE,TRUE,TRUE,"rhat"
"sparse_mixture",1,"low_rank_0995","sbayesr","vbs",250,250,1.09091731868073,37.7107325796543,136.282698186504,0.000139680785941247,0.000836055322546781,0.167071223846471,4,250,FALSE,FALSE,FALSE,FALSE,TRUE,TRUE,FALSE,"rhat"
"sparse_mixture",1,"low_rank_0995","sbayesr","vbs",250,500,1.04073168028269,170.33701230085,372.879617617697,6.04800367846719e-05,0.000780647603686452,0.0774741848935,4,500,FALSE,FALSE,FALSE,FALSE,TRUE,TRUE,FALSE,"rhat"
"sparse_mixture",1,"low_rank_0995","sbayesr","vbs",250,1000,1.01166662923046,448.091341647199,743.948984385244,3.62850293169354e-05,0.000764911652731755,0.0474368891980524,4,1000,FALSE,TRUE,TRUE,TRUE,TRUE,TRUE,FALSE,"rhat"
"sparse_mixture",1,"low_rank_0995","sbayesr","vbs",250,2000,1.005888470602,843.448400016487,1523.71351654071,2.68041486135293e-05,0.000763189228427484,0.0351212354880297,4,2000,TRUE,TRUE,TRUE,TRUE,TRUE,TRUE,TRUE,"rhat"
"sparse_mixture",1,"low_rank_0995","sbayesr","vbs",500,250,1.01347009660251,133.653928106869,321.926695252689,6.18799957506264e-05,0.000719882881135556,0.0859584209767786,4,250,FALSE,FALSE,FALSE,FALSE,TRUE,TRUE,FALSE,"rhat"
"sparse_mixture",1,"low_rank_0995","sbayesr","vbs",500,500,1.01098905135987,248.929055711201,492.988756332359,4.63626060709214e-05,0.000735189320057757,0.0630621321692746,4,500,FALSE,FALSE,TRUE,FALSE,TRUE,TRUE,FALSE,"rhat"
"sparse_mixture",1,"low_rank_0995","sbayesr","vbs",500,1000,1.00375885238358,495.824364610102,868.767221541306,3.25812270863278e-05,0.000723270307775036,0.0450470961355458,4,1000,TRUE,TRUE,TRUE,TRUE,TRUE,TRUE,TRUE,"rhat"
"sparse_mixture",1,"low_rank_0995","sbayesr","vbs",500,2000,1.00514146010741,924.490917407613,1656.98730189504,2.5218145971385e-05,0.000753926826204368,0.033449063085267,4,2000,TRUE,TRUE,TRUE,TRUE,TRUE,TRUE,TRUE,"rhat"
"sparse_mixture",1,"low_rank_0995","sbayesr","vbs",1000,250,1.0233342582098,125.15254944344,184.82793422828,6.8778181783566e-05,0.0007448026028766,0.0923441748430104,4,250,FALSE,FALSE,FALSE,FALSE,TRUE,TRUE,FALSE,"rhat"
"sparse_mixture",1,"low_rank_0995","sbayesr","vbs",1000,500,1.02275506101399,250.235439144024,374.315279465246,4.56596019854282e-05,0.000711335404883791,0.0641885693752127,4,500,FALSE,FALSE,FALSE,FALSE,TRUE,TRUE,FALSE,"rhat"
"sparse_mixture",1,"low_rank_0995","sbayesr","vbs",1000,1000,1.00897364518458,386.986406218894,614.55059971711,3.97174904719524e-05,0.000748501619378011,0.0530626647206947,4,1000,TRUE,FALSE,TRUE,FALSE,TRUE,TRUE,FALSE,"ess_bulk"
"sparse_mixture",1,"low_rank_0995","sbayesr","vbs",1000,2000,1.00335463094527,967.385909138237,1741.67561856092,2.48988657648314e-05,0.000752792807771195,0.0330753236585109,4,2000,TRUE,TRUE,TRUE,TRUE,TRUE,TRUE,TRUE,"rhat"
"sparse_mixture",1,"low_rank_0995","sbayesr","ves",250,250,0.998929774746727,613.174663832786,845.058183469007,0.00140836244112744,0.0347823316770608,0.0404907426622081,4,250,TRUE,TRUE,TRUE,TRUE,TRUE,TRUE,TRUE,"rhat"
"sparse_mixture",1,"low_rank_0995","sbayesr","ves",250,500,1.0009239187408,1064.58275767003,1652.36476842078,0.00107588386147253,0.0350716846622615,0.0306767089129946,4,500,TRUE,TRUE,TRUE,TRUE,TRUE,TRUE,TRUE,"rhat"
"sparse_mixture",1,"low_rank_0995","sbayesr","ves",250,1000,1.00144132110026,2208.98608750951,3342.92446825557,0.000743979038572362,0.0349935480326582,0.0212604631538943,4,1000,TRUE,TRUE,TRUE,TRUE,TRUE,TRUE,TRUE,"rhat"
"sparse_mixture",1,"low_rank_0995","sbayesr","ves",250,2000,1.00020169030379,4826.2878246274,6378.94934594846,0.000503526899436778,0.0349764073804558,0.0143961869485241,4,2000,TRUE,TRUE,TRUE,TRUE,TRUE,TRUE,TRUE,"rhat"
"sparse_mixture",1,"low_rank_0995","sbayesr","ves",500,250,1.00590749920853,505.196012807785,801.144040957573,0.00157719506497335,0.0353727462601098,0.0445878601954062,4,250,TRUE,TRUE,TRUE,TRUE,TRUE,TRUE,TRUE,"rhat"
"sparse_mixture",1,"low_rank_0995","sbayesr","ves",500,500,1.00190308954978,1162.27041643617,1661.05840511572,0.00103951987626158,0.0354416954266594,0.0293304218025543,4,500,TRUE,TRUE,TRUE,TRUE,TRUE,TRUE,TRUE,"rhat"
"sparse_mixture",1,"low_rank_0995","sbayesr","ves",500,1000,1.00164513482254,2211.93735240787,3300.78142872415,0.0007418705093294,0.0349296832577039,0.0212389704153924,4,1000,TRUE,TRUE,TRUE,TRUE,TRUE,TRUE,TRUE,"rhat"
"sparse_mixture",1,"low_rank_0995","sbayesr","ves",500,2000,1.00082052739168,4810.92071383666,6330.34259733525,0.000503882242699469,0.0349434285741244,0.0144199428407719,4,2000,TRUE,TRUE,TRUE,TRUE,TRUE,TRUE,TRUE,"rhat"
"sparse_mixture",1,"low_rank_0995","sbayesr","ves",1000,250,1.00175238970846,540.606212675187,790.260237597921,0.00147085944400602,0.0343008268223312,0.0428811658571575,4,250,TRUE,TRUE,TRUE,TRUE,TRUE,TRUE,TRUE,"rhat"
"sparse_mixture",1,"low_rank_0995","sbayesr","ves",1000,500,1.0022974537845,1124.5954792727,1448.64942772965,0.00102227206256388,0.0344049247698013,0.0297129573572319,4,500,TRUE,TRUE,TRUE,TRUE,TRUE,TRUE,TRUE,"rhat"
"sparse_mixture",1,"low_rank_0995","sbayesr","ves",1000,1000,1.0021078010484,2421.1011273071,2889.85778226374,0.000712407445790049,0.035013072089111,0.0203468991231879,4,1000,TRUE,TRUE,TRUE,TRUE,TRUE,TRUE,TRUE,"rhat"
"sparse_mixture",1,"low_rank_0995","sbayesr","ves",1000,2000,1.0005470780365,4990.77858804698,6202.5063561353,0.00049099696756109,0.0346780130257212,0.0141587399254078,4,2000,TRUE,TRUE,TRUE,TRUE,TRUE,TRUE,TRUE,"rhat"
"sparse_mixture",1,"low_rank_0995","sbayesr","vgs",250,250,1.01123880477165,687.921269126842,743.914957910676,0.00142295786044219,0.0371061261233033,0.0383483270582792,4,250,FALSE,TRUE,TRUE,TRUE,TRUE,TRUE,FALSE,"rhat"
"sparse_mixture",1,"low_rank_0995","sbayesr","vgs",250,500,1.00336723812702,1317.31538407202,1753.57316364221,0.00104342699791312,0.037977296601385,0.0274750203750697,4,500,TRUE,TRUE,TRUE,TRUE,TRUE,TRUE,TRUE,"rhat"
"sparse_mixture",1,"low_rank_0995","sbayesr","vgs",250,1000,1.00214092085753,2840.30586529747,3760.89047495372,0.000711980680679212,0.038037696937225,0.0187177652173374,4,1000,TRUE,TRUE,TRUE,TRUE,TRUE,TRUE,TRUE,"rhat"
"sparse_mixture",1,"low_rank_0995","sbayesr","vgs",250,2000,1.00025525192018,5616.1875587916,7441.49211373011,0.000509300809005959,0.0381596519644952,0.013346578985569,4,2000,TRUE,TRUE,TRUE,TRUE,TRUE,TRUE,TRUE,"rhat"
"sparse_mixture",1,"low_rank_0995","sbayesr","vgs",500,250,0.999420875323673,732.660098975476,953.482589904177,0.00143086165035981,0.0388469990271655,0.0368332609002621,4,250,TRUE,TRUE,TRUE,TRUE,TRUE,TRUE,TRUE,"rhat"
"sparse_mixture",1,"low_rank_0995","sbayesr","vgs",500,500,0.99990027726717,1451.31397453348,1974.18250769008,0.00099831544298992,0.0381289053768714,0.0261826410467972,4,500,TRUE,TRUE,TRUE,TRUE,TRUE,TRUE,TRUE,"rhat"
"sparse_mixture",1,"low_rank_0995","sbayesr","vgs",500,1000,0.999632991289882,3053.85593027313,3924.34593335969,0.000697691393762999,0.0385709488877917,0.0180885203470799,4,1000,TRUE,TRUE,TRUE,TRUE,TRUE,TRUE,TRUE,"rhat"
"sparse_mixture",1,"low_rank_0995","sbayesr","vgs",500,2000,1.00011142177457,5538.8954474836,7515.80793021583,0.000515723519450277,0.0383614521218495,0.0134437955532068,4,2000,TRUE,TRUE,TRUE,TRUE,TRUE,TRUE,TRUE,"rhat"
"sparse_mixture",1,"low_rank_0995","sbayesr","vgs",1000,250,1.00070094861109,966.892667852212,995.007144273595,0.00125325132559071,0.0387504625885709,0.0323415836062908,4,250,TRUE,TRUE,TRUE,TRUE,TRUE,TRUE,TRUE,"rhat"
"sparse_mixture",1,"low_rank_0995","sbayesr","vgs",1000,500,1.00080583539123,1631.07385282778,1956.92313414112,0.000967439674267716,0.0390158367043268,0.0247960765675551,4,500,TRUE,TRUE,TRUE,TRUE,TRUE,TRUE,TRUE,"rhat"
"sparse_mixture",1,"low_rank_0995","sbayesr","vgs",1000,1000,1.0001242315819,3104.32472210147,3727.36108411257,0.000691774465687499,0.0385987848010696,0.0179221825052982,4,1000,TRUE,TRUE,TRUE,TRUE,TRUE,TRUE,TRUE,"rhat"
"sparse_mixture",1,"low_rank_0995","sbayesr","vgs",1000,2000,1.00010417457659,5934.96632754406,7412.59497196842,0.000496815660563882,0.0382942701761444,0.0129736291690284,4,2000,TRUE,TRUE,TRUE,TRUE,TRUE,TRUE,TRUE,"rhat"
"sparse_mixture",1,"low_rank_0995","sbayesr","vld",250,250,1.0020405313519,817.840320321259,992.349884304395,5.54944735834116e-05,0.00157714029805844,0.0351867704171459,4,250,TRUE,TRUE,TRUE,TRUE,TRUE,TRUE,TRUE,"rhat"
"sparse_mixture",1,"low_rank_0995","sbayesr","vld",250,500,1.00042213438846,1729.04540417609,2007.97880115907,3.77063719788464e-05,0.00156787558545158,0.0240493393281498,4,500,TRUE,TRUE,TRUE,TRUE,TRUE,TRUE,TRUE,"rhat"
"sparse_mixture",1,"low_rank_0995","sbayesr","vld",250,1000,1.00106241603765,3650.95631381689,3779.04692574447,2.60853889802617e-05,0.0015730173737091,0.0165830266189328,4,1000,TRUE,TRUE,TRUE,TRUE,TRUE,TRUE,TRUE,"rhat"
"sparse_mixture",1,"low_rank_0995","sbayesr","vld",250,2000,1.00006550157066,7254.34456595184,7660.98268634098,1.84401232525927e-05,0.00157065557029143,0.0117403991055602,4,2000,TRUE,TRUE,TRUE,TRUE,TRUE,TRUE,TRUE,"rhat"
"sparse_mixture",1,"low_rank_0995","sbayesr","vld",500,250,0.999154462167197,951.846077407279,917.98915334475,5.01208868012965e-05,0.00155877416122467,0.0321540400451072,4,250,TRUE,TRUE,TRUE,TRUE,TRUE,TRUE,TRUE,"rhat"
"sparse_mixture",1,"low_rank_0995","sbayesr","vld",500,500,0.999746414964033,1936.51704825262,1917.09447934279,3.53300174827858e-05,0.00155467104230461,0.0227250759301552,4,500,TRUE,TRUE,TRUE,TRUE,TRUE,TRUE,TRUE,"rhat"
"sparse_mixture",1,"low_rank_0995","sbayesr","vld",500,1000,1.00025273524159,3881.17018468984,3745.30238364942,2.52147842814518e-05,0.00157194796443824,0.0160404700739968,4,1000,TRUE,TRUE,TRUE,TRUE,TRUE,TRUE,TRUE,"rhat"
"sparse_mixture",1,"low_rank_0995","sbayesr","vld",500,2000,1.00073370989576,7481.73313362397,7554.3426651654,1.81505552071977e-05,0.00157154542170596,0.011549494501721,4,2000,TRUE,TRUE,TRUE,TRUE,TRUE,TRUE,TRUE,"rhat"
"sparse_mixture",1,"low_rank_0995","sbayesr","vld",1000,250,1.0002129249382,1034.04113011491,843.891701861229,4.97960006620644e-05,0.00160496896984575,0.031026145425634,4,250,TRUE,TRUE,TRUE,TRUE,TRUE,TRUE,TRUE,"rhat"
"sparse_mixture",1,"low_rank_0995","sbayesr","vld",1000,500,1.00214416234435,1971.03027502348,1817.57320957745,3.57620100844452e-05,0.00158939171875134,0.0225004381629348,4,500,TRUE,TRUE,TRUE,TRUE,TRUE,TRUE,TRUE,"rhat"
"sparse_mixture",1,"low_rank_0995","sbayesr","vld",1000,1000,1.00033121857573,3728.87172409751,3821.46734370909,2.5648115304536e-05,0.00156906922559932,0.0163460699413944,4,1000,TRUE,TRUE,TRUE,TRUE,TRUE,TRUE,TRUE,"rhat"
"sparse_mixture",1,"low_rank_0995","sbayesr","vld",1000,2000,1.00026214746761,7038.98686975149,7379.11781679081,1.86413051704992e-05,0.00156568471943141,0.0119061679143608,4,2000,TRUE,TRUE,TRUE,TRUE,TRUE,TRUE,TRUE,"rhat"
"sparse_mixture",1,"low_rank_0995","sbayesr","vle",250,250,1.01132223119034,692.356543612642,743.914957910676,0.00142892034122418,0.0372639661637568,0.0383459005663749,4,250,FALSE,TRUE,TRUE,TRUE,TRUE,TRUE,FALSE,"rhat"
"sparse_mixture",1,"low_rank_0995","sbayesr","vle",250,500,1.00342604299437,1307.54746492122,1825.84171857736,0.00105257691836133,0.0381305023513442,0.0276045909036974,4,500,TRUE,TRUE,TRUE,TRUE,TRUE,TRUE,TRUE,"rhat"
"sparse_mixture",1,"low_rank_0995","sbayesr","vle",250,1000,1.00211448497815,2828.5667994177,3528.64298160773,0.000715244159670733,0.0381685314095808,0.0187391060975219,4,1000,TRUE,TRUE,TRUE,TRUE,TRUE,TRUE,TRUE,"rhat"
"sparse_mixture",1,"low_rank_0995","sbayesr","vle",250,2000,1.00024138544464,5605.43409602433,7518.19108325979,0.0005113653539183,0.0382918250592015,0.0133544262548912,4,2000,TRUE,TRUE,TRUE,TRUE,TRUE,TRUE,TRUE,"rhat"
"sparse_mixture",1,"low_rank_0995","sbayesr","vle",500,250,0.999088212129464,722.61327114408,916.543168009706,0.00144525566128483,0.0389961255431491,0.0370615193472403,4,250,TRUE,TRUE,TRUE,TRUE,TRUE,TRUE,TRUE,"rhat"
"sparse_mixture",1,"low_rank_0995","sbayesr","vle",500,500,0.999834598651049,1437.84954457198,1974.36882808945,0.001006687469441,0.0383094654248935,0.026277773868044,4,500,TRUE,TRUE,TRUE,TRUE,TRUE,TRUE,TRUE,"rhat"
"sparse_mixture",1,"low_rank_0995","sbayesr","vle",500,1000,0.999508001129853,3043.72963973506,4059.26296360829,0.000699592599171798,0.0386958153497807,0.0180792830658306,4,1000,TRUE,TRUE,TRUE,TRUE,TRUE,TRUE,TRUE,"rhat"
"sparse_mixture",1,"low_rank_0995","sbayesr","vle",500,2000,1.00012732157407,5530.07841511905,7534.04922827459,0.000517964780366166,0.0385025287715424,0.0134527470504483,4,2000,TRUE,TRUE,TRUE,TRUE,TRUE,TRUE,TRUE,"rhat"
"sparse_mixture",1,"low_rank_0995","sbayesr","vle",1000,250,1.00051947009813,985.361716503291,995.007144273595,0.00124168472147973,0.0387609394272289,0.0320344331130289,4,250,TRUE,TRUE,TRUE,TRUE,TRUE,TRUE,TRUE,"rhat"
"sparse_mixture",1,"low_rank_0995","sbayesr","vle",1000,500,1.00059129848742,1663.72996428728,1956.38815927622,0.000958963345857436,0.0390863420737089,0.0245344868560231,4,500,TRUE,TRUE,TRUE,TRUE,TRUE,TRUE,TRUE,"rhat"
"sparse_mixture",1,"low_rank_0995","sbayesr","vle",1000,1000,1.00000651657002,3100.70261123485,3858.92338299105,0.000693795494594772,0.0386941983312848,0.0179302201496659,4,1000,TRUE,TRUE,TRUE,TRUE,TRUE,TRUE,TRUE,"rhat"
"sparse_mixture",1,"low_rank_0995","sbayesr","vle",1000,2000,1.00012559547363,5919.53576253461,7505.57390108345,0.000499305832428604,0.038426448520003,0.0129938063927164,4,2000,TRUE,TRUE,TRUE,TRUE,TRUE,TRUE,TRUE,"rhat"
"sparse_mixture",1,"low_rank_0999","sbayesr","global_nonnull_proportion",250,250,1.00226296885628,851.352353818556,823.20744291997,4.66053728246967e-06,0.000136229714001176,0.0342108718104585,4,250,TRUE,TRUE,TRUE,TRUE,TRUE,TRUE,TRUE,"rhat"
"sparse_mixture",1,"low_rank_0999","sbayesr","global_nonnull_proportion",250,500,1.00072468931202,1685.71892054803,1843.09802270404,3.37550170397777e-06,0.000138761438122745,0.0243259348536867,4,500,TRUE,TRUE,TRUE,TRUE,TRUE,TRUE,TRUE,"rhat"
"sparse_mixture",1,"low_rank_0999","sbayesr","global_nonnull_proportion",250,1000,1.00061994920943,3182.21026527528,3800.79642817145,2.51238642191344e-06,0.000141500925655446,0.0177552649233624,4,1000,TRUE,TRUE,TRUE,TRUE,TRUE,TRUE,TRUE,"rhat"
"sparse_mixture",1,"low_rank_0999","sbayesr","global_nonnull_proportion",250,2000,0.999979218402191,6734.66286413405,7253.13297008992,1.72513372918753e-06,0.00014138694618714,0.0122015064028905,4,2000,TRUE,TRUE,TRUE,TRUE,TRUE,TRUE,TRUE,"rhat"
"sparse_mixture",1,"low_rank_0999","sbayesr","global_nonnull_proportion",500,250,0.999285270926301,812.703358498125,992.830704774127,4.9530965611582e-06,0.000141264365295871,0.0350626044351962,4,250,TRUE,TRUE,TRUE,TRUE,TRUE,TRUE,TRUE,"rhat"
"sparse_mixture",1,"low_rank_0999","sbayesr","global_nonnull_proportion",500,500,0.999418661777737,1528.39828980321,1873.60947099573,3.66439013968775e-06,0.000143109139982242,0.0256055632794834,4,500,TRUE,TRUE,TRUE,TRUE,TRUE,TRUE,TRUE,"rhat"
"sparse_mixture",1,"low_rank_0999","sbayesr","global_nonnull_proportion",500,1000,1.00024116614161,3167.2372460237,4010.08979111494,2.51200451189093e-06,0.000141024292638324,0.0178125659409142,4,1000,TRUE,TRUE,TRUE,TRUE,TRUE,TRUE,TRUE,"rhat"
"sparse_mixture",1,"low_rank_0999","sbayesr","global_nonnull_proportion",500,2000,1.00017665323045,6875.70685675228,7053.57316628214,1.70777514407144e-06,0.00014145200462358,0.0120731773905645,4,2000,TRUE,TRUE,TRUE,TRUE,TRUE,TRUE,TRUE,"rhat"
"sparse_mixture",1,"low_rank_0999","sbayesr","global_nonnull_proportion",1000,250,1.00219880813238,853.030999422464,947.041033403109,4.95085344396064e-06,0.000143555686063918,0.0344873378387553,4,250,TRUE,TRUE,TRUE,TRUE,TRUE,TRUE,TRUE,"rhat"
"sparse_mixture",1,"low_rank_0999","sbayesr","global_nonnull_proportion",1000,500,1.00040888067595,1665.94759020394,1969.97243056219,3.41563893728433e-06,0.000138934132967698,0.0245845917365638,4,500,TRUE,TRUE,TRUE,TRUE,TRUE,TRUE,TRUE,"rhat"
"sparse_mixture",1,"low_rank_0999","sbayesr","global_nonnull_proportion",1000,1000,1.00002406987129,3530.15597742002,3685.27750731682,2.34575629817903e-06,0.000139373944331033,0.0168306659428934,4,1000,TRUE,TRUE,TRUE,TRUE,TRUE,TRUE,TRUE,"rhat"
"sparse_mixture",1,"low_rank_0999","sbayesr","global_nonnull_proportion",1000,2000,1.00020787207033,6785.64411242696,6980.5754598798,1.70670437058971e-06,0.000140513757033433,0.0121461727778271,4,2000,TRUE,TRUE,TRUE,TRUE,TRUE,TRUE,TRUE,"rhat"
"sparse_mixture",1,"low_rank_0999","sbayesr","heritability",250,250,1.00111235165594,759.700936293818,916.697527100038,0.000843278899975526,0.0233273870418548,0.036149736722012,4,250,TRUE,TRUE,TRUE,TRUE,TRUE,TRUE,TRUE,"rhat"
"sparse_mixture",1,"low_rank_0999","sbayesr","heritability",250,500,0.999049690842706,1510.79171176589,1934.44432478034,0.000594438719739897,0.0232055000704806,0.0256162857053046,4,500,TRUE,TRUE,TRUE,TRUE,TRUE,TRUE,TRUE,"rhat"
"sparse_mixture",1,"low_rank_0999","sbayesr","heritability",250,1000,1.00016293528162,2972.86676990718,4029.4114637595,0.000428991098193839,0.0234476482116587,0.018295698328523,4,1000,TRUE,TRUE,TRUE,TRUE,TRUE,TRUE,TRUE,"rhat"
"sparse_mixture",1,"low_rank_0999","sbayesr","heritability",250,2000,1.00051439375444,5639.93625314484,7935.34555553933,0.000313120554954608,0.0235643950943116,0.0132878672973105,4,2000,TRUE,TRUE,TRUE,TRUE,TRUE,TRUE,TRUE,"rhat"
"sparse_mixture",1,"low_rank_0999","sbayesr","heritability",500,250,1.00063529420528,796.036200799293,1010.31237281031,0.000814977130473369,0.0230797164139424,0.0353114013992409,4,250,TRUE,TRUE,TRUE,TRUE,TRUE,TRUE,TRUE,"rhat"
"sparse_mixture",1,"low_rank_0999","sbayesr","heritability",500,500,0.999531748718104,1702.21164780602,2045.08298521238,0.000556495046151344,0.0230679127795141,0.0241242045377226,4,500,TRUE,TRUE,TRUE,TRUE,TRUE,TRUE,TRUE,"rhat"
"sparse_mixture",1,"low_rank_0999","sbayesr","heritability",500,1000,1.00077952881908,2808.51935845965,3763.00237739552,0.00044126494925366,0.0234562763761623,0.0188122335436881,4,1000,TRUE,TRUE,TRUE,TRUE,TRUE,TRUE,TRUE,"rhat"
"sparse_mixture",1,"low_rank_0999","sbayesr","heritability",500,2000,1.00048234785857,6006.17868389719,7939.94962880888,0.000303703970445422,0.0235905683864277,0.0128739573150832,4,2000,TRUE,TRUE,TRUE,TRUE,TRUE,TRUE,TRUE,"rhat"
"sparse_mixture",1,"low_rank_0999","sbayesr","heritability",1000,250,1.00085586073723,889.665074599209,1036.80713636793,0.000798690306833133,0.0242574612770767,0.0329255521717721,4,250,TRUE,TRUE,TRUE,TRUE,TRUE,TRUE,TRUE,"rhat"
"sparse_mixture",1,"low_rank_0999","sbayesr","heritability",1000,500,1.00149860380634,1246.79444335185,1706.88069111021,0.000672072547051427,0.023830128790863,0.0282026401514504,4,500,TRUE,TRUE,TRUE,TRUE,TRUE,TRUE,TRUE,"rhat"
"sparse_mixture",1,"low_rank_0999","sbayesr","heritability",1000,1000,1.00112016760288,2599.95331007575,3843.66474901177,0.000466789877896676,0.0238336919240352,0.0195852946066631,4,1000,TRUE,TRUE,TRUE,TRUE,TRUE,TRUE,TRUE,"rhat"
"sparse_mixture",1,"low_rank_0999","sbayesr","heritability",1000,2000,1.00006908618384,6160.04874356351,7720.33528892855,0.000299188501840184,0.0235176033849192,0.0127218958897844,4,2000,TRUE,TRUE,TRUE,TRUE,TRUE,TRUE,TRUE,"rhat"
"sparse_mixture",1,"low_rank_0999","sbayesr","vbs",250,250,1.01710210568589,159.566294127207,328.30464145914,6.04883918640638e-05,0.000761390974412197,0.0794445874680371,4,250,FALSE,FALSE,FALSE,FALSE,TRUE,TRUE,FALSE,"rhat"
"sparse_mixture",1,"low_rank_0999","sbayesr","vbs",250,500,1.00795204736045,303.547271540878,531.661748119633,4.28963587230886e-05,0.00074693219929309,0.0574300569230869,4,500,TRUE,FALSE,TRUE,FALSE,TRUE,TRUE,FALSE,"ess_bulk"
"sparse_mixture",1,"low_rank_0999","sbayesr","vbs",250,1000,1.00902867231064,554.040960435818,966.183818308441,3.23092847744155e-05,0.000754543840215034,0.04281962564986,4,1000,TRUE,TRUE,TRUE,TRUE,TRUE,TRUE,TRUE,"rhat"
"sparse_mixture",1,"low_rank_0999","sbayesr","vbs",250,2000,1.00631638382053,1068.55383332893,1989.10876543786,2.24504163006157e-05,0.000731105373544178,0.0307074973225581,4,2000,TRUE,TRUE,TRUE,TRUE,TRUE,TRUE,TRUE,"rhat"
"sparse_mixture",1,"low_rank_0999","sbayesr","vbs",500,250,1.02746050907855,150.27603920257,224.500516832357,6.0054282749072e-05,0.000732356869561437,0.0820013920058328,4,250,FALSE,FALSE,FALSE,FALSE,TRUE,TRUE,FALSE,"rhat"
"sparse_mixture",1,"low_rank_0999","sbayesr","vbs",500,500,1.01870158693292,285.289899820527,458.879913752691,4.42211023277619e-05,0.000738143186448378,0.0599085694207035,4,500,FALSE,FALSE,TRUE,FALSE,TRUE,TRUE,FALSE,"rhat"
"sparse_mixture",1,"low_rank_0999","sbayesr","vbs",500,1000,1.00785875476379,531.169591101899,948.477379081765,3.27542856864467e-05,0.000748112423743988,0.0437825715051292,4,1000,TRUE,TRUE,TRUE,TRUE,TRUE,TRUE,TRUE,"rhat"
"sparse_mixture",1,"low_rank_0999","sbayesr","vbs",500,2000,1.00596469522516,1083.96632786018,2001.46297421063,2.22172365400961e-05,0.000729011839115183,0.0304758240511726,4,2000,TRUE,TRUE,TRUE,TRUE,TRUE,TRUE,TRUE,"rhat"
"sparse_mixture",1,"low_rank_0999","sbayesr","vbs",1000,250,1.01486469039433,134.912698595069,237.606292756487,6.7354844980201e-05,0.000780023773953825,0.0863497334687496,4,250,FALSE,FALSE,FALSE,FALSE,TRUE,TRUE,FALSE,"rhat"
"sparse_mixture",1,"low_rank_0999","sbayesr","vbs",1000,500,1.00485109915987,254.559119914007,484.806481605524,4.7827290761328e-05,0.000757548470272394,0.0631342978544074,4,500,TRUE,FALSE,TRUE,FALSE,TRUE,TRUE,FALSE,"ess_bulk"
"sparse_mixture",1,"low_rank_0999","sbayesr","vbs",1000,1000,1.00749165445045,502.523258559281,992.260517200331,3.21002049654969e-05,0.000724358361129428,0.0443153647256117,4,1000,TRUE,TRUE,TRUE,TRUE,TRUE,TRUE,TRUE,"rhat"
"sparse_mixture",1,"low_rank_0999","sbayesr","vbs",1000,2000,1.00089012388234,1065.16344595417,2089.13114815143,2.21008528417211e-05,0.000722256814402519,0.0305997152273376,4,2000,TRUE,TRUE,TRUE,TRUE,TRUE,TRUE,TRUE,"rhat"
"sparse_mixture",1,"low_rank_0999","sbayesr","ves",250,250,1.00085314412729,648.096174509615,790.851117039105,0.00133453787651564,0.0339718421017722,0.0392836476902742,4,250,TRUE,TRUE,TRUE,TRUE,TRUE,TRUE,TRUE,"rhat"
"sparse_mixture",1,"low_rank_0999","sbayesr","ves",250,500,0.999487197768682,1250.30690181488,1579.82719207458,0.00097022409038853,0.0343067300096637,0.0282808676348703,4,500,TRUE,TRUE,TRUE,TRUE,TRUE,TRUE,TRUE,"rhat"
"sparse_mixture",1,"low_rank_0999","sbayesr","ves",250,1000,0.999812433819337,2482.36491754447,3369.08238964187,0.000694332920502718,0.0346143217163157,0.0200591225271775,4,1000,TRUE,TRUE,TRUE,TRUE,TRUE,TRUE,TRUE,"rhat"
"sparse_mixture",1,"low_rank_0999","sbayesr","ves",250,2000,1.0004382347567,4792.57570883919,6887.93278767205,0.000502882850518145,0.0347881320711966,0.0144555864479575,4,2000,TRUE,TRUE,TRUE,TRUE,TRUE,TRUE,TRUE,"rhat"
"sparse_mixture",1,"low_rank_0999","sbayesr","ves",500,250,1.00087400369549,608.884018024777,794.467861187887,0.00139819795309755,0.0346374820034711,0.0403666165155259,4,250,TRUE,TRUE,TRUE,TRUE,TRUE,TRUE,TRUE,"rhat"
"sparse_mixture",1,"low_rank_0999","sbayesr","ves",500,500,0.99895310557957,1190.03637025768,1631.98263449183,0.00100156006126368,0.0345802683764105,0.0289633397393444,4,500,TRUE,TRUE,TRUE,TRUE,TRUE,TRUE,TRUE,"rhat"
"sparse_mixture",1,"low_rank_0999","sbayesr","ves",500,1000,1.00109465781468,2459.2715665272,3350.22505469013,0.000698300207705668,0.0346539231136199,0.0201506826634361,4,1000,TRUE,TRUE,TRUE,TRUE,TRUE,TRUE,TRUE,"rhat"
"sparse_mixture",1,"low_rank_0999","sbayesr","ves",500,2000,1.00077786068614,5131.09280686197,6948.2533723436,0.000487427170308114,0.0348844641577633,0.0139726145169881,4,2000,TRUE,TRUE,TRUE,TRUE,TRUE,TRUE,TRUE,"rhat"
"sparse_mixture",1,"low_rank_0999","sbayesr","ves",1000,250,1.00372953295416,691.925564528905,953.988689680818,0.00133822478057427,0.0351438111860213,0.0380785331872759,4,250,TRUE,TRUE,TRUE,TRUE,TRUE,TRUE,TRUE,"rhat"
"sparse_mixture",1,"low_rank_0999","sbayesr","ves",1000,500,1.00146504077384,1299.38986941763,1852.97890365343,0.000961107225309113,0.0346616575214916,0.0277282534660435,4,500,TRUE,TRUE,TRUE,TRUE,TRUE,TRUE,TRUE,"rhat"
"sparse_mixture",1,"low_rank_0999","sbayesr","ves",1000,1000,1.00173191165293,2619.8099787786,3560.74143006394,0.000684756837449331,0.034920455615642,0.0196090464851383,4,1000,TRUE,TRUE,TRUE,TRUE,TRUE,TRUE,TRUE,"rhat"
"sparse_mixture",1,"low_rank_0999","sbayesr","ves",1000,2000,1.00041025321206,5286.50220528451,7080.16348366447,0.000478484616495201,0.0347720859327537,0.0137605957094593,4,2000,TRUE,TRUE,TRUE,TRUE,TRUE,TRUE,TRUE,"rhat"
"sparse_mixture",1,"low_rank_0999","sbayesr","vgs",250,250,1.00283489995136,809.806885602815,908.225979303125,0.00134273375838899,0.0381394380660232,0.0352059135235444,4,250,TRUE,TRUE,TRUE,TRUE,TRUE,TRUE,TRUE,"rhat"
"sparse_mixture",1,"low_rank_0999","sbayesr","vgs",250,500,0.999441892142511,1487.05713131164,1887.03604623415,0.000982294823036014,0.0379792480880085,0.0258639881642671,4,500,TRUE,TRUE,TRUE,TRUE,TRUE,TRUE,TRUE,"rhat"
"sparse_mixture",1,"low_rank_0999","sbayesr","vgs",250,1000,1.00021384748678,2998.12845067499,3542.0105460008,0.000695656695242121,0.0383135986883066,0.0181569134474031,4,1000,TRUE,TRUE,TRUE,TRUE,TRUE,TRUE,TRUE,"rhat"
"sparse_mixture",1,"low_rank_0999","sbayesr","vgs",250,2000,1.00049074026917,5984.5486912919,7501.53580489695,0.000497053891901544,0.0384960494691862,0.0129118155955043,4,2000,TRUE,TRUE,TRUE,TRUE,TRUE,TRUE,TRUE,"rhat"
"sparse_mixture",1,"low_rank_0999","sbayesr","vgs",500,250,1.00292917523674,715.96789649419,980.223104681854,0.00140754277335189,0.0378183500071894,0.0372185135809552,4,250,TRUE,TRUE,TRUE,TRUE,TRUE,TRUE,TRUE,"rhat"
"sparse_mixture",1,"low_rank_0999","sbayesr","vgs",500,500,1.00059483883582,1643.01160629437,1690.15561237835,0.00091867649470311,0.0377238863125993,0.0243526472084686,4,500,TRUE,TRUE,TRUE,TRUE,TRUE,TRUE,TRUE,"rhat"
"sparse_mixture",1,"low_rank_0999","sbayesr","vgs",500,1000,1.00069221221435,2824.61656052507,3578.36152691791,0.000715194555359587,0.038372810232069,0.0186380552019587,4,1000,TRUE,TRUE,TRUE,TRUE,TRUE,TRUE,TRUE,"rhat"
"sparse_mixture",1,"low_rank_0999","sbayesr","vgs",500,2000,1.00026153968287,6213.70888446089,7592.31253533542,0.000486038174638524,0.0385027315600099,0.0126234725419673,4,2000,TRUE,TRUE,TRUE,TRUE,TRUE,TRUE,TRUE,"rhat"
"sparse_mixture",1,"low_rank_0999","sbayesr","vgs",1000,250,1.0019583473837,853.065038876733,886.992429519875,0.00133125626939523,0.0396257595355135,0.0335957287633094,4,250,TRUE,TRUE,TRUE,TRUE,TRUE,TRUE,TRUE,"rhat"
"sparse_mixture",1,"low_rank_0999","sbayesr","vgs",1000,500,1.00088447758843,1304.06961367027,1857.46942751539,0.00107324106541427,0.039017313980305,0.027506790086986,4,500,TRUE,TRUE,TRUE,TRUE,TRUE,TRUE,TRUE,"rhat"
"sparse_mixture",1,"low_rank_0999","sbayesr","vgs",1000,1000,1.00062667217387,2866.68321044828,3929.14031984237,0.000725046555736671,0.0388881538076068,0.0186444067086272,4,1000,TRUE,TRUE,TRUE,TRUE,TRUE,TRUE,TRUE,"rhat"
"sparse_mixture",1,"low_rank_0999","sbayesr","vgs",1000,2000,0.999961787566483,6312.54745570299,7620.9108936503,0.000480924442298906,0.0383275291288771,0.0125477549226246,4,2000,TRUE,TRUE,TRUE,TRUE,TRUE,TRUE,TRUE,"rhat"
"sparse_mixture",1,"low_rank_0999","sbayesr","vld",250,250,0.998798960939473,1019.55834988539,926.521733441233,4.90433027638737e-05,0.00156835710626442,0.0312704948177824,4,250,TRUE,TRUE,TRUE,TRUE,TRUE,TRUE,TRUE,"rhat"
"sparse_mixture",1,"low_rank_0999","sbayesr","vld",250,500,1.00044625153653,2022.98865621935,1929.34527005195,3.43836687871763e-05,0.00154368297472975,0.0222737889515143,4,500,TRUE,TRUE,TRUE,TRUE,TRUE,TRUE,TRUE,"rhat"
"sparse_mixture",1,"low_rank_0999","sbayesr","vld",250,1000,1.00029883266101,4116.37448702468,3927.49832914548,2.41004193225103e-05,0.00154539105247344,0.0155950296748107,4,1000,TRUE,TRUE,TRUE,TRUE,TRUE,TRUE,TRUE,"rhat"
"sparse_mixture",1,"low_rank_0999","sbayesr","vld",250,2000,1.00011176931229,8103.82740739976,7889.4651792772,1.71916397632004e-05,0.0015471090408152,0.0111121060698746,4,2000,TRUE,TRUE,TRUE,TRUE,TRUE,TRUE,TRUE,"rhat"
"sparse_mixture",1,"low_rank_0999","sbayesr","vld",500,250,1.00035199354847,997.009303665776,1036.20233692475,4.82594106262691e-05,0.00151931988925637,0.0317638247004649,4,250,TRUE,TRUE,TRUE,TRUE,TRUE,TRUE,TRUE,"rhat"
"sparse_mixture",1,"low_rank_0999","sbayesr","vld",500,500,1.00016348713847,2058.27194955276,1970.42595839424,3.33668573600835e-05,0.0015123759330637,0.0220625418790489,4,500,TRUE,TRUE,TRUE,TRUE,TRUE,TRUE,TRUE,"rhat"
"sparse_mixture",1,"low_rank_0999","sbayesr","vld",500,1000,1.00088755872636,4211.88749147225,3990.3012253363,2.37115862536112e-05,0.00154002102538233,0.0153969237190931,4,1000,TRUE,TRUE,TRUE,TRUE,TRUE,TRUE,TRUE,"rhat"
"sparse_mixture",1,"low_rank_0999","sbayesr","vld",500,2000,1.00021044331722,8026.6192976033,7927.60394708003,1.724595043653e-05,0.0015445976662586,0.0111653350340118,4,2000,TRUE,TRUE,TRUE,TRUE,TRUE,TRUE,TRUE,"rhat"
"sparse_mixture",1,"low_rank_0999","sbayesr","vld",1000,250,0.998441918902417,1074.09208110546,953.482589904177,4.84360185762311e-05,0.00158842242683261,0.03049315960164,4,250,TRUE,TRUE,TRUE,TRUE,TRUE,TRUE,TRUE,"rhat"
"sparse_mixture",1,"low_rank_0999","sbayesr","vld",1000,500,1.00116201898779,2162.5277333999,1960.5432332405,3.36685713674591e-05,0.00156751876249085,0.0214788952917912,4,500,TRUE,TRUE,TRUE,TRUE,TRUE,TRUE,TRUE,"rhat"
"sparse_mixture",1,"low_rank_0999","sbayesr","vld",1000,1000,1.00014623333504,4070.80079752235,3974.3113890241,2.43408469869877e-05,0.00155378386865291,0.0156655294716701,4,1000,TRUE,TRUE,TRUE,TRUE,TRUE,TRUE,TRUE,"rhat"
"sparse_mixture",1,"low_rank_0999","sbayesr","vld",1000,2000,0.999865620721184,8040.15780320584,7966.86804851479,1.7424940588817e-05,0.00156202003031007,0.011155388695853,4,2000,TRUE,TRUE,TRUE,TRUE,TRUE,TRUE,TRUE,"rhat"
"sparse_mixture",1,"low_rank_0999","sbayesr","vle",250,250,1.00329918929828,806.309053549227,908.642733623735,0.00135190905676906,0.0382703338015642,0.0353252486319784,4,250,TRUE,TRUE,TRUE,TRUE,TRUE,TRUE,TRUE,"rhat"
"sparse_mixture",1,"low_rank_0999","sbayesr","vle",250,500,0.999448787079755,1471.21849541349,1886.59425132084,0.000989174948847302,0.0380998813311521,0.0259626779477265,4,500,TRUE,TRUE,TRUE,TRUE,TRUE,TRUE,TRUE,"rhat"
"sparse_mixture",1,"low_rank_0999","sbayesr","vle",250,1000,1.00022128070892,2985.73669600894,3475.04779756876,0.000698974281486539,0.0384662054348302,0.0181711264104474,4,1000,TRUE,TRUE,TRUE,TRUE,TRUE,TRUE,TRUE,"rhat"
"sparse_mixture",1,"low_rank_0999","sbayesr","vle",250,2000,1.00049990821411,5955.82986888532,7425.93060174104,0.000500043949298449,0.0386385935812878,0.0129415670434913,4,2000,TRUE,TRUE,TRUE,TRUE,TRUE,TRUE,TRUE,"rhat"
"sparse_mixture",1,"low_rank_0999","sbayesr","vle",500,250,1.00293510478205,726.268557242975,995.22314737305,0.00140515022639297,0.0379292246202024,0.0370466372688393,4,250,TRUE,TRUE,TRUE,TRUE,TRUE,TRUE,TRUE,"rhat"
"sparse_mixture",1,"low_rank_0999","sbayesr","vle",500,500,1.00061750317489,1649.20937352411,1720.91323848993,0.000920745097220002,0.0378475067589204,0.0243277609562217,4,500,TRUE,TRUE,TRUE,TRUE,TRUE,TRUE,TRUE,"rhat"
"sparse_mixture",1,"low_rank_0999","sbayesr","vle",500,1000,1.00073886176374,2813.90742712576,3476.59384004808,0.000719022871336581,0.0385052436415652,0.0186733754506209,4,1000,TRUE,TRUE,TRUE,TRUE,TRUE,TRUE,TRUE,"rhat"
"sparse_mixture",1,"low_rank_0999","sbayesr","vle",500,2000,1.00025823802975,6195.53759280584,7628.31354492786,0.000488520742240898,0.0386447060480938,0.0126413367366006,4,2000,TRUE,TRUE,TRUE,TRUE,TRUE,TRUE,TRUE,"rhat"
"sparse_mixture",1,"low_rank_0999","sbayesr","vle",1000,250,1.00171469588082,857.562815447485,910.822259815217,0.00133599034769303,0.0398538491083671,0.0335222413288193,4,250,TRUE,TRUE,TRUE,TRUE,TRUE,TRUE,TRUE,"rhat"
"sparse_mixture",1,"low_rank_0999","sbayesr","vle",1000,500,1.00103043490513,1290.95213420893,1735.11237251264,0.00108265657670181,0.0391584825313907,0.0276480728239129,4,500,TRUE,TRUE,TRUE,TRUE,TRUE,TRUE,TRUE,"rhat"
"sparse_mixture",1,"low_rank_0999","sbayesr","vle",1000,1000,1.00067260372234,2851.65766194315,3551.4322670529,0.00072890351963433,0.0390406093687064,0.0186703929938807,4,1000,TRUE,TRUE,TRUE,TRUE,TRUE,TRUE,TRUE,"rhat"
"sparse_mixture",1,"low_rank_0999","sbayesr","vle",1000,2000,0.999990587049831,6268.51365881668,7607.68975335949,0.000484485459113838,0.03848373735329,0.0125893557235916,4,2000,TRUE,TRUE,TRUE,TRUE,TRUE,TRUE,TRUE,"rhat"
"sparse_mixture",1,"low_rank_full","sbayesr","global_nonnull_proportion",250,250,1.00111921472612,870.996701179022,869.108661508791,4.73085447662435e-06,0.000140137651220964,0.0337586254329674,4,250,TRUE,TRUE,TRUE,TRUE,TRUE,TRUE,TRUE,"rhat"
"sparse_mixture",1,"low_rank_full","sbayesr","global_nonnull_proportion",250,500,0.999661063951353,1748.65423304585,1915.50375875457,3.35893139622927e-06,0.000140590771854794,0.0238915495797865,4,500,TRUE,TRUE,TRUE,TRUE,TRUE,TRUE,TRUE,"rhat"
"sparse_mixture",1,"low_rank_full","sbayesr","global_nonnull_proportion",250,1000,1.00036004612509,3496.66952759578,3930.96290010178,2.38429772489069e-06,0.000141075949654827,0.0169008093209679,4,1000,TRUE,TRUE,TRUE,TRUE,TRUE,TRUE,TRUE,"rhat"
"sparse_mixture",1,"low_rank_full","sbayesr","global_nonnull_proportion",250,2000,1.00076904382009,6584.46442824287,7560.36110955945,1.71124058739385e-06,0.000138910408407618,0.0123190235131438,4,2000,TRUE,TRUE,TRUE,TRUE,TRUE,TRUE,TRUE,"rhat"
"sparse_mixture",1,"low_rank_full","sbayesr","global_nonnull_proportion",500,250,0.998846934731096,880.91449783087,917.804485868463,4.75214808243255e-06,0.00014109323772486,0.0336809060381726,4,250,TRUE,TRUE,TRUE,TRUE,TRUE,TRUE,TRUE,"rhat"
"sparse_mixture",1,"low_rank_full","sbayesr","global_nonnull_proportion",500,500,0.999217024889786,1783.48252349284,1895.29827608251,3.32301821239072e-06,0.000140312707563607,0.0236829455442183,4,500,TRUE,TRUE,TRUE,TRUE,TRUE,TRUE,TRUE,"rhat"
"sparse_mixture",1,"low_rank_full","sbayesr","global_nonnull_proportion",500,1000,1.00030332473358,3569.58692573836,3851.83947968005,2.32277475721901e-06,0.000138718176242599,0.0167445595100443,4,1000,TRUE,TRUE,TRUE,TRUE,TRUE,TRUE,TRUE,"rhat"
"sparse_mixture",1,"low_rank_full","sbayesr","global_nonnull_proportion",500,2000,1.00007031310798,6995.39542436877,7767.4521941503,1.66564194593536e-06,0.00013924644320232,0.0119618275887683,4,2000,TRUE,TRUE,TRUE,TRUE,TRUE,TRUE,TRUE,"rhat"
"sparse_mixture",1,"low_rank_full","sbayesr","global_nonnull_proportion",1000,250,1.00548368505748,752.380388078581,888.821504813436,5.20529272401523e-06,0.000143625943584006,0.0362420088886705,4,250,TRUE,TRUE,TRUE,TRUE,TRUE,TRUE,TRUE,"rhat"
"sparse_mixture",1,"low_rank_full","sbayesr","global_nonnull_proportion",1000,500,1.00171202800716,1600.19408186359,1844.89144881071,3.4326097996227e-06,0.000137109533558078,0.0250355297005564,4,500,TRUE,TRUE,TRUE,TRUE,TRUE,TRUE,TRUE,"rhat"
"sparse_mixture",1,"low_rank_full","sbayesr","global_nonnull_proportion",1000,1000,1.00116341175567,3059.4563709988,3685.44463003857,2.50343516111934e-06,0.000138397682407494,0.0180887072497956,4,1000,TRUE,TRUE,TRUE,TRUE,TRUE,TRUE,TRUE,"rhat"
"sparse_mixture",1,"low_rank_full","sbayesr","global_nonnull_proportion",1000,2000,1.0002911906799,7007.97506640911,7408.39635213189,1.66837709697386e-06,0.000139757051123455,0.0119376953331684,4,2000,TRUE,TRUE,TRUE,TRUE,TRUE,TRUE,TRUE,"rhat"
"sparse_mixture",1,"low_rank_full","sbayesr","heritability",250,250,1.00491137569045,956.551809808815,993.345749115827,0.000738261912615649,0.0228647123299185,0.032288265951618,4,250,TRUE,TRUE,TRUE,TRUE,TRUE,TRUE,TRUE,"rhat"
"sparse_mixture",1,"low_rank_full","sbayesr","heritability",250,500,1.00370602414108,1589.33631287516,1905.07243073055,0.000580156716356285,0.0231715278398686,0.0250374822223883,4,500,TRUE,TRUE,TRUE,TRUE,TRUE,TRUE,TRUE,"rhat"
"sparse_mixture",1,"low_rank_full","sbayesr","heritability",250,1000,1.00126918902978,3242.38453967703,3753.97747013306,0.000413509728886131,0.0235692992344384,0.0175444218673218,4,1000,TRUE,TRUE,TRUE,TRUE,TRUE,TRUE,TRUE,"rhat"
"sparse_mixture",1,"low_rank_full","sbayesr","heritability",250,2000,0.999991482735056,6085.74180190812,7444.76832170459,0.000302191468600285,0.0235806298754871,0.0128152415858248,4,2000,TRUE,TRUE,TRUE,TRUE,TRUE,TRUE,TRUE,"rhat"
"sparse_mixture",1,"low_rank_full","sbayesr","heritability",500,250,1.00612238317471,688.850192462307,990.101628549869,0.00089119403090235,0.0234424005862794,0.0380163297535303,4,250,TRUE,TRUE,TRUE,TRUE,TRUE,TRUE,TRUE,"rhat"
"sparse_mixture",1,"low_rank_full","sbayesr","heritability",500,500,1.00373479915543,1615.85462260652,1772.80324729915,0.000587443288586887,0.0236180409267008,0.0248726509709265,4,500,TRUE,TRUE,TRUE,TRUE,TRUE,TRUE,TRUE,"rhat"
"sparse_mixture",1,"low_rank_full","sbayesr","heritability",500,1000,0.999671839132732,3168.65776370061,3714.33086076125,0.000421631988601156,0.0237460396904694,0.0177558866277133,4,1000,TRUE,TRUE,TRUE,TRUE,TRUE,TRUE,TRUE,"rhat"
"sparse_mixture",1,"low_rank_full","sbayesr","heritability",500,2000,1.0001336245348,6096.0003615265,7467.30506630156,0.000302260422494408,0.0236196278579957,0.0127970018965429,4,2000,TRUE,TRUE,TRUE,TRUE,TRUE,TRUE,TRUE,"rhat"
"sparse_mixture",1,"low_rank_full","sbayesr","heritability",1000,250,1.00023046630484,727.921709707949,994.722143011729,0.000891179063554268,0.0241640634252453,0.0368803478070336,4,250,TRUE,TRUE,TRUE,TRUE,TRUE,TRUE,TRUE,"rhat"
"sparse_mixture",1,"low_rank_full","sbayesr","heritability",1000,500,1.00067639303031,1543.27454249345,1894.03916252641,0.000607192721562624,0.0238792411451829,0.025427638921646,4,500,TRUE,TRUE,TRUE,TRUE,TRUE,TRUE,TRUE,"rhat"
"sparse_mixture",1,"low_rank_full","sbayesr","heritability",1000,1000,1.00035625766362,2965.3307000862,3720.44725235918,0.000437801867579089,0.0238650649242278,0.0183448848335054,4,1000,TRUE,TRUE,TRUE,TRUE,TRUE,TRUE,TRUE,"rhat"
"sparse_mixture",1,"low_rank_full","sbayesr","heritability",1000,2000,1.00004740475746,5955.75232384763,7161.99680464271,0.000306174510053709,0.0236054743767712,0.0129704874880633,4,2000,TRUE,TRUE,TRUE,TRUE,TRUE,TRUE,TRUE,"rhat"
"sparse_mixture",1,"low_rank_full","sbayesr","vbs",250,250,1.05796743773196,99.550504494864,296.889059880145,7.4656381089516e-05,0.000742800047385721,0.100506699416981,4,250,FALSE,FALSE,FALSE,FALSE,TRUE,TRUE,FALSE,"rhat"
"sparse_mixture",1,"low_rank_full","sbayesr","vbs",250,500,1.02029592081725,220.642256694611,537.502094872872,4.82143727439578e-05,0.000713214397556441,0.0676015135268527,4,500,FALSE,FALSE,TRUE,FALSE,TRUE,TRUE,FALSE,"rhat"
"sparse_mixture",1,"low_rank_full","sbayesr","vbs",250,1000,1.00585916251092,478.535758179586,927.526133709393,3.33321049828489e-05,0.000725874358492247,0.045919937235536,4,1000,TRUE,TRUE,TRUE,TRUE,TRUE,TRUE,TRUE,"rhat"
"sparse_mixture",1,"low_rank_full","sbayesr","vbs",250,2000,1.00417208659627,979.180142135463,2297.48752451403,2.34083136213161e-05,0.000735620716381895,0.0318211723786796,4,2000,TRUE,TRUE,TRUE,TRUE,TRUE,TRUE,TRUE,"rhat"
"sparse_mixture",1,"low_rank_full","sbayesr","vbs",500,250,1.02758746313819,142.904038862438,268.018406710778,5.65975451166477e-05,0.000669946289426472,0.0844807203352075,4,250,FALSE,FALSE,FALSE,FALSE,TRUE,TRUE,FALSE,"rhat"
"sparse_mixture",1,"low_rank_full","sbayesr","vbs",500,500,1.01706102695438,275.820618528643,357.823454068284,4.43439874797961e-05,0.000715983321880746,0.0619343860738448,4,500,FALSE,FALSE,FALSE,FALSE,TRUE,TRUE,FALSE,"rhat"
"sparse_mixture",1,"low_rank_full","sbayesr","vbs",500,1000,1.00522548014754,491.519850387223,944.619929384885,3.25928862217357e-05,0.000721148434766756,0.045195808033997,4,1000,TRUE,TRUE,TRUE,TRUE,TRUE,TRUE,TRUE,"rhat"
"sparse_mixture",1,"low_rank_full","sbayesr","vbs",500,2000,1.00452720436913,1016.55709016734,2265.51377557717,2.2821558649999e-05,0.000729697985411073,0.0312753483033704,4,2000,TRUE,TRUE,TRUE,TRUE,TRUE,TRUE,TRUE,"rhat"
"sparse_mixture",1,"low_rank_full","sbayesr","vbs",1000,250,1.02740879695942,126.741983916684,259.912694791231,6.37119060326985e-05,0.0007234379234636,0.0880682418854479,4,250,FALSE,FALSE,FALSE,FALSE,TRUE,TRUE,FALSE,"rhat"
"sparse_mixture",1,"low_rank_full","sbayesr","vbs",1000,500,1.01514261334936,244.914059156429,637.190950114116,4.57518075657821e-05,0.000725558394181459,0.0630573747512041,4,500,FALSE,FALSE,TRUE,FALSE,TRUE,TRUE,FALSE,"rhat"
"sparse_mixture",1,"low_rank_full","sbayesr","vbs",1000,1000,1.00525772808153,527.760300420341,1226.9266842916,3.17895934136709e-05,0.000739006959019426,0.0430166360758659,4,1000,TRUE,TRUE,TRUE,TRUE,TRUE,TRUE,TRUE,"rhat"
"sparse_mixture",1,"low_rank_full","sbayesr","vbs",1000,2000,1.00407032339308,977.298135455585,2267.04402996601,2.34632476637331e-05,0.000736128157624857,0.0318738624799221,4,2000,TRUE,TRUE,TRUE,TRUE,TRUE,TRUE,TRUE,"rhat"
"sparse_mixture",1,"low_rank_full","sbayesr","ves",250,250,1.00208828437823,633.806281397486,719.068352646825,0.0013497714032253,0.0339303900390993,0.0397806038088541,4,250,TRUE,TRUE,TRUE,TRUE,TRUE,TRUE,TRUE,"rhat"
"sparse_mixture",1,"low_rank_full","sbayesr","ves",250,500,1.00230363968168,1240.40273273611,1579.43698470774,0.000966657043386947,0.0340552684177912,0.0283849485937966,4,500,TRUE,TRUE,TRUE,TRUE,TRUE,TRUE,TRUE,"rhat"
"sparse_mixture",1,"low_rank_full","sbayesr","ves",250,1000,1.00164646185508,2540.36683112526,3203.02728013966,0.000688674848514898,0.0346402294889573,0.0198807819311484,4,1000,TRUE,TRUE,TRUE,TRUE,TRUE,TRUE,TRUE,"rhat"
"sparse_mixture",1,"low_rank_full","sbayesr","ves",250,2000,1.00026223832335,5095.91061319603,6326.29085283227,0.000487570766936989,0.0347798575381849,0.0140187683748182,4,2000,TRUE,TRUE,TRUE,TRUE,TRUE,TRUE,TRUE,"rhat"
"sparse_mixture",1,"low_rank_full","sbayesr","ves",500,250,1.00211149728379,599.595132769621,850.090448415138,0.00139368165849602,0.0341952790814256,0.0407565516625084,4,250,TRUE,TRUE,TRUE,TRUE,TRUE,TRUE,TRUE,"rhat"
"sparse_mixture",1,"low_rank_full","sbayesr","ves",500,500,1.00212695482983,1308.41638095745,1662.6558263961,0.000959454915751403,0.0346336569828354,0.0277029629365133,4,500,TRUE,TRUE,TRUE,TRUE,TRUE,TRUE,TRUE,"rhat"
"sparse_mixture",1,"low_rank_full","sbayesr","ves",500,1000,1.00010859474674,2480.6985376815,3281.16308634243,0.000698865711182726,0.0347409446097754,0.020116485577254,4,1000,TRUE,TRUE,TRUE,TRUE,TRUE,TRUE,TRUE,"rhat"
"sparse_mixture",1,"low_rank_full","sbayesr","ves",500,2000,1.00019269114203,5055.50696751068,6297.6842711379,0.000491330923050295,0.0348999437455165,0.0140782726365688,4,2000,TRUE,TRUE,TRUE,TRUE,TRUE,TRUE,TRUE,"rhat"
"sparse_mixture",1,"low_rank_full","sbayesr","ves",1000,250,1.00569529898372,585.586659775837,808.987258687544,0.00146689309243151,0.0353455383067237,0.0415015066315306,4,250,TRUE,TRUE,TRUE,TRUE,TRUE,TRUE,TRUE,"rhat"
"sparse_mixture",1,"low_rank_full","sbayesr","ves",1000,500,1.00015495310779,1162.48294327734,1624.47991033809,0.00102285797248939,0.0348456190144667,0.0293539905852938,4,500,TRUE,TRUE,TRUE,TRUE,TRUE,TRUE,TRUE,"rhat"
"sparse_mixture",1,"low_rank_full","sbayesr","ves",1000,1000,1.00025896678498,2498.5568702324,3421.09854422331,0.000700041987980231,0.0349703760674459,0.0200181429742159,4,1000,TRUE,TRUE,TRUE,TRUE,TRUE,TRUE,TRUE,"rhat"
"sparse_mixture",1,"low_rank_full","sbayesr","ves",1000,2000,1.0001174945903,4978.35680595053,6493.25992738377,0.000496619272690309,0.0350511698916246,0.0141684079083756,4,2000,TRUE,TRUE,TRUE,TRUE,TRUE,TRUE,TRUE,"rhat"
"sparse_mixture",1,"low_rank_full","sbayesr","vgs",250,250,1.00691617483853,1109.63230875852,811.453916443214,0.00115024383321769,0.0380705652987441,0.0302134687045383,4,250,TRUE,TRUE,TRUE,TRUE,TRUE,TRUE,TRUE,"rhat"
"sparse_mixture",1,"low_rank_full","sbayesr","vgs",250,500,1.00501162259347,1658.19302732017,2038.17190450567,0.000936944051270176,0.0382537002794105,0.0244928998875037,4,500,TRUE,TRUE,TRUE,TRUE,TRUE,TRUE,TRUE,"rhat"
"sparse_mixture",1,"low_rank_full","sbayesr","vgs",250,1000,1.00095029076041,3368.91589814436,3788.4573317991,0.0006632235671041,0.0385590608911339,0.0172002002065512,4,1000,TRUE,TRUE,TRUE,TRUE,TRUE,TRUE,TRUE,"rhat"
"sparse_mixture",1,"low_rank_full","sbayesr","vgs",250,2000,0.999926735481491,6181.42626981442,7936.87495439351,0.000490063871445105,0.038547031964307,0.0127134009149883,4,2000,TRUE,TRUE,TRUE,TRUE,TRUE,TRUE,TRUE,"rhat"
"sparse_mixture",1,"low_rank_full","sbayesr","vgs",500,250,1.00639685861753,799.975663350362,993.489968902212,0.00135692142538034,0.0383048727434177,0.0354242509685275,4,250,TRUE,TRUE,TRUE,TRUE,TRUE,TRUE,TRUE,"rhat"
"sparse_mixture",1,"low_rank_full","sbayesr","vgs",500,500,1.00327320488997,1690.23294054609,2058.52806446247,0.000935178004731904,0.0383984125432355,0.0243546006929042,4,500,TRUE,TRUE,TRUE,TRUE,TRUE,TRUE,TRUE,"rhat"
"sparse_mixture",1,"low_rank_full","sbayesr","vgs",500,1000,0.999931105219427,3318.7666540652,4030.94339387738,0.000671003708960699,0.0387012515099658,0.0173380364401888,4,1000,TRUE,TRUE,TRUE,TRUE,TRUE,TRUE,TRUE,"rhat"
"sparse_mixture",1,"low_rank_full","sbayesr","vgs",500,2000,1.00021443180858,6058.00014729773,8092.86030205891,0.000494451584990417,0.038479792160801,0.0128496428183443,4,2000,TRUE,TRUE,TRUE,TRUE,TRUE,TRUE,TRUE,"rhat"
"sparse_mixture",1,"low_rank_full","sbayesr","vgs",1000,250,0.999971845971579,770.272569920633,940.66573650857,0.00141820217713045,0.0392795912369792,0.0361053191356864,4,250,TRUE,TRUE,TRUE,TRUE,TRUE,TRUE,TRUE,"rhat"
"sparse_mixture",1,"low_rank_full","sbayesr","vgs",1000,500,1.00122997880393,1678.65215424095,1847.47896176899,0.000953218993461187,0.0390065365879664,0.0244374168240114,4,500,TRUE,TRUE,TRUE,TRUE,TRUE,TRUE,TRUE,"rhat"
"sparse_mixture",1,"low_rank_full","sbayesr","vgs",1000,1000,1.00042237583463,3048.84324263923,3875.00312655968,0.000707865631710288,0.039019619686313,0.0181412745024419,4,1000,TRUE,TRUE,TRUE,TRUE,TRUE,TRUE,TRUE,"rhat"
"sparse_mixture",1,"low_rank_full","sbayesr","vgs",1000,2000,0.999885105807413,5743.21578341397,7814.17599294832,0.000506895135833547,0.0383966210260761,0.0132015558215214,4,2000,TRUE,TRUE,TRUE,TRUE,TRUE,TRUE,TRUE,"rhat"
"sparse_mixture",1,"low_rank_full","sbayesr","vld",250,250,1.00241607324622,915.080513772129,950.396958375902,5.19234334097629e-05,0.0015671527039627,0.0331323382070358,4,250,TRUE,TRUE,TRUE,TRUE,TRUE,TRUE,TRUE,"rhat"
"sparse_mixture",1,"low_rank_full","sbayesr","vld",250,500,1.0007877094351,1846.11412637747,2014.38493519439,3.76317264636509e-05,0.00160224526744678,0.0234868700992439,4,500,TRUE,TRUE,TRUE,TRUE,TRUE,TRUE,TRUE,"rhat"
"sparse_mixture",1,"low_rank_full","sbayesr","vld",250,1000,1.00011953372495,3878.76703781328,3970.17155287434,2.54290413425421e-05,0.00158052678624336,0.0160889657574121,4,1000,TRUE,TRUE,TRUE,TRUE,TRUE,TRUE,TRUE,"rhat"
"sparse_mixture",1,"low_rank_full","sbayesr","vld",250,2000,0.999797584087578,8173.70946011211,8056.04673264408,1.73431361736362e-05,0.00156731347830673,0.0110655184260733,4,2000,TRUE,TRUE,TRUE,TRUE,TRUE,TRUE,TRUE,"rhat"
"sparse_mixture",1,"low_rank_full","sbayesr","vld",500,250,0.99961248341703,861.749171251665,1034.423280866,5.63452752371909e-05,0.00163616488698587,0.0344374064529583,4,250,TRUE,TRUE,TRUE,TRUE,TRUE,TRUE,TRUE,"rhat"
"sparse_mixture",1,"low_rank_full","sbayesr","vld",500,500,1.00033189773599,1985.2823276222,1997.20384913488,3.57992913441054e-05,0.00159181770175645,0.0224895673069872,4,500,TRUE,TRUE,TRUE,TRUE,TRUE,TRUE,TRUE,"rhat"
"sparse_mixture",1,"low_rank_full","sbayesr","vld",500,1000,1.00056498970455,4029.82422980565,3970.82619161174,2.4643828557197e-05,0.00156380144800006,0.0157589242475213,4,1000,TRUE,TRUE,TRUE,TRUE,TRUE,TRUE,TRUE,"rhat"
"sparse_mixture",1,"low_rank_full","sbayesr","vld",500,2000,1.00012024553795,8294.57303458085,8043.07077963742,1.72787209399191e-05,0.00157317056899912,0.0109833741365453,4,2000,TRUE,TRUE,TRUE,TRUE,TRUE,TRUE,TRUE,"rhat"
"sparse_mixture",1,"low_rank_full","sbayesr","vld",1000,250,1.00033278930658,954.761589330868,954.672850706193,5.08848259378514e-05,0.0015717449611138,0.0323747345763987,4,250,TRUE,TRUE,TRUE,TRUE,TRUE,TRUE,TRUE,"rhat"
"sparse_mixture",1,"low_rank_full","sbayesr","vld",1000,500,1.00086255586969,2003.51801829923,1901.87528140004,3.42934589459729e-05,0.00153566332161975,0.0223313655168906,4,500,TRUE,TRUE,TRUE,TRUE,TRUE,TRUE,TRUE,"rhat"
"sparse_mixture",1,"low_rank_full","sbayesr","vld",1000,1000,1.00070550648665,4187.83378296055,3880.65289995619,2.41222233489802e-05,0.00156195650813968,0.0154435947628979,4,1000,TRUE,TRUE,TRUE,TRUE,TRUE,TRUE,TRUE,"rhat"
"sparse_mixture",1,"low_rank_full","sbayesr","vld",1000,2000,1.00018558630179,8310.47643276822,8026.79596999803,1.72029492078918e-05,0.0015679556208014,0.0109715791567488,4,2000,TRUE,TRUE,TRUE,TRUE,TRUE,TRUE,TRUE,"rhat"
"sparse_mixture",1,"low_rank_full","sbayesr","vle",250,250,1.0068758661895,1111.12356534291,830.624440507244,0.00115076814824851,0.0381752566778682,0.0301443460605639,4,250,TRUE,TRUE,TRUE,TRUE,TRUE,TRUE,TRUE,"rhat"
"sparse_mixture",1,"low_rank_full","sbayesr","vle",250,500,1.00510085251113,1643.34844994413,2102.59404434589,0.000942767761621292,0.0383683640855127,0.0245714870594982,4,500,TRUE,TRUE,TRUE,TRUE,TRUE,TRUE,TRUE,"rhat"
"sparse_mixture",1,"low_rank_full","sbayesr","vle",250,1000,1.00095050258291,3362.5661937965,3750.6593123616,0.000666403107193989,0.0386989516897312,0.017220184994593,4,1000,TRUE,TRUE,TRUE,TRUE,TRUE,TRUE,TRUE,"rhat"
"sparse_mixture",1,"low_rank_full","sbayesr","vle",250,2000,0.999892683618764,6133.20729607343,7871.6230337727,0.000494121725694489,0.0387134669179064,0.0127635617533892,4,2000,TRUE,TRUE,TRUE,TRUE,TRUE,TRUE,TRUE,"rhat"
"sparse_mixture",1,"low_rank_full","sbayesr","vle",500,250,1.00654848409199,785.354310779473,1033.82035396044,0.00137147376012579,0.0384243525751952,0.0356928267676562,4,250,TRUE,TRUE,TRUE,TRUE,TRUE,TRUE,TRUE,"rhat"
"sparse_mixture",1,"low_rank_full","sbayesr","vle",500,500,1.00346539418012,1688.28876369904,2057.90816894148,0.000939158538570377,0.0385612011102301,0.0243550125911722,4,500,TRUE,TRUE,TRUE,TRUE,TRUE,TRUE,TRUE,"rhat"
"sparse_mixture",1,"low_rank_full","sbayesr","vle",500,1000,0.999948736302521,3290.88978236228,4095.92092942758,0.00067625695056077,0.0388501262976827,0.017406814726394,4,1000,TRUE,TRUE,TRUE,TRUE,TRUE,TRUE,TRUE,"rhat"
"sparse_mixture",1,"low_rank_full","sbayesr","vle",500,2000,1.00023106605981,6020.59398481346,8093.15425577993,0.000498137397082572,0.0386498736591985,0.0128884612010631,4,2000,TRUE,TRUE,TRUE,TRUE,TRUE,TRUE,TRUE,"rhat"
"sparse_mixture",1,"low_rank_full","sbayesr","vle",1000,250,0.999873138599979,764.523217705435,907.840609917171,0.00142716104406933,0.0394051049303366,0.0362176689185926,4,250,TRUE,TRUE,TRUE,TRUE,TRUE,TRUE,TRUE,"rhat"
"sparse_mixture",1,"low_rank_full","sbayesr","vle",1000,500,1.00137624194458,1662.26840404459,1922.1021442216,0.00096119686172305,0.0391418555119702,0.0245567525900529,4,500,TRUE,TRUE,TRUE,TRUE,TRUE,TRUE,TRUE,"rhat"
"sparse_mixture",1,"low_rank_full","sbayesr","vle",1000,1000,1.00047037327263,2998.4095720306,3873.7015604649,0.000717220300265162,0.039199441995686,0.0182966966811439,4,1000,TRUE,TRUE,TRUE,TRUE,TRUE,TRUE,TRUE,"rhat"
"sparse_mixture",1,"low_rank_full","sbayesr","vle",1000,2000,0.999930972927182,5688.70887964278,7708.23044141332,0.000511563733050872,0.0385672868884107,0.0132641877177156,4,2000,TRUE,TRUE,TRUE,TRUE,TRUE,TRUE,TRUE,"rhat"
