"replicate","focal_value","reference_value","complete_pair","difference","architecture","comparison_id","metric","orientation","interpretation_level"
1,0.000512687360185736,8.14153461438304e-05,TRUE,0.000431272014041906,"sparse_homogeneous","full_csr_minus_bed","noncausal_marker_rmse","full_csr minus bed",4
1,0.000517390598112429,8.14153461438304e-05,TRUE,0.000435975251968599,"sparse_homogeneous","block_eigen_ridge_fixed_minus_bed","noncausal_marker_rmse","block_eigen_ridge_fixed minus bed",4
1,0.000517390598112429,0.00051922778861573,TRUE,-1.83719050330104e-06,"sparse_homogeneous","ridge_fixed_minus_unfiltered_block_eigen","noncausal_marker_rmse","block_eigen_ridge_fixed minus block_eigen_unfiltered",3
1,0.00051922778861573,8.14153461438304e-05,TRUE,0.0004378124424719,"sparse_homogeneous","block_eigen_unfiltered_minus_bed","noncausal_marker_rmse","block_eigen_unfiltered minus bed",4
1,0.00051922778861573,0.000521975078155107,TRUE,-2.74728953937619e-06,"sparse_homogeneous","unfiltered_block_eigen_minus_block_csr","noncausal_marker_rmse","block_eigen_unfiltered minus block_csr",1
1,0.000520386609514269,8.14153461438304e-05,TRUE,0.000438971263370438,"sparse_homogeneous","block_eigen_hard_minus_bed","noncausal_marker_rmse","block_eigen_hard minus bed",4
1,0.000520386609514269,0.00051922778861573,TRUE,1.15882089853818e-06,"sparse_homogeneous","hard_minus_unfiltered_block_eigen","noncausal_marker_rmse","block_eigen_hard minus block_eigen_unfiltered",3
1,0.000521975078155107,8.14153461438304e-05,TRUE,0.000440559732011276,"sparse_homogeneous","block_csr_minus_bed","noncausal_marker_rmse","block_csr minus bed",4
1,0.000521975078155107,0.000512687360185736,TRUE,9.28771796937023e-06,"sparse_homogeneous","block_csr_minus_full_csr","noncausal_marker_rmse","block_csr minus full_csr",2
1,0.000811495026124229,0.000257049498352182,TRUE,0.000554445527772048,"sparse_mixture","full_csr_minus_bed","noncausal_marker_rmse","full_csr minus bed",4
1,0.000825887551987286,0.000257049498352182,TRUE,0.000568838053635104,"sparse_mixture","block_eigen_hard_minus_bed","noncausal_marker_rmse","block_eigen_hard minus bed",4
1,0.000825887551987286,0.000826733535440809,TRUE,-8.45983453522472e-07,"sparse_mixture","hard_minus_unfiltered_block_eigen","noncausal_marker_rmse","block_eigen_hard minus block_eigen_unfiltered",3
1,0.000826733535440809,0.000257049498352182,TRUE,0.000569684037088627,"sparse_mixture","block_eigen_unfiltered_minus_bed","noncausal_marker_rmse","block_eigen_unfiltered minus bed",4
1,0.000826733535440809,0.000829825762908398,TRUE,-3.09222746758904e-06,"sparse_mixture","unfiltered_block_eigen_minus_block_csr","noncausal_marker_rmse","block_eigen_unfiltered minus block_csr",1
1,0.000829825762908398,0.000257049498352182,TRUE,0.000572776264556216,"sparse_mixture","block_csr_minus_bed","noncausal_marker_rmse","block_csr minus bed",4
1,0.000829825762908398,0.000811495026124229,TRUE,1.83307367841682e-05,"sparse_mixture","block_csr_minus_full_csr","noncausal_marker_rmse","block_csr minus full_csr",2
1,0.000830015730262604,0.000257049498352182,TRUE,0.000572966231910423,"sparse_mixture","block_eigen_ridge_fixed_minus_bed","noncausal_marker_rmse","block_eigen_ridge_fixed minus bed",4
1,0.000830015730262604,0.000826733535440809,TRUE,3.28219482179581e-06,"sparse_mixture","ridge_fixed_minus_unfiltered_block_eigen","noncausal_marker_rmse","block_eigen_ridge_fixed minus block_eigen_unfiltered",3
1,0.00110005001184491,0.000539864704798505,TRUE,0.000560185307046406,"sparse_homogeneous","block_csr_minus_bed","nonnull_probability_mean","block_csr minus bed",4
1,0.00110005001184491,0.00110836777131426,TRUE,-8.31775946934796e-06,"sparse_homogeneous","block_csr_minus_full_csr","nonnull_probability_mean","block_csr minus full_csr",2
1,0.00110836777131426,0.000539864704798505,TRUE,0.000568503066515754,"sparse_homogeneous","full_csr_minus_bed","nonnull_probability_mean","full_csr minus bed",4
1,0.00110897317785791,0.000539864704798505,TRUE,0.000569108473059409,"sparse_homogeneous","block_eigen_ridge_fixed_minus_bed","nonnull_probability_mean","block_eigen_ridge_fixed minus bed",4
1,0.00110897317785791,0.00110942065225975,TRUE,-4.47474401831828e-07,"sparse_homogeneous","ridge_fixed_minus_unfiltered_block_eigen","nonnull_probability_mean","block_eigen_ridge_fixed minus block_eigen_unfiltered",3
1,0.00110942065225975,0.000539864704798505,TRUE,0.000569555947461241,"sparse_homogeneous","block_eigen_unfiltered_minus_bed","nonnull_probability_mean","block_eigen_unfiltered minus bed",4
1,0.00110942065225975,0.00110005001184491,TRUE,9.37064041483496e-06,"sparse_homogeneous","unfiltered_block_eigen_minus_block_csr","nonnull_probability_mean","block_eigen_unfiltered minus block_csr",1
1,0.00111636966649996,0.000539864704798505,TRUE,0.000576504961701456,"sparse_homogeneous","block_eigen_hard_minus_bed","nonnull_probability_mean","block_eigen_hard minus bed",4
1,0.00111636966649996,0.00110942065225975,TRUE,6.94901424021493e-06,"sparse_homogeneous","hard_minus_unfiltered_block_eigen","nonnull_probability_mean","block_eigen_hard minus block_eigen_unfiltered",3
1,0.00128777136840201,0.00129577436597753,TRUE,-8.00299757551938e-06,"sparse_homogeneous","full_csr_minus_bed","marker_effect_rmse","full_csr minus bed",4
1,0.00130516396504649,0.00129577436597753,TRUE,9.38959906896723e-06,"sparse_homogeneous","block_eigen_hard_minus_bed","marker_effect_rmse","block_eigen_hard minus bed",4
1,0.00130516396504649,0.00131118553180698,TRUE,-6.02156676048939e-06,"sparse_homogeneous","hard_minus_unfiltered_block_eigen","marker_effect_rmse","block_eigen_hard minus block_eigen_unfiltered",3
1,0.00130743248558474,0.00128777136840201,TRUE,1.96611171827327e-05,"sparse_homogeneous","block_csr_minus_full_csr","marker_effect_rmse","block_csr minus full_csr",2
1,0.00130743248558474,0.00129577436597753,TRUE,1.16581196072134e-05,"sparse_homogeneous","block_csr_minus_bed","marker_effect_rmse","block_csr minus bed",4
1,0.00130815402320604,0.00129577436597753,TRUE,1.23796572285139e-05,"sparse_homogeneous","block_eigen_ridge_fixed_minus_bed","marker_effect_rmse","block_eigen_ridge_fixed minus bed",4
1,0.00130815402320604,0.00131118553180698,TRUE,-3.03150860094274e-06,"sparse_homogeneous","ridge_fixed_minus_unfiltered_block_eigen","marker_effect_rmse","block_eigen_ridge_fixed minus block_eigen_unfiltered",3
1,0.00131118553180698,0.00129577436597753,TRUE,1.54111658294566e-05,"sparse_homogeneous","block_eigen_unfiltered_minus_bed","marker_effect_rmse","block_eigen_unfiltered minus bed",4
1,0.00131118553180698,0.00130743248558474,TRUE,3.75304622224327e-06,"sparse_homogeneous","unfiltered_block_eigen_minus_block_csr","marker_effect_rmse","block_eigen_unfiltered minus block_csr",1
1,0.00137294918316677,0.00121161305472276,TRUE,0.000161336128444008,"sparse_mixture","full_csr_minus_bed","marker_effect_rmse","full_csr minus bed",4
1,0.00138038365128338,0.00121161305472276,TRUE,0.000168770596560621,"sparse_mixture","block_eigen_hard_minus_bed","marker_effect_rmse","block_eigen_hard minus bed",4
1,0.00138038365128338,0.00138057925487428,TRUE,-1.95603590897675e-07,"sparse_mixture","hard_minus_unfiltered_block_eigen","marker_effect_rmse","block_eigen_hard minus block_eigen_unfiltered",3
1,0.00138057925487428,0.00121161305472276,TRUE,0.000168966200151518,"sparse_mixture","block_eigen_unfiltered_minus_bed","marker_effect_rmse","block_eigen_unfiltered minus bed",4
1,0.00138057925487428,0.00138542556138018,TRUE,-4.84630650590527e-06,"sparse_mixture","unfiltered_block_eigen_minus_block_csr","marker_effect_rmse","block_eigen_unfiltered minus block_csr",1
1,0.00138341149098634,0.00121161305472276,TRUE,0.000171798436263578,"sparse_mixture","block_eigen_ridge_fixed_minus_bed","marker_effect_rmse","block_eigen_ridge_fixed minus bed",4
1,0.00138341149098634,0.00138057925487428,TRUE,2.83223611205973e-06,"sparse_mixture","ridge_fixed_minus_unfiltered_block_eigen","marker_effect_rmse","block_eigen_ridge_fixed minus block_eigen_unfiltered",3
1,0.00138542556138018,0.00121161305472276,TRUE,0.000173812506657423,"sparse_mixture","block_csr_minus_bed","marker_effect_rmse","block_csr minus bed",4
1,0.00138542556138018,0.00137294918316677,TRUE,1.2476378213415e-05,"sparse_mixture","block_csr_minus_full_csr","marker_effect_rmse","block_csr minus full_csr",2
1,0.00943467531783844,0.00830218341186071,TRUE,0.00113249190597773,"sparse_mixture","block_eigen_hard_minus_bed","nonnull_probability_mean","block_eigen_hard minus bed",4
1,0.00943467531783844,0.00945495643705089,TRUE,-2.02811192124459e-05,"sparse_mixture","hard_minus_unfiltered_block_eigen","nonnull_probability_mean","block_eigen_hard minus block_eigen_unfiltered",3
1,0.00945065936669212,0.00830218341186071,TRUE,0.00114847595483141,"sparse_mixture","full_csr_minus_bed","nonnull_probability_mean","full_csr minus bed",4
1,0.00945495643705089,0.00830218341186071,TRUE,0.00115277302519018,"sparse_mixture","block_eigen_unfiltered_minus_bed","nonnull_probability_mean","block_eigen_unfiltered minus bed",4
1,0.00945495643705089,0.00946201731989156,TRUE,-7.0608828406718e-06,"sparse_mixture","unfiltered_block_eigen_minus_block_csr","nonnull_probability_mean","block_eigen_unfiltered minus block_csr",1
1,0.00945629227975047,0.00830218341186071,TRUE,0.00115410886788976,"sparse_mixture","block_eigen_ridge_fixed_minus_bed","nonnull_probability_mean","block_eigen_ridge_fixed minus bed",4
1,0.00945629227975047,0.00945495643705089,TRUE,1.33584269958534e-06,"sparse_mixture","ridge_fixed_minus_unfiltered_block_eigen","nonnull_probability_mean","block_eigen_ridge_fixed minus block_eigen_unfiltered",3
1,0.00946201731989156,0.00830218341186071,TRUE,0.00115983390803085,"sparse_mixture","block_csr_minus_bed","nonnull_probability_mean","block_csr minus bed",4
1,0.00946201731989156,0.00945065936669212,TRUE,1.13579531994413e-05,"sparse_mixture","block_csr_minus_full_csr","nonnull_probability_mean","block_csr minus full_csr",2
1,0.250778752233027,0.253934603981501,TRUE,-0.00315585174847327,"sparse_homogeneous","full_csr_minus_bed","genetic_value_rmse","full_csr minus bed",4
1,0.254448846088345,0.253934603981501,TRUE,0.000514242106844642,"sparse_homogeneous","block_eigen_hard_minus_bed","genetic_value_rmse","block_eigen_hard minus bed",4
1,0.254448846088345,0.255483266886318,TRUE,-0.0010344207979725,"sparse_homogeneous","hard_minus_unfiltered_block_eigen","genetic_value_rmse","block_eigen_hard minus block_eigen_unfiltered",3
1,0.254671923323197,0.250778752233027,TRUE,0.00389317109016951,"sparse_homogeneous","block_csr_minus_full_csr","genetic_value_rmse","block_csr minus full_csr",2
1,0.254671923323197,0.253934603981501,TRUE,0.000737319341696241,"sparse_homogeneous","block_csr_minus_bed","genetic_value_rmse","block_csr minus bed",4
1,0.254980148322062,0.253934603981501,TRUE,0.00104554434056137,"sparse_homogeneous","block_eigen_ridge_fixed_minus_bed","genetic_value_rmse","block_eigen_ridge_fixed minus bed",4
1,0.254980148322062,0.255483266886318,TRUE,-0.000503118564255778,"sparse_homogeneous","ridge_fixed_minus_unfiltered_block_eigen","genetic_value_rmse","block_eigen_ridge_fixed minus block_eigen_unfiltered",3
1,0.255483266886318,0.253934603981501,TRUE,0.00154866290481714,"sparse_homogeneous","block_eigen_unfiltered_minus_bed","genetic_value_rmse","block_eigen_unfiltered minus bed",4
1,0.255483266886318,0.254671923323197,TRUE,0.000811343563120903,"sparse_homogeneous","unfiltered_block_eigen_minus_block_csr","genetic_value_rmse","block_eigen_unfiltered minus block_csr",1
1,0.277805202902436,0.241396862513587,TRUE,0.0364083403888493,"sparse_mixture","full_csr_minus_bed","genetic_value_rmse","full_csr minus bed",4
1,0.27834895157679,0.241396862513587,TRUE,0.0369520890632029,"sparse_mixture","block_eigen_unfiltered_minus_bed","genetic_value_rmse","block_eigen_unfiltered minus bed",4
1,0.27834895157679,0.279472851338539,TRUE,-0.00112389976174881,"sparse_mixture","unfiltered_block_eigen_minus_block_csr","genetic_value_rmse","block_eigen_unfiltered minus block_csr",1
1,0.278385013675237,0.241396862513587,TRUE,0.0369881511616504,"sparse_mixture","block_eigen_hard_minus_bed","genetic_value_rmse","block_eigen_hard minus bed",4
1,0.278385013675237,0.27834895157679,TRUE,3.60620984474758e-05,"sparse_mixture","hard_minus_unfiltered_block_eigen","genetic_value_rmse","block_eigen_hard minus block_eigen_unfiltered",3
1,0.279254717570373,0.241396862513587,TRUE,0.0378578550567857,"sparse_mixture","block_eigen_ridge_fixed_minus_bed","genetic_value_rmse","block_eigen_ridge_fixed minus bed",4
1,0.279254717570373,0.27834895157679,TRUE,0.000905765993582774,"sparse_mixture","ridge_fixed_minus_unfiltered_block_eigen","genetic_value_rmse","block_eigen_ridge_fixed minus block_eigen_unfiltered",3
1,0.279472851338539,0.241396862513587,TRUE,0.0380759888249518,"sparse_mixture","block_csr_minus_bed","genetic_value_rmse","block_csr minus bed",4
1,0.279472851338539,0.277805202902436,TRUE,0.00166764843610245,"sparse_mixture","block_csr_minus_full_csr","genetic_value_rmse","block_csr minus full_csr",2
1,0.498688970829547,0.498972541819593,TRUE,-0.000283570990045889,"sparse_mixture","ridge_fixed_minus_unfiltered_block_eigen","phenotype_prediction_correlation","block_eigen_ridge_fixed minus block_eigen_unfiltered",3
1,0.498688970829547,0.519097708828264,TRUE,-0.0204087379987166,"sparse_mixture","block_eigen_ridge_fixed_minus_bed","phenotype_prediction_correlation","block_eigen_ridge_fixed minus bed",4
1,0.498972541819593,0.499538415426896,TRUE,-0.000565873607302869,"sparse_mixture","unfiltered_block_eigen_minus_block_csr","phenotype_prediction_correlation","block_eigen_unfiltered minus block_csr",1
1,0.498972541819593,0.519097708828264,TRUE,-0.0201251670086707,"sparse_mixture","block_eigen_unfiltered_minus_bed","phenotype_prediction_correlation","block_eigen_unfiltered minus bed",4
1,0.499538415426896,0.50036527703396,TRUE,-0.000826861607064466,"sparse_mixture","block_csr_minus_full_csr","phenotype_prediction_correlation","block_csr minus full_csr",2
1,0.499538415426896,0.519097708828264,TRUE,-0.0195592934013679,"sparse_mixture","block_csr_minus_bed","phenotype_prediction_correlation","block_csr minus bed",4
1,0.49963014455252,0.498972541819593,TRUE,0.000657602732927309,"sparse_mixture","hard_minus_unfiltered_block_eigen","phenotype_prediction_correlation","block_eigen_hard minus block_eigen_unfiltered",3
1,0.49963014455252,0.519097708828264,TRUE,-0.0194675642757434,"sparse_mixture","block_eigen_hard_minus_bed","phenotype_prediction_correlation","block_eigen_hard minus bed",4
1,0.50036527703396,0.519097708828264,TRUE,-0.0187324317943034,"sparse_mixture","full_csr_minus_bed","phenotype_prediction_correlation","full_csr minus bed",4
1,0.519399988288117,0.519883464072673,TRUE,-0.000483475784556542,"sparse_homogeneous","unfiltered_block_eigen_minus_block_csr","phenotype_prediction_correlation","block_eigen_unfiltered minus block_csr",1
1,0.519399988288117,0.521934805077949,TRUE,-0.00253481678983258,"sparse_homogeneous","block_eigen_unfiltered_minus_bed","phenotype_prediction_correlation","block_eigen_unfiltered minus bed",4
1,0.519681613222836,0.519399988288117,TRUE,0.000281624934719393,"sparse_homogeneous","hard_minus_unfiltered_block_eigen","phenotype_prediction_correlation","block_eigen_hard minus block_eigen_unfiltered",3
1,0.519681613222836,0.521934805077949,TRUE,-0.00225319185511319,"sparse_homogeneous","block_eigen_hard_minus_bed","phenotype_prediction_correlation","block_eigen_hard minus bed",4
1,0.519883464072673,0.520953571091519,TRUE,-0.00107010701884536,"sparse_homogeneous","block_csr_minus_full_csr","phenotype_prediction_correlation","block_csr minus full_csr",2
1,0.519883464072673,0.521934805077949,TRUE,-0.00205134100527604,"sparse_homogeneous","block_csr_minus_bed","phenotype_prediction_correlation","block_csr minus bed",4
1,0.52046662674672,0.519399988288117,TRUE,0.001066638458603,"sparse_homogeneous","ridge_fixed_minus_unfiltered_block_eigen","phenotype_prediction_correlation","block_eigen_ridge_fixed minus block_eigen_unfiltered",3
1,0.52046662674672,0.521934805077949,TRUE,-0.00146817833122959,"sparse_homogeneous","block_eigen_ridge_fixed_minus_bed","phenotype_prediction_correlation","block_eigen_ridge_fixed minus bed",4
1,0.520953571091519,0.521934805077949,TRUE,-0.000981233986430685,"sparse_homogeneous","full_csr_minus_bed","phenotype_prediction_correlation","full_csr minus bed",4
1,0.905722089765012,0.907220834973379,TRUE,-0.00149874520836668,"sparse_mixture","block_csr_minus_full_csr","genetic_value_reconstruction_correlation","block_csr minus full_csr",2
1,0.905722089765012,0.943856315255597,TRUE,-0.0381342254905843,"sparse_mixture","block_csr_minus_bed","genetic_value_reconstruction_correlation","block_csr minus bed",4
1,0.905802011154078,0.906206013198454,TRUE,-0.000404002044375296,"sparse_mixture","ridge_fixed_minus_unfiltered_block_eigen","genetic_value_reconstruction_correlation","block_eigen_ridge_fixed minus block_eigen_unfiltered",3
1,0.905802011154078,0.943856315255597,TRUE,-0.0380543041015182,"sparse_mixture","block_eigen_ridge_fixed_minus_bed","genetic_value_reconstruction_correlation","block_eigen_ridge_fixed minus bed",4
1,0.906206013198454,0.905722089765012,TRUE,0.000483923433441391,"sparse_mixture","unfiltered_block_eigen_minus_block_csr","genetic_value_reconstruction_correlation","block_eigen_unfiltered minus block_csr",1
1,0.906206013198454,0.943856315255597,TRUE,-0.0376503020571429,"sparse_mixture","block_eigen_unfiltered_minus_bed","genetic_value_reconstruction_correlation","block_eigen_unfiltered minus bed",4
1,0.90631720939948,0.906206013198454,TRUE,0.000111196201026287,"sparse_mixture","hard_minus_unfiltered_block_eigen","genetic_value_reconstruction_correlation","block_eigen_hard minus block_eigen_unfiltered",3
1,0.90631720939948,0.943856315255597,TRUE,-0.0375391058561166,"sparse_mixture","block_eigen_hard_minus_bed","genetic_value_reconstruction_correlation","block_eigen_hard minus bed",4
1,0.907220834973379,0.943856315255597,TRUE,-0.0366354802822176,"sparse_mixture","full_csr_minus_bed","genetic_value_reconstruction_correlation","full_csr minus bed",4
1,0.910757902117348,0.912039476421133,TRUE,-0.00128157430378473,"sparse_mixture","block_csr_minus_full_csr","genetic_value_correlation","block_csr minus full_csr",2
1,0.910757902117348,0.944337842043772,TRUE,-0.0335799399264235,"sparse_mixture","block_csr_minus_bed","genetic_value_correlation","block_csr minus bed",4
1,0.910822954363897,0.911488596644219,TRUE,-0.000665642280321954,"sparse_mixture","ridge_fixed_minus_unfiltered_block_eigen","genetic_value_correlation","block_eigen_ridge_fixed minus block_eigen_unfiltered",3
1,0.910822954363897,0.944337842043772,TRUE,-0.0335148876798746,"sparse_mixture","block_eigen_ridge_fixed_minus_bed","genetic_value_correlation","block_eigen_ridge_fixed minus bed",4
1,0.911471969814663,0.911488596644219,TRUE,-1.66268295559435e-05,"sparse_mixture","hard_minus_unfiltered_block_eigen","genetic_value_correlation","block_eigen_hard minus block_eigen_unfiltered",3
1,0.911471969814663,0.944337842043772,TRUE,-0.0328658722291086,"sparse_mixture","block_eigen_hard_minus_bed","genetic_value_correlation","block_eigen_hard minus bed",4
1,0.911488596644219,0.910757902117348,TRUE,0.000730694526870801,"sparse_mixture","unfiltered_block_eigen_minus_block_csr","genetic_value_correlation","block_eigen_unfiltered minus block_csr",1
1,0.911488596644219,0.944337842043772,TRUE,-0.0328492453995527,"sparse_mixture","block_eigen_unfiltered_minus_bed","genetic_value_correlation","block_eigen_unfiltered minus bed",4
1,0.912039476421133,0.944337842043772,TRUE,-0.0322983656226388,"sparse_mixture","full_csr_minus_bed","genetic_value_correlation","full_csr minus bed",4
1,0.914827574017173,0.91665255655612,TRUE,-0.00182498253894692,"sparse_mixture","block_csr_minus_full_csr","marker_effect_correlation","block_csr minus full_csr",2
1,0.914827574017173,0.945162202455937,TRUE,-0.0303346284387639,"sparse_mixture","block_csr_minus_bed","marker_effect_correlation","block_csr minus bed",4
1,0.91507632844737,0.915430736497445,TRUE,-0.00035440805007525,"sparse_mixture","ridge_fixed_minus_unfiltered_block_eigen","marker_effect_correlation","block_eigen_ridge_fixed minus block_eigen_unfiltered",3
1,0.91507632844737,0.945162202455937,TRUE,-0.0300858740085669,"sparse_mixture","block_eigen_ridge_fixed_minus_bed","marker_effect_correlation","block_eigen_ridge_fixed minus bed",4
1,0.915430736497445,0.914827574017173,TRUE,0.000603162480272257,"sparse_mixture","unfiltered_block_eigen_minus_block_csr","marker_effect_correlation","block_eigen_unfiltered minus block_csr",1
1,0.915430736497445,0.945162202455937,TRUE,-0.0297314659584916,"sparse_mixture","block_eigen_unfiltered_minus_bed","marker_effect_correlation","block_eigen_unfiltered minus bed",4
1,0.915497516891382,0.915430736497445,TRUE,6.67803939369271e-05,"sparse_mixture","hard_minus_unfiltered_block_eigen","marker_effect_correlation","block_eigen_hard minus block_eigen_unfiltered",3
1,0.915497516891382,0.945162202455937,TRUE,-0.0296646855645547,"sparse_mixture","block_eigen_hard_minus_bed","marker_effect_correlation","block_eigen_hard minus bed",4
1,0.91665255655612,0.945162202455937,TRUE,-0.028509645899817,"sparse_mixture","full_csr_minus_bed","marker_effect_correlation","full_csr minus bed",4
1,0.920418623677595,0.920866192477667,TRUE,-0.000447568800072129,"sparse_homogeneous","unfiltered_block_eigen_minus_block_csr","marker_effect_correlation","block_eigen_unfiltered minus block_csr",1
1,0.920418623677595,0.922270767371729,TRUE,-0.001852143694134,"sparse_homogeneous","block_eigen_unfiltered_minus_bed","marker_effect_correlation","block_eigen_unfiltered minus bed",4
1,0.920799545908856,0.920418623677595,TRUE,0.000380922231260628,"sparse_homogeneous","ridge_fixed_minus_unfiltered_block_eigen","marker_effect_correlation","block_eigen_ridge_fixed minus block_eigen_unfiltered",3
1,0.920799545908856,0.922270767371729,TRUE,-0.00147122146287337,"sparse_homogeneous","block_eigen_ridge_fixed_minus_bed","marker_effect_correlation","block_eigen_ridge_fixed minus bed",4
1,0.920866192477667,0.922270767371729,TRUE,-0.00140457489406187,"sparse_homogeneous","block_csr_minus_bed","marker_effect_correlation","block_csr minus bed",4
1,0.920866192477667,0.923417206108352,TRUE,-0.00255101363068522,"sparse_homogeneous","block_csr_minus_full_csr","marker_effect_correlation","block_csr minus full_csr",2
1,0.92117270672489,0.920418623677595,TRUE,0.000754083047295295,"sparse_homogeneous","hard_minus_unfiltered_block_eigen","marker_effect_correlation","block_eigen_hard minus block_eigen_unfiltered",3
1,0.92117270672489,0.922270767371729,TRUE,-0.00109806064683871,"sparse_homogeneous","block_eigen_hard_minus_bed","marker_effect_correlation","block_eigen_hard minus bed",4
1,0.922010251671533,0.922610419633947,TRUE,-0.000600167962413911,"sparse_homogeneous","unfiltered_block_eigen_minus_block_csr","genetic_value_reconstruction_correlation","block_eigen_unfiltered minus block_csr",1
1,0.922010251671533,0.923848906283986,TRUE,-0.00183865461245381,"sparse_homogeneous","block_eigen_unfiltered_minus_bed","genetic_value_reconstruction_correlation","block_eigen_unfiltered minus bed",4
1,0.922435000111255,0.922864937115102,TRUE,-0.000429937003847747,"sparse_homogeneous","unfiltered_block_eigen_minus_block_csr","genetic_value_correlation","block_eigen_unfiltered minus block_csr",1
1,0.922435000111255,0.923152540135212,TRUE,-0.000717540023957519,"sparse_homogeneous","block_eigen_unfiltered_minus_bed","genetic_value_correlation","block_eigen_unfiltered minus bed",4
1,0.922466108473438,0.922010251671533,TRUE,0.000455856801905186,"sparse_homogeneous","ridge_fixed_minus_unfiltered_block_eigen","genetic_value_reconstruction_correlation","block_eigen_ridge_fixed minus block_eigen_unfiltered",3
1,0.922466108473438,0.923848906283986,TRUE,-0.00138279781054862,"sparse_homogeneous","block_eigen_ridge_fixed_minus_bed","genetic_value_reconstruction_correlation","block_eigen_ridge_fixed minus bed",4
1,0.922610419633947,0.923848906283986,TRUE,-0.00123848665003989,"sparse_homogeneous","block_csr_minus_bed","genetic_value_reconstruction_correlation","block_csr minus bed",4
1,0.922610419633947,0.925154378087014,TRUE,-0.00254395845306754,"sparse_homogeneous","block_csr_minus_full_csr","genetic_value_reconstruction_correlation","block_csr minus full_csr",2
1,0.922686388325303,0.922435000111255,TRUE,0.000251388214048243,"sparse_homogeneous","ridge_fixed_minus_unfiltered_block_eigen","genetic_value_correlation","block_eigen_ridge_fixed minus block_eigen_unfiltered",3
1,0.922686388325303,0.923152540135212,TRUE,-0.000466151809909277,"sparse_homogeneous","block_eigen_ridge_fixed_minus_bed","genetic_value_correlation","block_eigen_ridge_fixed minus bed",4
1,0.922864937115102,0.923152540135212,TRUE,-0.000287603020109772,"sparse_homogeneous","block_csr_minus_bed","genetic_value_correlation","block_csr minus bed",4
1,0.922864937115102,0.92539817539882,TRUE,-0.00253323828371743,"sparse_homogeneous","block_csr_minus_full_csr","genetic_value_correlation","block_csr minus full_csr",2
1,0.922865733877605,0.922010251671533,TRUE,0.000855482206072344,"sparse_homogeneous","hard_minus_unfiltered_block_eigen","genetic_value_reconstruction_correlation","block_eigen_hard minus block_eigen_unfiltered",3
1,0.922865733877605,0.923848906283986,TRUE,-0.000983172406381461,"sparse_homogeneous","block_eigen_hard_minus_bed","genetic_value_reconstruction_correlation","block_eigen_hard minus bed",4
1,0.923005539724477,0.922435000111255,TRUE,0.000570539613222398,"sparse_homogeneous","hard_minus_unfiltered_block_eigen","genetic_value_correlation","block_eigen_hard minus block_eigen_unfiltered",3
1,0.923005539724477,0.923152540135212,TRUE,-0.000147000410735121,"sparse_homogeneous","block_eigen_hard_minus_bed","genetic_value_correlation","block_eigen_hard minus bed",4
1,0.923417206108352,0.922270767371729,TRUE,0.00114643873662335,"sparse_homogeneous","full_csr_minus_bed","marker_effect_correlation","full_csr minus bed",4
1,0.925154378087014,0.923848906283986,TRUE,0.00130547180302765,"sparse_homogeneous","full_csr_minus_bed","genetic_value_reconstruction_correlation","full_csr minus bed",4
1,0.92539817539882,0.923152540135212,TRUE,0.00224563526360766,"sparse_homogeneous","full_csr_minus_bed","genetic_value_correlation","full_csr minus bed",4
1,0.93333639638283,0.920987164938688,TRUE,0.0123492314441418,"sparse_homogeneous","block_eigen_unfiltered_minus_bed","causal_marker_effect_correlation","block_eigen_unfiltered minus bed",4
1,0.93333639638283,0.933799460583325,TRUE,-0.0004630642004948,"sparse_homogeneous","unfiltered_block_eigen_minus_block_csr","causal_marker_effect_correlation","block_eigen_unfiltered minus block_csr",1
1,0.933552082558679,0.920987164938688,TRUE,0.012564917619991,"sparse_homogeneous","block_eigen_ridge_fixed_minus_bed","causal_marker_effect_correlation","block_eigen_ridge_fixed minus bed",4
1,0.933552082558679,0.93333639638283,TRUE,0.000215686175849217,"sparse_homogeneous","ridge_fixed_minus_unfiltered_block_eigen","causal_marker_effect_correlation","block_eigen_ridge_fixed minus block_eigen_unfiltered",3
1,0.933799460583325,0.920987164938688,TRUE,0.0128122956446366,"sparse_homogeneous","block_csr_minus_bed","causal_marker_effect_correlation","block_csr minus bed",4
1,0.933799460583325,0.93600259734551,TRUE,-0.00220313676218498,"sparse_homogeneous","block_csr_minus_full_csr","causal_marker_effect_correlation","block_csr minus full_csr",2
1,0.934116093324217,0.920987164938688,TRUE,0.0131289283855288,"sparse_homogeneous","block_eigen_hard_minus_bed","causal_marker_effect_correlation","block_eigen_hard minus bed",4
1,0.934116093324217,0.93333639638283,TRUE,0.00077969694138702,"sparse_homogeneous","hard_minus_unfiltered_block_eigen","causal_marker_effect_correlation","block_eigen_hard minus block_eigen_unfiltered",3
1,0.93600259734551,0.920987164938688,TRUE,0.0150154324068216,"sparse_homogeneous","full_csr_minus_bed","causal_marker_effect_correlation","full_csr minus bed",4
1,0.95556415018517,0.949145559448,TRUE,0.00641859073717033,"sparse_mixture","block_csr_minus_bed","causal_marker_effect_correlation","block_csr minus bed",4
1,0.95556415018517,0.955600863428267,TRUE,-3.6713243096953e-05,"sparse_mixture","block_csr_minus_full_csr","causal_marker_effect_correlation","block_csr minus full_csr",2
1,0.955600863428267,0.949145559448,TRUE,0.00645530398026728,"sparse_mixture","full_csr_minus_bed","causal_marker_effect_correlation","full_csr minus bed",4
1,0.955767012057521,0.949145559448,TRUE,0.00662145260952174,"sparse_mixture","block_eigen_unfiltered_minus_bed","causal_marker_effect_correlation","block_eigen_unfiltered minus bed",4
1,0.955767012057521,0.95556415018517,TRUE,0.000202861872351412,"sparse_mixture","unfiltered_block_eigen_minus_block_csr","causal_marker_effect_correlation","block_eigen_unfiltered minus block_csr",1
1,0.955776968473955,0.949145559448,TRUE,0.00663140902595538,"sparse_mixture","block_eigen_hard_minus_bed","causal_marker_effect_correlation","block_eigen_hard minus bed",4
1,0.955776968473955,0.955767012057521,TRUE,9.95641643364298e-06,"sparse_mixture","hard_minus_unfiltered_block_eigen","causal_marker_effect_correlation","block_eigen_hard minus block_eigen_unfiltered",3
1,0.955797039153449,0.949145559448,TRUE,0.00665147970544921,"sparse_mixture","block_eigen_ridge_fixed_minus_bed","causal_marker_effect_correlation","block_eigen_ridge_fixed minus bed",4
1,0.955797039153449,0.955767012057521,TRUE,3.00270959274762e-05,"sparse_mixture","ridge_fixed_minus_unfiltered_block_eigen","causal_marker_effect_correlation","block_eigen_ridge_fixed minus block_eigen_unfiltered",3
1,1.01914333937337,1.00884545014766,TRUE,0.0102978892257088,"sparse_mixture","full_csr_minus_bed","phenotype_prediction_rmse","full_csr minus bed",4
1,1.01959233640584,1.00884545014766,TRUE,0.0107468862581781,"sparse_mixture","block_eigen_hard_minus_bed","phenotype_prediction_rmse","block_eigen_hard minus bed",4
1,1.01959233640584,1.0199939237096,TRUE,-0.000401587303757278,"sparse_mixture","hard_minus_unfiltered_block_eigen","phenotype_prediction_rmse","block_eigen_hard minus block_eigen_unfiltered",3
1,1.01965320198777,1.00884545014766,TRUE,0.0108077518401097,"sparse_mixture","block_csr_minus_bed","phenotype_prediction_rmse","block_csr minus bed",4
1,1.01965320198777,1.01914333937337,TRUE,0.000509862614400891,"sparse_mixture","block_csr_minus_full_csr","phenotype_prediction_rmse","block_csr minus full_csr",2
1,1.0199939237096,1.00884545014766,TRUE,0.0111484735619354,"sparse_mixture","block_eigen_unfiltered_minus_bed","phenotype_prediction_rmse","block_eigen_unfiltered minus bed",4
1,1.0199939237096,1.01965320198777,TRUE,0.000340721721825643,"sparse_mixture","unfiltered_block_eigen_minus_block_csr","phenotype_prediction_rmse","block_eigen_unfiltered minus block_csr",1
1,1.0202063879747,1.00884545014766,TRUE,0.011360937827033,"sparse_mixture","block_eigen_ridge_fixed_minus_bed","phenotype_prediction_rmse","block_eigen_ridge_fixed minus bed",4
1,1.0202063879747,1.0199939237096,TRUE,0.000212464265097578,"sparse_mixture","ridge_fixed_minus_unfiltered_block_eigen","phenotype_prediction_rmse","block_eigen_ridge_fixed minus block_eigen_unfiltered",3
1,1.02051573345729,1.01962600500988,TRUE,0.000889728447405425,"sparse_homogeneous","full_csr_minus_bed","phenotype_prediction_rmse","full_csr minus bed",4
1,1.02085699659595,1.01962600500988,TRUE,0.00123099158606244,"sparse_homogeneous","block_eigen_ridge_fixed_minus_bed","phenotype_prediction_rmse","block_eigen_ridge_fixed minus bed",4
1,1.02085699659595,1.0216506287264,TRUE,-0.000793632130448696,"sparse_homogeneous","ridge_fixed_minus_unfiltered_block_eigen","phenotype_prediction_rmse","block_eigen_ridge_fixed minus block_eigen_unfiltered",3
1,1.02124406682705,1.01962600500988,TRUE,0.00161806181716329,"sparse_homogeneous","block_csr_minus_bed","phenotype_prediction_rmse","block_csr minus bed",4
1,1.02124406682705,1.02051573345729,TRUE,0.000728333369757861,"sparse_homogeneous","block_csr_minus_full_csr","phenotype_prediction_rmse","block_csr minus full_csr",2
1,1.02138401082754,1.01962600500988,TRUE,0.00175800581765184,"sparse_homogeneous","block_eigen_hard_minus_bed","phenotype_prediction_rmse","block_eigen_hard minus bed",4
1,1.02138401082754,1.0216506287264,TRUE,-0.000266617898859289,"sparse_homogeneous","hard_minus_unfiltered_block_eigen","phenotype_prediction_rmse","block_eigen_hard minus block_eigen_unfiltered",3
1,1.0216506287264,1.01962600500988,TRUE,0.00202462371651113,"sparse_homogeneous","block_eigen_unfiltered_minus_bed","phenotype_prediction_rmse","block_eigen_unfiltered minus bed",4
1,1.0216506287264,1.02124406682705,TRUE,0.000406561899347846,"sparse_homogeneous","unfiltered_block_eigen_minus_block_csr","phenotype_prediction_rmse","block_eigen_unfiltered minus block_csr",1
1,1.04228780096372,1.04282210504805,TRUE,-0.000534304084329529,"sparse_mixture","ridge_fixed_minus_unfiltered_block_eigen","prediction_regression_slope","block_eigen_ridge_fixed minus block_eigen_unfiltered",3
1,1.04228780096372,1.15151610809427,TRUE,-0.109228307130542,"sparse_mixture","block_eigen_ridge_fixed_minus_bed","prediction_regression_slope","block_eigen_ridge_fixed minus bed",4
1,1.04282210504805,1.0455853095188,TRUE,-0.0027632044707484,"sparse_mixture","unfiltered_block_eigen_minus_block_csr","prediction_regression_slope","block_eigen_unfiltered minus block_csr",1
1,1.04282210504805,1.15151610809427,TRUE,-0.108694003046213,"sparse_mixture","block_eigen_unfiltered_minus_bed","prediction_regression_slope","block_eigen_unfiltered minus bed",4
1,1.04431374562202,1.04282210504805,TRUE,0.00149164057397044,"sparse_mixture","hard_minus_unfiltered_block_eigen","prediction_regression_slope","block_eigen_hard minus block_eigen_unfiltered",3
1,1.04431374562202,1.15151610809427,TRUE,-0.107202362472242,"sparse_mixture","block_eigen_hard_minus_bed","prediction_regression_slope","block_eigen_hard minus bed",4
1,1.04456697285551,1.03568516708089,TRUE,0.0088818057746276,"sparse_homogeneous","block_csr_minus_bed","prediction_regression_slope","block_csr minus bed",4
1,1.04456697285551,1.04984048148474,TRUE,-0.00527350862922127,"sparse_homogeneous","block_csr_minus_full_csr","prediction_regression_slope","block_csr minus full_csr",2
1,1.0454234624808,1.03568516708089,TRUE,0.00973829539991322,"sparse_homogeneous","block_eigen_hard_minus_bed","prediction_regression_slope","block_eigen_hard minus bed",4
1,1.0454234624808,1.04684635172511,TRUE,-0.00142288924430778,"sparse_homogeneous","hard_minus_unfiltered_block_eigen","prediction_regression_slope","block_eigen_hard minus block_eigen_unfiltered",3
1,1.0455853095188,1.04791787846286,TRUE,-0.00233256894405875,"sparse_mixture","block_csr_minus_full_csr","prediction_regression_slope","block_csr minus full_csr",2
1,1.0455853095188,1.15151610809427,TRUE,-0.105930798575465,"sparse_mixture","block_csr_minus_bed","prediction_regression_slope","block_csr minus bed",4
1,1.04684635172511,1.03568516708089,TRUE,0.011161184644221,"sparse_homogeneous","block_eigen_unfiltered_minus_bed","prediction_regression_slope","block_eigen_unfiltered minus bed",4
1,1.04684635172511,1.04456697285551,TRUE,0.0022793788695934,"sparse_homogeneous","unfiltered_block_eigen_minus_block_csr","prediction_regression_slope","block_eigen_unfiltered minus block_csr",1
1,1.04723047602741,1.03568516708089,TRUE,0.0115453089465285,"sparse_homogeneous","block_eigen_ridge_fixed_minus_bed","prediction_regression_slope","block_eigen_ridge_fixed minus bed",4
1,1.04723047602741,1.04684635172511,TRUE,0.000384124302307498,"sparse_homogeneous","ridge_fixed_minus_unfiltered_block_eigen","prediction_regression_slope","block_eigen_ridge_fixed minus block_eigen_unfiltered",3
1,1.04791787846286,1.15151610809427,TRUE,-0.103598229631406,"sparse_mixture","full_csr_minus_bed","prediction_regression_slope","full_csr minus bed",4
1,1.04984048148474,1.03568516708089,TRUE,0.0141553144038489,"sparse_homogeneous","full_csr_minus_bed","prediction_regression_slope","full_csr minus bed",4
1,14,8,TRUE,6,"sparse_mixture","full_csr_minus_bed","high_pip_marker_count","full_csr minus bed",4
1,15,8,TRUE,7,"sparse_mixture","block_csr_minus_bed","high_pip_marker_count","block_csr minus bed",4
1,15,8,TRUE,7,"sparse_mixture","block_eigen_hard_minus_bed","high_pip_marker_count","block_eigen_hard minus bed",4
1,15,8,TRUE,7,"sparse_mixture","block_eigen_ridge_fixed_minus_bed","high_pip_marker_count","block_eigen_ridge_fixed minus bed",4
1,15,8,TRUE,7,"sparse_mixture","block_eigen_unfiltered_minus_bed","high_pip_marker_count","block_eigen_unfiltered minus bed",4
1,15,14,TRUE,1,"sparse_mixture","block_csr_minus_full_csr","high_pip_marker_count","block_csr minus full_csr",2
1,15,15,TRUE,0,"sparse_mixture","hard_minus_unfiltered_block_eigen","high_pip_marker_count","block_eigen_hard minus block_eigen_unfiltered",3
1,15,15,TRUE,0,"sparse_mixture","ridge_fixed_minus_unfiltered_block_eigen","high_pip_marker_count","block_eigen_ridge_fixed minus block_eigen_unfiltered",3
1,15,15,TRUE,0,"sparse_mixture","unfiltered_block_eigen_minus_block_csr","high_pip_marker_count","block_eigen_unfiltered minus block_csr",1
1,19,16,TRUE,3,"sparse_homogeneous","block_csr_minus_bed","high_pip_marker_count","block_csr minus bed",4
1,19,16,TRUE,3,"sparse_homogeneous","block_eigen_hard_minus_bed","high_pip_marker_count","block_eigen_hard minus bed",4
1,19,16,TRUE,3,"sparse_homogeneous","block_eigen_ridge_fixed_minus_bed","high_pip_marker_count","block_eigen_ridge_fixed minus bed",4
1,19,16,TRUE,3,"sparse_homogeneous","block_eigen_unfiltered_minus_bed","high_pip_marker_count","block_eigen_unfiltered minus bed",4
1,19,16,TRUE,3,"sparse_homogeneous","full_csr_minus_bed","high_pip_marker_count","full_csr minus bed",4
1,19,19,TRUE,0,"sparse_homogeneous","block_csr_minus_full_csr","high_pip_marker_count","block_csr minus full_csr",2
1,19,19,TRUE,0,"sparse_homogeneous","hard_minus_unfiltered_block_eigen","high_pip_marker_count","block_eigen_hard minus block_eigen_unfiltered",3
1,19,19,TRUE,0,"sparse_homogeneous","ridge_fixed_minus_unfiltered_block_eigen","high_pip_marker_count","block_eigen_ridge_fixed minus block_eigen_unfiltered",3
1,19,19,TRUE,0,"sparse_homogeneous","unfiltered_block_eigen_minus_block_csr","high_pip_marker_count","block_eigen_unfiltered minus block_csr",1
2,0.00035425011819428,9.8656754559935e-05,TRUE,0.000255593363634345,"sparse_homogeneous","full_csr_minus_bed","noncausal_marker_rmse","full_csr minus bed",4
2,0.00036319682262371,9.8656754559935e-05,TRUE,0.000264540068063775,"sparse_homogeneous","block_eigen_unfiltered_minus_bed","noncausal_marker_rmse","block_eigen_unfiltered minus bed",4
2,0.00036319682262371,0.000364495533680403,TRUE,-1.29871105669296e-06,"sparse_homogeneous","unfiltered_block_eigen_minus_block_csr","noncausal_marker_rmse","block_eigen_unfiltered minus block_csr",1
2,0.000363407818617507,9.8656754559935e-05,TRUE,0.000264751064057572,"sparse_homogeneous","block_eigen_ridge_fixed_minus_bed","noncausal_marker_rmse","block_eigen_ridge_fixed minus bed",4
2,0.000363407818617507,0.00036319682262371,TRUE,2.10995993796769e-07,"sparse_homogeneous","ridge_fixed_minus_unfiltered_block_eigen","noncausal_marker_rmse","block_eigen_ridge_fixed minus block_eigen_unfiltered",3
2,0.000364495533680403,9.8656754559935e-05,TRUE,0.000265838779120468,"sparse_homogeneous","block_csr_minus_bed","noncausal_marker_rmse","block_csr minus bed",4
2,0.000364495533680403,0.00035425011819428,TRUE,1.02454154861234e-05,"sparse_homogeneous","block_csr_minus_full_csr","noncausal_marker_rmse","block_csr minus full_csr",2
2,0.000369224939099835,9.8656754559935e-05,TRUE,0.0002705681845399,"sparse_homogeneous","block_eigen_hard_minus_bed","noncausal_marker_rmse","block_eigen_hard minus bed",4
2,0.000369224939099835,0.00036319682262371,TRUE,6.02811647612409e-06,"sparse_homogeneous","hard_minus_unfiltered_block_eigen","noncausal_marker_rmse","block_eigen_hard minus block_eigen_unfiltered",3
2,0.000931747973550859,0.000232913422993148,TRUE,0.00069883455055771,"sparse_mixture","block_csr_minus_bed","noncausal_marker_rmse","block_csr minus bed",4
2,0.000931747973550859,0.000944662274018982,TRUE,-1.29143004681231e-05,"sparse_mixture","block_csr_minus_full_csr","noncausal_marker_rmse","block_csr minus full_csr",2
2,0.000932860306959676,0.000232913422993148,TRUE,0.000699946883966528,"sparse_mixture","block_eigen_ridge_fixed_minus_bed","noncausal_marker_rmse","block_eigen_ridge_fixed minus bed",4
2,0.000932860306959676,0.000934620566921483,TRUE,-1.76025996180714e-06,"sparse_mixture","ridge_fixed_minus_unfiltered_block_eigen","noncausal_marker_rmse","block_eigen_ridge_fixed minus block_eigen_unfiltered",3
2,0.000934620566921483,0.000232913422993148,TRUE,0.000701707143928335,"sparse_mixture","block_eigen_unfiltered_minus_bed","noncausal_marker_rmse","block_eigen_unfiltered minus bed",4
2,0.000934620566921483,0.000931747973550859,TRUE,2.87259337062478e-06,"sparse_mixture","unfiltered_block_eigen_minus_block_csr","noncausal_marker_rmse","block_eigen_unfiltered minus block_csr",1
2,0.000935447011724919,0.000232913422993148,TRUE,0.000702533588731771,"sparse_mixture","block_eigen_hard_minus_bed","noncausal_marker_rmse","block_eigen_hard minus bed",4
2,0.000935447011724919,0.000934620566921483,TRUE,8.26444803435833e-07,"sparse_mixture","hard_minus_unfiltered_block_eigen","noncausal_marker_rmse","block_eigen_hard minus block_eigen_unfiltered",3
2,0.000944662274018982,0.000232913422993148,TRUE,0.000711748851025834,"sparse_mixture","full_csr_minus_bed","noncausal_marker_rmse","full_csr minus bed",4
2,0.00110526177252507,0.00056658155879024,TRUE,0.000538680213734832,"sparse_homogeneous","block_eigen_ridge_fixed_minus_bed","nonnull_probability_mean","block_eigen_ridge_fixed minus bed",4
2,0.00110526177252507,0.00111281619330894,TRUE,-7.55442078386988e-06,"sparse_homogeneous","ridge_fixed_minus_unfiltered_block_eigen","nonnull_probability_mean","block_eigen_ridge_fixed minus block_eigen_unfiltered",3
2,0.00111173699033982,0.00056658155879024,TRUE,0.000545155431549578,"sparse_homogeneous","block_eigen_hard_minus_bed","nonnull_probability_mean","block_eigen_hard minus bed",4
2,0.00111173699033982,0.00111281619330894,TRUE,-1.07920296912411e-06,"sparse_homogeneous","hard_minus_unfiltered_block_eigen","nonnull_probability_mean","block_eigen_hard minus block_eigen_unfiltered",3
2,0.00111281619330894,0.00056658155879024,TRUE,0.000546234634518702,"sparse_homogeneous","block_eigen_unfiltered_minus_bed","nonnull_probability_mean","block_eigen_unfiltered minus bed",4
2,0.00111281619330894,0.00111610644626359,TRUE,-3.29025295464722e-06,"sparse_homogeneous","unfiltered_block_eigen_minus_block_csr","nonnull_probability_mean","block_eigen_unfiltered minus block_csr",1
2,0.00111610644626359,0.00056658155879024,TRUE,0.000549524887473349,"sparse_homogeneous","block_csr_minus_bed","nonnull_probability_mean","block_csr minus bed",4
2,0.00111610644626359,0.00112060751230555,TRUE,-4.50106604195735e-06,"sparse_homogeneous","block_csr_minus_full_csr","nonnull_probability_mean","block_csr minus full_csr",2
2,0.00112060751230555,0.00056658155879024,TRUE,0.000554025953515306,"sparse_homogeneous","full_csr_minus_bed","nonnull_probability_mean","full_csr minus bed",4
2,0.0013584744585255,0.000990146519874058,TRUE,0.000368327938651439,"sparse_mixture","block_csr_minus_bed","marker_effect_rmse","block_csr minus bed",4
2,0.0013584744585255,0.00136681155525455,TRUE,-8.33709672904857e-06,"sparse_mixture","block_csr_minus_full_csr","marker_effect_rmse","block_csr minus full_csr",2
2,0.00136091349862512,0.000990146519874058,TRUE,0.000370766978751065,"sparse_mixture","block_eigen_ridge_fixed_minus_bed","marker_effect_rmse","block_eigen_ridge_fixed minus bed",4
2,0.00136091349862512,0.00136298279261579,TRUE,-2.06929399066899e-06,"sparse_mixture","ridge_fixed_minus_unfiltered_block_eigen","marker_effect_rmse","block_eigen_ridge_fixed minus block_eigen_unfiltered",3
2,0.00136203389203945,0.000990146519874058,TRUE,0.000371887372165394,"sparse_mixture","block_eigen_hard_minus_bed","marker_effect_rmse","block_eigen_hard minus bed",4
2,0.00136203389203945,0.00136298279261579,TRUE,-9.48900576340029e-07,"sparse_mixture","hard_minus_unfiltered_block_eigen","marker_effect_rmse","block_eigen_hard minus block_eigen_unfiltered",3
2,0.00136298279261579,0.000990146519874058,TRUE,0.000372836272741734,"sparse_mixture","block_eigen_unfiltered_minus_bed","marker_effect_rmse","block_eigen_unfiltered minus bed",4
2,0.00136298279261579,0.0013584744585255,TRUE,4.508334090295e-06,"sparse_mixture","unfiltered_block_eigen_minus_block_csr","marker_effect_rmse","block_eigen_unfiltered minus block_csr",1
2,0.00136681155525455,0.000990146519874058,TRUE,0.000376665035380488,"sparse_mixture","full_csr_minus_bed","marker_effect_rmse","full_csr minus bed",4
2,0.0014900627494158,0.00138257333198491,TRUE,0.000107489417430895,"sparse_homogeneous","full_csr_minus_bed","marker_effect_rmse","full_csr minus bed",4
2,0.00150034519386097,0.00138257333198491,TRUE,0.000117771861876063,"sparse_homogeneous","block_eigen_ridge_fixed_minus_bed","marker_effect_rmse","block_eigen_ridge_fixed minus bed",4
2,0.00150034519386097,0.00150098213088739,TRUE,-6.36937026419603e-07,"sparse_homogeneous","ridge_fixed_minus_unfiltered_block_eigen","marker_effect_rmse","block_eigen_ridge_fixed minus block_eigen_unfiltered",3
2,0.00150098213088739,0.00138257333198491,TRUE,0.000118408798902483,"sparse_homogeneous","block_eigen_unfiltered_minus_bed","marker_effect_rmse","block_eigen_unfiltered minus bed",4
2,0.00150098213088739,0.00150248820106161,TRUE,-1.50607017422328e-06,"sparse_homogeneous","unfiltered_block_eigen_minus_block_csr","marker_effect_rmse","block_eigen_unfiltered minus block_csr",1
2,0.00150248820106161,0.00138257333198491,TRUE,0.000119914869076706,"sparse_homogeneous","block_csr_minus_bed","marker_effect_rmse","block_csr minus bed",4
2,0.00150248820106161,0.0014900627494158,TRUE,1.24254516458107e-05,"sparse_homogeneous","block_csr_minus_full_csr","marker_effect_rmse","block_csr minus full_csr",2
2,0.00150312210747874,0.00138257333198491,TRUE,0.000120548775493833,"sparse_homogeneous","block_eigen_hard_minus_bed","marker_effect_rmse","block_eigen_hard minus bed",4
2,0.00150312210747874,0.00150098213088739,TRUE,2.13997659135007e-06,"sparse_homogeneous","hard_minus_unfiltered_block_eigen","marker_effect_rmse","block_eigen_hard minus block_eigen_unfiltered",3
2,0.00932278697586271,0.00815133189439605,TRUE,0.00117145508146666,"sparse_mixture","block_eigen_hard_minus_bed","nonnull_probability_mean","block_eigen_hard minus bed",4
2,0.00932278697586271,0.00933836303335001,TRUE,-1.55760574873012e-05,"sparse_mixture","hard_minus_unfiltered_block_eigen","nonnull_probability_mean","block_eigen_hard minus block_eigen_unfiltered",3
2,0.00933650733068359,0.00815133189439605,TRUE,0.00118517543628754,"sparse_mixture","block_eigen_ridge_fixed_minus_bed","nonnull_probability_mean","block_eigen_ridge_fixed minus bed",4
2,0.00933650733068359,0.00933836303335001,TRUE,-1.85570266642184e-06,"sparse_mixture","ridge_fixed_minus_unfiltered_block_eigen","nonnull_probability_mean","block_eigen_ridge_fixed minus block_eigen_unfiltered",3
2,0.00933776420731227,0.00815133189439605,TRUE,0.00118643231291622,"sparse_mixture","block_csr_minus_bed","nonnull_probability_mean","block_csr minus bed",4
2,0.00933776420731227,0.0093581045510779,TRUE,-2.03403437656294e-05,"sparse_mixture","block_csr_minus_full_csr","nonnull_probability_mean","block_csr minus full_csr",2
2,0.00933836303335001,0.00815133189439605,TRUE,0.00118703113895396,"sparse_mixture","block_eigen_unfiltered_minus_bed","nonnull_probability_mean","block_eigen_unfiltered minus bed",4
2,0.00933836303335001,0.00933776420731227,TRUE,5.98826037746109e-07,"sparse_mixture","unfiltered_block_eigen_minus_block_csr","nonnull_probability_mean","block_eigen_unfiltered minus block_csr",1
2,0.0093581045510779,0.00815133189439605,TRUE,0.00120677265668185,"sparse_mixture","full_csr_minus_bed","nonnull_probability_mean","full_csr minus bed",4
2,0.264966870220842,0.191576769108493,TRUE,0.0733901011123489,"sparse_mixture","block_csr_minus_bed","genetic_value_rmse","block_csr minus bed",4
2,0.264966870220842,0.267230090918657,TRUE,-0.00226322069781587,"sparse_mixture","block_csr_minus_full_csr","genetic_value_rmse","block_csr minus full_csr",2
2,0.265524720469502,0.191576769108493,TRUE,0.0739479513610093,"sparse_mixture","block_eigen_ridge_fixed_minus_bed","genetic_value_rmse","block_eigen_ridge_fixed minus bed",4
2,0.265524720469502,0.266193329180623,TRUE,-0.000668608711121177,"sparse_mixture","ridge_fixed_minus_unfiltered_block_eigen","genetic_value_rmse","block_eigen_ridge_fixed minus block_eigen_unfiltered",3
2,0.265947450661703,0.191576769108493,TRUE,0.0743706815532101,"sparse_mixture","block_eigen_hard_minus_bed","genetic_value_rmse","block_eigen_hard minus bed",4
2,0.265947450661703,0.266193329180623,TRUE,-0.000245878518920384,"sparse_mixture","hard_minus_unfiltered_block_eigen","genetic_value_rmse","block_eigen_hard minus block_eigen_unfiltered",3
2,0.266193329180623,0.191576769108493,TRUE,0.0746165600721305,"sparse_mixture","block_eigen_unfiltered_minus_bed","genetic_value_rmse","block_eigen_unfiltered minus bed",4
2,0.266193329180623,0.264966870220842,TRUE,0.00122645895978157,"sparse_mixture","unfiltered_block_eigen_minus_block_csr","genetic_value_rmse","block_eigen_unfiltered minus block_csr",1
2,0.267230090918657,0.191576769108493,TRUE,0.0756533218101648,"sparse_mixture","full_csr_minus_bed","genetic_value_rmse","full_csr minus bed",4
2,0.287577254020717,0.267265643349483,TRUE,0.020311610671234,"sparse_homogeneous","full_csr_minus_bed","genetic_value_rmse","full_csr minus bed",4
2,0.289378528900257,0.267265643349483,TRUE,0.0221128855507736,"sparse_homogeneous","block_eigen_ridge_fixed_minus_bed","genetic_value_rmse","block_eigen_ridge_fixed minus bed",4
2,0.289378528900257,0.289556954641158,TRUE,-0.000178425740900601,"sparse_homogeneous","ridge_fixed_minus_unfiltered_block_eigen","genetic_value_rmse","block_eigen_ridge_fixed minus block_eigen_unfiltered",3
2,0.289556954641158,0.267265643349483,TRUE,0.0222913112916742,"sparse_homogeneous","block_eigen_unfiltered_minus_bed","genetic_value_rmse","block_eigen_unfiltered minus bed",4
2,0.289556954641158,0.290005146036199,TRUE,-0.000448191395041153,"sparse_homogeneous","unfiltered_block_eigen_minus_block_csr","genetic_value_rmse","block_eigen_unfiltered minus block_csr",1
2,0.290005146036199,0.267265643349483,TRUE,0.0227395026867154,"sparse_homogeneous","block_csr_minus_bed","genetic_value_rmse","block_csr minus bed",4
2,0.290005146036199,0.287577254020717,TRUE,0.00242789201548133,"sparse_homogeneous","block_csr_minus_full_csr","genetic_value_rmse","block_csr minus full_csr",2
2,0.290149246708292,0.267265643349483,TRUE,0.0228836033588085,"sparse_homogeneous","block_eigen_hard_minus_bed","genetic_value_rmse","block_eigen_hard minus bed",4
2,0.290149246708292,0.289556954641158,TRUE,0.000592292067134292,"sparse_homogeneous","hard_minus_unfiltered_block_eigen","genetic_value_rmse","block_eigen_hard minus block_eigen_unfiltered",3
2,0.48766112984009,0.502463571344647,TRUE,-0.0148024415045575,"sparse_mixture","full_csr_minus_bed","phenotype_prediction_correlation","full_csr minus bed",4
2,0.488165340409485,0.488681284942693,TRUE,-0.000515944533207191,"sparse_mixture","unfiltered_block_eigen_minus_block_csr","phenotype_prediction_correlation","block_eigen_unfiltered minus block_csr",1
2,0.488165340409485,0.502463571344647,TRUE,-0.0142982309351616,"sparse_mixture","block_eigen_unfiltered_minus_bed","phenotype_prediction_correlation","block_eigen_unfiltered minus bed",4
2,0.488490056430782,0.488165340409485,TRUE,0.000324716021296967,"sparse_mixture","ridge_fixed_minus_unfiltered_block_eigen","phenotype_prediction_correlation","block_eigen_ridge_fixed minus block_eigen_unfiltered",3
2,0.488490056430782,0.502463571344647,TRUE,-0.0139735149138646,"sparse_mixture","block_eigen_ridge_fixed_minus_bed","phenotype_prediction_correlation","block_eigen_ridge_fixed minus bed",4
2,0.48853162197583,0.488165340409485,TRUE,0.000366281566344495,"sparse_mixture","hard_minus_unfiltered_block_eigen","phenotype_prediction_correlation","block_eigen_hard minus block_eigen_unfiltered",3
2,0.48853162197583,0.502463571344647,TRUE,-0.0139319493688171,"sparse_mixture","block_eigen_hard_minus_bed","phenotype_prediction_correlation","block_eigen_hard minus bed",4
2,0.488681284942693,0.48766112984009,TRUE,0.00102015510260306,"sparse_mixture","block_csr_minus_full_csr","phenotype_prediction_correlation","block_csr minus full_csr",2
2,0.488681284942693,0.502463571344647,TRUE,-0.0137822864019544,"sparse_mixture","block_csr_minus_bed","phenotype_prediction_correlation","block_csr minus bed",4
2,0.533022399406936,0.533601030117037,TRUE,-0.000578630710100669,"sparse_homogeneous","block_csr_minus_full_csr","phenotype_prediction_correlation","block_csr minus full_csr",2
2,0.533022399406936,0.536991156249268,TRUE,-0.00396875684233244,"sparse_homogeneous","block_csr_minus_bed","phenotype_prediction_correlation","block_csr minus bed",4
2,0.533287200913816,0.533838730607246,TRUE,-0.000551529693430086,"sparse_homogeneous","hard_minus_unfiltered_block_eigen","phenotype_prediction_correlation","block_eigen_hard minus block_eigen_unfiltered",3
2,0.533287200913816,0.536991156249268,TRUE,-0.00370395533545254,"sparse_homogeneous","block_eigen_hard_minus_bed","phenotype_prediction_correlation","block_eigen_hard minus bed",4
2,0.533601030117037,0.536991156249268,TRUE,-0.00339012613223177,"sparse_homogeneous","full_csr_minus_bed","phenotype_prediction_correlation","full_csr minus bed",4
2,0.533838730607246,0.533022399406936,TRUE,0.000816331200309994,"sparse_homogeneous","unfiltered_block_eigen_minus_block_csr","phenotype_prediction_correlation","block_eigen_unfiltered minus block_csr",1
2,0.533838730607246,0.536991156249268,TRUE,-0.00315242564202245,"sparse_homogeneous","block_eigen_unfiltered_minus_bed","phenotype_prediction_correlation","block_eigen_unfiltered minus bed",4
2,0.533872291308144,0.533838730607246,TRUE,3.35607008982164e-05,"sparse_homogeneous","ridge_fixed_minus_unfiltered_block_eigen","phenotype_prediction_correlation","block_eigen_ridge_fixed minus block_eigen_unfiltered",3
2,0.533872291308144,0.536991156249268,TRUE,-0.00311886494112423,"sparse_homogeneous","block_eigen_ridge_fixed_minus_bed","phenotype_prediction_correlation","block_eigen_ridge_fixed minus bed",4
2,0.895399140445505,0.895740410499314,TRUE,-0.000341270053808795,"sparse_homogeneous","hard_minus_unfiltered_block_eigen","marker_effect_correlation","block_eigen_hard minus block_eigen_unfiltered",3
2,0.895399140445505,0.912643788321132,TRUE,-0.0172446478756275,"sparse_homogeneous","block_eigen_hard_minus_bed","marker_effect_correlation","block_eigen_hard minus bed",4
2,0.895505061400107,0.897312931690414,TRUE,-0.0018078702903066,"sparse_homogeneous","block_csr_minus_full_csr","marker_effect_correlation","block_csr minus full_csr",2
2,0.895505061400107,0.912643788321132,TRUE,-0.0171387269210254,"sparse_homogeneous","block_csr_minus_bed","marker_effect_correlation","block_csr minus bed",4
2,0.895740410499314,0.895505061400107,TRUE,0.000235349099206639,"sparse_homogeneous","unfiltered_block_eigen_minus_block_csr","marker_effect_correlation","block_eigen_unfiltered minus block_csr",1
2,0.895740410499314,0.912643788321132,TRUE,-0.0169033778218187,"sparse_homogeneous","block_eigen_unfiltered_minus_bed","marker_effect_correlation","block_eigen_unfiltered minus bed",4
2,0.895882884442699,0.895740410499314,TRUE,0.00014247394338518,"sparse_homogeneous","ridge_fixed_minus_unfiltered_block_eigen","marker_effect_correlation","block_eigen_ridge_fixed minus block_eigen_unfiltered",3
2,0.895882884442699,0.912643788321132,TRUE,-0.0167609038784335,"sparse_homogeneous","block_eigen_ridge_fixed_minus_bed","marker_effect_correlation","block_eigen_ridge_fixed minus bed",4
2,0.897312931690414,0.912643788321132,TRUE,-0.0153308566307188,"sparse_homogeneous","full_csr_minus_bed","marker_effect_correlation","full_csr minus bed",4
2,0.900087591772252,0.90054378891383,TRUE,-0.000456197141577519,"sparse_homogeneous","hard_minus_unfiltered_block_eigen","genetic_value_correlation","block_eigen_hard minus block_eigen_unfiltered",3
2,0.900087591772252,0.916479211012613,TRUE,-0.016391619240361,"sparse_homogeneous","block_eigen_hard_minus_bed","genetic_value_correlation","block_eigen_hard minus bed",4
2,0.900205570887202,0.90190242958567,TRUE,-0.00169685869846792,"sparse_homogeneous","block_csr_minus_full_csr","genetic_value_correlation","block_csr minus full_csr",2
2,0.900205570887202,0.916479211012613,TRUE,-0.0162736401254109,"sparse_homogeneous","block_csr_minus_bed","genetic_value_correlation","block_csr minus bed",4
2,0.90054378891383,0.900205570887202,TRUE,0.000338218026627368,"sparse_homogeneous","unfiltered_block_eigen_minus_block_csr","genetic_value_correlation","block_eigen_unfiltered minus block_csr",1
2,0.90054378891383,0.916479211012613,TRUE,-0.0159354220987835,"sparse_homogeneous","block_eigen_unfiltered_minus_bed","genetic_value_correlation","block_eigen_unfiltered minus bed",4
2,0.90077798402811,0.90054378891383,TRUE,0.000234195114280245,"sparse_homogeneous","ridge_fixed_minus_unfiltered_block_eigen","genetic_value_correlation","block_eigen_ridge_fixed minus block_eigen_unfiltered",3
2,0.90077798402811,0.916479211012613,TRUE,-0.0157012269845033,"sparse_homogeneous","block_eigen_ridge_fixed_minus_bed","genetic_value_correlation","block_eigen_ridge_fixed minus bed",4
2,0.901149146906875,0.902825827246997,TRUE,-0.00167668034012269,"sparse_homogeneous","block_csr_minus_full_csr","genetic_value_reconstruction_correlation","block_csr minus full_csr",2
2,0.901149146906875,0.91604612779472,TRUE,-0.0148969808878452,"sparse_homogeneous","block_csr_minus_bed","genetic_value_reconstruction_correlation","block_csr minus bed",4
2,0.901220898483851,0.901732302429722,TRUE,-0.000511403945870126,"sparse_homogeneous","hard_minus_unfiltered_block_eigen","genetic_value_reconstruction_correlation","block_eigen_hard minus block_eigen_unfiltered",3
2,0.901220898483851,0.91604612779472,TRUE,-0.0148252293108685,"sparse_homogeneous","block_eigen_hard_minus_bed","genetic_value_reconstruction_correlation","block_eigen_hard minus bed",4
2,0.901666752938158,0.901732302429722,TRUE,-6.55494915634547e-05,"sparse_homogeneous","ridge_fixed_minus_unfiltered_block_eigen","genetic_value_reconstruction_correlation","block_eigen_ridge_fixed minus block_eigen_unfiltered",3
2,0.901666752938158,0.91604612779472,TRUE,-0.0143793748565618,"sparse_homogeneous","block_eigen_ridge_fixed_minus_bed","genetic_value_reconstruction_correlation","block_eigen_ridge_fixed minus bed",4
2,0.901732302429722,0.901149146906875,TRUE,0.000583155522846823,"sparse_homogeneous","unfiltered_block_eigen_minus_block_csr","genetic_value_reconstruction_correlation","block_eigen_unfiltered minus block_csr",1
2,0.901732302429722,0.91604612779472,TRUE,-0.0143138253649984,"sparse_homogeneous","block_eigen_unfiltered_minus_bed","genetic_value_reconstruction_correlation","block_eigen_unfiltered minus bed",4
2,0.90190242958567,0.916479211012613,TRUE,-0.014576781426943,"sparse_homogeneous","full_csr_minus_bed","genetic_value_correlation","full_csr minus bed",4
2,0.902825827246997,0.91604612779472,TRUE,-0.0132203005477225,"sparse_homogeneous","full_csr_minus_bed","genetic_value_reconstruction_correlation","full_csr minus bed",4
2,0.90287688252202,0.904383212098742,TRUE,-0.00150632957672159,"sparse_homogeneous","block_csr_minus_full_csr","causal_marker_effect_correlation","block_csr minus full_csr",2
2,0.90287688252202,0.914093850928462,TRUE,-0.0112169684064415,"sparse_homogeneous","block_csr_minus_bed","causal_marker_effect_correlation","block_csr minus bed",4
2,0.902916814981147,0.9031156899783,TRUE,-0.000198874997153542,"sparse_homogeneous","hard_minus_unfiltered_block_eigen","causal_marker_effect_correlation","block_eigen_hard minus block_eigen_unfiltered",3
2,0.902916814981147,0.914093850928462,TRUE,-0.0111770359473149,"sparse_homogeneous","block_eigen_hard_minus_bed","causal_marker_effect_correlation","block_eigen_hard minus bed",4
2,0.9031156899783,0.90287688252202,TRUE,0.000238807456280132,"sparse_homogeneous","unfiltered_block_eigen_minus_block_csr","causal_marker_effect_correlation","block_eigen_unfiltered minus block_csr",1
2,0.9031156899783,0.914093850928462,TRUE,-0.0109781609501614,"sparse_homogeneous","block_eigen_unfiltered_minus_bed","causal_marker_effect_correlation","block_eigen_unfiltered minus bed",4
2,0.903123271563338,0.9031156899783,TRUE,7.58158503744166e-06,"sparse_homogeneous","ridge_fixed_minus_unfiltered_block_eigen","causal_marker_effect_correlation","block_eigen_ridge_fixed minus block_eigen_unfiltered",3
2,0.903123271563338,0.914093850928462,TRUE,-0.0109705793651239,"sparse_homogeneous","block_eigen_ridge_fixed_minus_bed","causal_marker_effect_correlation","block_eigen_ridge_fixed minus bed",4
2,0.904383212098742,0.914093850928462,TRUE,-0.0097106388297199,"sparse_homogeneous","full_csr_minus_bed","causal_marker_effect_correlation","full_csr minus bed",4
2,0.908236772730934,0.961220324354627,TRUE,-0.0529835516236935,"sparse_mixture","full_csr_minus_bed","genetic_value_reconstruction_correlation","full_csr minus bed",4
2,0.908904056305928,0.909474378069912,TRUE,-0.000570321763984527,"sparse_mixture","unfiltered_block_eigen_minus_block_csr","genetic_value_reconstruction_correlation","block_eigen_unfiltered minus block_csr",1
2,0.908904056305928,0.961220324354627,TRUE,-0.0523162680486993,"sparse_mixture","block_eigen_unfiltered_minus_bed","genetic_value_reconstruction_correlation","block_eigen_unfiltered minus bed",4
2,0.90906222949368,0.908904056305928,TRUE,0.000158173187751576,"sparse_mixture","hard_minus_unfiltered_block_eigen","genetic_value_reconstruction_correlation","block_eigen_hard minus block_eigen_unfiltered",3
2,0.90906222949368,0.961220324354627,TRUE,-0.0521580948609477,"sparse_mixture","block_eigen_hard_minus_bed","genetic_value_reconstruction_correlation","block_eigen_hard minus bed",4
2,0.909190568811419,0.908904056305928,TRUE,0.000286512505490832,"sparse_mixture","ridge_fixed_minus_unfiltered_block_eigen","genetic_value_reconstruction_correlation","block_eigen_ridge_fixed minus block_eigen_unfiltered",3
2,0.909190568811419,0.961220324354627,TRUE,-0.0520297555432084,"sparse_mixture","block_eigen_ridge_fixed_minus_bed","genetic_value_reconstruction_correlation","block_eigen_ridge_fixed minus bed",4
2,0.909474378069912,0.908236772730934,TRUE,0.00123760533897876,"sparse_mixture","block_csr_minus_full_csr","genetic_value_reconstruction_correlation","block_csr minus full_csr",2
2,0.909474378069912,0.961220324354627,TRUE,-0.0517459462847147,"sparse_mixture","block_csr_minus_bed","genetic_value_reconstruction_correlation","block_csr minus bed",4
2,0.913725417517044,0.963318478807069,TRUE,-0.0495930612900251,"sparse_mixture","full_csr_minus_bed","genetic_value_correlation","full_csr minus bed",4
2,0.914421783159339,0.915244198965027,TRUE,-0.000822415805687648,"sparse_mixture","unfiltered_block_eigen_minus_block_csr","genetic_value_correlation","block_eigen_unfiltered minus block_csr",1
2,0.914421783159339,0.963318478807069,TRUE,-0.0488966956477302,"sparse_mixture","block_eigen_unfiltered_minus_bed","genetic_value_correlation","block_eigen_unfiltered minus bed",4
2,0.914588150564181,0.914421783159339,TRUE,0.000166367404841772,"sparse_mixture","hard_minus_unfiltered_block_eigen","genetic_value_correlation","block_eigen_hard minus block_eigen_unfiltered",3
2,0.914588150564181,0.963318478807069,TRUE,-0.0487303282428885,"sparse_mixture","block_eigen_hard_minus_bed","genetic_value_correlation","block_eigen_hard minus bed",4
2,0.914870905669676,0.914421783159339,TRUE,0.000449122510337352,"sparse_mixture","ridge_fixed_minus_unfiltered_block_eigen","genetic_value_correlation","block_eigen_ridge_fixed minus block_eigen_unfiltered",3
2,0.914870905669676,0.963318478807069,TRUE,-0.0484475731373929,"sparse_mixture","block_eigen_ridge_fixed_minus_bed","genetic_value_correlation","block_eigen_ridge_fixed minus bed",4
2,0.914914049724162,0.962672160328454,TRUE,-0.0477581106042912,"sparse_mixture","full_csr_minus_bed","marker_effect_correlation","full_csr minus bed",4
2,0.915244198965027,0.913725417517044,TRUE,0.00151878144798245,"sparse_mixture","block_csr_minus_full_csr","genetic_value_correlation","block_csr minus full_csr",2
2,0.915244198965027,0.963318478807069,TRUE,-0.0480742798420426,"sparse_mixture","block_csr_minus_bed","genetic_value_correlation","block_csr minus bed",4
2,0.91541065204523,0.915994489261496,TRUE,-0.000583837216266647,"sparse_mixture","unfiltered_block_eigen_minus_block_csr","marker_effect_correlation","block_eigen_unfiltered minus block_csr",1
2,0.91541065204523,0.962672160328454,TRUE,-0.0472615082832238,"sparse_mixture","block_eigen_unfiltered_minus_bed","marker_effect_correlation","block_eigen_unfiltered minus bed",4
2,0.915533651445094,0.91541065204523,TRUE,0.000122999399864376,"sparse_mixture","hard_minus_unfiltered_block_eigen","marker_effect_correlation","block_eigen_hard minus block_eigen_unfiltered",3
2,0.915533651445094,0.962672160328454,TRUE,-0.0471385088833595,"sparse_mixture","block_eigen_hard_minus_bed","marker_effect_correlation","block_eigen_hard minus bed",4
2,0.915678224603593,0.91541065204523,TRUE,0.000267572558362961,"sparse_mixture","ridge_fixed_minus_unfiltered_block_eigen","marker_effect_correlation","block_eigen_ridge_fixed minus block_eigen_unfiltered",3
2,0.915678224603593,0.962672160328454,TRUE,-0.0469939357248609,"sparse_mixture","block_eigen_ridge_fixed_minus_bed","marker_effect_correlation","block_eigen_ridge_fixed minus bed",4
2,0.915994489261496,0.914914049724162,TRUE,0.00108043953733405,"sparse_mixture","block_csr_minus_full_csr","marker_effect_correlation","block_csr minus full_csr",2
2,0.915994489261496,0.962672160328454,TRUE,-0.0466776710669572,"sparse_mixture","block_csr_minus_bed","marker_effect_correlation","block_csr minus bed",4
2,0.959683924639311,0.95998410174248,TRUE,-0.000300177103169319,"sparse_mixture","unfiltered_block_eigen_minus_block_csr","causal_marker_effect_correlation","block_eigen_unfiltered minus block_csr",1
2,0.959683924639311,0.96643142693509,TRUE,-0.00674750229577947,"sparse_mixture","block_eigen_unfiltered_minus_bed","causal_marker_effect_correlation","block_eigen_unfiltered minus bed",4
2,0.959835258197808,0.959683924639311,TRUE,0.000151333558497391,"sparse_mixture","ridge_fixed_minus_unfiltered_block_eigen","causal_marker_effect_correlation","block_eigen_ridge_fixed minus block_eigen_unfiltered",3
2,0.959835258197808,0.96643142693509,TRUE,-0.00659616873728208,"sparse_mixture","block_eigen_ridge_fixed_minus_bed","causal_marker_effect_correlation","block_eigen_ridge_fixed minus bed",4
2,0.959885897414018,0.959683924639311,TRUE,0.000201972774707571,"sparse_mixture","hard_minus_unfiltered_block_eigen","causal_marker_effect_correlation","block_eigen_hard minus block_eigen_unfiltered",3
2,0.959885897414018,0.96643142693509,TRUE,-0.0065455295210719,"sparse_mixture","block_eigen_hard_minus_bed","causal_marker_effect_correlation","block_eigen_hard minus bed",4
2,0.95998410174248,0.960211206251275,TRUE,-0.000227104508795595,"sparse_mixture","block_csr_minus_full_csr","causal_marker_effect_correlation","block_csr minus full_csr",2
2,0.95998410174248,0.96643142693509,TRUE,-0.00644732519261015,"sparse_mixture","block_csr_minus_bed","causal_marker_effect_correlation","block_csr minus bed",4
2,0.960211206251275,0.96643142693509,TRUE,-0.00622022068381456,"sparse_mixture","full_csr_minus_bed","causal_marker_effect_correlation","full_csr minus bed",4
2,0.973032895691535,1.08120828641048,TRUE,-0.108175390718947,"sparse_mixture","full_csr_minus_bed","prediction_regression_slope","full_csr minus bed",4
2,0.975070920683859,0.976091471499582,TRUE,-0.00102055081572328,"sparse_mixture","unfiltered_block_eigen_minus_block_csr","prediction_regression_slope","block_eigen_unfiltered minus block_csr",1
2,0.975070920683859,1.08120828641048,TRUE,-0.106137365726624,"sparse_mixture","block_eigen_unfiltered_minus_bed","prediction_regression_slope","block_eigen_unfiltered minus bed",4
2,0.975962407455466,0.975070920683859,TRUE,0.00089148677160733,"sparse_mixture","hard_minus_unfiltered_block_eigen","prediction_regression_slope","block_eigen_hard minus block_eigen_unfiltered",3
2,0.975962407455466,1.08120828641048,TRUE,-0.105245878955016,"sparse_mixture","block_eigen_hard_minus_bed","prediction_regression_slope","block_eigen_hard minus bed",4
2,0.976091471499582,0.973032895691535,TRUE,0.00305857580804691,"sparse_mixture","block_csr_minus_full_csr","prediction_regression_slope","block_csr minus full_csr",2
2,0.976091471499582,1.08120828641048,TRUE,-0.1051168149109,"sparse_mixture","block_csr_minus_bed","prediction_regression_slope","block_csr minus bed",4
2,0.976785567922319,0.975070920683859,TRUE,0.00171464723845982,"sparse_mixture","ridge_fixed_minus_unfiltered_block_eigen","prediction_regression_slope","block_eigen_ridge_fixed minus block_eigen_unfiltered",3
2,0.976785567922319,1.08120828641048,TRUE,-0.104422718488164,"sparse_mixture","block_eigen_ridge_fixed_minus_bed","prediction_regression_slope","block_eigen_ridge_fixed minus bed",4
2,1.03492541962632,1.03231090555669,TRUE,0.00261451406963031,"sparse_homogeneous","full_csr_minus_bed","phenotype_prediction_rmse","full_csr minus bed",4
2,1.03493346081983,1.03231090555669,TRUE,0.00262255526314514,"sparse_homogeneous","block_eigen_unfiltered_minus_bed","phenotype_prediction_rmse","block_eigen_unfiltered minus bed",4
2,1.03493346081983,1.0354881053684,TRUE,-0.000554644548564021,"sparse_homogeneous","unfiltered_block_eigen_minus_block_csr","phenotype_prediction_rmse","block_eigen_unfiltered minus block_csr",1
2,1.03501611353863,1.03231090555669,TRUE,0.00270520798194407,"sparse_homogeneous","block_eigen_ridge_fixed_minus_bed","phenotype_prediction_rmse","block_eigen_ridge_fixed minus bed",4
2,1.03501611353863,1.03493346081983,TRUE,8.26527187989257e-05,"sparse_homogeneous","ridge_fixed_minus_unfiltered_block_eigen","phenotype_prediction_rmse","block_eigen_ridge_fixed minus block_eigen_unfiltered",3
2,1.03531981656834,1.03231090555669,TRUE,0.00300891101165024,"sparse_homogeneous","block_eigen_hard_minus_bed","phenotype_prediction_rmse","block_eigen_hard minus bed",4
2,1.03531981656834,1.03493346081983,TRUE,0.000386355748505096,"sparse_homogeneous","hard_minus_unfiltered_block_eigen","phenotype_prediction_rmse","block_eigen_hard minus block_eigen_unfiltered",3
2,1.0354881053684,1.03231090555669,TRUE,0.00317719981170916,"sparse_homogeneous","block_csr_minus_bed","phenotype_prediction_rmse","block_csr minus bed",4
2,1.0354881053684,1.03492541962632,TRUE,0.00056268574207885,"sparse_homogeneous","block_csr_minus_full_csr","phenotype_prediction_rmse","block_csr minus full_csr",2
2,1.04988775706889,1.04141914430148,TRUE,0.00846861276741273,"sparse_mixture","block_csr_minus_bed","phenotype_prediction_rmse","block_csr minus bed",4
2,1.04988775706889,1.05061146407492,TRUE,-0.000723707006025753,"sparse_mixture","block_csr_minus_full_csr","phenotype_prediction_rmse","block_csr minus full_csr",2
2,1.04998181981213,1.04141914430148,TRUE,0.00856267551065604,"sparse_mixture","block_eigen_hard_minus_bed","phenotype_prediction_rmse","block_eigen_hard minus bed",4
2,1.04998181981213,1.05024420002458,TRUE,-0.000262380212450841,"sparse_mixture","hard_minus_unfiltered_block_eigen","phenotype_prediction_rmse","block_eigen_hard minus block_eigen_unfiltered",3
2,1.05000576935215,1.04141914430148,TRUE,0.00858662505066832,"sparse_mixture","block_eigen_ridge_fixed_minus_bed","phenotype_prediction_rmse","block_eigen_ridge_fixed minus bed",4
2,1.05000576935215,1.05024420002458,TRUE,-0.000238430672438561,"sparse_mixture","ridge_fixed_minus_unfiltered_block_eigen","phenotype_prediction_rmse","block_eigen_ridge_fixed minus block_eigen_unfiltered",3
2,1.05024420002458,1.04141914430148,TRUE,0.00882505572310688,"sparse_mixture","block_eigen_unfiltered_minus_bed","phenotype_prediction_rmse","block_eigen_unfiltered minus bed",4
2,1.05024420002458,1.04988775706889,TRUE,0.000356442955694147,"sparse_mixture","unfiltered_block_eigen_minus_block_csr","phenotype_prediction_rmse","block_eigen_unfiltered minus block_csr",1
2,1.05061146407492,1.04141914430148,TRUE,0.00919231977343848,"sparse_mixture","full_csr_minus_bed","phenotype_prediction_rmse","full_csr minus bed",4
2,1.14871292935571,1.14740571326507,TRUE,0.00130721609064421,"sparse_homogeneous","full_csr_minus_bed","prediction_regression_slope","full_csr minus bed",4
2,1.15185269638121,1.14740571326507,TRUE,0.00444698311614466,"sparse_homogeneous","block_csr_minus_bed","prediction_regression_slope","block_csr minus bed",4
2,1.15185269638121,1.14871292935571,TRUE,0.00313976702550045,"sparse_homogeneous","block_csr_minus_full_csr","prediction_regression_slope","block_csr minus full_csr",2
2,1.15255065718126,1.14740571326507,TRUE,0.00514494391619191,"sparse_homogeneous","block_eigen_hard_minus_bed","prediction_regression_slope","block_eigen_hard minus bed",4
2,1.15255065718126,1.15333779934126,TRUE,-0.000787142160000087,"sparse_homogeneous","hard_minus_unfiltered_block_eigen","prediction_regression_slope","block_eigen_hard minus block_eigen_unfiltered",3
2,1.15333779934126,1.14740571326507,TRUE,0.005932086076192,"sparse_homogeneous","block_eigen_unfiltered_minus_bed","prediction_regression_slope","block_eigen_unfiltered minus bed",4
2,1.15333779934126,1.15185269638121,TRUE,0.00148510296004734,"sparse_homogeneous","unfiltered_block_eigen_minus_block_csr","prediction_regression_slope","block_eigen_unfiltered minus block_csr",1
2,1.15591036976583,1.14740571326507,TRUE,0.00850465650076537,"sparse_homogeneous","block_eigen_ridge_fixed_minus_bed","prediction_regression_slope","block_eigen_ridge_fixed minus bed",4
2,1.15591036976583,1.15333779934126,TRUE,0.00257257042457337,"sparse_homogeneous","ridge_fixed_minus_unfiltered_block_eigen","prediction_regression_slope","block_eigen_ridge_fixed minus block_eigen_unfiltered",3
2,16,16,TRUE,0,"sparse_homogeneous","block_csr_minus_full_csr","high_pip_marker_count","block_csr minus full_csr",2
2,16,16,TRUE,0,"sparse_homogeneous","hard_minus_unfiltered_block_eigen","high_pip_marker_count","block_eigen_hard minus block_eigen_unfiltered",3
2,16,16,TRUE,0,"sparse_homogeneous","ridge_fixed_minus_unfiltered_block_eigen","high_pip_marker_count","block_eigen_ridge_fixed minus block_eigen_unfiltered",3
2,16,16,TRUE,0,"sparse_homogeneous","unfiltered_block_eigen_minus_block_csr","high_pip_marker_count","block_eigen_unfiltered minus block_csr",1
2,16,17,TRUE,-1,"sparse_homogeneous","block_csr_minus_bed","high_pip_marker_count","block_csr minus bed",4
2,16,17,TRUE,-1,"sparse_homogeneous","block_eigen_hard_minus_bed","high_pip_marker_count","block_eigen_hard minus bed",4
2,16,17,TRUE,-1,"sparse_homogeneous","block_eigen_ridge_fixed_minus_bed","high_pip_marker_count","block_eigen_ridge_fixed minus bed",4
2,16,17,TRUE,-1,"sparse_homogeneous","block_eigen_unfiltered_minus_bed","high_pip_marker_count","block_eigen_unfiltered minus bed",4
2,16,17,TRUE,-1,"sparse_homogeneous","full_csr_minus_bed","high_pip_marker_count","full_csr minus bed",4
2,18,9,TRUE,9,"sparse_mixture","full_csr_minus_bed","high_pip_marker_count","full_csr minus bed",4
2,19,9,TRUE,10,"sparse_mixture","block_csr_minus_bed","high_pip_marker_count","block_csr minus bed",4
2,19,9,TRUE,10,"sparse_mixture","block_eigen_hard_minus_bed","high_pip_marker_count","block_eigen_hard minus bed",4
2,19,9,TRUE,10,"sparse_mixture","block_eigen_ridge_fixed_minus_bed","high_pip_marker_count","block_eigen_ridge_fixed minus bed",4
2,19,9,TRUE,10,"sparse_mixture","block_eigen_unfiltered_minus_bed","high_pip_marker_count","block_eigen_unfiltered minus bed",4
2,19,18,TRUE,1,"sparse_mixture","block_csr_minus_full_csr","high_pip_marker_count","block_csr minus full_csr",2
2,19,19,TRUE,0,"sparse_mixture","hard_minus_unfiltered_block_eigen","high_pip_marker_count","block_eigen_hard minus block_eigen_unfiltered",3
2,19,19,TRUE,0,"sparse_mixture","ridge_fixed_minus_unfiltered_block_eigen","high_pip_marker_count","block_eigen_ridge_fixed minus block_eigen_unfiltered",3
2,19,19,TRUE,0,"sparse_mixture","unfiltered_block_eigen_minus_block_csr","high_pip_marker_count","block_eigen_unfiltered minus block_csr",1
3,0.000437691643471315,8.52949396524502e-05,TRUE,0.000352396703818865,"sparse_homogeneous","block_csr_minus_bed","noncausal_marker_rmse","block_csr minus bed",4
3,0.000437691643471315,0.000465977634117627,TRUE,-2.82859906463121e-05,"sparse_homogeneous","block_csr_minus_full_csr","noncausal_marker_rmse","block_csr minus full_csr",2
3,0.000446251326379901,8.52949396524502e-05,TRUE,0.000360956386727451,"sparse_homogeneous","block_eigen_ridge_fixed_minus_bed","noncausal_marker_rmse","block_eigen_ridge_fixed minus bed",4
3,0.000446251326379901,0.000453296092888451,TRUE,-7.0447665085501e-06,"sparse_homogeneous","ridge_fixed_minus_unfiltered_block_eigen","noncausal_marker_rmse","block_eigen_ridge_fixed minus block_eigen_unfiltered",3
3,0.000453296092888451,8.52949396524502e-05,TRUE,0.000368001153236001,"sparse_homogeneous","block_eigen_unfiltered_minus_bed","noncausal_marker_rmse","block_eigen_unfiltered minus bed",4
3,0.000453296092888451,0.000437691643471315,TRUE,1.5604449417136e-05,"sparse_homogeneous","unfiltered_block_eigen_minus_block_csr","noncausal_marker_rmse","block_eigen_unfiltered minus block_csr",1
3,0.000453739392663693,8.52949396524502e-05,TRUE,0.000368444453011243,"sparse_homogeneous","block_eigen_hard_minus_bed","noncausal_marker_rmse","block_eigen_hard minus bed",4
3,0.000453739392663693,0.000453296092888451,TRUE,4.43299775241938e-07,"sparse_homogeneous","hard_minus_unfiltered_block_eigen","noncausal_marker_rmse","block_eigen_hard minus block_eigen_unfiltered",3
3,0.000465977634117627,8.52949396524502e-05,TRUE,0.000380682694465177,"sparse_homogeneous","full_csr_minus_bed","noncausal_marker_rmse","full_csr minus bed",4
3,0.00101008965969605,0.000232310506711092,TRUE,0.000777779152984956,"sparse_mixture","block_eigen_ridge_fixed_minus_bed","noncausal_marker_rmse","block_eigen_ridge_fixed minus bed",4
3,0.00101008965969605,0.00101357207145347,TRUE,-3.48241175741719e-06,"sparse_mixture","ridge_fixed_minus_unfiltered_block_eigen","noncausal_marker_rmse","block_eigen_ridge_fixed minus block_eigen_unfiltered",3
3,0.00101026655122814,0.000232310506711092,TRUE,0.000777956044517052,"sparse_mixture","block_csr_minus_bed","noncausal_marker_rmse","block_csr minus bed",4
3,0.00101026655122814,0.00104730259805196,TRUE,-3.70360468238138e-05,"sparse_mixture","block_csr_minus_full_csr","noncausal_marker_rmse","block_csr minus full_csr",2
3,0.00101346261980227,0.000232310506711092,TRUE,0.000781152113091174,"sparse_mixture","block_eigen_hard_minus_bed","noncausal_marker_rmse","block_eigen_hard minus bed",4
3,0.00101346261980227,0.00101357207145347,TRUE,-1.09451651200037e-07,"sparse_mixture","hard_minus_unfiltered_block_eigen","noncausal_marker_rmse","block_eigen_hard minus block_eigen_unfiltered",3
3,0.00101357207145347,0.000232310506711092,TRUE,0.000781261564742374,"sparse_mixture","block_eigen_unfiltered_minus_bed","noncausal_marker_rmse","block_eigen_unfiltered minus bed",4
3,0.00101357207145347,0.00101026655122814,TRUE,3.30552022532126e-06,"sparse_mixture","unfiltered_block_eigen_minus_block_csr","noncausal_marker_rmse","block_eigen_unfiltered minus block_csr",1
3,0.00104730259805196,0.000232310506711092,TRUE,0.000814992091340866,"sparse_mixture","full_csr_minus_bed","noncausal_marker_rmse","full_csr minus bed",4
3,0.00109575952199205,0.000587270669369061,TRUE,0.00050848885262299,"sparse_homogeneous","full_csr_minus_bed","nonnull_probability_mean","full_csr minus bed",4
3,0.00109986575767945,0.000587270669369061,TRUE,0.000512595088310389,"sparse_homogeneous","block_csr_minus_bed","nonnull_probability_mean","block_csr minus bed",4
3,0.00109986575767945,0.00109575952199205,TRUE,4.10623568739975e-06,"sparse_homogeneous","block_csr_minus_full_csr","nonnull_probability_mean","block_csr minus full_csr",2
3,0.00110357716301229,0.000587270669369061,TRUE,0.000516306493643231,"sparse_homogeneous","block_eigen_ridge_fixed_minus_bed","nonnull_probability_mean","block_eigen_ridge_fixed minus bed",4
3,0.00110357716301229,0.00111010502487431,TRUE,-6.52786186202e-06,"sparse_homogeneous","ridge_fixed_minus_unfiltered_block_eigen","nonnull_probability_mean","block_eigen_ridge_fixed minus block_eigen_unfiltered",3
3,0.00111010502487431,0.000587270669369061,TRUE,0.000522834355505251,"sparse_homogeneous","block_eigen_unfiltered_minus_bed","nonnull_probability_mean","block_eigen_unfiltered minus bed",4
3,0.00111010502487431,0.00109986575767945,TRUE,1.02392671948619e-05,"sparse_homogeneous","unfiltered_block_eigen_minus_block_csr","nonnull_probability_mean","block_eigen_unfiltered minus block_csr",1
3,0.00111176331236345,0.000587270669369061,TRUE,0.000524492642994393,"sparse_homogeneous","block_eigen_hard_minus_bed","nonnull_probability_mean","block_eigen_hard minus bed",4
3,0.00111176331236345,0.00111010502487431,TRUE,1.65828748914217e-06,"sparse_homogeneous","hard_minus_unfiltered_block_eigen","nonnull_probability_mean","block_eigen_hard minus block_eigen_unfiltered",3
3,0.00123760772205745,0.00115144034317167,TRUE,8.61673788857852e-05,"sparse_homogeneous","block_csr_minus_bed","marker_effect_rmse","block_csr minus bed",4
3,0.00123760772205745,0.00128017090596368,TRUE,-4.25631839062316e-05,"sparse_homogeneous","block_csr_minus_full_csr","marker_effect_rmse","block_csr minus full_csr",2
3,0.00124029130770395,0.00115144034317167,TRUE,8.88509645322882e-05,"sparse_homogeneous","block_eigen_hard_minus_bed","marker_effect_rmse","block_eigen_hard minus bed",4
3,0.00124029130770395,0.00124461027268474,TRUE,-4.31896498078745e-06,"sparse_homogeneous","hard_minus_unfiltered_block_eigen","marker_effect_rmse","block_eigen_hard minus block_eigen_unfiltered",3
3,0.00124216116115328,0.00115144034317167,TRUE,9.07208179816163e-05,"sparse_homogeneous","block_eigen_ridge_fixed_minus_bed","marker_effect_rmse","block_eigen_ridge_fixed minus bed",4
3,0.00124216116115328,0.00124461027268474,TRUE,-2.44911153145927e-06,"sparse_homogeneous","ridge_fixed_minus_unfiltered_block_eigen","marker_effect_rmse","block_eigen_ridge_fixed minus block_eigen_unfiltered",3
3,0.00124461027268474,0.00115144034317167,TRUE,9.31699295130756e-05,"sparse_homogeneous","block_eigen_unfiltered_minus_bed","marker_effect_rmse","block_eigen_unfiltered minus bed",4
3,0.00124461027268474,0.00123760772205745,TRUE,7.00255062729038e-06,"sparse_homogeneous","unfiltered_block_eigen_minus_block_csr","marker_effect_rmse","block_eigen_unfiltered minus block_csr",1
3,0.00128017090596368,0.00115144034317167,TRUE,0.000128730562792017,"sparse_homogeneous","full_csr_minus_bed","marker_effect_rmse","full_csr minus bed",4
3,0.00137701200893687,0.000978740507531951,TRUE,0.000398271501404916,"sparse_mixture","block_csr_minus_bed","marker_effect_rmse","block_csr minus bed",4
3,0.00137701200893687,0.00139758958113554,TRUE,-2.05775721986692e-05,"sparse_mixture","block_csr_minus_full_csr","marker_effect_rmse","block_csr minus full_csr",2
3,0.00137740145341843,0.000978740507531951,TRUE,0.000398660945886474,"sparse_mixture","block_eigen_ridge_fixed_minus_bed","marker_effect_rmse","block_eigen_ridge_fixed minus bed",4
3,0.00137740145341843,0.0013793235343512,TRUE,-1.92208093277016e-06,"sparse_mixture","ridge_fixed_minus_unfiltered_block_eigen","marker_effect_rmse","block_eigen_ridge_fixed minus block_eigen_unfiltered",3
3,0.0013793235343512,0.000978740507531951,TRUE,0.000400583026819244,"sparse_mixture","block_eigen_unfiltered_minus_bed","marker_effect_rmse","block_eigen_unfiltered minus bed",4
3,0.0013793235343512,0.00137701200893687,TRUE,2.31152541432843e-06,"sparse_mixture","unfiltered_block_eigen_minus_block_csr","marker_effect_rmse","block_eigen_unfiltered minus block_csr",1
3,0.00138011560460143,0.000978740507531951,TRUE,0.000401375097069482,"sparse_mixture","block_eigen_hard_minus_bed","marker_effect_rmse","block_eigen_hard minus bed",4
3,0.00138011560460143,0.0013793235343512,TRUE,7.92070250238029e-07,"sparse_mixture","hard_minus_unfiltered_block_eigen","marker_effect_rmse","block_eigen_hard minus block_eigen_unfiltered",3
3,0.00139758958113554,0.000978740507531951,TRUE,0.000418849073603585,"sparse_mixture","full_csr_minus_bed","marker_effect_rmse","full_csr minus bed",4
3,0.00929081229764945,0.00801938617040879,TRUE,0.00127142612724066,"sparse_mixture","block_csr_minus_bed","nonnull_probability_mean","block_csr minus bed",4
3,0.00929081229764945,0.00934470006054066,TRUE,-5.3887762891211e-05,"sparse_mixture","block_csr_minus_full_csr","nonnull_probability_mean","block_csr minus full_csr",2
3,0.00929943934089654,0.00801938617040879,TRUE,0.00128005317048775,"sparse_mixture","block_eigen_unfiltered_minus_bed","nonnull_probability_mean","block_eigen_unfiltered minus bed",4
3,0.00929943934089654,0.00929081229764945,TRUE,8.62704324708537e-06,"sparse_mixture","unfiltered_block_eigen_minus_block_csr","nonnull_probability_mean","block_eigen_unfiltered minus block_csr",1
3,0.00931071174751916,0.00801938617040879,TRUE,0.00129132557711037,"sparse_mixture","block_eigen_ridge_fixed_minus_bed","nonnull_probability_mean","block_eigen_ridge_fixed minus bed",4
3,0.00931071174751916,0.00929943934089654,TRUE,1.12724066226207e-05,"sparse_mixture","ridge_fixed_minus_unfiltered_block_eigen","nonnull_probability_mean","block_eigen_ridge_fixed minus block_eigen_unfiltered",3
3,0.00932076676054856,0.00801938617040879,TRUE,0.00130138059013977,"sparse_mixture","block_eigen_hard_minus_bed","nonnull_probability_mean","block_eigen_hard minus bed",4
3,0.00932076676054856,0.00929943934089654,TRUE,2.1327419652023e-05,"sparse_mixture","hard_minus_unfiltered_block_eigen","nonnull_probability_mean","block_eigen_hard minus block_eigen_unfiltered",3
3,0.00934470006054066,0.00801938617040879,TRUE,0.00132531389013187,"sparse_mixture","full_csr_minus_bed","nonnull_probability_mean","full_csr minus bed",4
3,0.239454851973917,0.226269416114468,TRUE,0.0131854358594483,"sparse_homogeneous","block_csr_minus_bed","genetic_value_rmse","block_csr minus bed",4
3,0.239454851973917,0.248459453939716,TRUE,-0.00900460196579911,"sparse_homogeneous","block_csr_minus_full_csr","genetic_value_rmse","block_csr minus full_csr",2
3,0.239985479882844,0.226269416114468,TRUE,0.0137160637683756,"sparse_homogeneous","block_eigen_hard_minus_bed","genetic_value_rmse","block_eigen_hard minus bed",4
3,0.239985479882844,0.241242504468307,TRUE,-0.00125702458546351,"sparse_homogeneous","hard_minus_unfiltered_block_eigen","genetic_value_rmse","block_eigen_hard minus block_eigen_unfiltered",3
3,0.240611139193133,0.226269416114468,TRUE,0.0143417230786644,"sparse_homogeneous","block_eigen_ridge_fixed_minus_bed","genetic_value_rmse","block_eigen_ridge_fixed minus bed",4
3,0.240611139193133,0.241242504468307,TRUE,-0.000631365275174656,"sparse_homogeneous","ridge_fixed_minus_unfiltered_block_eigen","genetic_value_rmse","block_eigen_ridge_fixed minus block_eigen_unfiltered",3
3,0.241242504468307,0.226269416114468,TRUE,0.0149730883538391,"sparse_homogeneous","block_eigen_unfiltered_minus_bed","genetic_value_rmse","block_eigen_unfiltered minus bed",4
3,0.241242504468307,0.239454851973917,TRUE,0.00178765249439081,"sparse_homogeneous","unfiltered_block_eigen_minus_block_csr","genetic_value_rmse","block_eigen_unfiltered minus block_csr",1
3,0.248459453939716,0.226269416114468,TRUE,0.0221900378252474,"sparse_homogeneous","full_csr_minus_bed","genetic_value_rmse","full_csr minus bed",4
3,0.258916642165614,0.187909280897383,TRUE,0.071007361268231,"sparse_mixture","block_eigen_ridge_fixed_minus_bed","genetic_value_rmse","block_eigen_ridge_fixed minus bed",4
3,0.258916642165614,0.259499162499829,TRUE,-0.000582520334215131,"sparse_mixture","ridge_fixed_minus_unfiltered_block_eigen","genetic_value_rmse","block_eigen_ridge_fixed minus block_eigen_unfiltered",3
3,0.259064895103079,0.187909280897383,TRUE,0.0711556142056956,"sparse_mixture","block_csr_minus_bed","genetic_value_rmse","block_csr minus bed",4
3,0.259064895103079,0.261473804785848,TRUE,-0.00240890968276919,"sparse_mixture","block_csr_minus_full_csr","genetic_value_rmse","block_csr minus full_csr",2
3,0.259499162499829,0.187909280897383,TRUE,0.0715898816024461,"sparse_mixture","block_eigen_unfiltered_minus_bed","genetic_value_rmse","block_eigen_unfiltered minus bed",4
3,0.259499162499829,0.259064895103079,TRUE,0.000434267396750454,"sparse_mixture","unfiltered_block_eigen_minus_block_csr","genetic_value_rmse","block_eigen_unfiltered minus block_csr",1
3,0.259556880015925,0.187909280897383,TRUE,0.0716475991185423,"sparse_mixture","block_eigen_hard_minus_bed","genetic_value_rmse","block_eigen_hard minus bed",4
3,0.259556880015925,0.259499162499829,TRUE,5.7717516096234e-05,"sparse_mixture","hard_minus_unfiltered_block_eigen","genetic_value_rmse","block_eigen_hard minus block_eigen_unfiltered",3
3,0.261473804785848,0.187909280897383,TRUE,0.0735645238884648,"sparse_mixture","full_csr_minus_bed","genetic_value_rmse","full_csr minus bed",4
3,0.4966043786949,0.49682936998287,TRUE,-0.000224991287970044,"sparse_mixture","block_csr_minus_full_csr","phenotype_prediction_correlation","block_csr minus full_csr",2
3,0.4966043786949,0.511026519463552,TRUE,-0.0144221407686521,"sparse_mixture","block_csr_minus_bed","phenotype_prediction_correlation","block_csr minus bed",4
3,0.496673535452394,0.4966043786949,TRUE,6.91567574938601e-05,"sparse_mixture","unfiltered_block_eigen_minus_block_csr","phenotype_prediction_correlation","block_eigen_unfiltered minus block_csr",1
3,0.496673535452394,0.511026519463552,TRUE,-0.0143529840111583,"sparse_mixture","block_eigen_unfiltered_minus_bed","phenotype_prediction_correlation","block_eigen_unfiltered minus bed",4
3,0.496804484361787,0.496673535452394,TRUE,0.000130948909393747,"sparse_mixture","hard_minus_unfiltered_block_eigen","phenotype_prediction_correlation","block_eigen_hard minus block_eigen_unfiltered",3
3,0.496804484361787,0.511026519463552,TRUE,-0.0142220351017645,"sparse_mixture","block_eigen_hard_minus_bed","phenotype_prediction_correlation","block_eigen_hard minus bed",4
3,0.49682936998287,0.511026519463552,TRUE,-0.0141971494806821,"sparse_mixture","full_csr_minus_bed","phenotype_prediction_correlation","full_csr minus bed",4
3,0.49707284702836,0.496673535452394,TRUE,0.000399311575966288,"sparse_mixture","ridge_fixed_minus_unfiltered_block_eigen","phenotype_prediction_correlation","block_eigen_ridge_fixed minus block_eigen_unfiltered",3
3,0.49707284702836,0.511026519463552,TRUE,-0.013953672435192,"sparse_mixture","block_eigen_ridge_fixed_minus_bed","phenotype_prediction_correlation","block_eigen_ridge_fixed minus bed",4
3,0.508435130963644,0.515973154291698,TRUE,-0.00753802332805376,"sparse_homogeneous","full_csr_minus_bed","phenotype_prediction_correlation","full_csr minus bed",4
3,0.510735930058284,0.51146438669623,TRUE,-0.000728456637945851,"sparse_homogeneous","ridge_fixed_minus_unfiltered_block_eigen","phenotype_prediction_correlation","block_eigen_ridge_fixed minus block_eigen_unfiltered",3
3,0.510735930058284,0.515973154291698,TRUE,-0.00523722423341388,"sparse_homogeneous","block_eigen_ridge_fixed_minus_bed","phenotype_prediction_correlation","block_eigen_ridge_fixed minus bed",4
3,0.51146438669623,0.511504134232075,TRUE,-3.97475358449029e-05,"sparse_homogeneous","unfiltered_block_eigen_minus_block_csr","phenotype_prediction_correlation","block_eigen_unfiltered minus block_csr",1
3,0.51146438669623,0.515973154291698,TRUE,-0.00450876759546803,"sparse_homogeneous","block_eigen_unfiltered_minus_bed","phenotype_prediction_correlation","block_eigen_unfiltered minus bed",4
3,0.511504134232075,0.508435130963644,TRUE,0.00306900326843063,"sparse_homogeneous","block_csr_minus_full_csr","phenotype_prediction_correlation","block_csr minus full_csr",2
3,0.511504134232075,0.515973154291698,TRUE,-0.00446902005962313,"sparse_homogeneous","block_csr_minus_bed","phenotype_prediction_correlation","block_csr minus bed",4
3,0.511703926158632,0.51146438669623,TRUE,0.000239539462402183,"sparse_homogeneous","hard_minus_unfiltered_block_eigen","phenotype_prediction_correlation","block_eigen_hard minus block_eigen_unfiltered",3
3,0.511703926158632,0.515973154291698,TRUE,-0.00426922813306585,"sparse_homogeneous","block_eigen_hard_minus_bed","phenotype_prediction_correlation","block_eigen_hard minus bed",4
3,0.910701973020473,0.958684164700094,TRUE,-0.0479821916796201,"sparse_mixture","full_csr_minus_bed","marker_effect_correlation","full_csr minus bed",4
3,0.912300385200122,0.912459743031171,TRUE,-0.000159357831048701,"sparse_mixture","hard_minus_unfiltered_block_eigen","marker_effect_correlation","block_eigen_hard minus block_eigen_unfiltered",3
3,0.912300385200122,0.958684164700094,TRUE,-0.0463837794999711,"sparse_mixture","block_eigen_hard_minus_bed","marker_effect_correlation","block_eigen_hard minus bed",4
3,0.912459743031171,0.912724337268668,TRUE,-0.000264594237496474,"sparse_mixture","unfiltered_block_eigen_minus_block_csr","marker_effect_correlation","block_eigen_unfiltered minus block_csr",1
3,0.912459743031171,0.958684164700094,TRUE,-0.0462244216689224,"sparse_mixture","block_eigen_unfiltered_minus_bed","marker_effect_correlation","block_eigen_unfiltered minus bed",4
3,0.912636729602321,0.912459743031171,TRUE,0.000176986571150173,"sparse_mixture","ridge_fixed_minus_unfiltered_block_eigen","marker_effect_correlation","block_eigen_ridge_fixed minus block_eigen_unfiltered",3
3,0.912636729602321,0.958684164700094,TRUE,-0.0460474350977722,"sparse_mixture","block_eigen_ridge_fixed_minus_bed","marker_effect_correlation","block_eigen_ridge_fixed minus bed",4
3,0.912724337268668,0.910701973020473,TRUE,0.00202236424819424,"sparse_mixture","block_csr_minus_full_csr","marker_effect_correlation","block_csr minus full_csr",2
3,0.912724337268668,0.958684164700094,TRUE,-0.0459598274314259,"sparse_mixture","block_csr_minus_bed","marker_effect_correlation","block_csr minus bed",4
3,0.912988641669082,0.957943003620287,TRUE,-0.0449543619512046,"sparse_mixture","full_csr_minus_bed","genetic_value_reconstruction_correlation","full_csr minus bed",4
3,0.914276554715871,0.914511764827617,TRUE,-0.000235210111745987,"sparse_mixture","hard_minus_unfiltered_block_eigen","genetic_value_reconstruction_correlation","block_eigen_hard minus block_eigen_unfiltered",3
3,0.914276554715871,0.957943003620287,TRUE,-0.0436664489044163,"sparse_mixture","block_eigen_hard_minus_bed","genetic_value_reconstruction_correlation","block_eigen_hard minus bed",4
3,0.914511764827617,0.914651468665716,TRUE,-0.000139703838099692,"sparse_mixture","unfiltered_block_eigen_minus_block_csr","genetic_value_reconstruction_correlation","block_eigen_unfiltered minus block_csr",1
3,0.914511764827617,0.957943003620287,TRUE,-0.0434312387926703,"sparse_mixture","block_eigen_unfiltered_minus_bed","genetic_value_reconstruction_correlation","block_eigen_unfiltered minus bed",4
3,0.914567018527093,0.914511764827617,TRUE,5.52536994763431e-05,"sparse_mixture","ridge_fixed_minus_unfiltered_block_eigen","genetic_value_reconstruction_correlation","block_eigen_ridge_fixed minus block_eigen_unfiltered",3
3,0.914567018527093,0.957943003620287,TRUE,-0.043375985093194,"sparse_mixture","block_eigen_ridge_fixed_minus_bed","genetic_value_reconstruction_correlation","block_eigen_ridge_fixed minus bed",4
3,0.914651468665716,0.912988641669082,TRUE,0.001662826996634,"sparse_mixture","block_csr_minus_full_csr","genetic_value_reconstruction_correlation","block_csr minus full_csr",2
3,0.914651468665716,0.957943003620287,TRUE,-0.0432915349545706,"sparse_mixture","block_csr_minus_bed","genetic_value_reconstruction_correlation","block_csr minus bed",4
3,0.915358177416766,0.95786365873202,TRUE,-0.0425054813152547,"sparse_mixture","full_csr_minus_bed","genetic_value_correlation","full_csr minus bed",4
3,0.916077553701023,0.91613556430125,TRUE,-5.80106002266989e-05,"sparse_mixture","hard_minus_unfiltered_block_eigen","genetic_value_correlation","block_eigen_hard minus block_eigen_unfiltered",3
3,0.916077553701023,0.95786365873202,TRUE,-0.0417861050309973,"sparse_mixture","block_eigen_hard_minus_bed","genetic_value_correlation","block_eigen_hard minus bed",4
3,0.91613556430125,0.916367337787744,TRUE,-0.000231773486494613,"sparse_mixture","unfiltered_block_eigen_minus_block_csr","genetic_value_correlation","block_eigen_unfiltered minus block_csr",1
3,0.91613556430125,0.95786365873202,TRUE,-0.0417280944307706,"sparse_mixture","block_eigen_unfiltered_minus_bed","genetic_value_correlation","block_eigen_unfiltered minus bed",4
3,0.916367337787744,0.915358177416766,TRUE,0.00100916037097865,"sparse_mixture","block_csr_minus_full_csr","genetic_value_correlation","block_csr minus full_csr",2
3,0.916367337787744,0.95786365873202,TRUE,-0.041496320944276,"sparse_mixture","block_csr_minus_bed","genetic_value_correlation","block_csr minus bed",4
3,0.916435257150934,0.91613556430125,TRUE,0.000299692849683897,"sparse_mixture","ridge_fixed_minus_unfiltered_block_eigen","genetic_value_correlation","block_eigen_ridge_fixed minus block_eigen_unfiltered",3
3,0.916435257150934,0.95786365873202,TRUE,-0.0414284015810867,"sparse_mixture","block_eigen_ridge_fixed_minus_bed","genetic_value_correlation","block_eigen_ridge_fixed minus bed",4
3,0.923486948616526,0.93854623505995,TRUE,-0.0150592864434238,"sparse_homogeneous","full_csr_minus_bed","marker_effect_correlation","full_csr minus bed",4
3,0.927002295800624,0.940852242661623,TRUE,-0.0138499468609988,"sparse_homogeneous","full_csr_minus_bed","genetic_value_reconstruction_correlation","full_csr minus bed",4
3,0.927946188076492,0.928791444444837,TRUE,-0.00084525636834476,"sparse_homogeneous","unfiltered_block_eigen_minus_block_csr","marker_effect_correlation","block_eigen_unfiltered minus block_csr",1
3,0.927946188076492,0.93854623505995,TRUE,-0.0106000469834574,"sparse_homogeneous","block_eigen_unfiltered_minus_bed","marker_effect_correlation","block_eigen_unfiltered minus bed",4
3,0.928252120998822,0.927946188076492,TRUE,0.000305932922329499,"sparse_homogeneous","ridge_fixed_minus_unfiltered_block_eigen","marker_effect_correlation","block_eigen_ridge_fixed minus block_eigen_unfiltered",3
3,0.928252120998822,0.93854623505995,TRUE,-0.0102941140611279,"sparse_homogeneous","block_eigen_ridge_fixed_minus_bed","marker_effect_correlation","block_eigen_ridge_fixed minus bed",4
3,0.928461867335225,0.927946188076492,TRUE,0.000515679258732749,"sparse_homogeneous","hard_minus_unfiltered_block_eigen","marker_effect_correlation","block_eigen_hard minus block_eigen_unfiltered",3
3,0.928461867335225,0.93854623505995,TRUE,-0.0100843677247247,"sparse_homogeneous","block_eigen_hard_minus_bed","marker_effect_correlation","block_eigen_hard minus bed",4
3,0.928791444444837,0.923486948616526,TRUE,0.00530449582831116,"sparse_homogeneous","block_csr_minus_full_csr","marker_effect_correlation","block_csr minus full_csr",2
3,0.928791444444837,0.93854623505995,TRUE,-0.00975479061511264,"sparse_homogeneous","block_csr_minus_bed","marker_effect_correlation","block_csr minus bed",4
3,0.929033156053871,0.941446305129394,TRUE,-0.0124131490755223,"sparse_homogeneous","full_csr_minus_bed","genetic_value_correlation","full_csr minus bed",4
3,0.930929808364182,0.931755459974132,TRUE,-0.00082565160994974,"sparse_homogeneous","unfiltered_block_eigen_minus_block_csr","genetic_value_reconstruction_correlation","block_eigen_unfiltered minus block_csr",1
3,0.930929808364182,0.940852242661623,TRUE,-0.00992243429744066,"sparse_homogeneous","block_eigen_unfiltered_minus_bed","genetic_value_reconstruction_correlation","block_eigen_unfiltered minus bed",4
3,0.931118517897165,0.930929808364182,TRUE,0.000188709532982556,"sparse_homogeneous","ridge_fixed_minus_unfiltered_block_eigen","genetic_value_reconstruction_correlation","block_eigen_ridge_fixed minus block_eigen_unfiltered",3
3,0.931118517897165,0.940852242661623,TRUE,-0.00973372476445811,"sparse_homogeneous","block_eigen_ridge_fixed_minus_bed","genetic_value_reconstruction_correlation","block_eigen_ridge_fixed minus bed",4
3,0.93140319112548,0.930929808364182,TRUE,0.000473382761297936,"sparse_homogeneous","hard_minus_unfiltered_block_eigen","genetic_value_reconstruction_correlation","block_eigen_hard minus block_eigen_unfiltered",3
3,0.93140319112548,0.940852242661623,TRUE,-0.00944905153614273,"sparse_homogeneous","block_eigen_hard_minus_bed","genetic_value_reconstruction_correlation","block_eigen_hard minus bed",4
3,0.931755459974132,0.927002295800624,TRUE,0.00475316417350791,"sparse_homogeneous","block_csr_minus_full_csr","genetic_value_reconstruction_correlation","block_csr minus full_csr",2
3,0.931755459974132,0.940852242661623,TRUE,-0.00909678268749092,"sparse_homogeneous","block_csr_minus_bed","genetic_value_reconstruction_correlation","block_csr minus bed",4
3,0.933374930917862,0.934410379453962,TRUE,-0.0010354485360996,"sparse_homogeneous","unfiltered_block_eigen_minus_block_csr","genetic_value_correlation","block_eigen_unfiltered minus block_csr",1
3,0.933374930917862,0.941446305129394,TRUE,-0.00807137421153137,"sparse_homogeneous","block_eigen_unfiltered_minus_bed","genetic_value_correlation","block_eigen_unfiltered minus bed",4
3,0.933756999664552,0.933374930917862,TRUE,0.000382068746690112,"sparse_homogeneous","ridge_fixed_minus_unfiltered_block_eigen","genetic_value_correlation","block_eigen_ridge_fixed minus block_eigen_unfiltered",3
3,0.933756999664552,0.941446305129394,TRUE,-0.00768930546484126,"sparse_homogeneous","block_eigen_ridge_fixed_minus_bed","genetic_value_correlation","block_eigen_ridge_fixed minus bed",4
3,0.934085765013741,0.933374930917862,TRUE,0.000710834095878576,"sparse_homogeneous","hard_minus_unfiltered_block_eigen","genetic_value_correlation","block_eigen_hard minus block_eigen_unfiltered",3
3,0.934085765013741,0.941446305129394,TRUE,-0.00736054011565279,"sparse_homogeneous","block_eigen_hard_minus_bed","genetic_value_correlation","block_eigen_hard minus bed",4
3,0.934410379453962,0.929033156053871,TRUE,0.0053772234000905,"sparse_homogeneous","block_csr_minus_full_csr","genetic_value_correlation","block_csr minus full_csr",2
3,0.934410379453962,0.941446305129394,TRUE,-0.00703592567543176,"sparse_homogeneous","block_csr_minus_bed","genetic_value_correlation","block_csr minus bed",4
3,0.934642285933096,0.938951713017399,TRUE,-0.0043094270843036,"sparse_homogeneous","full_csr_minus_bed","causal_marker_effect_correlation","full_csr minus bed",4
3,0.938561170538843,0.938690736557798,TRUE,-0.000129566018955751,"sparse_homogeneous","unfiltered_block_eigen_minus_block_csr","causal_marker_effect_correlation","block_eigen_unfiltered minus block_csr",1
3,0.938561170538843,0.938951713017399,TRUE,-0.000390542478556744,"sparse_homogeneous","block_eigen_unfiltered_minus_bed","causal_marker_effect_correlation","block_eigen_unfiltered minus bed",4
3,0.938569085360967,0.938561170538843,TRUE,7.91482212436634e-06,"sparse_homogeneous","ridge_fixed_minus_unfiltered_block_eigen","causal_marker_effect_correlation","block_eigen_ridge_fixed minus block_eigen_unfiltered",3
3,0.938569085360967,0.938951713017399,TRUE,-0.000382627656432377,"sparse_homogeneous","block_eigen_ridge_fixed_minus_bed","causal_marker_effect_correlation","block_eigen_ridge_fixed minus bed",4
3,0.938690736557798,0.934642285933096,TRUE,0.0040484506247026,"sparse_homogeneous","block_csr_minus_full_csr","causal_marker_effect_correlation","block_csr minus full_csr",2
3,0.938690736557798,0.938951713017399,TRUE,-0.000260976459600992,"sparse_homogeneous","block_csr_minus_bed","causal_marker_effect_correlation","block_csr minus bed",4
3,0.93907357479779,0.938561170538843,TRUE,0.000512404258947163,"sparse_homogeneous","hard_minus_unfiltered_block_eigen","causal_marker_effect_correlation","block_eigen_hard minus block_eigen_unfiltered",3
3,0.93907357479779,0.938951713017399,TRUE,0.00012186178039042,"sparse_homogeneous","block_eigen_hard_minus_bed","causal_marker_effect_correlation","block_eigen_hard minus bed",4
3,0.960519506754355,0.960597517266175,TRUE,-7.80105118197705e-05,"sparse_mixture","hard_minus_unfiltered_block_eigen","causal_marker_effect_correlation","block_eigen_hard minus block_eigen_unfiltered",3
3,0.960519506754355,0.961691847408184,TRUE,-0.00117234065382943,"sparse_mixture","block_eigen_hard_minus_bed","causal_marker_effect_correlation","block_eigen_hard minus bed",4
3,0.960550899258596,0.960597517266175,TRUE,-4.66180075789913e-05,"sparse_mixture","ridge_fixed_minus_unfiltered_block_eigen","causal_marker_effect_correlation","block_eigen_ridge_fixed minus block_eigen_unfiltered",3
3,0.960550899258596,0.961691847408184,TRUE,-0.00114094814958865,"sparse_mixture","block_eigen_ridge_fixed_minus_bed","causal_marker_effect_correlation","block_eigen_ridge_fixed minus bed",4
3,0.960591422083965,0.96133376181791,TRUE,-0.000742339733944997,"sparse_mixture","block_csr_minus_full_csr","causal_marker_effect_correlation","block_csr minus full_csr",2
3,0.960591422083965,0.961691847408184,TRUE,-0.00110042532421972,"sparse_mixture","block_csr_minus_bed","causal_marker_effect_correlation","block_csr minus bed",4
3,0.960597517266175,0.960591422083965,TRUE,6.09518221006411e-06,"sparse_mixture","unfiltered_block_eigen_minus_block_csr","causal_marker_effect_correlation","block_eigen_unfiltered minus block_csr",1
3,0.960597517266175,0.961691847408184,TRUE,-0.00109433014200966,"sparse_mixture","block_eigen_unfiltered_minus_bed","causal_marker_effect_correlation","block_eigen_unfiltered minus bed",4
3,0.960984805039521,1.09332261736315,TRUE,-0.132337812323632,"sparse_mixture","full_csr_minus_bed","prediction_regression_slope","full_csr minus bed",4
3,0.96133376181791,0.961691847408184,TRUE,-0.000358085590274726,"sparse_mixture","full_csr_minus_bed","causal_marker_effect_correlation","full_csr minus bed",4
3,0.967976649123323,0.968557149003738,TRUE,-0.000580499880414753,"sparse_mixture","unfiltered_block_eigen_minus_block_csr","prediction_regression_slope","block_eigen_unfiltered minus block_csr",1
3,0.967976649123323,1.09332261736315,TRUE,-0.12534596823983,"sparse_mixture","block_eigen_unfiltered_minus_bed","prediction_regression_slope","block_eigen_unfiltered minus bed",4
3,0.968557149003738,0.960984805039521,TRUE,0.00757234396421669,"sparse_mixture","block_csr_minus_full_csr","prediction_regression_slope","block_csr minus full_csr",2
3,0.968557149003738,1.09332261736315,TRUE,-0.124765468359415,"sparse_mixture","block_csr_minus_bed","prediction_regression_slope","block_csr minus bed",4
3,0.968621843390545,0.967976649123323,TRUE,0.000645194267221871,"sparse_mixture","hard_minus_unfiltered_block_eigen","prediction_regression_slope","block_eigen_hard minus block_eigen_unfiltered",3
3,0.968621843390545,1.09332261736315,TRUE,-0.124700773972608,"sparse_mixture","block_eigen_hard_minus_bed","prediction_regression_slope","block_eigen_hard minus bed",4
3,0.969856355128459,0.967976649123323,TRUE,0.00187970600513565,"sparse_mixture","ridge_fixed_minus_unfiltered_block_eigen","prediction_regression_slope","block_eigen_ridge_fixed minus block_eigen_unfiltered",3
3,0.969856355128459,1.09332261736315,TRUE,-0.123466262234694,"sparse_mixture","block_eigen_ridge_fixed_minus_bed","prediction_regression_slope","block_eigen_ridge_fixed minus bed",4
3,0.991400457777786,0.981595546587451,TRUE,0.00980491119033544,"sparse_homogeneous","full_csr_minus_bed","prediction_regression_slope","full_csr minus bed",4
3,0.997972607078373,0.981595546587451,TRUE,0.0163770604909221,"sparse_homogeneous","block_eigen_ridge_fixed_minus_bed","prediction_regression_slope","block_eigen_ridge_fixed minus bed",4
3,0.997972607078373,0.998919680840593,TRUE,-0.000947073762219808,"sparse_homogeneous","ridge_fixed_minus_unfiltered_block_eigen","prediction_regression_slope","block_eigen_ridge_fixed minus block_eigen_unfiltered",3
3,0.998264492094345,0.981595546587451,TRUE,0.0166689455068946,"sparse_homogeneous","block_eigen_hard_minus_bed","prediction_regression_slope","block_eigen_hard minus bed",4
3,0.998264492094345,0.998919680840593,TRUE,-0.00065518874624737,"sparse_homogeneous","hard_minus_unfiltered_block_eigen","prediction_regression_slope","block_eigen_hard minus block_eigen_unfiltered",3
3,0.99843280138894,0.981595546587451,TRUE,0.0168372548014891,"sparse_homogeneous","block_csr_minus_bed","prediction_regression_slope","block_csr minus bed",4
3,0.99843280138894,0.991400457777786,TRUE,0.00703234361115368,"sparse_homogeneous","block_csr_minus_full_csr","prediction_regression_slope","block_csr minus full_csr",2
3,0.998919680840593,0.981595546587451,TRUE,0.0173241342531419,"sparse_homogeneous","block_eigen_unfiltered_minus_bed","prediction_regression_slope","block_eigen_unfiltered minus bed",4
3,0.998919680840593,0.99843280138894,TRUE,0.000486879451652822,"sparse_homogeneous","unfiltered_block_eigen_minus_block_csr","prediction_regression_slope","block_eigen_unfiltered minus block_csr",1
3,1.0248840223948,1.02193078138368,TRUE,0.00295324101111816,"sparse_homogeneous","block_eigen_hard_minus_bed","phenotype_prediction_rmse","block_eigen_hard minus bed",4
3,1.0248840223948,1.02505277959319,TRUE,-0.000168757198391045,"sparse_homogeneous","hard_minus_unfiltered_block_eigen","phenotype_prediction_rmse","block_eigen_hard minus block_eigen_unfiltered",3
3,1.02502473696239,1.02193078138368,TRUE,0.00309395557870995,"sparse_homogeneous","block_csr_minus_bed","phenotype_prediction_rmse","block_csr minus bed",4
3,1.02502473696239,1.02721796734274,TRUE,-0.00219323038035069,"sparse_homogeneous","block_csr_minus_full_csr","phenotype_prediction_rmse","block_csr minus full_csr",2
3,1.02505277959319,1.02193078138368,TRUE,0.0031219982095092,"sparse_homogeneous","block_eigen_unfiltered_minus_bed","phenotype_prediction_rmse","block_eigen_unfiltered minus bed",4
3,1.02505277959319,1.02502473696239,TRUE,2.80426307992521e-05,"sparse_homogeneous","unfiltered_block_eigen_minus_block_csr","phenotype_prediction_rmse","block_eigen_unfiltered minus block_csr",1
3,1.02557023973867,1.02193078138368,TRUE,0.00363945835499435,"sparse_homogeneous","block_eigen_ridge_fixed_minus_bed","phenotype_prediction_rmse","block_eigen_ridge_fixed minus bed",4
3,1.02557023973867,1.02505277959319,TRUE,0.000517460145485149,"sparse_homogeneous","ridge_fixed_minus_unfiltered_block_eigen","phenotype_prediction_rmse","block_eigen_ridge_fixed minus block_eigen_unfiltered",3
3,1.02721796734274,1.02193078138368,TRUE,0.00528718595906064,"sparse_homogeneous","full_csr_minus_bed","phenotype_prediction_rmse","full_csr minus bed",4
3,1.06138896166111,1.05268808332641,TRUE,0.0087008783347029,"sparse_mixture","block_eigen_ridge_fixed_minus_bed","phenotype_prediction_rmse","block_eigen_ridge_fixed minus bed",4
3,1.06138896166111,1.06169420229824,TRUE,-0.000305240637124671,"sparse_mixture","ridge_fixed_minus_unfiltered_block_eigen","phenotype_prediction_rmse","block_eigen_ridge_fixed minus block_eigen_unfiltered",3
3,1.06160355174423,1.05268808332641,TRUE,0.00891546841781854,"sparse_mixture","block_eigen_hard_minus_bed","phenotype_prediction_rmse","block_eigen_hard minus bed",4
3,1.06160355174423,1.06169420229824,TRUE,-9.06505540090308e-05,"sparse_mixture","hard_minus_unfiltered_block_eigen","phenotype_prediction_rmse","block_eigen_hard minus block_eigen_unfiltered",3
3,1.06163111908663,1.05268808332641,TRUE,0.00894303576022026,"sparse_mixture","full_csr_minus_bed","phenotype_prediction_rmse","full_csr minus bed",4
3,1.06169420229824,1.05268808332641,TRUE,0.00900611897182757,"sparse_mixture","block_eigen_unfiltered_minus_bed","phenotype_prediction_rmse","block_eigen_unfiltered minus bed",4
3,1.06169420229824,1.06173447765239,TRUE,-4.02753541481893e-05,"sparse_mixture","unfiltered_block_eigen_minus_block_csr","phenotype_prediction_rmse","block_eigen_unfiltered minus block_csr",1
3,1.06173447765239,1.05268808332641,TRUE,0.00904639432597576,"sparse_mixture","block_csr_minus_bed","phenotype_prediction_rmse","block_csr minus bed",4
3,1.06173447765239,1.06163111908663,TRUE,0.000103358565755496,"sparse_mixture","block_csr_minus_full_csr","phenotype_prediction_rmse","block_csr minus full_csr",2
3,13,7,TRUE,6,"sparse_mixture","block_eigen_unfiltered_minus_bed","high_pip_marker_count","block_eigen_unfiltered minus bed",4
3,13,14,TRUE,-1,"sparse_mixture","unfiltered_block_eigen_minus_block_csr","high_pip_marker_count","block_eigen_unfiltered minus block_csr",1
3,14,7,TRUE,7,"sparse_mixture","block_csr_minus_bed","high_pip_marker_count","block_csr minus bed",4
3,14,7,TRUE,7,"sparse_mixture","block_eigen_hard_minus_bed","high_pip_marker_count","block_eigen_hard minus bed",4
3,14,7,TRUE,7,"sparse_mixture","block_eigen_ridge_fixed_minus_bed","high_pip_marker_count","block_eigen_ridge_fixed minus bed",4
3,14,7,TRUE,7,"sparse_mixture","full_csr_minus_bed","high_pip_marker_count","full_csr minus bed",4
3,14,13,TRUE,1,"sparse_mixture","hard_minus_unfiltered_block_eigen","high_pip_marker_count","block_eigen_hard minus block_eigen_unfiltered",3
3,14,13,TRUE,1,"sparse_mixture","ridge_fixed_minus_unfiltered_block_eigen","high_pip_marker_count","block_eigen_ridge_fixed minus block_eigen_unfiltered",3
3,14,14,TRUE,0,"sparse_mixture","block_csr_minus_full_csr","high_pip_marker_count","block_csr minus full_csr",2
3,20,19,TRUE,1,"sparse_homogeneous","full_csr_minus_bed","high_pip_marker_count","full_csr minus bed",4
3,21,19,TRUE,2,"sparse_homogeneous","block_csr_minus_bed","high_pip_marker_count","block_csr minus bed",4
3,21,19,TRUE,2,"sparse_homogeneous","block_eigen_hard_minus_bed","high_pip_marker_count","block_eigen_hard minus bed",4
3,21,19,TRUE,2,"sparse_homogeneous","block_eigen_ridge_fixed_minus_bed","high_pip_marker_count","block_eigen_ridge_fixed minus bed",4
3,21,19,TRUE,2,"sparse_homogeneous","block_eigen_unfiltered_minus_bed","high_pip_marker_count","block_eigen_unfiltered minus bed",4
3,21,20,TRUE,1,"sparse_homogeneous","block_csr_minus_full_csr","high_pip_marker_count","block_csr minus full_csr",2
3,21,21,TRUE,0,"sparse_homogeneous","hard_minus_unfiltered_block_eigen","high_pip_marker_count","block_eigen_hard minus block_eigen_unfiltered",3
3,21,21,TRUE,0,"sparse_homogeneous","ridge_fixed_minus_unfiltered_block_eigen","high_pip_marker_count","block_eigen_ridge_fixed minus block_eigen_unfiltered",3
3,21,21,TRUE,0,"sparse_homogeneous","unfiltered_block_eigen_minus_block_csr","high_pip_marker_count","block_eigen_unfiltered minus block_csr",1
4,0.000546999019110147,4.21994869272607e-05,TRUE,0.000504799532182886,"sparse_homogeneous","full_csr_minus_bed","noncausal_marker_rmse","full_csr minus bed",4
4,0.000574465739762603,4.21994869272607e-05,TRUE,0.000532266252835342,"sparse_homogeneous","block_csr_minus_bed","noncausal_marker_rmse","block_csr minus bed",4
4,0.000574465739762603,0.000546999019110147,TRUE,2.74667206524558e-05,"sparse_homogeneous","block_csr_minus_full_csr","noncausal_marker_rmse","block_csr minus full_csr",2
4,0.000584391953555606,4.21994869272607e-05,TRUE,0.000542192466628345,"sparse_homogeneous","block_eigen_unfiltered_minus_bed","noncausal_marker_rmse","block_eigen_unfiltered minus bed",4
4,0.000584391953555606,0.000574465739762603,TRUE,9.92621379300321e-06,"sparse_homogeneous","unfiltered_block_eigen_minus_block_csr","noncausal_marker_rmse","block_eigen_unfiltered minus block_csr",1
4,0.000588517799781211,4.21994869272607e-05,TRUE,0.00054631831285395,"sparse_homogeneous","block_eigen_ridge_fixed_minus_bed","noncausal_marker_rmse","block_eigen_ridge_fixed minus bed",4
4,0.000588517799781211,0.000584391953555606,TRUE,4.125846225605e-06,"sparse_homogeneous","ridge_fixed_minus_unfiltered_block_eigen","noncausal_marker_rmse","block_eigen_ridge_fixed minus block_eigen_unfiltered",3
4,0.000588629677443428,4.21994869272607e-05,TRUE,0.000546430190516167,"sparse_homogeneous","block_eigen_hard_minus_bed","noncausal_marker_rmse","block_eigen_hard minus bed",4
4,0.000588629677443428,0.000584391953555606,TRUE,4.23772388782168e-06,"sparse_homogeneous","hard_minus_unfiltered_block_eigen","noncausal_marker_rmse","block_eigen_hard minus block_eigen_unfiltered",3
4,0.000937588378663587,0.000198648578127355,TRUE,0.000738939800536231,"sparse_mixture","block_eigen_ridge_fixed_minus_bed","noncausal_marker_rmse","block_eigen_ridge_fixed minus bed",4
4,0.000937588378663587,0.000937716837868313,TRUE,-1.28459204726825e-07,"sparse_mixture","ridge_fixed_minus_unfiltered_block_eigen","noncausal_marker_rmse","block_eigen_ridge_fixed minus block_eigen_unfiltered",3
4,0.000937716837868313,0.000198648578127355,TRUE,0.000739068259740958,"sparse_mixture","block_eigen_unfiltered_minus_bed","noncausal_marker_rmse","block_eigen_unfiltered minus bed",4
4,0.000937716837868313,0.000941452400732323,TRUE,-3.73556286400979e-06,"sparse_mixture","unfiltered_block_eigen_minus_block_csr","noncausal_marker_rmse","block_eigen_unfiltered minus block_csr",1
4,0.000940523783631834,0.000198648578127355,TRUE,0.000741875205504479,"sparse_mixture","block_eigen_hard_minus_bed","noncausal_marker_rmse","block_eigen_hard minus bed",4
4,0.000940523783631834,0.000937716837868313,TRUE,2.80694576352105e-06,"sparse_mixture","hard_minus_unfiltered_block_eigen","noncausal_marker_rmse","block_eigen_hard minus block_eigen_unfiltered",3
4,0.000941452400732323,0.000198648578127355,TRUE,0.000742803822604968,"sparse_mixture","block_csr_minus_bed","noncausal_marker_rmse","block_csr minus bed",4
4,0.000941452400732323,0.000963250654158177,TRUE,-2.1798253425854e-05,"sparse_mixture","block_csr_minus_full_csr","noncausal_marker_rmse","block_csr minus full_csr",2
4,0.000963250654158177,0.000198648578127355,TRUE,0.000764602076030822,"sparse_mixture","full_csr_minus_bed","noncausal_marker_rmse","full_csr minus bed",4
4,0.00114887736569187,0.00057571530099234,TRUE,0.000573162064699534,"sparse_homogeneous","full_csr_minus_bed","nonnull_probability_mean","full_csr minus bed",4
4,0.00116803979889974,0.00057571530099234,TRUE,0.000592324497907399,"sparse_homogeneous","block_eigen_hard_minus_bed","nonnull_probability_mean","block_eigen_hard minus bed",4
4,0.00116803979889974,0.00117427811850175,TRUE,-6.23831960201108e-06,"sparse_homogeneous","hard_minus_unfiltered_block_eigen","nonnull_probability_mean","block_eigen_hard minus block_eigen_unfiltered",3
4,0.00117038245900345,0.00057571530099234,TRUE,0.000594667158011108,"sparse_homogeneous","block_csr_minus_bed","nonnull_probability_mean","block_csr minus bed",4
4,0.00117038245900345,0.00114887736569187,TRUE,2.1505093311574e-05,"sparse_homogeneous","block_csr_minus_full_csr","nonnull_probability_mean","block_csr minus full_csr",2
4,0.00117427811850175,0.00057571530099234,TRUE,0.00059856281750941,"sparse_homogeneous","block_eigen_unfiltered_minus_bed","nonnull_probability_mean","block_eigen_unfiltered minus bed",4
4,0.00117427811850175,0.00117038245900345,TRUE,3.89565949830218e-06,"sparse_homogeneous","unfiltered_block_eigen_minus_block_csr","nonnull_probability_mean","block_eigen_unfiltered minus block_csr",1
4,0.00117462030480903,0.00057571530099234,TRUE,0.000598905003816694,"sparse_homogeneous","block_eigen_ridge_fixed_minus_bed","nonnull_probability_mean","block_eigen_ridge_fixed minus bed",4
4,0.00117462030480903,0.00117427811850175,TRUE,3.42186307283367e-07,"sparse_homogeneous","ridge_fixed_minus_unfiltered_block_eigen","nonnull_probability_mean","block_eigen_ridge_fixed minus block_eigen_unfiltered",3
4,0.00137869593332569,0.00125495098210611,TRUE,0.000123744951219581,"sparse_homogeneous","full_csr_minus_bed","marker_effect_rmse","full_csr minus bed",4
4,0.00139297132022021,0.00125495098210611,TRUE,0.000138020338114103,"sparse_homogeneous","block_csr_minus_bed","marker_effect_rmse","block_csr minus bed",4
4,0.00139297132022021,0.00137869593332569,TRUE,1.42753868945221e-05,"sparse_homogeneous","block_csr_minus_full_csr","marker_effect_rmse","block_csr minus full_csr",2
4,0.00139753800490374,0.00125495098210611,TRUE,0.000142587022797635,"sparse_homogeneous","block_eigen_ridge_fixed_minus_bed","marker_effect_rmse","block_eigen_ridge_fixed minus bed",4
4,0.00139753800490374,0.00140180426072263,TRUE,-4.26625581888686e-06,"sparse_homogeneous","ridge_fixed_minus_unfiltered_block_eigen","marker_effect_rmse","block_eigen_ridge_fixed minus block_eigen_unfiltered",3
4,0.00140180426072263,0.00125495098210611,TRUE,0.000146853278616522,"sparse_homogeneous","block_eigen_unfiltered_minus_bed","marker_effect_rmse","block_eigen_unfiltered minus bed",4
4,0.00140180426072263,0.00139297132022021,TRUE,8.83294050241885e-06,"sparse_homogeneous","unfiltered_block_eigen_minus_block_csr","marker_effect_rmse","block_eigen_unfiltered minus block_csr",1
4,0.00140356588734736,0.00125495098210611,TRUE,0.000148614905241255,"sparse_homogeneous","block_eigen_hard_minus_bed","marker_effect_rmse","block_eigen_hard minus bed",4
4,0.00140356588734736,0.00140180426072263,TRUE,1.7616266247333e-06,"sparse_homogeneous","hard_minus_unfiltered_block_eigen","marker_effect_rmse","block_eigen_hard minus block_eigen_unfiltered",3
4,0.00140805288645933,0.00112696718330351,TRUE,0.000281085703155818,"sparse_mixture","block_eigen_unfiltered_minus_bed","marker_effect_rmse","block_eigen_unfiltered minus bed",4
4,0.00140805288645933,0.00141113975206617,TRUE,-3.08686560683558e-06,"sparse_mixture","unfiltered_block_eigen_minus_block_csr","marker_effect_rmse","block_eigen_unfiltered minus block_csr",1
4,0.00141113975206617,0.00112696718330351,TRUE,0.000284172568762654,"sparse_mixture","block_csr_minus_bed","marker_effect_rmse","block_csr minus bed",4
4,0.00141113975206617,0.00142329051830654,TRUE,-1.21507662403709e-05,"sparse_mixture","block_csr_minus_full_csr","marker_effect_rmse","block_csr minus full_csr",2
4,0.00141123489352095,0.00112696718330351,TRUE,0.000284267710217438,"sparse_mixture","block_eigen_hard_minus_bed","marker_effect_rmse","block_eigen_hard minus bed",4
4,0.00141123489352095,0.00140805288645933,TRUE,3.1820070616191e-06,"sparse_mixture","hard_minus_unfiltered_block_eigen","marker_effect_rmse","block_eigen_hard minus block_eigen_unfiltered",3
4,0.0014112474872915,0.00112696718330351,TRUE,0.000284280303987983,"sparse_mixture","block_eigen_ridge_fixed_minus_bed","marker_effect_rmse","block_eigen_ridge_fixed minus bed",4
4,0.0014112474872915,0.00140805288645933,TRUE,3.1946008321646e-06,"sparse_mixture","ridge_fixed_minus_unfiltered_block_eigen","marker_effect_rmse","block_eigen_ridge_fixed minus block_eigen_unfiltered",3
4,0.00142329051830654,0.00112696718330351,TRUE,0.000296323335003025,"sparse_mixture","full_csr_minus_bed","marker_effect_rmse","full_csr minus bed",4
4,0.00934708220367983,0.00816093943302362,TRUE,0.00118614277065621,"sparse_mixture","block_eigen_unfiltered_minus_bed","nonnull_probability_mean","block_eigen_unfiltered minus bed",4
4,0.00934708220367983,0.00936098023216026,TRUE,-1.38980284804281e-05,"sparse_mixture","unfiltered_block_eigen_minus_block_csr","nonnull_probability_mean","block_eigen_unfiltered minus block_csr",1
4,0.00936098023216026,0.00816093943302362,TRUE,0.00120004079913664,"sparse_mixture","block_csr_minus_bed","nonnull_probability_mean","block_csr minus bed",4
4,0.00936098023216026,0.00938704561606697,TRUE,-2.60653839067142e-05,"sparse_mixture","block_csr_minus_full_csr","nonnull_probability_mean","block_csr minus full_csr",2
4,0.0093632768287226,0.00816093943302362,TRUE,0.00120233739569898,"sparse_mixture","block_eigen_ridge_fixed_minus_bed","nonnull_probability_mean","block_eigen_ridge_fixed minus bed",4
4,0.0093632768287226,0.00934708220367983,TRUE,1.61946250427716e-05,"sparse_mixture","ridge_fixed_minus_unfiltered_block_eigen","nonnull_probability_mean","block_eigen_ridge_fixed minus block_eigen_unfiltered",3
4,0.0093814719275618,0.00816093943302362,TRUE,0.00122053249453818,"sparse_mixture","block_eigen_hard_minus_bed","nonnull_probability_mean","block_eigen_hard minus bed",4
4,0.0093814719275618,0.00934708220367983,TRUE,3.4389723881971e-05,"sparse_mixture","hard_minus_unfiltered_block_eigen","nonnull_probability_mean","block_eigen_hard minus block_eigen_unfiltered",3
4,0.00938704561606697,0.00816093943302362,TRUE,0.00122610618304335,"sparse_mixture","full_csr_minus_bed","nonnull_probability_mean","full_csr minus bed",4
4,0.268966781615908,0.245260866215286,TRUE,0.0237059154006229,"sparse_homogeneous","full_csr_minus_bed","genetic_value_rmse","full_csr minus bed",4
4,0.270935363455559,0.245260866215286,TRUE,0.025674497240273,"sparse_homogeneous","block_csr_minus_bed","genetic_value_rmse","block_csr minus bed",4
4,0.270935363455559,0.268966781615908,TRUE,0.0019685818396501,"sparse_homogeneous","block_csr_minus_full_csr","genetic_value_rmse","block_csr minus full_csr",2
4,0.271874270318301,0.245260866215286,TRUE,0.0266134041030155,"sparse_homogeneous","block_eigen_ridge_fixed_minus_bed","genetic_value_rmse","block_eigen_ridge_fixed minus bed",4
4,0.271874270318301,0.272951722255491,TRUE,-0.00107745193718978,"sparse_homogeneous","ridge_fixed_minus_unfiltered_block_eigen","genetic_value_rmse","block_eigen_ridge_fixed minus block_eigen_unfiltered",3
4,0.272951722255491,0.245260866215286,TRUE,0.0276908560402053,"sparse_homogeneous","block_eigen_unfiltered_minus_bed","genetic_value_rmse","block_eigen_unfiltered minus bed",4
4,0.272951722255491,0.270935363455559,TRUE,0.00201635879993228,"sparse_homogeneous","unfiltered_block_eigen_minus_block_csr","genetic_value_rmse","block_eigen_unfiltered minus block_csr",1
4,0.273307571303783,0.245260866215286,TRUE,0.0280467050884974,"sparse_homogeneous","block_eigen_hard_minus_bed","genetic_value_rmse","block_eigen_hard minus bed",4
4,0.273307571303783,0.272951722255491,TRUE,0.000355849048292112,"sparse_homogeneous","hard_minus_unfiltered_block_eigen","genetic_value_rmse","block_eigen_hard minus block_eigen_unfiltered",3
4,0.27460972500354,0.215722676005703,TRUE,0.0588870489978369,"sparse_mixture","block_eigen_unfiltered_minus_bed","genetic_value_rmse","block_eigen_unfiltered minus bed",4
4,0.27460972500354,0.275707885133711,TRUE,-0.00109816013017167,"sparse_mixture","unfiltered_block_eigen_minus_block_csr","genetic_value_rmse","block_eigen_unfiltered minus block_csr",1
4,0.275470201154018,0.215722676005703,TRUE,0.0597475251483151,"sparse_mixture","block_eigen_ridge_fixed_minus_bed","genetic_value_rmse","block_eigen_ridge_fixed minus bed",4
4,0.275470201154018,0.27460972500354,TRUE,0.000860476150478184,"sparse_mixture","ridge_fixed_minus_unfiltered_block_eigen","genetic_value_rmse","block_eigen_ridge_fixed minus block_eigen_unfiltered",3
4,0.275707885133711,0.215722676005703,TRUE,0.0599852091280086,"sparse_mixture","block_csr_minus_bed","genetic_value_rmse","block_csr minus bed",4
4,0.275707885133711,0.277007502130553,TRUE,-0.00129961699684217,"sparse_mixture","block_csr_minus_full_csr","genetic_value_rmse","block_csr minus full_csr",2
4,0.275933284229421,0.215722676005703,TRUE,0.0602106082237187,"sparse_mixture","block_eigen_hard_minus_bed","genetic_value_rmse","block_eigen_hard minus bed",4
4,0.275933284229421,0.27460972500354,TRUE,0.00132355922588184,"sparse_mixture","hard_minus_unfiltered_block_eigen","genetic_value_rmse","block_eigen_hard minus block_eigen_unfiltered",3
4,0.277007502130553,0.215722676005703,TRUE,0.0612848261248507,"sparse_mixture","full_csr_minus_bed","genetic_value_rmse","full_csr minus bed",4
4,0.496844447551014,0.497098337422608,TRUE,-0.000253889871594137,"sparse_homogeneous","hard_minus_unfiltered_block_eigen","phenotype_prediction_correlation","block_eigen_hard minus block_eigen_unfiltered",3
4,0.496844447551014,0.504186879727439,TRUE,-0.00734243217642511,"sparse_homogeneous","block_eigen_hard_minus_bed","phenotype_prediction_correlation","block_eigen_hard minus bed",4
4,0.497098337422608,0.498118250666835,TRUE,-0.00101991324422707,"sparse_homogeneous","unfiltered_block_eigen_minus_block_csr","phenotype_prediction_correlation","block_eigen_unfiltered minus block_csr",1
4,0.497098337422608,0.504186879727439,TRUE,-0.00708854230483097,"sparse_homogeneous","block_eigen_unfiltered_minus_bed","phenotype_prediction_correlation","block_eigen_unfiltered minus bed",4
4,0.497529872410172,0.497098337422608,TRUE,0.000431534987564486,"sparse_homogeneous","ridge_fixed_minus_unfiltered_block_eigen","phenotype_prediction_correlation","block_eigen_ridge_fixed minus block_eigen_unfiltered",3
4,0.497529872410172,0.504186879727439,TRUE,-0.00665700731726648,"sparse_homogeneous","block_eigen_ridge_fixed_minus_bed","phenotype_prediction_correlation","block_eigen_ridge_fixed minus bed",4
4,0.498118250666835,0.498914912940679,TRUE,-0.000796662273844007,"sparse_homogeneous","block_csr_minus_full_csr","phenotype_prediction_correlation","block_csr minus full_csr",2
4,0.498118250666835,0.504186879727439,TRUE,-0.0060686290606039,"sparse_homogeneous","block_csr_minus_bed","phenotype_prediction_correlation","block_csr minus bed",4
4,0.498914912940679,0.504186879727439,TRUE,-0.0052719667867599,"sparse_homogeneous","full_csr_minus_bed","phenotype_prediction_correlation","full_csr minus bed",4
4,0.513738042407887,0.531523984508774,TRUE,-0.0177859421008871,"sparse_mixture","full_csr_minus_bed","phenotype_prediction_correlation","full_csr minus bed",4
4,0.513836653059634,0.514314029827381,TRUE,-0.000477376767747284,"sparse_mixture","hard_minus_unfiltered_block_eigen","phenotype_prediction_correlation","block_eigen_hard minus block_eigen_unfiltered",3
4,0.513836653059634,0.531523984508774,TRUE,-0.0176873314491399,"sparse_mixture","block_eigen_hard_minus_bed","phenotype_prediction_correlation","block_eigen_hard minus bed",4
4,0.514314029827381,0.514494837675518,TRUE,-0.000180807848136899,"sparse_mixture","unfiltered_block_eigen_minus_block_csr","phenotype_prediction_correlation","block_eigen_unfiltered minus block_csr",1
4,0.514314029827381,0.531523984508774,TRUE,-0.0172099546813926,"sparse_mixture","block_eigen_unfiltered_minus_bed","phenotype_prediction_correlation","block_eigen_unfiltered minus bed",4
4,0.514345365912147,0.514314029827381,TRUE,3.13360847653543e-05,"sparse_mixture","ridge_fixed_minus_unfiltered_block_eigen","phenotype_prediction_correlation","block_eigen_ridge_fixed minus block_eigen_unfiltered",3
4,0.514345365912147,0.531523984508774,TRUE,-0.0171786185966273,"sparse_mixture","block_eigen_ridge_fixed_minus_bed","phenotype_prediction_correlation","block_eigen_ridge_fixed minus bed",4
4,0.514494837675518,0.513738042407887,TRUE,0.000756795267631394,"sparse_mixture","block_csr_minus_full_csr","phenotype_prediction_correlation","block_csr minus full_csr",2
4,0.514494837675518,0.531523984508774,TRUE,-0.0170291468332557,"sparse_mixture","block_csr_minus_bed","phenotype_prediction_correlation","block_csr minus bed",4
4,0.905412931102954,0.944707372540627,TRUE,-0.0392944414376727,"sparse_mixture","full_csr_minus_bed","genetic_value_correlation","full_csr minus bed",4
4,0.905883202593363,0.943265095151805,TRUE,-0.0373818925584417,"sparse_mixture","full_csr_minus_bed","marker_effect_correlation","full_csr minus bed",4
4,0.90600094546795,0.906900649568495,TRUE,-0.000899704100544629,"sparse_mixture","hard_minus_unfiltered_block_eigen","genetic_value_correlation","block_eigen_hard minus block_eigen_unfiltered",3
4,0.90600094546795,0.944707372540627,TRUE,-0.0387064270726765,"sparse_mixture","block_eigen_hard_minus_bed","genetic_value_correlation","block_eigen_hard minus bed",4
4,0.906126932602203,0.905412931102954,TRUE,0.000714001499248496,"sparse_mixture","block_csr_minus_full_csr","genetic_value_correlation","block_csr minus full_csr",2
4,0.906126932602203,0.944707372540627,TRUE,-0.0385804399384242,"sparse_mixture","block_csr_minus_bed","genetic_value_correlation","block_csr minus bed",4
4,0.906308565750849,0.906900649568495,TRUE,-0.000592083817645639,"sparse_mixture","ridge_fixed_minus_unfiltered_block_eigen","genetic_value_correlation","block_eigen_ridge_fixed minus block_eigen_unfiltered",3
4,0.906308565750849,0.944707372540627,TRUE,-0.0383988067897775,"sparse_mixture","block_eigen_ridge_fixed_minus_bed","genetic_value_correlation","block_eigen_ridge_fixed minus bed",4
4,0.906900649568495,0.906126932602203,TRUE,0.000773716966292359,"sparse_mixture","unfiltered_block_eigen_minus_block_csr","genetic_value_correlation","block_eigen_unfiltered minus block_csr",1
4,0.906900649568495,0.944707372540627,TRUE,-0.0378067229721318,"sparse_mixture","block_eigen_unfiltered_minus_bed","genetic_value_correlation","block_eigen_unfiltered minus bed",4
4,0.907258070738731,0.907729764808823,TRUE,-0.000471694070092732,"sparse_mixture","hard_minus_unfiltered_block_eigen","marker_effect_correlation","block_eigen_hard minus block_eigen_unfiltered",3
4,0.907258070738731,0.943265095151805,TRUE,-0.0360070244130739,"sparse_mixture","block_eigen_hard_minus_bed","marker_effect_correlation","block_eigen_hard minus bed",4
4,0.907265887269139,0.907729764808823,TRUE,-0.00046387753968391,"sparse_mixture","ridge_fixed_minus_unfiltered_block_eigen","marker_effect_correlation","block_eigen_ridge_fixed minus block_eigen_unfiltered",3
4,0.907265887269139,0.943265095151805,TRUE,-0.0359992078826651,"sparse_mixture","block_eigen_ridge_fixed_minus_bed","marker_effect_correlation","block_eigen_ridge_fixed minus bed",4
4,0.907282838261994,0.946000468706943,TRUE,-0.0387176304449489,"sparse_mixture","full_csr_minus_bed","genetic_value_reconstruction_correlation","full_csr minus bed",4
4,0.907289275202182,0.905883202593363,TRUE,0.00140607260881886,"sparse_mixture","block_csr_minus_full_csr","marker_effect_correlation","block_csr minus full_csr",2
4,0.907289275202182,0.943265095151805,TRUE,-0.0359758199496228,"sparse_mixture","block_csr_minus_bed","marker_effect_correlation","block_csr minus bed",4
4,0.907729764808823,0.907289275202182,TRUE,0.00044048960664167,"sparse_mixture","unfiltered_block_eigen_minus_block_csr","marker_effect_correlation","block_eigen_unfiltered minus block_csr",1
4,0.907729764808823,0.943265095151805,TRUE,-0.0355353303429812,"sparse_mixture","block_eigen_unfiltered_minus_bed","marker_effect_correlation","block_eigen_unfiltered minus bed",4
4,0.908351120871592,0.908593834021932,TRUE,-0.000242713150340301,"sparse_homogeneous","hard_minus_unfiltered_block_eigen","marker_effect_correlation","block_eigen_hard minus block_eigen_unfiltered",3
4,0.908351120871592,0.927385940296753,TRUE,-0.0190348194251612,"sparse_homogeneous","block_eigen_hard_minus_bed","marker_effect_correlation","block_eigen_hard minus bed",4
4,0.908495177876145,0.909112379454742,TRUE,-0.000617201578597237,"sparse_mixture","hard_minus_unfiltered_block_eigen","genetic_value_reconstruction_correlation","block_eigen_hard minus block_eigen_unfiltered",3
4,0.908495177876145,0.946000468706943,TRUE,-0.0375052908307977,"sparse_mixture","block_eigen_hard_minus_bed","genetic_value_reconstruction_correlation","block_eigen_hard minus bed",4
4,0.908593834021932,0.90978868286615,TRUE,-0.0011948488442175,"sparse_homogeneous","unfiltered_block_eigen_minus_block_csr","marker_effect_correlation","block_eigen_unfiltered minus block_csr",1
4,0.908593834021932,0.927385940296753,TRUE,-0.0187921062748209,"sparse_homogeneous","block_eigen_unfiltered_minus_bed","marker_effect_correlation","block_eigen_unfiltered minus bed",4
4,0.90862653561451,0.907282838261994,TRUE,0.00134369735251605,"sparse_mixture","block_csr_minus_full_csr","genetic_value_reconstruction_correlation","block_csr minus full_csr",2
4,0.90862653561451,0.946000468706943,TRUE,-0.0373739330924329,"sparse_mixture","block_csr_minus_bed","genetic_value_reconstruction_correlation","block_csr minus bed",4
4,0.908686604171493,0.909112379454742,TRUE,-0.000425775283248608,"sparse_mixture","ridge_fixed_minus_unfiltered_block_eigen","genetic_value_reconstruction_correlation","block_eigen_ridge_fixed minus block_eigen_unfiltered",3
4,0.908686604171493,0.946000468706943,TRUE,-0.037313864535449,"sparse_mixture","block_eigen_ridge_fixed_minus_bed","genetic_value_reconstruction_correlation","block_eigen_ridge_fixed minus bed",4
4,0.909112379454742,0.90862653561451,TRUE,0.000485843840232425,"sparse_mixture","unfiltered_block_eigen_minus_block_csr","genetic_value_reconstruction_correlation","block_eigen_unfiltered minus block_csr",1
4,0.909112379454742,0.946000468706943,TRUE,-0.0368880892522004,"sparse_mixture","block_eigen_unfiltered_minus_bed","genetic_value_reconstruction_correlation","block_eigen_unfiltered minus bed",4
4,0.909178765035836,0.908593834021932,TRUE,0.000584931013904222,"sparse_homogeneous","ridge_fixed_minus_unfiltered_block_eigen","marker_effect_correlation","block_eigen_ridge_fixed minus block_eigen_unfiltered",3
4,0.909178765035836,0.927385940296753,TRUE,-0.0182071752609166,"sparse_homogeneous","block_eigen_ridge_fixed_minus_bed","marker_effect_correlation","block_eigen_ridge_fixed minus bed",4
4,0.90978868286615,0.911712425879465,TRUE,-0.00192374301331533,"sparse_homogeneous","block_csr_minus_full_csr","marker_effect_correlation","block_csr minus full_csr",2
4,0.90978868286615,0.927385940296753,TRUE,-0.0175972574306034,"sparse_homogeneous","block_csr_minus_bed","marker_effect_correlation","block_csr minus bed",4
4,0.911653556431851,0.911895914392255,TRUE,-0.000242357960404505,"sparse_homogeneous","hard_minus_unfiltered_block_eigen","genetic_value_correlation","block_eigen_hard minus block_eigen_unfiltered",3
4,0.911653556431851,0.929492008122839,TRUE,-0.0178384516909881,"sparse_homogeneous","block_eigen_hard_minus_bed","genetic_value_correlation","block_eigen_hard minus bed",4
4,0.911712425879465,0.927385940296753,TRUE,-0.015673514417288,"sparse_homogeneous","full_csr_minus_bed","marker_effect_correlation","full_csr minus bed",4
4,0.911895914392255,0.913250347026957,TRUE,-0.00135443263470125,"sparse_homogeneous","unfiltered_block_eigen_minus_block_csr","genetic_value_correlation","block_eigen_unfiltered minus block_csr",1
4,0.911895914392255,0.929492008122839,TRUE,-0.0175960937305836,"sparse_homogeneous","block_eigen_unfiltered_minus_bed","genetic_value_correlation","block_eigen_unfiltered minus bed",4
4,0.912624737575893,0.911895914392255,TRUE,0.000728823183637206,"sparse_homogeneous","ridge_fixed_minus_unfiltered_block_eigen","genetic_value_correlation","block_eigen_ridge_fixed minus block_eigen_unfiltered",3
4,0.912624737575893,0.929492008122839,TRUE,-0.0168672705469464,"sparse_homogeneous","block_eigen_ridge_fixed_minus_bed","genetic_value_correlation","block_eigen_ridge_fixed minus bed",4
4,0.913250347026957,0.914561374670276,TRUE,-0.0013110276433197,"sparse_homogeneous","block_csr_minus_full_csr","genetic_value_correlation","block_csr minus full_csr",2
4,0.913250347026957,0.929492008122839,TRUE,-0.0162416610958823,"sparse_homogeneous","block_csr_minus_bed","genetic_value_correlation","block_csr minus bed",4
4,0.91362608294186,0.913819619528482,TRUE,-0.00019353658662169,"sparse_homogeneous","hard_minus_unfiltered_block_eigen","genetic_value_reconstruction_correlation","block_eigen_hard minus block_eigen_unfiltered",3
4,0.91362608294186,0.929047338917929,TRUE,-0.0154212559760687,"sparse_homogeneous","block_eigen_hard_minus_bed","genetic_value_reconstruction_correlation","block_eigen_hard minus bed",4
4,0.913819619528482,0.914966455799743,TRUE,-0.00114683627126122,"sparse_homogeneous","unfiltered_block_eigen_minus_block_csr","genetic_value_reconstruction_correlation","block_eigen_unfiltered minus block_csr",1
4,0.913819619528482,0.929047338917929,TRUE,-0.015227719389447,"sparse_homogeneous","block_eigen_unfiltered_minus_bed","genetic_value_reconstruction_correlation","block_eigen_unfiltered minus bed",4
4,0.914509489227927,0.913819619528482,TRUE,0.000689869699444956,"sparse_homogeneous","ridge_fixed_minus_unfiltered_block_eigen","genetic_value_reconstruction_correlation","block_eigen_ridge_fixed minus block_eigen_unfiltered",3
4,0.914509489227927,0.929047338917929,TRUE,-0.014537849690002,"sparse_homogeneous","block_eigen_ridge_fixed_minus_bed","genetic_value_reconstruction_correlation","block_eigen_ridge_fixed minus bed",4
4,0.914561374670276,0.929492008122839,TRUE,-0.0149306334525626,"sparse_homogeneous","full_csr_minus_bed","genetic_value_correlation","full_csr minus bed",4
4,0.914966455799743,0.916589273069472,TRUE,-0.0016228172697289,"sparse_homogeneous","block_csr_minus_full_csr","genetic_value_reconstruction_correlation","block_csr minus full_csr",2
4,0.914966455799743,0.929047338917929,TRUE,-0.0140808831181858,"sparse_homogeneous","block_csr_minus_bed","genetic_value_reconstruction_correlation","block_csr minus bed",4
4,0.916589273069472,0.929047338917929,TRUE,-0.0124580658484569,"sparse_homogeneous","full_csr_minus_bed","genetic_value_reconstruction_correlation","full_csr minus bed",4
4,0.925684261009202,0.926348536552508,TRUE,-0.000664275543306503,"sparse_homogeneous","unfiltered_block_eigen_minus_block_csr","causal_marker_effect_correlation","block_eigen_unfiltered minus block_csr",1
4,0.925684261009202,0.928276873550522,TRUE,-0.00259261254132004,"sparse_homogeneous","block_eigen_unfiltered_minus_bed","causal_marker_effect_correlation","block_eigen_unfiltered minus bed",4
4,0.925861354489076,0.925684261009202,TRUE,0.000177093479873935,"sparse_homogeneous","hard_minus_unfiltered_block_eigen","causal_marker_effect_correlation","block_eigen_hard minus block_eigen_unfiltered",3
4,0.925861354489076,0.928276873550522,TRUE,-0.0024155190614461,"sparse_homogeneous","block_eigen_hard_minus_bed","causal_marker_effect_correlation","block_eigen_hard minus bed",4
4,0.926348536552508,0.926643859066417,TRUE,-0.000295322513908403,"sparse_homogeneous","block_csr_minus_full_csr","causal_marker_effect_correlation","block_csr minus full_csr",2
4,0.926348536552508,0.928276873550522,TRUE,-0.00192833699801354,"sparse_homogeneous","block_csr_minus_bed","causal_marker_effect_correlation","block_csr minus bed",4
4,0.926483825678811,0.925684261009202,TRUE,0.000799564669609509,"sparse_homogeneous","ridge_fixed_minus_unfiltered_block_eigen","causal_marker_effect_correlation","block_eigen_ridge_fixed minus block_eigen_unfiltered",3
4,0.926483825678811,0.928276873550522,TRUE,-0.00179304787171053,"sparse_homogeneous","block_eigen_ridge_fixed_minus_bed","causal_marker_effect_correlation","block_eigen_ridge_fixed minus bed",4
4,0.926643859066417,0.928276873550522,TRUE,-0.00163301448410513,"sparse_homogeneous","full_csr_minus_bed","causal_marker_effect_correlation","full_csr minus bed",4
4,0.952159831169348,0.948574889559899,TRUE,0.00358494160944922,"sparse_mixture","block_eigen_ridge_fixed_minus_bed","causal_marker_effect_correlation","block_eigen_ridge_fixed minus bed",4
4,0.952159831169348,0.952561143230739,TRUE,-0.000401312061391046,"sparse_mixture","ridge_fixed_minus_unfiltered_block_eigen","causal_marker_effect_correlation","block_eigen_ridge_fixed minus block_eigen_unfiltered",3
4,0.952482047496819,0.948574889559899,TRUE,0.00390715793691987,"sparse_mixture","block_eigen_hard_minus_bed","causal_marker_effect_correlation","block_eigen_hard minus bed",4
4,0.952482047496819,0.952561143230739,TRUE,-7.90957339203979e-05,"sparse_mixture","hard_minus_unfiltered_block_eigen","causal_marker_effect_correlation","block_eigen_hard minus block_eigen_unfiltered",3
4,0.952514757891379,0.948574889559899,TRUE,0.00393986833148008,"sparse_mixture","block_csr_minus_bed","causal_marker_effect_correlation","block_csr minus bed",4
4,0.952514757891379,0.952746003405609,TRUE,-0.000231245514230038,"sparse_mixture","block_csr_minus_full_csr","causal_marker_effect_correlation","block_csr minus full_csr",2
4,0.952561143230739,0.948574889559899,TRUE,0.00398625367084027,"sparse_mixture","block_eigen_unfiltered_minus_bed","causal_marker_effect_correlation","block_eigen_unfiltered minus bed",4
4,0.952561143230739,0.952514757891379,TRUE,4.63853393601887e-05,"sparse_mixture","unfiltered_block_eigen_minus_block_csr","causal_marker_effect_correlation","block_eigen_unfiltered minus block_csr",1
4,0.952746003405609,0.948574889559899,TRUE,0.00417111384571012,"sparse_mixture","full_csr_minus_bed","causal_marker_effect_correlation","full_csr minus bed",4
4,0.992929739816071,0.992914271844957,TRUE,1.54679711146244e-05,"sparse_homogeneous","block_eigen_unfiltered_minus_bed","prediction_regression_slope","block_eigen_unfiltered minus bed",4
4,0.992929739816071,0.99441014085076,TRUE,-0.00148040103468894,"sparse_homogeneous","unfiltered_block_eigen_minus_block_csr","prediction_regression_slope","block_eigen_unfiltered minus block_csr",1
4,0.99298628106598,0.992914271844957,TRUE,7.20092210229062e-05,"sparse_homogeneous","block_eigen_hard_minus_bed","prediction_regression_slope","block_eigen_hard minus bed",4
4,0.99298628106598,0.992929739816071,TRUE,5.65412499082818e-05,"sparse_homogeneous","hard_minus_unfiltered_block_eigen","prediction_regression_slope","block_eigen_hard minus block_eigen_unfiltered",3
4,0.99305892124374,0.992914271844957,TRUE,0.000144649398783225,"sparse_homogeneous","block_eigen_ridge_fixed_minus_bed","prediction_regression_slope","block_eigen_ridge_fixed minus bed",4
4,0.99305892124374,0.992929739816071,TRUE,0.000129181427668601,"sparse_homogeneous","ridge_fixed_minus_unfiltered_block_eigen","prediction_regression_slope","block_eigen_ridge_fixed minus block_eigen_unfiltered",3
4,0.99441014085076,0.992914271844957,TRUE,0.00149586900580356,"sparse_homogeneous","block_csr_minus_bed","prediction_regression_slope","block_csr minus bed",4
4,0.99441014085076,0.995607508035942,TRUE,-0.00119736718518226,"sparse_homogeneous","block_csr_minus_full_csr","prediction_regression_slope","block_csr minus full_csr",2
4,0.995607508035942,0.992914271844957,TRUE,0.00269323619098583,"sparse_homogeneous","full_csr_minus_bed","prediction_regression_slope","full_csr minus bed",4
4,1.01141284250576,1.13584058424919,TRUE,-0.124427741743427,"sparse_mixture","full_csr_minus_bed","prediction_regression_slope","full_csr minus bed",4
4,1.01430906296632,1.01525171939365,TRUE,-0.00094265642733804,"sparse_mixture","hard_minus_unfiltered_block_eigen","prediction_regression_slope","block_eigen_hard minus block_eigen_unfiltered",3
4,1.01430906296632,1.13584058424919,TRUE,-0.121531521282872,"sparse_mixture","block_eigen_hard_minus_bed","prediction_regression_slope","block_eigen_hard minus bed",4
4,1.01525171939365,1.01612127082963,TRUE,-0.000869551435970894,"sparse_mixture","unfiltered_block_eigen_minus_block_csr","prediction_regression_slope","block_eigen_unfiltered minus block_csr",1
4,1.01525171939365,1.13584058424919,TRUE,-0.120588864855534,"sparse_mixture","block_eigen_unfiltered_minus_bed","prediction_regression_slope","block_eigen_unfiltered minus bed",4
4,1.01546089932792,1.01525171939365,TRUE,0.000209179934268722,"sparse_mixture","ridge_fixed_minus_unfiltered_block_eigen","prediction_regression_slope","block_eigen_ridge_fixed minus block_eigen_unfiltered",3
4,1.01546089932792,1.13584058424919,TRUE,-0.120379684921265,"sparse_mixture","block_eigen_ridge_fixed_minus_bed","prediction_regression_slope","block_eigen_ridge_fixed minus bed",4
4,1.01612127082963,1.01141284250576,TRUE,0.0047084283238632,"sparse_mixture","block_csr_minus_full_csr","prediction_regression_slope","block_csr minus full_csr",2
4,1.01612127082963,1.13584058424919,TRUE,-0.119719313419563,"sparse_mixture","block_csr_minus_bed","prediction_regression_slope","block_csr minus bed",4
4,1.04887210976223,1.03896177140982,TRUE,0.00991033835241151,"sparse_mixture","block_csr_minus_bed","phenotype_prediction_rmse","block_csr minus bed",4
4,1.04887210976223,1.04941023124747,TRUE,-0.000538121485245568,"sparse_mixture","block_csr_minus_full_csr","phenotype_prediction_rmse","block_csr minus full_csr",2
4,1.04897763491887,1.03896177140982,TRUE,0.0100158635090535,"sparse_mixture","block_eigen_ridge_fixed_minus_bed","phenotype_prediction_rmse","block_eigen_ridge_fixed minus bed",4
4,1.04897763491887,1.04899568137666,TRUE,-1.804645778547e-05,"sparse_mixture","ridge_fixed_minus_unfiltered_block_eigen","phenotype_prediction_rmse","block_eigen_ridge_fixed minus block_eigen_unfiltered",3
4,1.04899568137666,1.03896177140982,TRUE,0.0100339099668389,"sparse_mixture","block_eigen_unfiltered_minus_bed","phenotype_prediction_rmse","block_eigen_unfiltered minus bed",4
4,1.04899568137666,1.04887210976223,TRUE,0.000123571614427442,"sparse_mixture","unfiltered_block_eigen_minus_block_csr","phenotype_prediction_rmse","block_eigen_unfiltered minus block_csr",1
4,1.04934633194434,1.03896177140982,TRUE,0.0103845605345239,"sparse_mixture","block_eigen_hard_minus_bed","phenotype_prediction_rmse","block_eigen_hard minus bed",4
4,1.04934633194434,1.04899568137666,TRUE,0.000350650567684907,"sparse_mixture","hard_minus_unfiltered_block_eigen","phenotype_prediction_rmse","block_eigen_hard minus block_eigen_unfiltered",3
4,1.04941023124747,1.03896177140982,TRUE,0.0104484598376571,"sparse_mixture","full_csr_minus_bed","phenotype_prediction_rmse","full_csr minus bed",4
4,1.05814546465126,1.05439153717956,TRUE,0.0037539274716929,"sparse_homogeneous","full_csr_minus_bed","phenotype_prediction_rmse","full_csr minus bed",4
4,1.0587027443011,1.05439153717956,TRUE,0.00431120712153876,"sparse_homogeneous","block_csr_minus_bed","phenotype_prediction_rmse","block_csr minus bed",4
4,1.0587027443011,1.05814546465126,TRUE,0.000557279649845865,"sparse_homogeneous","block_csr_minus_full_csr","phenotype_prediction_rmse","block_csr minus full_csr",2
4,1.05911755029077,1.05439153717956,TRUE,0.00472601311121124,"sparse_homogeneous","block_eigen_ridge_fixed_minus_bed","phenotype_prediction_rmse","block_eigen_ridge_fixed minus bed",4
4,1.05911755029077,1.05941643782401,TRUE,-0.000298887533240144,"sparse_homogeneous","ridge_fixed_minus_unfiltered_block_eigen","phenotype_prediction_rmse","block_eigen_ridge_fixed minus block_eigen_unfiltered",3
4,1.05941643782401,1.05439153717956,TRUE,0.00502490064445138,"sparse_homogeneous","block_eigen_unfiltered_minus_bed","phenotype_prediction_rmse","block_eigen_unfiltered minus bed",4
4,1.05941643782401,1.0587027443011,TRUE,0.000713693522912617,"sparse_homogeneous","unfiltered_block_eigen_minus_block_csr","phenotype_prediction_rmse","block_eigen_unfiltered minus block_csr",1
4,1.05959593478582,1.05439153717956,TRUE,0.00520439760625302,"sparse_homogeneous","block_eigen_hard_minus_bed","phenotype_prediction_rmse","block_eigen_hard minus bed",4
4,1.05959593478582,1.05941643782401,TRUE,0.00017949696180164,"sparse_homogeneous","hard_minus_unfiltered_block_eigen","phenotype_prediction_rmse","block_eigen_hard minus block_eigen_unfiltered",3
4,16,9,TRUE,7,"sparse_mixture","block_eigen_ridge_fixed_minus_bed","high_pip_marker_count","block_eigen_ridge_fixed minus bed",4
4,16,17,TRUE,-1,"sparse_mixture","ridge_fixed_minus_unfiltered_block_eigen","high_pip_marker_count","block_eigen_ridge_fixed minus block_eigen_unfiltered",3
4,17,9,TRUE,8,"sparse_mixture","block_csr_minus_bed","high_pip_marker_count","block_csr minus bed",4
4,17,9,TRUE,8,"sparse_mixture","block_eigen_hard_minus_bed","high_pip_marker_count","block_eigen_hard minus bed",4
4,17,9,TRUE,8,"sparse_mixture","block_eigen_unfiltered_minus_bed","high_pip_marker_count","block_eigen_unfiltered minus bed",4
4,17,9,TRUE,8,"sparse_mixture","full_csr_minus_bed","high_pip_marker_count","full_csr minus bed",4
4,17,17,TRUE,0,"sparse_mixture","block_csr_minus_full_csr","high_pip_marker_count","block_csr minus full_csr",2
4,17,17,TRUE,0,"sparse_mixture","hard_minus_unfiltered_block_eigen","high_pip_marker_count","block_eigen_hard minus block_eigen_unfiltered",3
4,17,17,TRUE,0,"sparse_mixture","unfiltered_block_eigen_minus_block_csr","high_pip_marker_count","block_eigen_unfiltered minus block_csr",1
4,19,18,TRUE,1,"sparse_homogeneous","full_csr_minus_bed","high_pip_marker_count","full_csr minus bed",4
4,20,18,TRUE,2,"sparse_homogeneous","block_csr_minus_bed","high_pip_marker_count","block_csr minus bed",4
4,20,18,TRUE,2,"sparse_homogeneous","block_eigen_hard_minus_bed","high_pip_marker_count","block_eigen_hard minus bed",4
4,20,18,TRUE,2,"sparse_homogeneous","block_eigen_ridge_fixed_minus_bed","high_pip_marker_count","block_eigen_ridge_fixed minus bed",4
4,20,18,TRUE,2,"sparse_homogeneous","block_eigen_unfiltered_minus_bed","high_pip_marker_count","block_eigen_unfiltered minus bed",4
4,20,19,TRUE,1,"sparse_homogeneous","block_csr_minus_full_csr","high_pip_marker_count","block_csr minus full_csr",2
4,20,20,TRUE,0,"sparse_homogeneous","hard_minus_unfiltered_block_eigen","high_pip_marker_count","block_eigen_hard minus block_eigen_unfiltered",3
4,20,20,TRUE,0,"sparse_homogeneous","ridge_fixed_minus_unfiltered_block_eigen","high_pip_marker_count","block_eigen_ridge_fixed minus block_eigen_unfiltered",3
4,20,20,TRUE,0,"sparse_homogeneous","unfiltered_block_eigen_minus_block_csr","high_pip_marker_count","block_eigen_unfiltered minus block_csr",1
5,0.000443240825774894,4.20987269015553e-05,TRUE,0.000401142098873339,"sparse_homogeneous","block_eigen_ridge_fixed_minus_bed","noncausal_marker_rmse","block_eigen_ridge_fixed minus bed",4
5,0.000443240825774894,0.000460846193743689,TRUE,-1.76053679687956e-05,"sparse_homogeneous","ridge_fixed_minus_unfiltered_block_eigen","noncausal_marker_rmse","block_eigen_ridge_fixed minus block_eigen_unfiltered",3
5,0.000448016491497402,4.20987269015553e-05,TRUE,0.000405917764595847,"sparse_homogeneous","full_csr_minus_bed","noncausal_marker_rmse","full_csr minus bed",4
5,0.000449113110263733,4.20987269015553e-05,TRUE,0.000407014383362178,"sparse_homogeneous","block_eigen_hard_minus_bed","noncausal_marker_rmse","block_eigen_hard minus bed",4
5,0.000449113110263733,0.000460846193743689,TRUE,-1.17330834799562e-05,"sparse_homogeneous","hard_minus_unfiltered_block_eigen","noncausal_marker_rmse","block_eigen_hard minus block_eigen_unfiltered",3
5,0.000458966975390964,4.20987269015553e-05,TRUE,0.000416868248489409,"sparse_homogeneous","block_csr_minus_bed","noncausal_marker_rmse","block_csr minus bed",4
5,0.000458966975390964,0.000448016491497402,TRUE,1.09504838935618e-05,"sparse_homogeneous","block_csr_minus_full_csr","noncausal_marker_rmse","block_csr minus full_csr",2
5,0.000460846193743689,4.20987269015553e-05,TRUE,0.000418747466842134,"sparse_homogeneous","block_eigen_unfiltered_minus_bed","noncausal_marker_rmse","block_eigen_unfiltered minus bed",4
5,0.000460846193743689,0.000458966975390964,TRUE,1.87921835272554e-06,"sparse_homogeneous","unfiltered_block_eigen_minus_block_csr","noncausal_marker_rmse","block_eigen_unfiltered minus block_csr",1
5,0.000877830878878064,0.00022482167373086,TRUE,0.000653009205147204,"sparse_mixture","block_eigen_hard_minus_bed","noncausal_marker_rmse","block_eigen_hard minus bed",4
5,0.000877830878878064,0.000883434348670401,TRUE,-5.60346979233716e-06,"sparse_mixture","hard_minus_unfiltered_block_eigen","noncausal_marker_rmse","block_eigen_hard minus block_eigen_unfiltered",3
5,0.000883434348670401,0.00022482167373086,TRUE,0.000658612674939541,"sparse_mixture","block_eigen_unfiltered_minus_bed","noncausal_marker_rmse","block_eigen_unfiltered minus bed",4
5,0.000883434348670401,0.000887125232113755,TRUE,-3.69088344335416e-06,"sparse_mixture","unfiltered_block_eigen_minus_block_csr","noncausal_marker_rmse","block_eigen_unfiltered minus block_csr",1
5,0.000885122645907957,0.00022482167373086,TRUE,0.000660300972177097,"sparse_mixture","block_eigen_ridge_fixed_minus_bed","noncausal_marker_rmse","block_eigen_ridge_fixed minus bed",4
5,0.000885122645907957,0.000883434348670401,TRUE,1.68829723755544e-06,"sparse_mixture","ridge_fixed_minus_unfiltered_block_eigen","noncausal_marker_rmse","block_eigen_ridge_fixed minus block_eigen_unfiltered",3
5,0.000887125232113755,0.00022482167373086,TRUE,0.000662303558382896,"sparse_mixture","block_csr_minus_bed","noncausal_marker_rmse","block_csr minus bed",4
5,0.000887125232113755,0.000927145696561562,TRUE,-4.00204644478064e-05,"sparse_mixture","block_csr_minus_full_csr","noncausal_marker_rmse","block_csr minus full_csr",2
5,0.000927145696561562,0.00022482167373086,TRUE,0.000702324022830702,"sparse_mixture","full_csr_minus_bed","noncausal_marker_rmse","full_csr minus bed",4
5,0.00110766440026959,0.00106305277039684,TRUE,4.46116298727494e-05,"sparse_homogeneous","full_csr_minus_bed","marker_effect_rmse","full_csr minus bed",4
5,0.00111109362723102,0.00106305277039684,TRUE,4.80408568341736e-05,"sparse_homogeneous","block_eigen_ridge_fixed_minus_bed","marker_effect_rmse","block_eigen_ridge_fixed minus bed",4
5,0.00111109362723102,0.00111855600937654,TRUE,-7.46238214552309e-06,"sparse_homogeneous","ridge_fixed_minus_unfiltered_block_eigen","marker_effect_rmse","block_eigen_ridge_fixed minus block_eigen_unfiltered",3
5,0.00111403503894054,0.00106305277039684,TRUE,5.09822685436985e-05,"sparse_homogeneous","block_eigen_hard_minus_bed","marker_effect_rmse","block_eigen_hard minus bed",4
5,0.00111403503894054,0.00111855600937654,TRUE,-4.5209704359981e-06,"sparse_homogeneous","hard_minus_unfiltered_block_eigen","marker_effect_rmse","block_eigen_hard minus block_eigen_unfiltered",3
5,0.00111537707189488,0.00106305277039684,TRUE,5.23243014980326e-05,"sparse_homogeneous","block_csr_minus_bed","marker_effect_rmse","block_csr minus bed",4
5,0.00111537707189488,0.00110766440026959,TRUE,7.71267162528316e-06,"sparse_homogeneous","block_csr_minus_full_csr","marker_effect_rmse","block_csr minus full_csr",2
5,0.00111855600937654,0.00106305277039684,TRUE,5.55032389796966e-05,"sparse_homogeneous","block_eigen_unfiltered_minus_bed","marker_effect_rmse","block_eigen_unfiltered minus bed",4
5,0.00111855600937654,0.00111537707189488,TRUE,3.17893748166408e-06,"sparse_homogeneous","unfiltered_block_eigen_minus_block_csr","marker_effect_rmse","block_eigen_unfiltered minus block_csr",1
5,0.00125579742570609,0.000660445895080414,TRUE,0.000595351530625675,"sparse_homogeneous","block_eigen_unfiltered_minus_bed","nonnull_probability_mean","block_eigen_unfiltered minus bed",4
5,0.00125579742570609,0.0012597720512753,TRUE,-3.97462556921374e-06,"sparse_homogeneous","unfiltered_block_eigen_minus_block_csr","nonnull_probability_mean","block_eigen_unfiltered minus block_csr",1
5,0.00125648179832065,0.000660445895080414,TRUE,0.000596035903240241,"sparse_homogeneous","full_csr_minus_bed","nonnull_probability_mean","full_csr minus bed",4
5,0.00125671869653339,0.000660445895080414,TRUE,0.000596272801452976,"sparse_homogeneous","block_eigen_hard_minus_bed","nonnull_probability_mean","block_eigen_hard minus bed",4
5,0.00125671869653339,0.00125579742570609,TRUE,9.21270827301205e-07,"sparse_homogeneous","hard_minus_unfiltered_block_eigen","nonnull_probability_mean","block_eigen_hard minus block_eigen_unfiltered",3
5,0.0012597720512753,0.000660445895080414,TRUE,0.000599326156194888,"sparse_homogeneous","block_csr_minus_bed","nonnull_probability_mean","block_csr minus bed",4
5,0.0012597720512753,0.00125648179832065,TRUE,3.29025295464722e-06,"sparse_homogeneous","block_csr_minus_full_csr","nonnull_probability_mean","block_csr minus full_csr",2
5,0.0012609038982917,0.000660445895080414,TRUE,0.000600458003211287,"sparse_homogeneous","block_eigen_ridge_fixed_minus_bed","nonnull_probability_mean","block_eigen_ridge_fixed minus bed",4
5,0.0012609038982917,0.00125579742570609,TRUE,5.1064725856123e-06,"sparse_homogeneous","ridge_fixed_minus_unfiltered_block_eigen","nonnull_probability_mean","block_eigen_ridge_fixed minus block_eigen_unfiltered",3
5,0.00136591193896286,0.00110182272732845,TRUE,0.000264089211634404,"sparse_mixture","block_eigen_hard_minus_bed","marker_effect_rmse","block_eigen_hard minus bed",4
5,0.00136591193896286,0.00136706431184213,TRUE,-1.15237287927382e-06,"sparse_mixture","hard_minus_unfiltered_block_eigen","marker_effect_rmse","block_eigen_hard minus block_eigen_unfiltered",3
5,0.00136706431184213,0.00110182272732845,TRUE,0.000265241584513678,"sparse_mixture","block_eigen_unfiltered_minus_bed","marker_effect_rmse","block_eigen_unfiltered minus bed",4
5,0.00136706431184213,0.00137070111513246,TRUE,-3.63680329032749e-06,"sparse_mixture","unfiltered_block_eigen_minus_block_csr","marker_effect_rmse","block_eigen_unfiltered minus block_csr",1
5,0.0013684748297408,0.00110182272732845,TRUE,0.000266652102412348,"sparse_mixture","block_eigen_ridge_fixed_minus_bed","marker_effect_rmse","block_eigen_ridge_fixed minus bed",4
5,0.0013684748297408,0.00136706431184213,TRUE,1.41051789867021e-06,"sparse_mixture","ridge_fixed_minus_unfiltered_block_eigen","marker_effect_rmse","block_eigen_ridge_fixed minus block_eigen_unfiltered",3
5,0.00137070111513246,0.00110182272732845,TRUE,0.000268878387804005,"sparse_mixture","block_csr_minus_bed","marker_effect_rmse","block_csr minus bed",4
5,0.00137070111513246,0.00139738164535756,TRUE,-2.66805302251035e-05,"sparse_mixture","block_csr_minus_full_csr","marker_effect_rmse","block_csr minus full_csr",2
5,0.00139738164535756,0.00110182272732845,TRUE,0.000295558918029109,"sparse_mixture","full_csr_minus_bed","marker_effect_rmse","full_csr minus bed",4
5,0.00938751283198653,0.00826244373667448,TRUE,0.00112506909531205,"sparse_mixture","block_eigen_unfiltered_minus_bed","nonnull_probability_mean","block_eigen_unfiltered minus bed",4
5,0.00938751283198653,0.00939412624042537,TRUE,-6.61340843884084e-06,"sparse_mixture","unfiltered_block_eigen_minus_block_csr","nonnull_probability_mean","block_eigen_unfiltered minus block_csr",1
5,0.00939412624042537,0.00826244373667448,TRUE,0.00113168250375089,"sparse_mixture","block_csr_minus_bed","nonnull_probability_mean","block_csr minus bed",4
5,0.00939412624042537,0.00944782974915112,TRUE,-5.37035087257512e-05,"sparse_mixture","block_csr_minus_full_csr","nonnull_probability_mean","block_csr minus full_csr",2
5,0.00941651312152879,0.00826244373667448,TRUE,0.00115406938485431,"sparse_mixture","block_eigen_ridge_fixed_minus_bed","nonnull_probability_mean","block_eigen_ridge_fixed minus bed",4
5,0.00941651312152879,0.00938751283198653,TRUE,2.90002895422612e-05,"sparse_mixture","ridge_fixed_minus_unfiltered_block_eigen","nonnull_probability_mean","block_eigen_ridge_fixed minus block_eigen_unfiltered",3
5,0.00941982969650708,0.00826244373667448,TRUE,0.00115738595983259,"sparse_mixture","block_eigen_hard_minus_bed","nonnull_probability_mean","block_eigen_hard minus bed",4
5,0.00941982969650708,0.00938751283198653,TRUE,3.23168645205447e-05,"sparse_mixture","hard_minus_unfiltered_block_eigen","nonnull_probability_mean","block_eigen_hard minus block_eigen_unfiltered",3
5,0.00944782974915112,0.00826244373667448,TRUE,0.00118538601247664,"sparse_mixture","full_csr_minus_bed","nonnull_probability_mean","full_csr minus bed",4
5,0.215796348807405,0.209110962982895,TRUE,0.00668538582451003,"sparse_homogeneous","full_csr_minus_bed","genetic_value_rmse","full_csr minus bed",4
5,0.216557647702522,0.209110962982895,TRUE,0.00744668471962723,"sparse_homogeneous","block_eigen_ridge_fixed_minus_bed","genetic_value_rmse","block_eigen_ridge_fixed minus bed",4
5,0.216557647702522,0.217950603980309,TRUE,-0.00139295627778677,"sparse_homogeneous","ridge_fixed_minus_unfiltered_block_eigen","genetic_value_rmse","block_eigen_ridge_fixed minus block_eigen_unfiltered",3
5,0.217226106574253,0.209110962982895,TRUE,0.00811514359135804,"sparse_homogeneous","block_eigen_hard_minus_bed","genetic_value_rmse","block_eigen_hard minus bed",4
5,0.217226106574253,0.217950603980309,TRUE,-0.000724497406055957,"sparse_homogeneous","hard_minus_unfiltered_block_eigen","genetic_value_rmse","block_eigen_hard minus block_eigen_unfiltered",3
5,0.217654028563713,0.209110962982895,TRUE,0.00854306558081866,"sparse_homogeneous","block_csr_minus_bed","genetic_value_rmse","block_csr minus bed",4
5,0.217654028563713,0.215796348807405,TRUE,0.00185767975630863,"sparse_homogeneous","block_csr_minus_full_csr","genetic_value_rmse","block_csr minus full_csr",2
5,0.217950603980309,0.209110962982895,TRUE,0.00883964099741399,"sparse_homogeneous","block_eigen_unfiltered_minus_bed","genetic_value_rmse","block_eigen_unfiltered minus bed",4
5,0.217950603980309,0.217654028563713,TRUE,0.000296575416595335,"sparse_homogeneous","unfiltered_block_eigen_minus_block_csr","genetic_value_rmse","block_eigen_unfiltered minus block_csr",1
5,0.267098283417391,0.216139696559395,TRUE,0.0509585868579954,"sparse_mixture","block_eigen_hard_minus_bed","genetic_value_rmse","block_eigen_hard minus bed",4
5,0.267098283417391,0.267657743983108,TRUE,-0.000559460565717318,"sparse_mixture","hard_minus_unfiltered_block_eigen","genetic_value_rmse","block_eigen_hard minus block_eigen_unfiltered",3
5,0.267657743983108,0.216139696559395,TRUE,0.0515180474237127,"sparse_mixture","block_eigen_unfiltered_minus_bed","genetic_value_rmse","block_eigen_unfiltered minus bed",4
5,0.267657743983108,0.268587275775312,TRUE,-0.000929531792204397,"sparse_mixture","unfiltered_block_eigen_minus_block_csr","genetic_value_rmse","block_eigen_unfiltered minus block_csr",1
5,0.267911850655491,0.216139696559395,TRUE,0.0517721540960956,"sparse_mixture","block_eigen_ridge_fixed_minus_bed","genetic_value_rmse","block_eigen_ridge_fixed minus bed",4
5,0.267911850655491,0.267657743983108,TRUE,0.000254106672382848,"sparse_mixture","ridge_fixed_minus_unfiltered_block_eigen","genetic_value_rmse","block_eigen_ridge_fixed minus block_eigen_unfiltered",3
5,0.268587275775312,0.216139696559395,TRUE,0.0524475792159171,"sparse_mixture","block_csr_minus_bed","genetic_value_rmse","block_csr minus bed",4
5,0.268587275775312,0.272354591571146,TRUE,-0.0037673157958335,"sparse_mixture","block_csr_minus_full_csr","genetic_value_rmse","block_csr minus full_csr",2
5,0.272354591571146,0.216139696559395,TRUE,0.0562148950117506,"sparse_mixture","full_csr_minus_bed","genetic_value_rmse","full_csr minus bed",4
5,0.505628577747952,0.515376808726481,TRUE,-0.00974823097852928,"sparse_mixture","full_csr_minus_bed","phenotype_prediction_correlation","full_csr minus bed",4
5,0.508913975706541,0.509140479788804,TRUE,-0.000226504082262657,"sparse_mixture","unfiltered_block_eigen_minus_block_csr","phenotype_prediction_correlation","block_eigen_unfiltered minus block_csr",1
5,0.508913975706541,0.515376808726481,TRUE,-0.00646283301994022,"sparse_mixture","block_eigen_unfiltered_minus_bed","phenotype_prediction_correlation","block_eigen_unfiltered minus bed",4
5,0.509140479788804,0.505628577747952,TRUE,0.00351190204085172,"sparse_mixture","block_csr_minus_full_csr","phenotype_prediction_correlation","block_csr minus full_csr",2
5,0.509140479788804,0.515376808726481,TRUE,-0.00623632893767756,"sparse_mixture","block_csr_minus_bed","phenotype_prediction_correlation","block_csr minus bed",4
5,0.509404542777103,0.508913975706541,TRUE,0.000490567070561609,"sparse_mixture","ridge_fixed_minus_unfiltered_block_eigen","phenotype_prediction_correlation","block_eigen_ridge_fixed minus block_eigen_unfiltered",3
5,0.509404542777103,0.515376808726481,TRUE,-0.00597226594937861,"sparse_mixture","block_eigen_ridge_fixed_minus_bed","phenotype_prediction_correlation","block_eigen_ridge_fixed minus bed",4
5,0.509735884552066,0.508913975706541,TRUE,0.000821908845525243,"sparse_mixture","hard_minus_unfiltered_block_eigen","phenotype_prediction_correlation","block_eigen_hard minus block_eigen_unfiltered",3
5,0.509735884552066,0.515376808726481,TRUE,-0.00564092417441497,"sparse_mixture","block_eigen_hard_minus_bed","phenotype_prediction_correlation","block_eigen_hard minus bed",4
5,0.51339989007594,0.513579059740378,TRUE,-0.000179169664438095,"sparse_homogeneous","block_csr_minus_bed","phenotype_prediction_correlation","block_csr minus bed",4
5,0.51339989007594,0.514384844915549,TRUE,-0.000984954839609031,"sparse_homogeneous","block_csr_minus_full_csr","phenotype_prediction_correlation","block_csr minus full_csr",2
5,0.513447550545336,0.513579059740378,TRUE,-0.00013150919504179,"sparse_homogeneous","block_eigen_hard_minus_bed","phenotype_prediction_correlation","block_eigen_hard minus bed",4
5,0.513447550545336,0.51358763926357,TRUE,-0.000140088718233233,"sparse_homogeneous","hard_minus_unfiltered_block_eigen","phenotype_prediction_correlation","block_eigen_hard minus block_eigen_unfiltered",3
5,0.51358763926357,0.51339989007594,TRUE,0.000187749187629538,"sparse_homogeneous","unfiltered_block_eigen_minus_block_csr","phenotype_prediction_correlation","block_eigen_unfiltered minus block_csr",1
5,0.51358763926357,0.513579059740378,TRUE,8.57952319144317e-06,"sparse_homogeneous","block_eigen_unfiltered_minus_bed","phenotype_prediction_correlation","block_eigen_unfiltered minus bed",4
5,0.513859970902404,0.513579059740378,TRUE,0.000280911162026332,"sparse_homogeneous","block_eigen_ridge_fixed_minus_bed","phenotype_prediction_correlation","block_eigen_ridge_fixed minus bed",4
5,0.513859970902404,0.51358763926357,TRUE,0.000272331638834888,"sparse_homogeneous","ridge_fixed_minus_unfiltered_block_eigen","phenotype_prediction_correlation","block_eigen_ridge_fixed minus block_eigen_unfiltered",3
5,0.514384844915549,0.513579059740378,TRUE,0.000805785175170937,"sparse_homogeneous","full_csr_minus_bed","phenotype_prediction_correlation","full_csr minus bed",4
5,0.907254036499423,0.951601411758427,TRUE,-0.0443473752590042,"sparse_mixture","full_csr_minus_bed","genetic_value_reconstruction_correlation","full_csr minus bed",4
5,0.909907820549668,0.951477277975573,TRUE,-0.0415694574259057,"sparse_mixture","full_csr_minus_bed","marker_effect_correlation","full_csr minus bed",4
5,0.910431943539979,0.907254036499423,TRUE,0.00317790704055598,"sparse_mixture","block_csr_minus_full_csr","genetic_value_reconstruction_correlation","block_csr minus full_csr",2
5,0.910431943539979,0.951601411758427,TRUE,-0.0411694682184482,"sparse_mixture","block_csr_minus_bed","genetic_value_reconstruction_correlation","block_csr minus bed",4
5,0.910684817173479,0.910907222980717,TRUE,-0.000222405807238424,"sparse_mixture","ridge_fixed_minus_unfiltered_block_eigen","genetic_value_reconstruction_correlation","block_eigen_ridge_fixed minus block_eigen_unfiltered",3
5,0.910684817173479,0.951601411758427,TRUE,-0.0409165945849481,"sparse_mixture","block_eigen_ridge_fixed_minus_bed","genetic_value_reconstruction_correlation","block_eigen_ridge_fixed minus bed",4
5,0.910907222980717,0.910431943539979,TRUE,0.000475279440738552,"sparse_mixture","unfiltered_block_eigen_minus_block_csr","genetic_value_reconstruction_correlation","block_eigen_unfiltered minus block_csr",1
5,0.910907222980717,0.951601411758427,TRUE,-0.0406941887777097,"sparse_mixture","block_eigen_unfiltered_minus_bed","genetic_value_reconstruction_correlation","block_eigen_unfiltered minus bed",4
5,0.91112675362339,0.910907222980717,TRUE,0.00021953064267255,"sparse_mixture","hard_minus_unfiltered_block_eigen","genetic_value_reconstruction_correlation","block_eigen_hard minus block_eigen_unfiltered",3
5,0.91112675362339,0.951601411758427,TRUE,-0.0404746581350371,"sparse_mixture","block_eigen_hard_minus_bed","genetic_value_reconstruction_correlation","block_eigen_hard minus bed",4
5,0.912236296683894,0.952180695911434,TRUE,-0.0399443992275396,"sparse_mixture","full_csr_minus_bed","genetic_value_correlation","full_csr minus bed",4
5,0.913808703625681,0.909907820549668,TRUE,0.00390088307601366,"sparse_mixture","block_csr_minus_full_csr","marker_effect_correlation","block_csr minus full_csr",2
5,0.913808703625681,0.951477277975573,TRUE,-0.037668574349892,"sparse_mixture","block_csr_minus_bed","marker_effect_correlation","block_csr minus bed",4
5,0.914140163960854,0.914325176033257,TRUE,-0.000185012072403068,"sparse_mixture","ridge_fixed_minus_unfiltered_block_eigen","marker_effect_correlation","block_eigen_ridge_fixed minus block_eigen_unfiltered",3
5,0.914140163960854,0.951477277975573,TRUE,-0.0373371140147194,"sparse_mixture","block_eigen_ridge_fixed_minus_bed","marker_effect_correlation","block_eigen_ridge_fixed minus bed",4
5,0.914325176033257,0.913808703625681,TRUE,0.000516472407575685,"sparse_mixture","unfiltered_block_eigen_minus_block_csr","marker_effect_correlation","block_eigen_unfiltered minus block_csr",1
5,0.914325176033257,0.951477277975573,TRUE,-0.0371521019423163,"sparse_mixture","block_eigen_unfiltered_minus_bed","marker_effect_correlation","block_eigen_unfiltered minus bed",4
5,0.914528208716137,0.914325176033257,TRUE,0.000203032682880466,"sparse_mixture","hard_minus_unfiltered_block_eigen","marker_effect_correlation","block_eigen_hard minus block_eigen_unfiltered",3
5,0.914528208716137,0.951477277975573,TRUE,-0.0369490692594359,"sparse_mixture","block_eigen_hard_minus_bed","marker_effect_correlation","block_eigen_hard minus bed",4
5,0.91505031614035,0.912236296683894,TRUE,0.00281401945645632,"sparse_mixture","block_csr_minus_full_csr","genetic_value_correlation","block_csr minus full_csr",2
5,0.91505031614035,0.952180695911434,TRUE,-0.0371303797710832,"sparse_mixture","block_csr_minus_bed","genetic_value_correlation","block_csr minus bed",4
5,0.915558438123361,0.915733286674405,TRUE,-0.000174848551043327,"sparse_mixture","ridge_fixed_minus_unfiltered_block_eigen","genetic_value_correlation","block_eigen_ridge_fixed minus block_eigen_unfiltered",3
5,0.915558438123361,0.952180695911434,TRUE,-0.0366222577880723,"sparse_mixture","block_eigen_ridge_fixed_minus_bed","genetic_value_correlation","block_eigen_ridge_fixed minus bed",4
5,0.915733286674405,0.91505031614035,TRUE,0.000682970534054306,"sparse_mixture","unfiltered_block_eigen_minus_block_csr","genetic_value_correlation","block_eigen_unfiltered minus block_csr",1
5,0.915733286674405,0.952180695911434,TRUE,-0.0364474092370289,"sparse_mixture","block_eigen_unfiltered_minus_bed","genetic_value_correlation","block_eigen_unfiltered minus bed",4
5,0.916175861888113,0.915733286674405,TRUE,0.00044257521370783,"sparse_mixture","hard_minus_unfiltered_block_eigen","genetic_value_correlation","block_eigen_hard minus block_eigen_unfiltered",3
5,0.916175861888113,0.952180695911434,TRUE,-0.0360048340233211,"sparse_mixture","block_eigen_hard_minus_bed","genetic_value_correlation","block_eigen_hard minus bed",4
5,0.942890533010482,0.942975886357179,TRUE,-8.53533466970147e-05,"sparse_homogeneous","unfiltered_block_eigen_minus_block_csr","genetic_value_correlation","block_eigen_unfiltered minus block_csr",1
5,0.942890533010482,0.946623159839359,TRUE,-0.00373262682887709,"sparse_homogeneous","block_eigen_unfiltered_minus_bed","genetic_value_correlation","block_eigen_unfiltered minus bed",4
5,0.942975886357179,0.94387240805526,TRUE,-0.000896521698081187,"sparse_homogeneous","block_csr_minus_full_csr","genetic_value_correlation","block_csr minus full_csr",2
5,0.942975886357179,0.946623159839359,TRUE,-0.00364727348218008,"sparse_homogeneous","block_csr_minus_bed","genetic_value_correlation","block_csr minus bed",4
5,0.943145650163126,0.942890533010482,TRUE,0.000255117152643369,"sparse_homogeneous","hard_minus_unfiltered_block_eigen","genetic_value_correlation","block_eigen_hard minus block_eigen_unfiltered",3
5,0.943145650163126,0.946623159839359,TRUE,-0.00347750967623373,"sparse_homogeneous","block_eigen_hard_minus_bed","genetic_value_correlation","block_eigen_hard minus bed",4
5,0.943513076651164,0.943774620644321,TRUE,-0.00026154399315681,"sparse_homogeneous","unfiltered_block_eigen_minus_block_csr","marker_effect_correlation","block_eigen_unfiltered minus block_csr",1
5,0.943513076651164,0.948337066977143,TRUE,-0.00482399032597858,"sparse_homogeneous","block_eigen_unfiltered_minus_bed","marker_effect_correlation","block_eigen_unfiltered minus bed",4
5,0.943520609435286,0.942890533010482,TRUE,0.000630076424803616,"sparse_homogeneous","ridge_fixed_minus_unfiltered_block_eigen","genetic_value_correlation","block_eigen_ridge_fixed minus block_eigen_unfiltered",3
5,0.943520609435286,0.946623159839359,TRUE,-0.00310255040407348,"sparse_homogeneous","block_eigen_ridge_fixed_minus_bed","genetic_value_correlation","block_eigen_ridge_fixed minus bed",4
5,0.943774620644321,0.944420636101383,TRUE,-0.000646015457062554,"sparse_homogeneous","block_csr_minus_full_csr","marker_effect_correlation","block_csr minus full_csr",2
5,0.943774620644321,0.948337066977143,TRUE,-0.00456244633282177,"sparse_homogeneous","block_csr_minus_bed","marker_effect_correlation","block_csr minus bed",4
5,0.943855078532483,0.943513076651164,TRUE,0.000342001881319276,"sparse_homogeneous","hard_minus_unfiltered_block_eigen","marker_effect_correlation","block_eigen_hard minus block_eigen_unfiltered",3
5,0.943855078532483,0.948337066977143,TRUE,-0.0044819884446593,"sparse_homogeneous","block_eigen_hard_minus_bed","marker_effect_correlation","block_eigen_hard minus bed",4
5,0.94387240805526,0.946623159839359,TRUE,-0.00275075178409889,"sparse_homogeneous","full_csr_minus_bed","genetic_value_correlation","full_csr minus bed",4
5,0.944158207749466,0.943513076651164,TRUE,0.000645131098301999,"sparse_homogeneous","ridge_fixed_minus_unfiltered_block_eigen","marker_effect_correlation","block_eigen_ridge_fixed minus block_eigen_unfiltered",3
5,0.944158207749466,0.948337066977143,TRUE,-0.00417885922767658,"sparse_homogeneous","block_eigen_ridge_fixed_minus_bed","marker_effect_correlation","block_eigen_ridge_fixed minus bed",4
5,0.944420636101383,0.948337066977143,TRUE,-0.00391643087575921,"sparse_homogeneous","full_csr_minus_bed","marker_effect_correlation","full_csr minus bed",4
5,0.945617020177423,0.946939989884066,TRUE,-0.0013229697066437,"sparse_homogeneous","unfiltered_block_eigen_minus_block_csr","prediction_regression_slope","block_eigen_unfiltered minus block_csr",1
5,0.945617020177423,0.972843460314393,TRUE,-0.0272264401369704,"sparse_homogeneous","block_eigen_unfiltered_minus_bed","prediction_regression_slope","block_eigen_unfiltered minus bed",4
5,0.946639037140267,0.946830411252845,TRUE,-0.000191374112577858,"sparse_homogeneous","unfiltered_block_eigen_minus_block_csr","genetic_value_reconstruction_correlation","block_eigen_unfiltered minus block_csr",1
5,0.946639037140267,0.94962156974903,TRUE,-0.00298253260876324,"sparse_homogeneous","block_eigen_unfiltered_minus_bed","genetic_value_reconstruction_correlation","block_eigen_unfiltered minus bed",4
5,0.946830411252845,0.947401676842408,TRUE,-0.000571265589563663,"sparse_homogeneous","block_csr_minus_full_csr","genetic_value_reconstruction_correlation","block_csr minus full_csr",2
5,0.946830411252845,0.94962156974903,TRUE,-0.00279115849618539,"sparse_homogeneous","block_csr_minus_bed","genetic_value_reconstruction_correlation","block_csr minus bed",4
5,0.946939989884066,0.950749528022,TRUE,-0.00380953813793383,"sparse_homogeneous","block_csr_minus_full_csr","prediction_regression_slope","block_csr minus full_csr",2
5,0.946939989884066,0.972843460314393,TRUE,-0.0259034704303267,"sparse_homogeneous","block_csr_minus_bed","prediction_regression_slope","block_csr minus bed",4
5,0.946942828249002,0.946639037140267,TRUE,0.00030379110873513,"sparse_homogeneous","hard_minus_unfiltered_block_eigen","genetic_value_reconstruction_correlation","block_eigen_hard minus block_eigen_unfiltered",3
5,0.946942828249002,0.94962156974903,TRUE,-0.00267874150002811,"sparse_homogeneous","block_eigen_hard_minus_bed","genetic_value_reconstruction_correlation","block_eigen_hard minus bed",4
5,0.947192563720276,0.946639037140267,TRUE,0.000553526580008734,"sparse_homogeneous","ridge_fixed_minus_unfiltered_block_eigen","genetic_value_reconstruction_correlation","block_eigen_ridge_fixed minus block_eigen_unfiltered",3
5,0.947192563720276,0.94962156974903,TRUE,-0.00242900602875451,"sparse_homogeneous","block_eigen_ridge_fixed_minus_bed","genetic_value_reconstruction_correlation","block_eigen_ridge_fixed minus bed",4
5,0.947401676842408,0.94962156974903,TRUE,-0.00221989290662172,"sparse_homogeneous","full_csr_minus_bed","genetic_value_reconstruction_correlation","full_csr minus bed",4
5,0.948114571344549,0.945617020177423,TRUE,0.00249755116712658,"sparse_homogeneous","hard_minus_unfiltered_block_eigen","prediction_regression_slope","block_eigen_hard minus block_eigen_unfiltered",3
5,0.948114571344549,0.972843460314393,TRUE,-0.0247288889698438,"sparse_homogeneous","block_eigen_hard_minus_bed","prediction_regression_slope","block_eigen_hard minus bed",4
5,0.948409315217482,0.945617020177423,TRUE,0.00279229504005907,"sparse_homogeneous","ridge_fixed_minus_unfiltered_block_eigen","prediction_regression_slope","block_eigen_ridge_fixed minus block_eigen_unfiltered",3
5,0.948409315217482,0.972843460314393,TRUE,-0.0244341450969113,"sparse_homogeneous","block_eigen_ridge_fixed_minus_bed","prediction_regression_slope","block_eigen_ridge_fixed minus bed",4
5,0.950749528022,0.972843460314393,TRUE,-0.0220939322923929,"sparse_homogeneous","full_csr_minus_bed","prediction_regression_slope","full_csr minus bed",4
5,0.952313229210129,0.947960810248576,TRUE,0.00435241896155381,"sparse_homogeneous","block_eigen_hard_minus_bed","causal_marker_effect_correlation","block_eigen_hard minus bed",4
5,0.952313229210129,0.952381967860271,TRUE,-6.87386501412313e-05,"sparse_homogeneous","hard_minus_unfiltered_block_eigen","causal_marker_effect_correlation","block_eigen_hard minus block_eigen_unfiltered",3
5,0.952366207077926,0.947960810248576,TRUE,0.00440539682935026,"sparse_homogeneous","block_eigen_ridge_fixed_minus_bed","causal_marker_effect_correlation","block_eigen_ridge_fixed minus bed",4
5,0.952366207077926,0.952381967860271,TRUE,-1.57607823447758e-05,"sparse_homogeneous","ridge_fixed_minus_unfiltered_block_eigen","causal_marker_effect_correlation","block_eigen_ridge_fixed minus block_eigen_unfiltered",3
5,0.952381967860271,0.947960810248576,TRUE,0.00442115761169504,"sparse_homogeneous","block_eigen_unfiltered_minus_bed","causal_marker_effect_correlation","block_eigen_unfiltered minus bed",4
5,0.952381967860271,0.952594511218808,TRUE,-0.000212543358537598,"sparse_homogeneous","unfiltered_block_eigen_minus_block_csr","causal_marker_effect_correlation","block_eigen_unfiltered minus block_csr",1
5,0.952594511218808,0.947960810248576,TRUE,0.00463370097023263,"sparse_homogeneous","block_csr_minus_bed","causal_marker_effect_correlation","block_csr minus bed",4
5,0.952594511218808,0.952829936742382,TRUE,-0.000235425523574251,"sparse_homogeneous","block_csr_minus_full_csr","causal_marker_effect_correlation","block_csr minus full_csr",2
5,0.952829936742382,0.947960810248576,TRUE,0.00486912649380689,"sparse_homogeneous","full_csr_minus_bed","causal_marker_effect_correlation","full_csr minus bed",4
5,0.957058079967632,0.954304579881383,TRUE,0.00275350008624942,"sparse_mixture","full_csr_minus_bed","causal_marker_effect_correlation","full_csr minus bed",4
5,0.957503084032965,0.954304579881383,TRUE,0.00319850415158218,"sparse_mixture","block_eigen_hard_minus_bed","causal_marker_effect_correlation","block_eigen_hard minus bed",4
5,0.957503084032965,0.9577673791765,TRUE,-0.000264295143534987,"sparse_mixture","hard_minus_unfiltered_block_eigen","causal_marker_effect_correlation","block_eigen_hard minus block_eigen_unfiltered",3
5,0.957565009277548,0.954304579881383,TRUE,0.00326042939616544,"sparse_mixture","block_csr_minus_bed","causal_marker_effect_correlation","block_csr minus bed",4
5,0.957565009277548,0.957058079967632,TRUE,0.000506929309916027,"sparse_mixture","block_csr_minus_full_csr","causal_marker_effect_correlation","block_csr minus full_csr",2
5,0.9577673791765,0.954304579881383,TRUE,0.00346279929511717,"sparse_mixture","block_eigen_unfiltered_minus_bed","causal_marker_effect_correlation","block_eigen_unfiltered minus bed",4
5,0.9577673791765,0.957565009277548,TRUE,0.000202369898951726,"sparse_mixture","unfiltered_block_eigen_minus_block_csr","causal_marker_effect_correlation","block_eigen_unfiltered minus block_csr",1
5,0.957768890335106,0.954304579881383,TRUE,0.00346431045372309,"sparse_mixture","block_eigen_ridge_fixed_minus_bed","causal_marker_effect_correlation","block_eigen_ridge_fixed minus bed",4
5,0.957768890335106,0.9577673791765,TRUE,1.51115860591577e-06,"sparse_mixture","ridge_fixed_minus_unfiltered_block_eigen","causal_marker_effect_correlation","block_eigen_ridge_fixed minus block_eigen_unfiltered",3
5,1.01216243159405,1.01231710591331,TRUE,-0.000154674319257087,"sparse_homogeneous","full_csr_minus_bed","phenotype_prediction_rmse","full_csr minus bed",4
5,1.01256753226391,1.01231710591331,TRUE,0.000250426350601129,"sparse_homogeneous","block_eigen_ridge_fixed_minus_bed","phenotype_prediction_rmse","block_eigen_ridge_fixed minus bed",4
5,1.01256753226391,1.01281438664968,TRUE,-0.000246854385777207,"sparse_homogeneous","ridge_fixed_minus_unfiltered_block_eigen","phenotype_prediction_rmse","block_eigen_ridge_fixed minus block_eigen_unfiltered",3
5,1.01281438664968,1.01231710591331,TRUE,0.000497280736378336,"sparse_homogeneous","block_eigen_unfiltered_minus_bed","phenotype_prediction_rmse","block_eigen_unfiltered minus bed",4
5,1.01281438664968,1.01292553029962,TRUE,-0.000111143649939915,"sparse_homogeneous","unfiltered_block_eigen_minus_block_csr","phenotype_prediction_rmse","block_eigen_unfiltered minus block_csr",1
5,1.01285992259227,1.01231710591331,TRUE,0.000542816678959612,"sparse_homogeneous","block_eigen_hard_minus_bed","phenotype_prediction_rmse","block_eigen_hard minus bed",4
5,1.01285992259227,1.01281438664968,TRUE,4.55359425812762e-05,"sparse_homogeneous","hard_minus_unfiltered_block_eigen","phenotype_prediction_rmse","block_eigen_hard minus block_eigen_unfiltered",3
5,1.01292553029962,1.01216243159405,TRUE,0.000763098705575338,"sparse_homogeneous","block_csr_minus_full_csr","phenotype_prediction_rmse","block_csr minus full_csr",2
5,1.01292553029962,1.01231710591331,TRUE,0.000608424386318251,"sparse_homogeneous","block_csr_minus_bed","phenotype_prediction_rmse","block_csr minus bed",4
5,1.03355095576198,1.11210327518105,TRUE,-0.0785523194190698,"sparse_mixture","full_csr_minus_bed","prediction_regression_slope","full_csr minus bed",4
5,1.0340890192108,1.03154479441441,TRUE,0.00254422479639715,"sparse_mixture","block_eigen_hard_minus_bed","phenotype_prediction_rmse","block_eigen_hard minus bed",4
5,1.0340890192108,1.03463027062355,TRUE,-0.000541251412749411,"sparse_mixture","hard_minus_unfiltered_block_eigen","phenotype_prediction_rmse","block_eigen_hard minus block_eigen_unfiltered",3
5,1.03430132430607,1.03154479441441,TRUE,0.00275652989166697,"sparse_mixture","block_eigen_ridge_fixed_minus_bed","phenotype_prediction_rmse","block_eigen_ridge_fixed minus bed",4
5,1.03430132430607,1.03463027062355,TRUE,-0.000328946317479595,"sparse_mixture","ridge_fixed_minus_unfiltered_block_eigen","phenotype_prediction_rmse","block_eigen_ridge_fixed minus block_eigen_unfiltered",3
5,1.03445918553181,1.03154479441441,TRUE,0.00291439111740721,"sparse_mixture","block_csr_minus_bed","phenotype_prediction_rmse","block_csr minus bed",4
5,1.03445918553181,1.03680283246486,TRUE,-0.00234364693304467,"sparse_mixture","block_csr_minus_full_csr","phenotype_prediction_rmse","block_csr minus full_csr",2
5,1.03463027062355,1.03154479441441,TRUE,0.00308547620914656,"sparse_mixture","block_eigen_unfiltered_minus_bed","phenotype_prediction_rmse","block_eigen_unfiltered minus bed",4
5,1.03463027062355,1.03445918553181,TRUE,0.000171085091739354,"sparse_mixture","unfiltered_block_eigen_minus_block_csr","phenotype_prediction_rmse","block_eigen_unfiltered minus block_csr",1
5,1.03680283246486,1.03154479441441,TRUE,0.00525803805045189,"sparse_mixture","full_csr_minus_bed","phenotype_prediction_rmse","full_csr minus bed",4
5,1.04661520815187,1.03355095576198,TRUE,0.0130642523898956,"sparse_mixture","block_csr_minus_full_csr","prediction_regression_slope","block_csr minus full_csr",2
5,1.04661520815187,1.11210327518105,TRUE,-0.0654880670291742,"sparse_mixture","block_csr_minus_bed","prediction_regression_slope","block_csr minus bed",4
5,1.04733720736126,1.04661520815187,TRUE,0.000721999209380542,"sparse_mixture","unfiltered_block_eigen_minus_block_csr","prediction_regression_slope","block_eigen_unfiltered minus block_csr",1
5,1.04733720736126,1.11210327518105,TRUE,-0.0647660678197937,"sparse_mixture","block_eigen_unfiltered_minus_bed","prediction_regression_slope","block_eigen_unfiltered minus bed",4
5,1.04843518185604,1.04733720736126,TRUE,0.00109797449478255,"sparse_mixture","ridge_fixed_minus_unfiltered_block_eigen","prediction_regression_slope","block_eigen_ridge_fixed minus block_eigen_unfiltered",3
5,1.04843518185604,1.11210327518105,TRUE,-0.0636680933250111,"sparse_mixture","block_eigen_ridge_fixed_minus_bed","prediction_regression_slope","block_eigen_ridge_fixed minus bed",4
5,1.05045503515529,1.04733720736126,TRUE,0.00311782779403758,"sparse_mixture","hard_minus_unfiltered_block_eigen","prediction_regression_slope","block_eigen_hard minus block_eigen_unfiltered",3
5,1.05045503515529,1.11210327518105,TRUE,-0.0616482400257561,"sparse_mixture","block_eigen_hard_minus_bed","prediction_regression_slope","block_eigen_hard minus bed",4
5,17,9,TRUE,8,"sparse_mixture","block_csr_minus_bed","high_pip_marker_count","block_csr minus bed",4
5,17,19,TRUE,-2,"sparse_mixture","block_csr_minus_full_csr","high_pip_marker_count","block_csr minus full_csr",2
5,18,9,TRUE,9,"sparse_mixture","block_eigen_hard_minus_bed","high_pip_marker_count","block_eigen_hard minus bed",4
5,18,9,TRUE,9,"sparse_mixture","block_eigen_ridge_fixed_minus_bed","high_pip_marker_count","block_eigen_ridge_fixed minus bed",4
5,18,9,TRUE,9,"sparse_mixture","block_eigen_unfiltered_minus_bed","high_pip_marker_count","block_eigen_unfiltered minus bed",4
5,18,17,TRUE,1,"sparse_mixture","unfiltered_block_eigen_minus_block_csr","high_pip_marker_count","block_eigen_unfiltered minus block_csr",1
5,18,18,TRUE,0,"sparse_mixture","hard_minus_unfiltered_block_eigen","high_pip_marker_count","block_eigen_hard minus block_eigen_unfiltered",3
5,18,18,TRUE,0,"sparse_mixture","ridge_fixed_minus_unfiltered_block_eigen","high_pip_marker_count","block_eigen_ridge_fixed minus block_eigen_unfiltered",3
5,19,9,TRUE,10,"sparse_mixture","full_csr_minus_bed","high_pip_marker_count","full_csr minus bed",4
5,24,22,TRUE,2,"sparse_homogeneous","block_csr_minus_bed","high_pip_marker_count","block_csr minus bed",4
5,24,22,TRUE,2,"sparse_homogeneous","block_eigen_hard_minus_bed","high_pip_marker_count","block_eigen_hard minus bed",4
5,24,22,TRUE,2,"sparse_homogeneous","block_eigen_ridge_fixed_minus_bed","high_pip_marker_count","block_eigen_ridge_fixed minus bed",4
5,24,22,TRUE,2,"sparse_homogeneous","block_eigen_unfiltered_minus_bed","high_pip_marker_count","block_eigen_unfiltered minus bed",4
5,24,22,TRUE,2,"sparse_homogeneous","full_csr_minus_bed","high_pip_marker_count","full_csr minus bed",4
5,24,24,TRUE,0,"sparse_homogeneous","block_csr_minus_full_csr","high_pip_marker_count","block_csr minus full_csr",2
5,24,24,TRUE,0,"sparse_homogeneous","hard_minus_unfiltered_block_eigen","high_pip_marker_count","block_eigen_hard minus block_eigen_unfiltered",3
5,24,24,TRUE,0,"sparse_homogeneous","ridge_fixed_minus_unfiltered_block_eigen","high_pip_marker_count","block_eigen_ridge_fixed minus block_eigen_unfiltered",3
5,24,24,TRUE,0,"sparse_homogeneous","unfiltered_block_eigen_minus_block_csr","high_pip_marker_count","block_eigen_unfiltered minus block_csr",1
